{
"type": "FeatureCollection",
"name": "gin_admin0",
"crs": { "type": "name", "properties": { "name": "urn:ogc:def:crs:OGC:1.3:CRS84" } },
"features": [
{ "type": "Feature", "properties": { "iso2": "GN", "iso3": "GIN", "adm0_name": "Guinée", "adm0_name1": null, "adm0_name2": null, "adm0_name3": null, "adm0_pcode": "GN", "valid_on": "2016-03-04", "valid_to": null, "version": "v01", "area_sqkm": 244785.46127786001, "lang": "fr", "lang1": null, "lang2": null, "lang3": null, "adm0_ref_name": "Guinea", "center_lat": 9.93477255, "center_lon": -9.66069315 }, "geometry": { "type": "MultiPolygon", "coordinates": [ [ [ [ -13.467379999999821, 12.666860001000089 ], [ -13.57874, 12.67498 ], [ -13.580230000999904, 12.67499 ], [ -13.708273132999977, 12.676212773000032 ], [ -13.708373473999927, 12.674623538000048 ], [ -13.708445271999892, 12.673950736000165 ], [ -13.711665742999912, 12.643772367000111 ], [ -13.711111617999904, 12.599442369000087 ], [ -13.700583242999926, 12.571736119000036 ], [ -13.677309993999927, 12.520202493000113 ], [ -13.67571165399994, 12.516168200000152 ], [ -13.675565438999911, 12.516000212000108 ], [ -13.67541383299988, 12.515837074000103 ], [ -13.675256997999952, 12.515678957000091 ], [ -13.675095097999815, 12.515526028000124 ], [ -13.674928306999959, 12.515378450000185 ], [ -13.674756800999887, 12.515236379000044 ], [ -13.674580761999891, 12.51509996700014 ], [ -13.674400374999891, 12.514969356000108 ], [ -13.674215831999959, 12.514844687000164 ], [ -13.674027328999841, 12.514726089000135 ], [ -13.673835065999924, 12.514613691000079 ], [ -13.67363924599988, 12.51450761100017 ], [ -13.673440077999942, 12.514407959000096 ], [ -13.673237769999957, 12.514314845 ], [ -13.673032539999951, 12.514228364000076 ], [ -13.672824602999981, 12.514148609000131 ], [ -13.672614180999972, 12.514075665000121 ], [ -13.672401494999974, 12.514009608000094 ], [ -13.672186771999975, 12.513950509999972 ], [ -13.671970239999894, 12.51389843100003 ], [ -13.671752126999877, 12.513853429000051 ], [ -13.671532663999926, 12.513815551000107 ], [ -13.671312085999887, 12.513784835000024 ], [ -13.671090624999863, 12.513761316000114 ], [ -13.670868513999949, 12.51374501600003 ], [ -13.670645990999844, 12.513735956000176 ], [ -13.670423290999963, 12.513734143000136 ], [ -13.670200649999856, 12.513739580000106 ], [ -13.669978303999926, 12.513752262000082 ], [ -13.669756488999951, 12.513772173000064 ], [ -13.669535439999947, 12.513799295000183 ], [ -13.669315389999952, 12.513833596999973 ], [ -13.669096572999877, 12.513875043000041 ], [ -13.668879222999919, 12.513923589000171 ], [ -13.668663565999964, 12.513979186000029 ], [ -13.668449832999954, 12.514041772000098 ], [ -13.668238250999934, 12.514111281000055 ], [ -13.668029043999923, 12.514187640000046 ], [ -13.667822432999969, 12.514270768000188 ], [ -13.667618636999919, 12.514360578000151 ], [ -13.667417872999977, 12.51445697500003 ], [ -13.667220351999902, 12.51455985400014 ], [ -13.667026284999906, 12.514669108000135 ], [ -13.666835877999972, 12.514784620000057 ], [ -13.666649328999938, 12.514906271000086 ], [ -13.666466840999931, 12.515033927 ], [ -13.666288604999977, 12.515167456000142 ], [ -13.666114807999918, 12.51530671800009 ], [ -13.665945635999947, 12.515451560000031 ], [ -13.665781269999968, 12.515601833000119 ], [ -13.665621880999879, 12.51575737700017 ], [ -13.665467640999907, 12.515918026000065 ], [ -13.665318708999962, 12.51608361100017 ], [ -13.665175247999969, 12.516253956000128 ], [ -13.665119242999879, 12.516323619000161 ], [ -13.665069073999973, 12.51631765400009 ], [ -13.664801881999892, 12.516281565000043 ], [ -13.664535753999928, 12.51623831500018 ], [ -13.66427088599994, 12.516187936 ], [ -13.664007463999894, 12.516130464000071 ], [ -13.663745678999931, 12.516065941000136 ], [ -13.663557749999825, 12.516014230000053 ], [ -13.663485721999905, 12.515994412000168 ], [ -13.663227779999943, 12.515915928000084 ], [ -13.662972036999861, 12.515830549000043 ], [ -13.662718677999919, 12.515738335000037 ], [ -13.662467885999888, 12.515639350000072 ], [ -13.662219843999878, 12.515533669000149 ], [ -13.661974725999926, 12.515421366000169 ], [ -13.661732712999878, 12.515302524000106 ], [ -13.661493978999943, 12.515177226000048 ], [ -13.661258692999922, 12.515045562000182 ], [ -13.661027027999864, 12.514907631000028 ], [ -13.66079914799991, 12.514763530000096 ], [ -13.660575219999942, 12.514613361000045 ], [ -13.660355404999962, 12.514457235000066 ], [ -13.660139861999824, 12.514295264999987 ], [ -13.659928742999853, 12.514127564000091 ], [ -13.659722202999887, 12.513954257000023 ], [ -13.659520390999887, 12.513775468000063 ], [ -13.659323450999864, 12.513591323000185 ], [ -13.659131527999875, 12.513401958000088 ], [ -13.658944754999879, 12.513207508000164 ], [ -13.658763271999874, 12.513008115000105 ], [ -13.658587206999982, 12.512803921000057 ], [ -13.658416687999875, 12.512595073 ], [ -13.658251837999842, 12.512381723000146 ], [ -13.658092774999886, 12.51216402200015 ], [ -13.657939614999918, 12.511942131000183 ], [ -13.657792465999933, 12.51171620700012 ], [ -13.657651437999903, 12.511486415000093 ], [ -13.657516628999929, 12.511252918000082 ], [ -13.657388136999941, 12.511015886000166 ], [ -13.65726605499998, 12.510775490000185 ], [ -13.657150471999842, 12.510531904000118 ], [ -13.64807352999992, 12.491392174000111 ], [ -13.647097464999831, 12.489334033999967 ], [ -13.647018770999978, 12.488932645999967 ], [ -13.646933024999896, 12.488532706000115 ], [ -13.646840253999926, 12.488134337000076 ], [ -13.646740485999942, 12.48773766000005 ], [ -13.6466337519999, 12.487342803000161 ], [ -13.646520084999906, 12.486949885000172 ], [ -13.6463995229999, 12.486559026000066 ], [ -13.64627209899993, 12.486170352000045 ], [ -13.646137854999836, 12.485783980000065 ], [ -13.64599683199998, 12.485400029000175 ], [ -13.645849072999908, 12.485018622000155 ], [ -13.645694624999919, 12.484639872000059 ], [ -13.645533534999913, 12.48426390000003 ], [ -13.645365853999976, 12.483890822000092 ], [ -13.645191631999978, 12.483520751000128 ], [ -13.645010924999951, 12.48315380400004 ], [ -13.644823788999929, 12.482790095000041 ], [ -13.644630278999955, 12.482429735999972 ], [ -13.644430457999874, 12.482072837000032 ], [ -13.644224386999952, 12.48171951 ], [ -13.644012129999965, 12.481369866000023 ], [ -13.643793751999965, 12.481024009000123 ], [ -13.643569320999916, 12.480682052000134 ], [ -13.643338905999883, 12.480344095000021 ], [ -13.643102579999947, 12.480010247000109 ], [ -13.642860413999927, 12.479680610000059 ], [ -13.642612483999926, 12.479355284000178 ], [ -13.642358867999974, 12.479034374000094 ], [ -13.642099643999927, 12.478717975999984 ], [ -13.641834890999974, 12.478406188000122 ], [ -13.641564692999964, 12.478099109000027 ], [ -13.64128913199994, 12.477796834000173 ], [ -13.64100829299997, 12.47749945400011 ], [ -13.640722264999908, 12.477207062000048 ], [ -13.635312723999959, 12.467673845000036 ], [ -13.631871744999842, 12.460356995000041 ], [ -13.631991982999921, 12.459946663000039 ], [ -13.632279283999878, 12.458984458000089 ], [ -13.632573469999897, 12.458024336000051 ], [ -13.632874528999935, 12.457066345000101 ], [ -13.633182442999839, 12.456110538000132 ], [ -13.633497194999961, 12.455156959000021 ], [ -13.633818771999927, 12.454205660000071 ], [ -13.634147156999973, 12.453256690000103 ], [ -13.634482330999901, 12.452310097 ], [ -13.634824278999872, 12.451365929000076 ], [ -13.635172981999972, 12.45042423600006 ], [ -13.635528422999869, 12.449485064000157 ], [ -13.635890581999888, 12.448548464999988 ], [ -13.636259443999961, 12.447614482000063 ], [ -13.636634986999866, 12.446683167 ], [ -13.637017192999963, 12.445754567000108 ], [ -13.637406039999973, 12.444828727000072 ], [ -13.637801511999839, 12.44390569799998 ], [ -13.638203585999975, 12.442985527000133 ], [ -13.638612242999955, 12.442068258 ], [ -13.638705632999972, 12.441862611000147 ], [ -13.639027459999909, 12.441153941000152 ], [ -13.639449217999925, 12.440242623000017 ], [ -13.639877493999904, 12.439334349000035 ], [ -13.64031226599991, 12.438429168000027 ], [ -13.640753511999947, 12.437527125000088 ], [ -13.641201208999917, 12.436628265000138 ], [ -13.64165533399995, 12.435732637000115 ], [ -13.642115863999948, 12.434840282999971 ], [ -13.642582774999937, 12.433951254000078 ], [ -13.643056043999934, 12.433065591000059 ], [ -13.643535644999929, 12.432183343000077 ], [ -13.644021555999871, 12.431304553000189 ], [ -13.644513748999941, 12.430429267000079 ], [ -13.645012200999929, 12.429557530000125 ], [ -13.645516886999872, 12.428689386000087 ], [ -13.646027777999961, 12.427824880000117 ], [ -13.646544849999941, 12.426964056000145 ], [ -13.647068075999982, 12.426106958000105 ], [ -13.64759742799987, 12.425253632000022 ], [ -13.648132880999981, 12.424404119000144 ], [ -13.648674405999941, 12.423558464999985 ], [ -13.649221975999922, 12.422716712000067 ], [ -13.649775562999878, 12.421878905000142 ], [ -13.650335137999946, 12.421045084000127 ], [ -13.650900671999977, 12.420215293000126 ], [ -13.651472136999928, 12.419389577 ], [ -13.652049501999954, 12.418567973999984 ], [ -13.652632737999966, 12.417750531000138 ], [ -13.653221816999917, 12.416937285000188 ], [ -13.653816706999976, 12.416128282000102 ], [ -13.654417377999835, 12.415323561000037 ], [ -13.655023796999899, 12.414523165000105 ], [ -13.655144993999897, 12.414364619000082 ], [ -13.655325214999891, 12.414277347000166 ], [ -13.655730195999922, 12.414075455000159 ], [ -13.656131905999928, 12.413867128000049 ], [ -13.656530242999963, 12.413652422000041 ], [ -13.656925104999914, 12.413431393000167 ], [ -13.657316392999974, 12.413204093 ], [ -13.657658991999881, 12.412997702000098 ], [ -13.65770400599996, 12.412970585000039 ], [ -13.658087846999933, 12.41273092300014 ], [ -13.658467815999927, 12.412485172000117 ], [ -13.658843818999969, 12.412233392000076 ], [ -13.659215757999903, 12.411975650000045 ], [ -13.659583540999961, 12.411712007000176 ], [ -13.659947071999966, 12.411442535999981 ], [ -13.660306259999913, 12.411167300000159 ], [ -13.66066101399997, 12.410886371000061 ], [ -13.661011241999972, 12.410599822000108 ], [ -13.661356855999884, 12.410307722000084 ], [ -13.661697767999954, 12.410010150000176 ], [ -13.662033891999954, 12.409707179000065 ], [ -13.662365141999828, 12.409398887000123 ], [ -13.662691433999896, 12.409085351000101 ], [ -13.663012684999956, 12.408766653000043 ], [ -13.663328811999975, 12.408442871000034 ], [ -13.663639735999936, 12.408114091000016 ], [ -13.663945376999834, 12.407780392000063 ], [ -13.66424565799997, 12.407441864000077 ], [ -13.664540501999966, 12.407098590000146 ], [ -13.664829834999921, 12.406750658000135 ], [ -13.665113583999926, 12.406398154999977 ], [ -13.665391675999956, 12.406041174000052 ], [ -13.665664037999932, 12.405679802000122 ], [ -13.665930602999936, 12.405314134000093 ], [ -13.666191304999927, 12.404944260000036 ], [ -13.666446073999964, 12.404570278 ], [ -13.666694845999928, 12.404192280000188 ], [ -13.666937559999951, 12.403810362 ], [ -13.667174152999905, 12.403424623000149 ], [ -13.66740456499997, 12.403035160000172 ], [ -13.667628735999926, 12.402642073000095 ], [ -13.667846610999959, 12.40224546100012 ], [ -13.668058133999864, 12.401845424000157 ], [ -13.668263249999939, 12.401442067000062 ], [ -13.668461908999973, 12.401035488000105 ], [ -13.668654057999959, 12.400625795000053 ], [ -13.668839649999939, 12.4002130880001 ], [ -13.669018635999919, 12.399797475000071 ], [ -13.669190973999889, 12.399379061000104 ], [ -13.669356615999902, 12.398957950000181 ], [ -13.669515520999937, 12.398534254000083 ], [ -13.669667650999884, 12.398108075000096 ], [ -13.669812964999949, 12.39767952700015 ], [ -13.669951427999933, 12.397248714000114 ], [ -13.670083001999956, 12.396815748 ], [ -13.670207653999967, 12.396380740999973 ], [ -13.670325354999875, 12.395943799000065 ], [ -13.670436073999952, 12.395505037000021 ], [ -13.670539780999945, 12.395064565000155 ], [ -13.67063645099995, 12.394622495000021 ], [ -13.6707260579999, 12.394178940000131 ], [ -13.67080858099996, 12.393734014000131 ], [ -13.670883998999898, 12.393287827000051 ], [ -13.670952292999971, 12.392840494000097 ], [ -13.671013443999982, 12.392392129000029 ], [ -13.671067437999966, 12.391942846000063 ], [ -13.671114259999968, 12.39149275800014 ], [ -13.671153898999933, 12.391041982000104 ], [ -13.671186345999956, 12.39059063100018 ], [ -13.671211588999938, 12.390138819000072 ], [ -13.671229625999899, 12.389686662000088 ], [ -13.671240449999914, 12.389234276000138 ], [ -13.671244056999967, 12.388781774000165 ], [ -13.671240449999914, 12.388329274000057 ], [ -13.671229625999899, 12.387876887000175 ], [ -13.671211588999938, 12.387424731000067 ], [ -13.671186345999956, 12.386972919000186 ], [ -13.671153898999933, 12.386521568000035 ], [ -13.671114259999968, 12.386070792000055 ], [ -13.671067437999966, 12.385620704000075 ], [ -13.671013443999982, 12.385171421000166 ], [ -13.670952292999971, 12.384723056000098 ], [ -13.670883998999898, 12.384275723000087 ], [ -13.67080858099996, 12.383829536000064 ], [ -13.6707260579999, 12.383384608000028 ], [ -13.670660492999957, 12.383056557000145 ], [ -13.670502185999851, 12.382644540000058 ], [ -13.670274050999978, 12.382067948000156 ], [ -13.670039248999899, 12.381494041000167 ], [ -13.669797807999942, 12.380922893000161 ], [ -13.669549761999917, 12.380354581 ], [ -13.6692951469999, 12.37978918400006 ], [ -13.66903399399996, 12.379226777000156 ], [ -13.668766337999841, 12.378667433000032 ], [ -13.668492215999891, 12.378111232000151 ], [ -13.668211664999944, 12.377558244000056 ], [ -13.667924722999942, 12.377008546000013 ], [ -13.667631427999822, 12.376462213000025 ], [ -13.66733181799998, 12.375919314000157 ], [ -13.667025935999902, 12.375379926000107 ], [ -13.666713821999906, 12.374844119999977 ], [ -13.666395515999966, 12.374311968000029 ], [ -13.666071063999937, 12.373783543000059 ], [ -13.665740507999942, 12.373258913000029 ], [ -13.665403891999972, 12.372738151000078 ], [ -13.66506126299987, 12.372221325000169 ], [ -13.664712663999978, 12.371708507000164 ], [ -13.664358144999881, 12.371199763000163 ], [ -13.663997751999887, 12.370695164000097 ], [ -13.663631533999876, 12.370194777000165 ], [ -13.66325953899991, 12.369698669000115 ], [ -13.662881818999949, 12.369206906000045 ], [ -13.662498422999931, 12.368719555000155 ], [ -13.662109403999978, 12.368236680000052 ], [ -13.661714812999946, 12.367758348999985 ], [ -13.66131470299996, 12.367284623000046 ], [ -13.660909129999879, 12.36681556800005 ], [ -13.660498143999973, 12.366351245000089 ], [ -13.660081804999891, 12.365891718 ], [ -13.659660166999913, 12.36543704900015 ], [ -13.65923328599996, 12.364987296000152 ], [ -13.658801220999976, 12.364542524000115 ], [ -13.658364026999948, 12.36410279100005 ], [ -13.657918691999896, 12.363665168000182 ], [ -13.657750438999926, 12.363488084999972 ], [ -13.657588056999884, 12.363306477000094 ], [ -13.65743115399988, 12.363120115000129 ], [ -13.657279868999979, 12.362929163000103 ], [ -13.657134336999945, 12.362733792000029 ], [ -13.656994685999905, 12.362534173000142 ], [ -13.656861041999946, 12.362330486000076 ], [ -13.656733518999886, 12.362122910000096 ], [ -13.656612233999965, 12.361911631000112 ], [ -13.656497294999951, 12.36169683300011 ], [ -13.656388799999945, 12.361478707000174 ], [ -13.656286847999979, 12.36125744800006 ], [ -13.656191529999887, 12.361033252000027 ], [ -13.656102928999928, 12.360806318000073 ], [ -13.656021122999903, 12.360576846000072 ], [ -13.655946185999937, 12.360345040000084 ], [ -13.65587818299997, 12.360111104999987 ], [ -13.655817175999914, 12.35987525000013 ], [ -13.65576321899988, 12.359637683000074 ], [ -13.655724491999877, 12.35944010999998 ], [ -13.655716358999939, 12.359398614000099 ], [ -13.655676637999932, 12.359158257000047 ], [ -13.655644089999896, 12.358916823000129 ], [ -13.655618745999845, 12.358674528000051 ], [ -13.655600625999966, 12.358431585000119 ], [ -13.655589748999944, 12.358188210000151 ], [ -13.655586120999885, 12.357944620000069 ], [ -13.655589748999944, 12.357701030000158 ], [ -13.655600625999966, 12.357457655000189 ], [ -13.655618745999845, 12.357214712000086 ], [ -13.655644089999896, 12.356972417000179 ], [ -13.655676637999932, 12.356730983000091 ], [ -13.655716358999939, 12.356490626000038 ], [ -13.65576321899988, 12.356251557000064 ], [ -13.655817175999914, 12.35601399 ], [ -13.65587818299997, 12.355778134000047 ], [ -13.655946185999937, 12.355544200000054 ], [ -13.656021122999903, 12.355312394000066 ], [ -13.656102928999928, 12.355082922000065 ], [ -13.656191529999887, 12.354855988000111 ], [ -13.656286847999979, 12.354631792000077 ], [ -13.656388799999945, 12.354410533000134 ], [ -13.656497294999951, 12.354192407000028 ], [ -13.656612233999965, 12.353977609000026 ], [ -13.656733518999886, 12.353766328000063 ], [ -13.656861041999946, 12.353558753000186 ], [ -13.656994685999905, 12.353355067000052 ], [ -13.657134336999945, 12.353155448000109 ], [ -13.657279868999979, 12.352960077000034 ], [ -13.65743115399988, 12.352769125000066 ], [ -13.657588056999884, 12.3525827630001 ], [ -13.657750438999926, 12.352401155000166 ], [ -13.657918156999926, 12.352224461000105 ], [ -13.658091059999947, 12.35205284 ], [ -13.658268997999926, 12.351886444000115 ], [ -13.658451808999928, 12.351725418000115 ], [ -13.658639333999929, 12.351569906 ], [ -13.658831406999923, 12.351420047000147 ], [ -13.659027856999899, 12.351275973000156 ], [ -13.659228508999888, 12.351137812000161 ], [ -13.659433183999965, 12.351005688000043 ], [ -13.659641702999977, 12.350879715000019 ], [ -13.659811408999929, 12.350783969000076 ], [ -13.659853881999879, 12.350760005000097 ], [ -13.660069528999941, 12.350646667000092 ], [ -13.660288455999932, 12.350539801000139 ], [ -13.660510466999938, 12.350439499 ], [ -13.660735366999972, 12.3503458510001 ], [ -13.660962953999956, 12.350258941 ], [ -13.661193028999833, 12.350178846000063 ], [ -13.661425387999941, 12.350105637000127 ], [ -13.661659820999887, 12.350039379000123 ], [ -13.661896124999942, 12.34998013000012 ], [ -13.66213408699997, 12.349927942000079 ], [ -13.662373495999873, 12.349882863000175 ], [ -13.662614142999928, 12.34984493200011 ], [ -13.662855811999918, 12.349814184000081 ], [ -13.662902743999894, 12.349809057000073 ], [ -13.663003771999911, 12.349750269000026 ], [ -13.663285544999951, 12.349580659000026 ], [ -13.663563538999938, 12.349404922000133 ], [ -13.663837616999956, 12.34922314 ], [ -13.664107651999927, 12.349035403000187 ], [ -13.66437351299993, 12.348841799000184 ], [ -13.664635070999964, 12.348642423 ], [ -13.66489220099993, 12.348437368000191 ], [ -13.66514478199997, 12.348226733000104 ], [ -13.665392690999965, 12.348010618000046 ], [ -13.665635809999969, 12.347789131000127 ], [ -13.665874021999969, 12.347562373000187 ], [ -13.666107213999908, 12.347330454000087 ], [ -13.666335270999866, 12.347093487000109 ], [ -13.666558086999828, 12.346851584000092 ], [ -13.666775553999969, 12.346604861000174 ], [ -13.666987567999911, 12.346353437000175 ], [ -13.667194027999869, 12.346097433000125 ], [ -13.667394833999936, 12.345836969000061 ], [ -13.667589888999942, 12.345572173000164 ], [ -13.66777910199994, 12.345303169000147 ], [ -13.667962380999938, 12.34503008900009 ], [ -13.668139636999967, 12.344753063000098 ], [ -13.668310786999882, 12.344472221000103 ], [ -13.668475746999945, 12.344187700000134 ], [ -13.668634439999948, 12.343899637000163 ], [ -13.66878678899991, 12.343608169000049 ], [ -13.668932720999919, 12.343313436000074 ], [ -13.669072165999921, 12.343015577000017 ], [ -13.669205056999886, 12.342714738000097 ], [ -13.669331331999956, 12.3424110630001 ], [ -13.6694509269999, 12.342104696000092 ], [ -13.669563786999902, 12.341795784999988 ], [ -13.669669858999896, 12.341484476000062 ], [ -13.669769087999953, 12.341170920000081 ], [ -13.669861431999948, 12.340855267000165 ], [ -13.669946842999821, 12.340537668000081 ], [ -13.670025279999891, 12.340218276000144 ], [ -13.670096708999949, 12.339897243000109 ], [ -13.670161090999954, 12.339574723000055 ], [ -13.670218396999815, 12.339250872000036 ], [ -13.670268601999965, 12.338925843000027 ], [ -13.670311676999972, 12.338599793000071 ], [ -13.67034760699994, 12.338272878000112 ], [ -13.670376369999929, 12.337945256000182 ], [ -13.670397954999942, 12.337617083000112 ], [ -13.670412349999879, 12.337288514000022 ], [ -13.670419549999849, 12.336959709999974 ], [ -13.670419549999849, 12.336630827000022 ], [ -13.670412349999879, 12.33630202300003 ], [ -13.670397954999942, 12.33597345600009 ], [ -13.670376369999929, 12.335645281000041 ], [ -13.67034760699994, 12.335317659000111 ], [ -13.670311676999972, 12.334990745000027 ], [ -13.670268601999965, 12.334664693999969 ], [ -13.670218396999815, 12.334339666000119 ], [ -13.670161090999954, 12.334015814000111 ], [ -13.670096708999949, 12.333693296000092 ], [ -13.670025279999891, 12.333372263000058 ], [ -13.669946842999821, 12.333052869000142 ], [ -13.669861431999948, 12.332735270000057 ], [ -13.669769087999953, 12.33241961900012 ], [ -13.669669858999896, 12.332106062000037 ], [ -13.669563786999902, 12.331794754000043 ], [ -13.6694509269999, 12.33148584300011 ], [ -13.669331331999956, 12.331179474000123 ], [ -13.669205056999886, 12.330875799000125 ], [ -13.669072165999921, 12.330574959999979 ], [ -13.668998118999923, 12.330414682000082 ], [ -13.66883427199997, 12.330221084000016 ], [ -13.668637126999897, 12.329978013000073 ], [ -13.668445646999942, 12.329730453000025 ], [ -13.668259937999949, 12.329478536000067 ], [ -13.668080096999972, 12.32922239700008 ], [ -13.667906221999885, 12.328962173000036 ], [ -13.667738401999941, 12.328698000000145 ], [ -13.667576728999904, 12.32843002400017 ], [ -13.667421287999844, 12.32815838300013 ], [ -13.66727216299995, 12.327883225000107 ], [ -13.667129434999936, 12.327604696000094 ], [ -13.666993177999927, 12.327322945000105 ], [ -13.666863464999949, 12.327038120999987 ], [ -13.666740364999896, 12.326750378000099 ], [ -13.666623942999934, 12.326459868000029 ], [ -13.666514262999954, 12.326166745000023 ], [ -13.666411384999947, 12.325871168 ], [ -13.666315357999906, 12.325573294000037 ], [ -13.666226239999901, 12.32527328000009 ], [ -13.666144073999931, 12.324971290000178 ], [ -13.666068905999964, 12.324667481000176 ], [ -13.666000774999816, 12.324362017000112 ], [ -13.665939716999901, 12.324055060000035 ], [ -13.665885765999974, 12.323746776000064 ], [ -13.665838948999919, 12.323437326999965 ], [ -13.665799294999943, 12.323126881000064 ], [ -13.665766819999817, 12.322815601000059 ], [ -13.665741542999967, 12.322503653000183 ], [ -13.66572347999994, 12.322191206000184 ], [ -13.665712636999956, 12.321878424000033 ], [ -13.66570902199993, 12.32156547500017 ], [ -13.665712636999956, 12.321252526000137 ], [ -13.66572347999994, 12.320939743999986 ], [ -13.665741542999967, 12.320627296000112 ], [ -13.665766819999817, 12.320315349000111 ], [ -13.665799294999943, 12.320004069000106 ], [ -13.665838948999919, 12.319693620000123 ], [ -13.665885765999974, 12.319384172000071 ], [ -13.665939716999901, 12.319075888000157 ], [ -13.666000774999816, 12.318768933000058 ], [ -13.666068905999964, 12.318463468000118 ], [ -13.666144073999931, 12.318159659000116 ], [ -13.666226239999901, 12.317857668999977 ], [ -13.666315357999906, 12.31755765500003 ], [ -13.666411384999947, 12.317259779999972 ], [ -13.666514262999954, 12.316964203000111 ], [ -13.666623942999934, 12.316671081000038 ], [ -13.666740364999896, 12.316380570999968 ], [ -13.666863464999949, 12.316092827000148 ], [ -13.666993177999927, 12.315808004000132 ], [ -13.667129434999936, 12.315526252999973 ], [ -13.66727216299995, 12.315247723000027 ], [ -13.667421287999844, 12.314972565 ], [ -13.667576728999904, 12.314700925000125 ], [ -13.667738401999941, 12.314432947000114 ], [ -13.667906221999885, 12.314168776000031 ], [ -13.668080096999972, 12.313908551000111 ], [ -13.668259937999949, 12.313652413000057 ], [ -13.668445646999942, 12.313400496000042 ], [ -13.668637126999897, 12.313152936 ], [ -13.66883427199997, 12.312909863000073 ], [ -13.669036977999951, 12.312671411000053 ], [ -13.669245138999941, 12.312437703000057 ], [ -13.669458642999928, 12.312208867000152 ], [ -13.669677374999878, 12.311985021999988 ], [ -13.669901219999929, 12.31176629100014 ], [ -13.670130055999948, 12.311552787000039 ], [ -13.670363763999944, 12.311344626000107 ], [ -13.670602215999963, 12.311141918000033 ], [ -13.670845287999896, 12.310944773000188 ], [ -13.671092847999944, 12.31075329600003 ], [ -13.671268074999887, 12.310624121000103 ], [ -13.671344764999844, 12.310567586000161 ], [ -13.671600904999877, 12.310387744000025 ], [ -13.671861129999911, 12.310213868000176 ], [ -13.672125300999937, 12.310046048000174 ], [ -13.672393278999891, 12.309884375000024 ], [ -13.672664917999896, 12.309728935000123 ], [ -13.672940076999964, 12.309579812000152 ], [ -13.673218604999875, 12.309437082000045 ], [ -13.67350035599992, 12.309300824000161 ], [ -13.673785180999971, 12.309171111000126 ], [ -13.674072924999962, 12.309048012000176 ], [ -13.674363434999918, 12.308931591000032 ], [ -13.674656556999935, 12.30882191000012 ], [ -13.674952133999966, 12.308719031000066 ], [ -13.675250006999931, 12.308623006000175 ], [ -13.675550019999889, 12.308533887000181 ], [ -13.675852012999826, 12.308451721000154 ], [ -13.676155819999906, 12.308376552000027 ], [ -13.67646128399997, 12.308308421 ], [ -13.676755868999919, 12.308249682000053 ], [ -13.676785849999931, 12.30824227100004 ], [ -13.677217290999977, 12.308131644000014 ], [ -13.677646884999831, 12.308014046000096 ], [ -13.67807451799996, 12.307889508000073 ], [ -13.678500078999889, 12.307758059000093 ], [ -13.678923453999914, 12.307619739000017 ], [ -13.679344534999871, 12.307474579000086 ], [ -13.67976320799994, 12.307322621000139 ], [ -13.680179366999937, 12.307163903000173 ], [ -13.680592902999933, 12.306998465000163 ], [ -13.68100370399992, 12.306826354 ], [ -13.681411663999938, 12.306647614000155 ], [ -13.681816676999972, 12.306462291 ], [ -13.68221863399998, 12.306270433000122 ], [ -13.682617433999951, 12.306072091999965 ], [ -13.6830129679999, 12.305867318000082 ], [ -13.68340513499993, 12.305656167000109 ], [ -13.683793832999925, 12.305438693000042 ], [ -13.684178955999926, 12.305214953000188 ], [ -13.684560405999946, 12.304985007000028 ], [ -13.684938082999963, 12.304748915000175 ], [ -13.685311886999955, 12.304506736000121 ], [ -13.685681720999924, 12.304258536000191 ], [ -13.686047487999815, 12.304004381000027 ], [ -13.68640908999987, 12.303744337000012 ], [ -13.686766433999878, 12.303478469000027 ], [ -13.687119426999971, 12.303206851000141 ], [ -13.687467973999901, 12.302929553000126 ], [ -13.687811985999872, 12.302646648000064 ], [ -13.688151371999879, 12.302358207000111 ], [ -13.688486040999976, 12.302064309000116 ], [ -13.688815907999981, 12.301765032000105 ], [ -13.689140885999961, 12.30146045000015 ], [ -13.689460889999964, 12.301150646999986 ], [ -13.689775833999931, 12.300835703000075 ], [ -13.690085636999981, 12.300515700000119 ], [ -13.690390216999958, 12.300190723000185 ], [ -13.690689494999845, 12.29986085500002 ], [ -13.690901159999953, 12.299619826000082 ], [ -13.690983393999829, 12.299526186000151 ], [ -13.69127183199987, 12.299186800000143 ], [ -13.691554739999958, 12.298842789 ], [ -13.69183203699987, 12.298494240000025 ], [ -13.692103655999972, 12.29814124800015 ], [ -13.692369521999922, 12.297783904000084 ], [ -13.692629567999973, 12.297422301000097 ], [ -13.692883722999852, 12.297056535000024 ], [ -13.693131921999964, 12.296686701000112 ], [ -13.693374100999904, 12.296312898000053 ], [ -13.693610193999916, 12.295935220000047 ], [ -13.693840138999917, 12.295553771000186 ], [ -13.694063878999884, 12.295168647000139 ], [ -13.694281352999951, 12.294779949000088 ], [ -13.696020297999951, 12.294935808000105 ], [ -13.697292991999973, 12.294262028000162 ], [ -13.698565686999871, 12.292914468000049 ], [ -13.69938919599997, 12.290893128000107 ], [ -13.699529734999942, 12.290330975000074 ], [ -13.699988111999971, 12.28849746700007 ], [ -13.701630759999887, 12.281715349000081 ], [ -13.703666572999964, 12.273754959000087 ], [ -13.704899429999898, 12.26988026600003 ], [ -13.707071605999943, 12.264009520000116 ], [ -13.707658679999952, 12.262600541000154 ], [ -13.708062438999946, 12.261969669 ], [ -13.708598, 12.261132854000152 ], [ -13.71006568599995, 12.259019385000158 ], [ -13.711892015999979, 12.256584277000115 ], [ -13.713841620999915, 12.25398480500013 ], [ -13.713848544999962, 12.253975573000105 ], [ -13.71394, 12.253610000000151 ], [ -13.719489999999894, 12.246890000000121 ], [ -13.719838164999942, 12.248311499000067 ], [ -13.721454935999873, 12.247806258000082 ], [ -13.724272893999967, 12.247454013000151 ], [ -13.728222645999836, 12.247358839000071 ], [ -13.729145612999901, 12.247336598000118 ], [ -13.730672006999896, 12.24804108800015 ], [ -13.731728740999927, 12.248804285000119 ], [ -13.732844182999941, 12.25003714200011 ], [ -13.73345377399994, 12.251001777000056 ], [ -13.734748546999867, 12.253050665000103 ], [ -13.735420117999922, 12.255033465000054 ], [ -13.737570362999918, 12.259144230000061 ], [ -13.738708727999949, 12.261104747000047 ], [ -13.743135704999872, 12.268504122000024 ], [ -13.74408434299994, 12.269895457000132 ], [ -13.746487557999956, 12.271666249000077 ], [ -13.748321590999979, 12.272867856000119 ], [ -13.75059832099987, 12.274195948000056 ], [ -13.75350747799996, 12.275587284000096 ], [ -13.755404752999937, 12.276409437000154 ], [ -13.756732846999967, 12.27685213400008 ], [ -13.758566878999829, 12.277168347000043 ], [ -13.760780367999928, 12.277231590000042 ], [ -13.762171702999922, 12.2771051040001 ], [ -13.763942492999888, 12.275903496000126 ], [ -13.764954373999956, 12.274828373999981 ], [ -13.7667711819999, 12.27193067900015 ], [ -13.767652098999974, 12.270525673000066 ], [ -13.769950531999882, 12.266859817000125 ], [ -13.771974292999914, 12.263128508000079 ], [ -13.77254347499985, 12.261547445000076 ], [ -13.77368184099987, 12.25591886 ], [ -13.77412453799991, 12.254021586000079 ], [ -13.775073175999978, 12.252819978000105 ], [ -13.776274783999952, 12.251808097000151 ], [ -13.777286664999906, 12.25155512800012 ], [ -13.797144814999911, 12.251049187000092 ], [ -13.79891560599998, 12.251365399000122 ], [ -13.800243698999907, 12.251934582000047 ], [ -13.801571791999947, 12.253009705000125 ], [ -13.80340582499997, 12.254780495999967 ], [ -13.80505012999987, 12.256677772000103 ], [ -13.806197836999957, 12.2581533930001 ], [ -13.8063782239999, 12.258385320000173 ], [ -13.806884162999836, 12.259460443000023 ], [ -13.806947405999892, 12.260978263000027 ], [ -13.806884162999836, 12.262369598000134 ], [ -13.806820921999929, 12.263507963999984 ], [ -13.8063782239999, 12.264393359000167 ], [ -13.805872282999871, 12.265215511000179 ], [ -13.803785280999932, 12.266606846000059 ], [ -13.800813652999977, 12.268238328000052 ], [ -13.80055991099988, 12.268377637000128 ], [ -13.798725877999914, 12.26932627500014 ], [ -13.797524270999872, 12.269832216000168 ], [ -13.796322662999955, 12.270780852000144 ], [ -13.795121055999971, 12.271982461000164 ], [ -13.794298902999913, 12.273057584000014 ], [ -13.793919446999951, 12.274765132000084 ], [ -13.793539992999911, 12.278686167000046 ], [ -13.793476748999922, 12.280267230000049 ], [ -13.793350264999958, 12.284314752000114 ], [ -13.793350264999958, 12.286401755000043 ], [ -13.793919446999951, 12.290196307000087 ], [ -13.795247540999981, 12.29399085700004 ], [ -13.795879965999973, 12.295255707000024 ], [ -13.796638875999975, 12.296330830000102 ], [ -13.79765075499995, 12.297026499000026 ], [ -13.79891560599998, 12.297658924000189 ], [ -13.799737757999878, 12.297722165000039 ], [ -13.800370184999906, 12.297469196000122 ], [ -13.801318820999882, 12.296520558000168 ], [ -13.802646914999968, 12.294560041000011 ], [ -13.802933140999869, 12.29400493300011 ], [ -13.804733916999908, 12.290512519000174 ], [ -13.806504708999967, 12.285642844000051 ], [ -13.807832800999904, 12.281911536000052 ], [ -13.81535866199988, 12.269516002999978 ], [ -13.82199912599998, 12.259270715000184 ], [ -13.822631549999926, 12.25832207600007 ], [ -13.823516946999973, 12.257816136000145 ], [ -13.824655310999958, 12.257879379000144 ], [ -13.825667191999969, 12.25857504600009 ], [ -13.826015645999973, 12.258877041000119 ], [ -13.82661582999998, 12.259397199000148 ], [ -13.827501224999935, 12.260535565 ], [ -13.827943921999974, 12.26142096000018 ], [ -13.829398500999901, 12.266543604 ], [ -13.830094166999913, 12.26919978900014 ], [ -13.830600107999942, 12.271350036000115 ], [ -13.830663349999952, 12.272931098000015 ], [ -13.830347138999969, 12.276535922000051 ], [ -13.830030925999893, 12.279887775000191 ], [ -13.83028389499998, 12.281342353000127 ], [ -13.830979563999961, 12.282860174000177 ], [ -13.831548745999896, 12.283619084000122 ], [ -13.832560625999974, 12.284061781000048 ], [ -13.83433141699993, 12.284630965000076 ], [ -13.83572275299997, 12.284694208000076 ], [ -13.837177330999964, 12.284567722000077 ], [ -13.843311854999911, 12.283872055000131 ], [ -13.851723108999977, 12.282543961000044 ], [ -13.853810112999838, 12.282101263000186 ], [ -13.855960357999948, 12.281279112000107 ], [ -13.85999441599995, 12.279056263000143 ], [ -13.862158125999883, 12.277864015999967 ], [ -13.863233247999972, 12.2771051040001 ], [ -13.864118642999927, 12.275903496000126 ], [ -13.864434854999899, 12.274891617000151 ], [ -13.864308370999936, 12.27406946300016 ], [ -13.863296489999925, 12.27324731200008 ], [ -13.860007879999898, 12.270780852000144 ], [ -13.857667906999893, 12.269136547000073 ], [ -13.8560868429999, 12.267934940000032 ], [ -13.85450577999984, 12.266543604 ], [ -13.853430656999876, 12.265152269000055 ], [ -13.852861474999941, 12.264013903000034 ], [ -13.852418777999901, 12.262306354999964 ], [ -13.852292292999948, 12.26135771700018 ], [ -13.852292292999948, 12.258891259000052 ], [ -13.852608503999875, 12.25591886 ], [ -13.853114443999914, 12.25357888800005 ], [ -13.856845752999902, 12.243017387000066 ], [ -13.85792087599998, 12.241436324000063 ], [ -13.858932756999934, 12.2411201110001 ], [ -13.86241109499997, 12.240867141000138 ], [ -13.865372252999919, 12.240579650000086 ], [ -13.888467011999978, 12.23833744000018 ], [ -13.905905912999913, 12.23663507100008 ], [ -13.91502887099989, 12.235744497000098 ], [ -13.916926146999856, 12.235428283999966 ], [ -13.918696936999822, 12.234795859000144 ], [ -13.920657455999958, 12.233783980000169 ], [ -13.921479606999924, 12.232519129000082 ], [ -13.921922304999953, 12.229862943 ], [ -13.922238516999926, 12.226700818000154 ], [ -13.922491488999981, 12.223601933000168 ], [ -13.923566609999966, 12.219870626000045 ], [ -13.925274157999922, 12.215380407000055 ], [ -13.926791979999905, 12.212724220000098 ], [ -13.929195194999977, 12.209119397 ], [ -13.931029227999943, 12.206905908000124 ], [ -13.934760535999942, 12.202984872000059 ], [ -13.936404842999934, 12.20209947800015 ], [ -13.937669691999872, 12.201972993000084 ], [ -13.939313998999921, 12.20235244700001 ], [ -13.941780456999822, 12.202415691000112 ], [ -13.945005824999953, 12.202225963000046 ], [ -13.948453088999827, 12.201769976000037 ], [ -13.956958659999941, 12.20064489900011 ], [ -13.957043344999931, 12.200419074000024 ], [ -13.957148387999951, 12.200138959000185 ], [ -13.958223510999971, 12.180849991000116 ], [ -13.957844056999932, 12.180027839000104 ], [ -13.957338115999903, 12.179268928000113 ], [ -13.956705689999978, 12.178889473000083 ], [ -13.954112746999954, 12.17737165300008 ], [ -13.948737133999884, 12.167505818999985 ], [ -13.949306315999877, 12.164723148000064 ], [ -13.949496043999943, 12.161750751000056 ], [ -13.949559286999943, 12.159726990000024 ], [ -13.948863618999951, 12.157892957000058 ], [ -13.947282554999958, 12.15473083 ], [ -13.945764734999955, 12.152770313000076 ], [ -13.941527485999927, 12.148596307000048 ], [ -13.937637916999904, 12.145059871000171 ], [ -13.934986325999887, 12.142882397000108 ], [ -13.928907334999963, 12.14262910500014 ], [ -13.900285412999949, 12.137056695000012 ], [ -13.894206419999932, 12.135790239000073 ], [ -13.88838071999993, 12.134017200000187 ], [ -13.884581349999962, 12.132750744000191 ], [ -13.881541852999931, 12.129711248000035 ], [ -13.880022104999966, 12.127431626000089 ], [ -13.88052868799997, 12.123632255000075 ], [ -13.88052868799997, 12.115273640000055 ], [ -13.879515523999942, 12.112487436000094 ], [ -13.875969444999839, 12.108434773999988 ], [ -13.872676655999953, 12.105141987000138 ], [ -13.865584499999898, 12.100582743000189 ], [ -13.857225884999934, 12.097036663999972 ], [ -13.845574483999826, 12.092224128000055 ], [ -13.83949549099998, 12.090704380000091 ], [ -13.835189538999884, 12.090451090000101 ], [ -13.832150042999842, 12.089691215000187 ], [ -13.821511806999979, 12.085891845000049 ], [ -13.818978892999951, 12.084118806000163 ], [ -13.815939396999966, 12.080826018000039 ], [ -13.813406482999937, 12.075253609000015 ], [ -13.812140026999941, 12.069427909000126 ], [ -13.810054044999902, 12.058273099000132 ], [ -13.810049007999964, 12.058246166000117 ], [ -13.80767, 12.05062 ], [ -13.807264338999914, 12.05011629400019 ], [ -13.807259299999942, 12.050115270000106 ], [ -13.807045680999977, 12.050071872000046 ], [ -13.806668012999978, 12.049987787000134 ], [ -13.806291978999866, 12.049896674000138 ], [ -13.805917708999971, 12.049798567000096 ], [ -13.805545334999977, 12.049693499000114 ], [ -13.805174982999972, 12.049581507000084 ], [ -13.80480678299989, 12.049462630000107 ], [ -13.804440861999979, 12.049336910000022 ], [ -13.804077350999933, 12.049204389000124 ], [ -13.803716372999929, 12.049065114000086 ], [ -13.803358053999943, 12.04891913299997 ], [ -13.803002517999914, 12.048766498000077 ], [ -13.802649890999874, 12.048607261000086 ], [ -13.802300293999906, 12.048441477000097 ], [ -13.801953845999947, 12.048269204000121 ], [ -13.801610672999971, 12.048090504000072 ], [ -13.801270889999898, 12.047905434000029 ], [ -13.800934616999882, 12.047714063000114 ], [ -13.800601968999899, 12.047516457000086 ], [ -13.800273063999953, 12.04731268200004 ], [ -13.79994801499987, 12.047102811000173 ], [ -13.799626933999946, 12.046886916000119 ], [ -13.79930993499994, 12.046665074000089 ], [ -13.798997126999893, 12.046437360000084 ], [ -13.798688617999858, 12.046203852000133 ], [ -13.798384515999942, 12.045964635000132 ], [ -13.798084926999934, 12.045719790000021 ], [ -13.797789954999928, 12.045469401 ], [ -13.797499702999971, 12.045213558000057 ], [ -13.797214269999927, 12.044952347000049 ], [ -13.796933756999977, 12.044685859000026 ], [ -13.796658261999823, 12.044414189000122 ], [ -13.796387877999905, 12.044137431000138 ], [ -13.796122701999934, 12.04385567800017 ], [ -13.795862824999972, 12.04356903200005 ], [ -13.795608336999976, 12.043277589000013 ], [ -13.795359325999982, 12.042981453000039 ], [ -13.795115879999912, 12.042680726000128 ], [ -13.794878080999979, 12.042375514000071 ], [ -13.794646015999945, 12.042065919000152 ], [ -13.794419760999972, 12.041752053000096 ], [ -13.794199397999932, 12.041434024000182 ], [ -13.784262175999913, 12.036088723000091 ], [ -13.76956741399988, 12.028981324000085 ], [ -13.762107878999871, 12.025956818000168 ], [ -13.747086821999972, 12.022131165000076 ], [ -13.717528406999975, 12.016909763000058 ], [ -13.717154144999824, 12.016841740000018 ], [ -13.716781238999943, 12.016766646 ], [ -13.716409818999978, 12.016684509000072 ], [ -13.716040020999912, 12.016595358000075 ], [ -13.715671976999943, 12.016499226000121 ], [ -13.715305815999841, 12.016396144000112 ], [ -13.714941671999895, 12.016286153000181 ], [ -13.714579674999982, 12.016169290000164 ], [ -13.714219954999976, 12.016045597000129 ], [ -13.713862639999888, 12.015915119 ], [ -13.713507856999911, 12.015777903000014 ], [ -13.713155736999909, 12.015633998000112 ], [ -13.712806400999966, 12.015483454000105 ], [ -13.712459975999934, 12.015326328000071 ], [ -13.712116587999901, 12.015162673000077 ], [ -13.711776357999952, 12.014992548000123 ], [ -13.711439407999933, 12.014816016000111 ], [ -13.711105859999975, 12.014633139000182 ], [ -13.710775830999921, 12.014443983000149 ], [ -13.710449442999902, 12.014248615000156 ], [ -13.71012680799987, 12.014047106000078 ], [ -13.709808045999978, 12.013839525000037 ], [ -13.70949326899995, 12.013625951000165 ], [ -13.709182589999898, 12.013406459000123 ], [ -13.708876118999967, 12.013181125000131 ], [ -13.708573968999929, 12.012950034000085 ], [ -13.708276245999969, 12.012713264000013 ], [ -13.707983055999932, 12.012470905000157 ], [ -13.707694504999949, 12.012223039000048 ], [ -13.707410697999933, 12.011969757000088 ], [ -13.707131732999926, 12.011711151000156 ], [ -13.70685771199993, 12.011447310000108 ], [ -13.706588733999979, 12.01117833100011 ], [ -13.706324894999966, 12.010904311 ], [ -13.706066286999885, 12.010625348000133 ], [ -13.705813004999982, 12.010341538999967 ], [ -13.705565140999909, 12.010052989000087 ], [ -13.705322779999847, 12.009759800000097 ], [ -13.705086011999981, 12.009462075000044 ], [ -13.704854918999956, 12.00915992500012 ], [ -13.704629584999964, 12.008853456000054 ], [ -13.704410093999911, 12.008542777 ], [ -13.704196518999936, 12.008228 ], [ -13.703988939999874, 12.007909236000103 ], [ -13.70378743099991, 12.00758660200006 ], [ -13.703592062999974, 12.007260213000109 ], [ -13.703402904999962, 12.006930186000091 ], [ -13.703220027999919, 12.006596637000087 ], [ -13.703043495999907, 12.006259686000021 ], [ -13.702873372999932, 12.005919456000129 ], [ -13.702709716999891, 12.005576069000028 ], [ -13.702688917999978, 12.005531197000039 ], [ -13.702689731999953, 12.005502449000176 ], [ -13.702700578999952, 12.005262046999974 ], [ -13.702718648999848, 12.00502208100005 ], [ -13.7027439229999, 12.004782764000026 ], [ -13.702776379999932, 12.004544316000022 ], [ -13.70281598899993, 12.004306953000025 ], [ -13.702862714999867, 12.004070886000136 ], [ -13.702916515999959, 12.003836331000173 ], [ -13.70297734299993, 12.003603499000064 ], [ -13.703045139999972, 12.003372599000159 ], [ -13.703119848999904, 12.003143843000089 ], [ -13.703201398999909, 12.002917436000075 ], [ -13.703289716999848, 12.002693582 ], [ -13.703384724999978, 12.002472483000133 ], [ -13.703486335999969, 12.002254341000025 ], [ -13.703594457999941, 12.002039351000178 ], [ -13.703708992999964, 12.001827710000157 ], [ -13.703829837999933, 12.001619606000133 ], [ -13.703956882999876, 12.001415227000052 ], [ -13.704090014999963, 12.001214761000142 ], [ -13.70422911199995, 12.001018387000045 ], [ -13.704374048999966, 12.000826283000151 ], [ -13.704524694999975, 12.000638622000167 ], [ -13.704680913999937, 12.000455575000046 ], [ -13.704842563999875, 12.000277305000054 ], [ -13.705009498999857, 12.000103976000162 ], [ -13.705181569999979, 11.999935741 ], [ -13.705366564999906, 11.999765870999966 ], [ -13.705540486999894, 11.999615167000115 ], [ -13.705727011999898, 11.999463114999969 ], [ -13.705918019999956, 11.999316737000129 ], [ -13.70611334299997, 11.999176169000066 ], [ -13.706312803999936, 11.999041533000081 ], [ -13.706516219999912, 11.998912955000094 ], [ -13.706723410999928, 11.998790549000091 ], [ -13.706934185999955, 11.998674427000083 ], [ -13.70714835699988, 11.998564693000105 ], [ -13.707365728999946, 11.998461445999965 ], [ -13.707586107999873, 11.998364779000042 ], [ -13.707676042999935, 11.998327572000107 ], [ -13.707694210999932, 11.998265027000173 ], [ -13.708049038999889, 11.997029914 ], [ -13.708396950999827, 11.995792834000156 ], [ -13.708737936999967, 11.994553827000061 ], [ -13.709071983999877, 11.993312933000027 ], [ -13.70939908299988, 11.992070188000184 ], [ -13.709719224999901, 11.990825634000032 ], [ -13.710032396999964, 11.98957930600011 ], [ -13.710338591999971, 11.988331248000065 ], [ -13.710637798999869, 11.987081494000051 ], [ -13.71093000999997, 11.985830086000078 ], [ -13.711215213999935, 11.984577064000121 ], [ -13.711493402999963, 11.983322465000128 ], [ -13.711764567999921, 11.982066329000133 ], [ -13.712028700999952, 11.980808696000054 ], [ -13.712285792999978, 11.979549605000102 ], [ -13.712535836999962, 11.978289095000036 ], [ -13.71277882499993, 11.977027205000127 ], [ -13.713014747999978, 11.97576397600011 ], [ -13.713243599999828, 11.974499447000028 ], [ -13.713465373999952, 11.973233656 ], [ -13.713680060999877, 11.971966645000066 ], [ -13.713887655999827, 11.970698453000125 ], [ -13.714088153999967, 11.969429119000097 ], [ -13.714281545999825, 11.968158683000127 ], [ -13.714467824999872, 11.966887186000179 ], [ -13.714484071999948, 11.966771792000031 ], [ -13.714646989999949, 11.965614666000022 ], [ -13.714819030999877, 11.964341162000039 ], [ -13.714983944999915, 11.963066717000174 ], [ -13.71514172399992, 11.961791368999968 ], [ -13.715292366999961, 11.960515157000088 ], [ -13.71543586599995, 11.959238124000024 ], [ -13.71557221799992, 11.957960308000168 ], [ -13.715701419999959, 11.956681747000175 ], [ -13.715823463999925, 11.955402485000036 ], [ -13.715938349999931, 11.954122559000155 ], [ -13.716046072999973, 11.95284201200019 ], [ -13.716146629999969, 11.951560880000045 ], [ -13.716240016999961, 11.950279207000108 ], [ -13.716326232999961, 11.94899703100009 ], [ -13.716405272999964, 11.947714393000183 ], [ -13.716477134999934, 11.946431333000078 ], [ -13.716541817999939, 11.945147892000023 ], [ -13.716599316999918, 11.943864107000138 ], [ -13.716649633999907, 11.942580022000186 ], [ -13.716692765999937, 11.941295674000116 ], [ -13.716728710999973, 11.940011106999975 ], [ -13.716757469999948, 11.938726357000121 ], [ -13.716779036999981, 11.937441466999985 ], [ -13.716793416999906, 11.936156476000178 ], [ -13.716800607999971, 11.934871424999983 ], [ -13.716800607999971, 11.933586355000045 ], [ -13.716799933999937, 11.933379035000144 ], [ -13.716764429999898, 11.933158098000092 ], [ -13.716653411999971, 11.932437616000129 ], [ -13.716549503999886, 11.931716074000121 ], [ -13.71645271899996, 11.930993544000046 ], [ -13.716363064999939, 11.930270094000036 ], [ -13.716280550999841, 11.929545793000045 ], [ -13.7162051869999, 11.928820716000189 ], [ -13.716136975999973, 11.92809492900011 ], [ -13.716075928999942, 11.927368505000061 ], [ -13.716022049999935, 11.926641514000039 ], [ -13.715975343999901, 11.925914028000022 ], [ -13.715935814999909, 11.92518611600002 ], [ -13.715903468999898, 11.924457847999975 ], [ -13.715878305999865, 11.923729299 ], [ -13.715860332999966, 11.923000535000142 ], [ -13.715849546999948, 11.922271631 ], [ -13.715845950999949, 11.921542654 ], [ -13.715849546999948, 11.920813679 ], [ -13.715860332999966, 11.920084775000078 ], [ -13.715878305999865, 11.919356012000094 ], [ -13.715903468999898, 11.918627462000018 ], [ -13.715935814999909, 11.917899195000075 ], [ -13.715975343999901, 11.91717128199997 ], [ -13.716022049999935, 11.916443795000134 ], [ -13.716075928999942, 11.915716804999988 ], [ -13.716136975999973, 11.914990382000042 ], [ -13.7162051869999, 11.914264595000077 ], [ -13.716280550999841, 11.913539517000174 ], [ -13.716363064999939, 11.912815217000059 ], [ -13.71645271899996, 11.912091766000174 ], [ -13.716549503999886, 11.911369235000166 ], [ -13.716653411999971, 11.910647693000158 ], [ -13.716764429999898, 11.909927212000127 ], [ -13.716882550999912, 11.909207861000027 ], [ -13.717007759999944, 11.908489710000026 ], [ -13.717140046999816, 11.907772830000056 ], [ -13.717279398999949, 11.907057287999976 ], [ -13.717425801999923, 11.906343155000172 ], [ -13.717579239999907, 11.905630503000168 ], [ -13.71773970199996, 11.904919396000025 ], [ -13.717907168999943, 11.904209908000155 ], [ -13.71808162699989, 11.903502108 ], [ -13.718263057999934, 11.902796060000014 ], [ -13.718451443999982, 11.902091838000047 ], [ -13.71864676499996, 11.901389509000069 ], [ -13.718849005999971, 11.900689140000168 ], [ -13.719018378999976, 11.900123584000085 ], [ -13.719058144999963, 11.899990799000022 ], [ -13.719274161999977, 11.899294554000051 ], [ -13.719497034999961, 11.89860047500008 ], [ -13.719726745999878, 11.897908628000096 ], [ -13.719963266999969, 11.897219081000173 ], [ -13.720206577999875, 11.89653190000007 ], [ -13.720456656999943, 11.895847152999977 ], [ -13.720713475999958, 11.895164904000126 ], [ -13.720977012999924, 11.894485223000117 ], [ -13.721247240999901, 11.893808175000061 ], [ -13.721524134999981, 11.893133823000028 ], [ -13.721715017999884, 11.888577892000114 ], [ -13.721751289999872, 11.882631633000074 ], [ -13.720448561999888, 11.870087624000178 ], [ -13.71791564799986, 11.85767635000019 ], [ -13.716221487999917, 11.853122318000146 ], [ -13.715352042999939, 11.848668461000159 ], [ -13.714577978999898, 11.844703201000129 ], [ -13.714582435999944, 11.843627056000173 ], [ -13.714622860999896, 11.833866963000048 ], [ -13.714622860999896, 11.82449518300001 ], [ -13.714369569999974, 11.809804287000077 ], [ -13.714116277999892, 11.806258208000031 ], [ -13.713356560999955, 11.803240592000122 ], [ -13.713393134999933, 11.792253826000035 ], [ -13.713400514999933, 11.790036894000082 ], [ -13.7135386839999, 11.789884147000123 ], [ -13.713825395999891, 11.789559261000079 ], [ -13.714106670999911, 11.789229654000053 ], [ -13.714382426999975, 11.788895417000049 ], [ -13.714652591999879, 11.788556643000106 ], [ -13.7149170859999, 11.788213426000027 ], [ -13.715175839999915, 11.787865859000135 ], [ -13.715428780999957, 11.787514039000143 ], [ -13.715675838999971, 11.787158064000096 ], [ -13.715916946999869, 11.786798032000149 ], [ -13.716152035999869, 11.786434042000053 ], [ -13.716381043999888, 11.786066195999979 ], [ -13.716603904999943, 11.785694592000141 ], [ -13.716820557999938, 11.785319335999986 ], [ -13.717030944999919, 11.784940531000188 ], [ -13.717235006999942, 11.784558280999988 ], [ -13.717432685999938, 11.78417269199997 ], [ -13.717623929999945, 11.783783872000129 ], [ -13.717808683999976, 11.78339192500016 ], [ -13.717986898999982, 11.78299696300013 ], [ -13.718158523999875, 11.782599091000066 ], [ -13.718323510999937, 11.782198423000182 ], [ -13.718481816999883, 11.781795069000168 ], [ -13.718633394999927, 11.781389138000065 ], [ -13.7187782069999, 11.780980744000033 ], [ -13.718916209999975, 11.780570000000182 ], [ -13.719047364999881, 11.780157017000022 ], [ -13.719171639999956, 11.77974191200002 ], [ -13.719288996999978, 11.779324800000154 ], [ -13.719399404999876, 11.778905794000138 ], [ -13.719502832999979, 11.778485010000111 ], [ -13.719599253999888, 11.778062567000063 ], [ -13.719688638999912, 11.777638578000108 ], [ -13.719770964999896, 11.77721316300017 ], [ -13.719846206999875, 11.776786437 ], [ -13.719914347999918, 11.776358520000031 ], [ -13.719975364999925, 11.775929530000099 ], [ -13.720029244999921, 11.775499585000091 ], [ -13.720075969999982, 11.775068803000181 ], [ -13.721476265999968, 11.760919158000149 ], [ -13.717663141999935, 11.753517520000059 ], [ -13.717445924999879, 11.753235665999966 ], [ -13.717234446999896, 11.752949483 ], [ -13.717028791999951, 11.752659085000175 ], [ -13.71682904499994, 11.752364592000049 ], [ -13.716635288999953, 11.752066125000113 ], [ -13.716447602999892, 11.751763803000131 ], [ -13.716266061999875, 11.751457751000032 ], [ -13.716090739999856, 11.75114809500019 ], [ -13.715921709999975, 11.750834960000134 ], [ -13.715759039999966, 11.750518475000149 ], [ -13.715602798999896, 11.750198768000075 ], [ -13.715453045999936, 11.749875968000026 ], [ -13.715309844999979, 11.749550211000155 ], [ -13.715173254999968, 11.749221627000111 ], [ -13.715066724999929, 11.748949998000114 ], [ -13.715043329999958, 11.748890351000057 ], [ -13.714920124999878, 11.748556517000168 ], [ -13.71480368899995, 11.748220262000132 ], [ -13.714694067999915, 11.747881723000091 ], [ -13.714591310999936, 11.747541040999977 ], [ -13.714495454999849, 11.747198350000133 ], [ -13.714406543999928, 11.746853793000128 ], [ -13.714324608999902, 11.746507511000118 ], [ -13.714249688999928, 11.746159645000091 ], [ -13.7141818099999, 11.745810335000158 ], [ -13.714121001999956, 11.745459725000103 ], [ -13.714067288999956, 11.745107959000109 ], [ -13.714020693999885, 11.744755180000141 ], [ -13.713981234999949, 11.74440153200004 ], [ -13.713948926999933, 11.744047158000171 ], [ -13.713923786999885, 11.743692203000023 ], [ -13.713905820999912, 11.743336813000099 ], [ -13.713895039999898, 11.742981134000104 ], [ -13.71344227599991, 11.712888320000104 ], [ -13.713431487999912, 11.711693559000139 ], [ -13.71342789299996, 11.710498752000092 ], [ -13.713428436999948, 11.710034619000169 ], [ -13.713472387999843, 11.709909634000041 ], [ -13.713520215999893, 11.709783752000078 ], [ -13.713553507999961, 11.709696131000044 ], [ -13.713641326999948, 11.709485295000036 ], [ -13.713735756999938, 11.70927733700006 ], [ -13.713836704999949, 11.709072463000155 ], [ -13.713944070999958, 11.708870880000063 ], [ -13.714057747999959, 11.70867278500009 ], [ -13.714177621999909, 11.708478377000176 ], [ -13.715551133999952, 11.706333480000069 ], [ -13.716502476999892, 11.705323890000045 ], [ -13.719193557999972, 11.705219112000066 ], [ -13.720932752999829, 11.7051712170001 ], [ -13.721443555999883, 11.705232402000092 ], [ -13.721955167999965, 11.705286416000149 ], [ -13.72246748699996, 11.705333250000081 ], [ -13.722980412999959, 11.705372895000096 ], [ -13.723493843999904, 11.70540534100013 ], [ -13.724007677999964, 11.705430585000101 ], [ -13.724521816999982, 11.705448619000151 ], [ -13.725036157999966, 11.70545944100013 ], [ -13.725550599999906, 11.705463049000116 ], [ -13.726065041999902, 11.70545944100013 ], [ -13.726579383999933, 11.705448619000151 ], [ -13.727093521999848, 11.705430585000101 ], [ -13.727607358999819, 11.70540534100013 ], [ -13.728120787999956, 11.705372895000096 ], [ -13.728633712999908, 11.705333250000081 ], [ -13.72914603199996, 11.705286416000149 ], [ -13.729657643999928, 11.705232402000092 ], [ -13.730168447999972, 11.7051712170001 ], [ -13.730678342999965, 11.705102876000069 ], [ -13.731187230999979, 11.705027389000122 ], [ -13.731695007999974, 11.704944775 ], [ -13.732201577999888, 11.704855045000045 ], [ -13.732706838999945, 11.70475822100002 ], [ -13.733210691999886, 11.704654320000088 ], [ -13.733713039999884, 11.704543362000095 ], [ -13.734213779999948, 11.704425372000117 ], [ -13.734712818999924, 11.704300368000077 ], [ -13.735210053999936, 11.704168381000102 ], [ -13.735705387999815, 11.704029430000048 ], [ -13.73619872699993, 11.703883549000125 ], [ -13.73668996899994, 11.703730761000145 ], [ -13.736892589999968, 11.703664612000068 ], [ -13.737179021999964, 11.703571100000147 ], [ -13.737665786999912, 11.703404596000041 ], [ -13.738150168999937, 11.703231281000171 ], [ -13.738632071999916, 11.703051191000043 ], [ -13.739111402999981, 11.702864359000046 ], [ -13.739588065999897, 11.702670823000176 ], [ -13.740061968999953, 11.702470622000021 ], [ -13.740533015999915, 11.702263794000146 ], [ -13.740597657999956, 11.702234323000141 ], [ -13.741001117999929, 11.70205038000006 ], [ -13.741466179999975, 11.701830422000171 ], [ -13.74192810999989, 11.701603964000071 ], [ -13.742386820999911, 11.701371049000102 ], [ -13.742842218999954, 11.701131723 ], [ -13.743294215999924, 11.70088603500011 ], [ -13.743742721999922, 11.700634032000153 ], [ -13.744187650999891, 11.700375764000057 ], [ -13.744628912999872, 11.700111282000023 ], [ -13.745066423999958, 11.699840637000136 ], [ -13.745500095999944, 11.699563883000167 ], [ -13.745929842999885, 11.699281073000179 ], [ -13.746355580999932, 11.698992264000026 ], [ -13.746777227999928, 11.698697514000116 ], [ -13.747194699999909, 11.698396879000029 ], [ -13.747607912999911, 11.698090418000163 ], [ -13.748016789999895, 11.697778192000101 ], [ -13.748421245999964, 11.697460262999982 ], [ -13.74882120399991, 11.697136693000061 ], [ -13.749216584999942, 11.696807546000059 ], [ -13.749607309999874, 11.696472887000027 ], [ -13.749993303999929, 11.696132780000028 ], [ -13.75245181799994, 11.69391231200018 ], [ -13.752607196999918, 11.693765903000042 ], [ -13.752757513999939, 11.693614303000118 ], [ -13.752822217999949, 11.69354445700003 ], [ -13.752902597999935, 11.693457688000024 ], [ -13.753042278999942, 11.693296234000172 ], [ -13.753176396999947, 11.693130133000182 ], [ -13.753304798999977, 11.692959571000131 ], [ -13.753427332999934, 11.692784748000122 ], [ -13.753543861999958, 11.692605867000168 ], [ -13.753654247999975, 11.692423130000066 ], [ -13.753758365999943, 11.692236750000063 ], [ -13.753856094999946, 11.692046942 ], [ -13.753947321999874, 11.691853926000022 ], [ -13.754031941999926, 11.691657923000037 ], [ -13.754109859999915, 11.691459160000022 ], [ -13.754180980999934, 11.691257865000182 ], [ -13.75424522599991, 11.691054272000088 ], [ -13.754302521999932, 11.690848614000174 ], [ -13.754352799999936, 11.690641130000017 ], [ -13.754396003999943, 11.690432058000169 ], [ -13.754432084999905, 11.690221639000072 ], [ -13.7544609979999, 11.690010117000156 ], [ -13.754482713999948, 11.689797733000148 ], [ -13.754497202999971, 11.689584736000029 ], [ -13.758211536999909, 11.684889001000101 ], [ -13.758293869999875, 11.684795231000123 ], [ -13.758381469999961, 11.684706361000053 ], [ -13.758474041999875, 11.684622685000079 ], [ -13.758571283999913, 11.68454448100016 ], [ -13.758672867999962, 11.68447201000015 ], [ -13.758778457999938, 11.684405510000147 ], [ -13.758887704999893, 11.684345206000103 ], [ -13.759000244999982, 11.684291294000104 ], [ -13.75911570299985, 11.684243956000103 ], [ -13.759233696999843, 11.684203349000029 ], [ -13.759353834999899, 11.684169608000161 ], [ -13.759475715999884, 11.684142843000132 ], [ -13.759598937999954, 11.684123144000012 ], [ -13.759723090999898, 11.684110578000059 ], [ -13.759847758999911, 11.684105184000146 ], [ -13.759972532999939, 11.684106982000117 ], [ -13.760096993999866, 11.684115965000046 ], [ -13.767527886999972, 11.683670883 ], [ -13.77184550599992, 11.683373361000065 ], [ -13.772274977999928, 11.685249612000177 ], [ -13.774148913999966, 11.688204687000166 ], [ -13.775595446999944, 11.69048577500007 ], [ -13.775666602999877, 11.690584941999987 ], [ -13.775743506999959, 11.690679720000048 ], [ -13.775825892999933, 11.690769776000025 ], [ -13.775913467999885, 11.690854793000028 ], [ -13.776005924999879, 11.690934473000084 ], [ -13.77610294099992, 11.69100853700013 ], [ -13.77620417299994, 11.691076721000115 ], [ -13.776309266999931, 11.691138791000071 ], [ -13.776417852999941, 11.691194523000092 ], [ -13.776529551999943, 11.691243726000152 ], [ -13.776643967999917, 11.691286226000102 ], [ -13.776760699999897, 11.691321873000163 ], [ -13.776879338999947, 11.69135054100019 ], [ -13.776999469999964, 11.69137213200014 ], [ -13.777120666999849, 11.691386568000098 ], [ -13.777242506999869, 11.691393798000149 ], [ -13.777364560999956, 11.691393798000149 ], [ -13.777486401999909, 11.691386568000098 ], [ -13.777607599999897, 11.69137213200014 ], [ -13.777727728999878, 11.69135054100019 ], [ -13.777846367999928, 11.691321873000163 ], [ -13.777963101999831, 11.691286226000102 ], [ -13.778077517999975, 11.691243726000152 ], [ -13.778189214999884, 11.691194523000092 ], [ -13.778297801999884, 11.691138791000071 ], [ -13.778370054999925, 11.691097027000183 ], [ -13.779855282999961, 11.687235431999966 ], [ -13.782466128999886, 11.686713262000126 ], [ -13.783568353999954, 11.686492817000101 ], [ -13.788618131999897, 11.690205888000094 ], [ -13.789310881999938, 11.690904680000187 ], [ -13.790022903999954, 11.691622913000174 ], [ -13.79328329599997, 11.692319117000068 ], [ -13.796023471999945, 11.692941977999965 ], [ -13.799014731999932, 11.693621915 ], [ -13.799026889999936, 11.693760660000066 ], [ -13.800131727999883, 11.706369131000088 ], [ -13.800160271999857, 11.706488407000052 ], [ -13.800181765999923, 11.706609154000148 ], [ -13.800196137999876, 11.706730954000136 ], [ -13.800203333999946, 11.706853388000127 ], [ -13.80020312399995, 11.706982503000063 ], [ -13.800186598999971, 11.707024821000175 ], [ -13.80012392999987, 11.707151394000107 ], [ -13.800054879999948, 11.707274599000073 ], [ -13.799979626999914, 11.707394120000117 ], [ -13.799898370999927, 11.707509643000151 ], [ -13.799811322999915, 11.707620865000138 ], [ -13.799718706999897, 11.707727497000064 ], [ -13.799620769999876, 11.707829261000143 ], [ -13.799517762999869, 11.707925892000048 ], [ -13.79940995599992, 11.708017137000013 ], [ -13.799297630999888, 11.708102759000042 ], [ -13.799181080999915, 11.708182534000116 ], [ -13.79906060999997, 11.708256252000183 ], [ -13.798936529999935, 11.708323724000081 ], [ -13.798809168999981, 11.708384772000159 ], [ -13.798678855999924, 11.708439238000039 ], [ -13.798545931999968, 11.708486978999986 ], [ -13.798410744999956, 11.708527870000125 ], [ -13.798273644999881, 11.708561805000159 ], [ -13.79813498999988, 11.708588694000184 ], [ -13.797995144999959, 11.70860847 ], [ -13.793943684999931, 11.709064291000175 ], [ -13.793861806999814, 11.709053510999979 ], [ -13.793779301999905, 11.709049908000111 ], [ -13.793696795999836, 11.709053510999979 ], [ -13.793614915999967, 11.709064291000175 ], [ -13.793534289999968, 11.709082164000165 ], [ -13.793455527999924, 11.709106998000038 ], [ -13.793379228999925, 11.709138602 ], [ -13.793305974999896, 11.709176735000085 ], [ -13.793236324999839, 11.709221108000065 ], [ -13.793170804999932, 11.709271382000168 ], [ -13.793109916999924, 11.709327176000158 ], [ -13.793054124999969, 11.709388064000052 ], [ -13.793003848999945, 11.709453582000151 ], [ -13.792959477999943, 11.709523234000017 ], [ -13.792921342999875, 11.709596488000045 ], [ -13.792889740999954, 11.709672785000066 ], [ -13.79286490599992, 11.709751549000032 ], [ -13.792847030999951, 11.709832175000088 ], [ -13.792836251999972, 11.709914053000148 ], [ -13.792832648999934, 11.709996559000047 ], [ -13.792712605999952, 11.71330140900011 ], [ -13.793571063999934, 11.714584892000175 ], [ -13.795604152999886, 11.716941365000025 ], [ -13.79576806599988, 11.716978368000127 ], [ -13.795927951999943, 11.71700696500011 ], [ -13.796088945999941, 11.717028463000076 ], [ -13.796250733999955, 11.717042818000152 ], [ -13.79641299899987, 11.717050002 ], [ -13.796575423999968, 11.717050002 ], [ -13.796737688999883, 11.717042818000152 ], [ -13.796899475999965, 11.717028463000076 ], [ -13.797060470999952, 11.71700696500011 ], [ -13.797220356999958, 11.716978368000127 ], [ -13.797378822999917, 11.716942726000013 ], [ -13.797535555999843, 11.716900109000164 ], [ -13.79769024999996, 11.716850602000022 ], [ -13.797842603999925, 11.716794299000071 ], [ -13.797992318999889, 11.716731314000128 ], [ -13.801514814999905, 11.715089244000126 ], [ -13.802095152999982, 11.712513926000042 ], [ -13.802601164999942, 11.71054314100013 ], [ -13.804807122999932, 11.708622723000076 ], [ -13.805867178999961, 11.708092696000165 ], [ -13.806886443999929, 11.707583063000186 ], [ -13.819910043999869, 11.704200276000165 ], [ -13.820012210999892, 11.704178558000137 ], [ -13.82011564499993, 11.704164021999986 ], [ -13.820219840999926, 11.70415673600013 ], [ -13.820324289999974, 11.70415673600013 ], [ -13.820428485999969, 11.704164021999986 ], [ -13.820531919999894, 11.704178558000137 ], [ -13.820634087999906, 11.704200276000165 ], [ -13.820734490999882, 11.704229065000163 ], [ -13.820832642999903, 11.704264789999968 ], [ -13.820928061999894, 11.70430727300004 ], [ -13.821020286999897, 11.704356310000094 ], [ -13.821108865999975, 11.704411660000062 ], [ -13.821193366999921, 11.704473053000072 ], [ -13.821273380999969, 11.70454019400006 ], [ -13.821348514999954, 11.70461275100007 ], [ -13.821418406999896, 11.70469037100014 ], [ -13.821482712999966, 11.704772678999973 ], [ -13.821541119999949, 11.704859272000135 ], [ -13.821593343999893, 11.70494973000018 ], [ -13.821639132999962, 11.705043608000096 ], [ -13.821678259999885, 11.70514045300007 ], [ -13.821710537999934, 11.705239790000178 ], [ -13.821735805999936, 11.705341138000051 ], [ -13.821753942999862, 11.705444002000036 ], [ -13.821764861999952, 11.705547879 ], [ -13.821768506999888, 11.705652266000016 ], [ -13.821764861999952, 11.705756652000161 ], [ -13.824163549999923, 11.710586362000072 ], [ -13.826768656999889, 11.71583169000013 ], [ -13.828029667999886, 11.717682164000109 ], [ -13.82951862799996, 11.717660032000026 ], [ -13.83210725999993, 11.717810407000115 ], [ -13.832187910999949, 11.717830432000085 ], [ -13.832266476999962, 11.71785750600003 ], [ -13.832342342999937, 11.717891417000089 ], [ -13.832414914999902, 11.717931901000043 ], [ -13.832483624999895, 11.717978642000105 ], [ -13.832547935999969, 11.718031271000143 ], [ -13.832607341999903, 11.718089379000105 ], [ -13.832661381999969, 11.718152508000117 ], [ -13.832709630999943, 11.71822016700014 ], [ -13.832751709999968, 11.718291826000097 ], [ -13.832787292999967, 11.71836692300019 ], [ -13.832816096999977, 11.718444872000134 ], [ -13.832837900999891, 11.718525062000026 ], [ -13.832852531999947, 11.718606864000037 ], [ -13.833583038999905, 11.72463982000005 ], [ -13.83358667899995, 11.724746365000101 ], [ -13.833583038999905, 11.724852908000116 ], [ -13.833572136999976, 11.724958955000091 ], [ -13.83355402299992, 11.725064011000086 ], [ -13.833528783999952, 11.725167586000055 ], [ -13.833496532999959, 11.725269198000092 ], [ -13.833457423999903, 11.725368370000126 ], [ -13.833411637999973, 11.725464644000112 ], [ -13.833359390999874, 11.725557569000046 ], [ -13.833300920999932, 11.725646711000138 ], [ -13.833236505999935, 11.725731655000061 ], [ -13.833166443999914, 11.725812006000069 ], [ -13.83309106199988, 11.725887388000103 ], [ -13.833010712999908, 11.725957449000077 ], [ -13.832925768999871, 11.726021865000121 ], [ -13.83283662499997, 11.726080333000141 ], [ -13.832743700999913, 11.726132582000105 ], [ -13.832647427999973, 11.72617836600017 ], [ -13.831474725999897, 11.726718242000061 ], [ -13.831243943999937, 11.726816772000063 ], [ -13.831010418999938, 11.726908608000031 ], [ -13.830774343999963, 11.726993677000053 ], [ -13.830535914999871, 11.727071908000028 ], [ -13.830295330999945, 11.727143234999971 ], [ -13.830052789999968, 11.727207600000042 ], [ -13.829808496999874, 11.727264948000027 ], [ -13.82956265099989, 11.72731523200008 ], [ -13.829315458999872, 11.727358410000136 ], [ -13.829067125999927, 11.727394447000165 ], [ -13.828817855999887, 11.727423313000088 ], [ -13.828567859999907, 11.727444984000158 ], [ -13.828317341999877, 11.727459440000132 ], [ -13.828066509999928, 11.727466672 ], [ -13.827815575999921, 11.727466672 ], [ -13.827703405999898, 11.727464332000181 ], [ -13.827624905999869, 11.727458136 ], [ -13.827444947999936, 11.727449125000078 ], [ -13.827264771999921, 11.727447321999989 ], [ -13.82708466899993, 11.727452730000095 ], [ -13.82690492699993, 11.727465339000162 ], [ -13.826725831999909, 11.727485130000105 ], [ -13.826547672999936, 11.727512070000046 ], [ -13.826370734999955, 11.727546115000109 ], [ -13.826195299999881, 11.727587214000039 ], [ -13.826021649999916, 11.727635300000088 ], [ -13.825850062999848, 11.727690293000137 ], [ -13.825680813999952, 11.727752108000175 ], [ -13.825514172999931, 11.727820645000065 ], [ -13.825350407999963, 11.727895794000176 ], [ -13.825189780999949, 11.727977436000174 ], [ -13.823875166999869, 11.728680634000114 ], [ -13.823793782999871, 11.728729017000092 ], [ -13.823716339999976, 11.728783490000069 ], [ -13.823643293999964, 11.728843729000175 ], [ -13.823575074999894, 11.72890938400019 ], [ -13.823512080999933, 11.728980068000169 ], [ -13.823454683999898, 11.729055367000115 ], [ -13.823403217999896, 11.729134840000029 ], [ -13.823357985999962, 11.729218018000154 ], [ -13.823319254999944, 11.729304416 ], [ -13.823287250999897, 11.729393523 ], [ -13.823262162999868, 11.729484819000106 ], [ -13.823244136999961, 11.72957776800007 ], [ -13.823233277999975, 11.729671826000015 ], [ -13.823229651999839, 11.729766436000034 ], [ -13.823233277999975, 11.729861049000135 ], [ -13.823666477999836, 11.733767416000148 ], [ -13.823735836999958, 11.733895540999981 ], [ -13.823808614999962, 11.734014305000073 ], [ -13.823887511999828, 11.734129098000039 ], [ -13.823972305999916, 11.734239605000027 ], [ -13.824062768999852, 11.734345523000115 ], [ -13.824158648999969, 11.734446561000141 ], [ -13.824259686999881, 11.734542442000134 ], [ -13.827346951999971, 11.737361896000039 ], [ -13.831497061999812, 11.741050792000067 ], [ -13.831558414999904, 11.741103070000122 ], [ -13.831624266999938, 11.74114955400006 ], [ -13.831694072999937, 11.741189857000109 ], [ -13.831767255999978, 11.741223644000172 ], [ -13.841588785999932, 11.74516329700009 ], [ -13.84173571499997, 11.74519367 ], [ -13.841883930999927, 11.745216963000075 ], [ -13.84203309399993, 11.745233123000162 ], [ -13.842182858999934, 11.745242112000085 ], [ -13.842286331999901, 11.745248033000166 ], [ -13.854681054999958, 11.745957267000051 ], [ -13.860991500999944, 11.737742145000141 ], [ -13.863563376999934, 11.729052159 ], [ -13.862928863999969, 11.727914429 ], [ -13.859689288999903, 11.722105627000076 ], [ -13.85619769099992, 11.720442962000106 ], [ -13.854698920999908, 11.719729261999987 ], [ -13.851966099999913, 11.723412629000052 ], [ -13.851015553999957, 11.727571268000133 ], [ -13.851018611999962, 11.727633414000138 ], [ -13.851018611999962, 11.727746760000116 ], [ -13.851011422999818, 11.727859879000107 ], [ -13.850997072999974, 11.727972314999988 ], [ -13.850975621999964, 11.728083612000091 ], [ -13.850947155999904, 11.72819332600011 ], [ -13.850911787999905, 11.728301015000056 ], [ -13.850869659999887, 11.728406241000016 ], [ -13.850820943999963, 11.728508585000156 ], [ -13.850765834999947, 11.72860763400007 ], [ -13.850704556999915, 11.728702987000077 ], [ -13.850637351999865, 11.728794261000189 ], [ -13.850564492999979, 11.728881091000062 ], [ -13.85048627499998, 11.728963123000085 ], [ -13.850403011999902, 11.729040031000068 ], [ -13.850315037999906, 11.729111501000148 ], [ -13.850222707999933, 11.729177248000155 ], [ -13.850126395999951, 11.72923700900003 ], [ -13.850026484999944, 11.7292905380001 ], [ -13.84992338099994, 11.729337625000028 ], [ -13.849817497999879, 11.729378076000046 ], [ -13.849709263999898, 11.729411731000084 ], [ -13.849599111999851, 11.729438454000103 ], [ -13.849487486999919, 11.729458137000051 ], [ -13.84937483899995, 11.729470699 ], [ -13.849261620999982, 11.729476092000027 ], [ -13.849148287999924, 11.729474294000056 ], [ -13.849114461999875, 11.729472361000148 ], [ -13.848885461999942, 11.729095918000155 ], [ -13.848477743999979, 11.728414916000133 ], [ -13.848076216999971, 11.727730244000156 ], [ -13.847680914999955, 11.727041963000147 ], [ -13.847291868999889, 11.726350123000088 ], [ -13.846909111999935, 11.72565478700011 ], [ -13.846532673999945, 11.724956007 ], [ -13.846162586999981, 11.724253845000021 ], [ -13.84579888199994, 11.723548355000105 ], [ -13.845436339999935, 11.722829067000077 ], [ -13.847055589999968, 11.715553502000034 ], [ -13.855881573999966, 11.703640375000077 ], [ -13.855459356999972, 11.694527904000097 ], [ -13.858786269999882, 11.687161170000024 ], [ -13.858820335999951, 11.687097183000162 ], [ -13.858886213999881, 11.686985502000084 ], [ -13.858958249999887, 11.686877692000053 ], [ -13.859036217999972, 11.686774091000075 ], [ -13.859119873999873, 11.686675024000124 ], [ -13.859208950999971, 11.686580803000084 ], [ -13.859303170999851, 11.686491726999975 ], [ -13.859402237999973, 11.686408071000187 ], [ -13.859505838999837, 11.686330103000103 ], [ -13.859613649999972, 11.68625806700004 ], [ -13.867935276999958, 11.673021794000078 ], [ -13.870905734999894, 11.667912608000108 ], [ -13.868885823999847, 11.663991605000149 ], [ -13.88610109799987, 11.664668349000181 ], [ -13.894206419999932, 11.664668349000181 ], [ -13.89851237299996, 11.664415057000156 ], [ -13.902311743999974, 11.665681514000084 ], [ -13.90636440399993, 11.667707845000109 ], [ -13.913963144999911, 11.672267090000162 ], [ -13.917002641999943, 11.674293419000037 ], [ -13.920295428999907, 11.676573040999983 ], [ -13.922828340999956, 11.677586208000093 ], [ -13.926627711999913, 11.677586208000093 ], [ -13.929667207999955, 11.676066460000072 ], [ -13.934986325999887, 11.671000632000187 ], [ -13.938532403999943, 11.66517493200007 ], [ -13.941571901999964, 11.660109104000128 ], [ -13.944743236999898, 11.656170454000062 ], [ -13.945255568999926, 11.655998682000018 ], [ -13.945770146999962, 11.655833759000132 ], [ -13.946286880999935, 11.655675715000029 ], [ -13.94680567599994, 11.655524577000165 ], [ -13.947326440999973, 11.655380375000107 ], [ -13.947849082999937, 11.655243132000066 ], [ -13.948373508999907, 11.655112873 ], [ -13.9488996259999, 11.654989621000141 ], [ -13.949427340999875, 11.654873398000177 ], [ -13.949956559999976, 11.654764227000101 ], [ -13.987365058999956, 11.645863142000053 ], [ -13.997308872999895, 11.643377327000167 ], [ -13.997421495999959, 11.643380357000069 ], [ -13.997781240999814, 11.643394762000071 ], [ -13.998140626999884, 11.643416361 ], [ -13.998499507999895, 11.643445148000183 ], [ -13.998857740999881, 11.643481110000096 ], [ -13.999215182999876, 11.643524231000072 ], [ -13.999571689999982, 11.643574498000021 ], [ -13.999927120999814, 11.643631885000048 ], [ -14.000281331999815, 11.643696375000104 ], [ -14.000634180999953, 11.643767938000053 ], [ -14.000985527999887, 11.64384654800017 ], [ -14.001335230999871, 11.643932171000074 ], [ -14.001683152999874, 11.644024775000048 ], [ -14.002029150999931, 11.644124322000039 ], [ -14.002373087999956, 11.644230770000149 ], [ -14.002714826999977, 11.64434408000011 ], [ -14.003054227999826, 11.64446420500019 ], [ -14.003391158999818, 11.644591098000149 ], [ -14.003725484999961, 11.644724705999977 ], [ -14.004057068999941, 11.644864978000044 ], [ -14.004385780999939, 11.645011855 ], [ -14.004711487999884, 11.645165280000015 ], [ -14.005034059999957, 11.64532519100004 ], [ -14.005353366999884, 11.645491525000125 ], [ -14.005467476999911, 11.645552956000131 ], [ -14.005723003999947, 11.645700905000012 ], [ -14.006528203999949, 11.646161634000066 ], [ -14.007336952999879, 11.646616100000188 ], [ -14.008149203999949, 11.647064282000144 ], [ -14.008964905999846, 11.64750614899998 ], [ -14.009784011999955, 11.647941675000141 ], [ -14.01060647099996, 11.648370834000048 ], [ -14.011432233999869, 11.648793601000136 ], [ -14.012261252999906, 11.649209948000191 ], [ -14.013093473999959, 11.64961985399998 ], [ -14.013928852999982, 11.650023291000082 ], [ -14.014767333999885, 11.650420237000048 ], [ -14.015608867999958, 11.650810666000098 ], [ -14.016453407999961, 11.651194556000064 ], [ -14.017300897999974, 11.651571883000145 ], [ -14.018151289999935, 11.651942625000061 ], [ -14.019004532999816, 11.652306759 ], [ -14.027321366999956, 11.653054064000116 ], [ -14.036660838999921, 11.654660394000132 ], [ -14.043848524999817, 11.648930872 ], [ -14.057302976999893, 11.647865555000067 ], [ -14.059749810999904, 11.646980067000186 ], [ -14.061723591999964, 11.645287194000161 ], [ -14.06187922099997, 11.644993649000128 ], [ -14.062041171999965, 11.644703542 ], [ -14.062209371999927, 11.644417012000133 ], [ -14.062383736999891, 11.644134194000173 ], [ -14.062564190999979, 11.643855219999978 ], [ -14.06275064499988, 11.64358022000016 ], [ -14.062943011999891, 11.643309326000121 ], [ -14.063141204999965, 11.643042660000106 ], [ -14.063345126999934, 11.642780352000045 ], [ -14.063554684999872, 11.642522524000015 ], [ -14.063769777999937, 11.642269296000052 ], [ -14.063990307999973, 11.642020786999979 ], [ -14.064216169999895, 11.641777113999979 ], [ -14.064447256999927, 11.641538393000076 ], [ -14.064683460999845, 11.641304731999981 ], [ -14.064924672999894, 11.641076244000089 ], [ -14.065537075999941, 11.640505968000184 ], [ -14.065538190999973, 11.640504930000077 ], [ -14.069191147999959, 11.637103257999968 ], [ -14.069423587999893, 11.636896227000022 ], [ -14.08163618899988, 11.626157650000096 ], [ -14.081734573999938, 11.626071965000051 ], [ -14.081837530999962, 11.625991832000068 ], [ -14.08194474499993, 11.625917491000052 ], [ -14.082055890999982, 11.625849171000084 ], [ -14.082170632999976, 11.625787075000119 ], [ -14.082288620999975, 11.625731395000116 ], [ -14.082409494999922, 11.625682300000051 ], [ -14.082532891999847, 11.625639938000063 ], [ -14.082658435999917, 11.625604437000106 ], [ -14.082785744999967, 11.625575906000108 ], [ -14.08291442999996, 11.625554434000094 ], [ -14.083044103999953, 11.625540081000111 ], [ -14.083174372999963, 11.625532894000116 ], [ -14.083304837999947, 11.625532894000116 ], [ -14.083435106999957, 11.625540081000111 ], [ -14.083564779999961, 11.625554434000094 ], [ -14.083693466999932, 11.625575906000108 ], [ -14.083820774999936, 11.625604437000106 ], [ -14.083946317999903, 11.625639938000063 ], [ -14.084069715999817, 11.625682300000051 ], [ -14.084190590999981, 11.625731395000116 ], [ -14.093902677999893, 11.629727776000095 ], [ -14.099933772999975, 11.631738775000144 ], [ -14.104498606999982, 11.633085480000091 ], [ -14.104857599999946, 11.633119596000085 ], [ -14.105215839999914, 11.633160865000036 ], [ -14.105573185999901, 11.633209271000112 ], [ -14.105929496999977, 11.633264795000116 ], [ -14.106284628999958, 11.633327413000131 ], [ -14.106638439999927, 11.633397104000096 ], [ -14.106990792999966, 11.6334738380001 ], [ -14.10734154499994, 11.633557582000094 ], [ -14.107690554999976, 11.633648308000147 ], [ -14.108037687999968, 11.633745976000057 ], [ -14.108382802999927, 11.633850547000065 ], [ -14.108725763999814, 11.633961983000063 ], [ -14.109066433999942, 11.634080235000056 ], [ -14.10940467599994, 11.634205259000112 ], [ -14.109740358999829, 11.634337005000191 ], [ -14.110073347999844, 11.634475420000172 ], [ -14.11040350899998, 11.634620448000078 ], [ -14.110730711999963, 11.634772033000104 ], [ -14.111054826999975, 11.634930115000031 ], [ -14.11137572399997, 11.635094630000083 ], [ -14.111693275999926, 11.63526551200016 ], [ -14.112007355999879, 11.635442693000186 ], [ -14.112317839999946, 11.635626104000153 ], [ -14.112624602999972, 11.635815670000056 ], [ -14.112927525999908, 11.636011319000147 ], [ -14.113226484999871, 11.636212969000155 ], [ -14.113521361999915, 11.636420542000167 ], [ -14.113812041999836, 11.636633956000082 ], [ -14.114098407999904, 11.636853124000083 ], [ -14.114380343999869, 11.637077961000102 ], [ -14.114657739999927, 11.637308378000114 ], [ -14.122213487999886, 11.643671961 ], [ -14.122388077999915, 11.643823676000068 ], [ -14.122557864999976, 11.643980748000047 ], [ -14.122722684999928, 11.644143024000186 ], [ -14.122882378999975, 11.644310347999976 ], [ -14.123036790999947, 11.64448255800005 ], [ -14.123185772999932, 11.64465948600008 ], [ -14.123329180999917, 11.644840961000114 ], [ -14.123466875999952, 11.645026810000104 ], [ -14.12359872299993, 11.645216850000054 ], [ -14.123724595999931, 11.645410899000183 ], [ -14.12384437399993, 11.645608768000102 ], [ -14.12395794199989, 11.645810267 ], [ -14.124065185999882, 11.646015202000171 ], [ -14.12416600499995, 11.646223369999973 ], [ -14.124260302999971, 11.646434575000171 ], [ -14.124347984999929, 11.646648611000103 ], [ -14.12442896999994, 11.64686526800017 ], [ -14.124503175999962, 11.64708434 ], [ -14.124570533999929, 11.647305615000107 ], [ -14.124630977999971, 11.647528876000024 ], [ -14.124684446999936, 11.647753910000176 ], [ -14.124730893999981, 11.647980498000095 ], [ -14.124770271999978, 11.648208419000184 ], [ -14.124802541999941, 11.648437457000114 ], [ -14.124827672999913, 11.648667386000056 ], [ -14.124845639999876, 11.648897986000122 ], [ -14.124856427999873, 11.649129034000055 ], [ -14.124860024999919, 11.64936030500013 ], [ -14.124856427999873, 11.649591575000045 ], [ -14.12485505099994, 11.649632257000064 ], [ -14.124987807999901, 11.649763381000071 ], [ -14.125358816999892, 11.650122938000038 ], [ -14.125734798999929, 11.650477292000062 ], [ -14.126115680999874, 11.650826374000189 ], [ -14.126501387999838, 11.651170115000127 ], [ -14.1268918479999, 11.651508451000041 ], [ -14.12728698199993, 11.651841313000034 ], [ -14.127686715999857, 11.652168638000035 ], [ -14.128090970999892, 11.652490362000037 ], [ -14.128499666999971, 11.652806424000062 ], [ -14.128912728999978, 11.653116762000138 ], [ -14.129330073999938, 11.65342131500006 ], [ -14.129751618999933, 11.653720025000041 ], [ -14.13017728799997, 11.654012833000138 ], [ -14.130606990999979, 11.654299682000158 ], [ -14.131040650999978, 11.654580516000124 ], [ -14.131478180999864, 11.654855282000085 ], [ -14.131919496999956, 11.655123927000034 ], [ -14.132364511999924, 11.655386397000086 ], [ -14.132813139999826, 11.655642642999965 ], [ -14.133265292999909, 11.655892613000049 ], [ -14.133720886999981, 11.656136260000039 ], [ -14.134179829999937, 11.65637353600016 ], [ -14.134642032999977, 11.656604395000159 ], [ -14.135107408999943, 11.656828794000148 ], [ -14.135575864999964, 11.657046687000161 ], [ -14.136047311999903, 11.657258034000165 ], [ -14.136521655999957, 11.657462791000114 ], [ -14.13699880799993, 11.657660921000172 ], [ -14.137478672999919, 11.657852383000034 ], [ -14.137961158999872, 11.658037142000126 ], [ -14.138446171999874, 11.658215163000023 ], [ -14.138933618999886, 11.658386408000069 ], [ -14.13942340299991, 11.658550845999969 ], [ -14.139915431999952, 11.658708445000173 ], [ -14.140409605999878, 11.658859175000032 ], [ -14.140905833999909, 11.659003004999988 ], [ -14.1414040169999, 11.659139909000146 ], [ -14.141904058999899, 11.65926985800013 ], [ -14.142405862999965, 11.659392829000126 ], [ -14.142532026999902, 11.659422583000094 ], [ -14.142912334999949, 11.659439156000133 ], [ -14.143617050999978, 11.659464325000158 ], [ -14.144321988999934, 11.65948230500004 ], [ -14.145027072999937, 11.65949309400014 ], [ -14.145732230999897, 11.659496690000083 ], [ -14.146437387999981, 11.65949309400014 ], [ -14.147142471999814, 11.65948230500004 ], [ -14.14784740999994, 11.659464325000158 ], [ -14.148552127999892, 11.659439156000133 ], [ -14.149256550999951, 11.659406801000046 ], [ -14.149960608999947, 11.659367262000046 ], [ -14.150664225999947, 11.659320542999978 ], [ -14.15136733099996, 11.659266652000042 ], [ -14.15206984799994, 11.659205591000102 ], [ -14.152771706999886, 11.659137367000142 ], [ -14.15347283299991, 11.65906198800019 ], [ -14.154173153999864, 11.658979461 ], [ -14.154872597999827, 11.658889797000086 ], [ -14.155571089999967, 11.658793002000152 ], [ -14.156268556999976, 11.658689088000074 ], [ -14.156964928999912, 11.658578064000096 ], [ -14.157660133999968, 11.658459945 ], [ -14.158354095999925, 11.658334740000043 ], [ -14.159046744999955, 11.658202463 ], [ -14.159738008999966, 11.65806313000013 ], [ -14.160427815999924, 11.657916751000187 ], [ -14.161116093999851, 11.657763346000024 ], [ -14.161802770999827, 11.657602926999971 ], [ -14.1624877779999, 11.657435512000063 ], [ -14.172586044999946, 11.65673010900008 ], [ -14.178397358999916, 11.656969472000071 ], [ -14.179572088999862, 11.656975001999967 ], [ -14.179600511999979, 11.656980581000028 ], [ -14.17990891799991, 11.657045151000034 ], [ -14.180215763999911, 11.657116773999974 ], [ -14.180520886999943, 11.657195414000114 ], [ -14.180824123999969, 11.657281030000092 ], [ -14.181125320999968, 11.657373577000044 ], [ -14.181424314999902, 11.657473005000099 ], [ -14.18172095299991, 11.657579263000173 ], [ -14.182015074999924, 11.657692295000118 ], [ -14.182306525999877, 11.657812041000057 ], [ -14.18259515799997, 11.65793843900002 ], [ -14.182880812999883, 11.658071422000091 ], [ -14.183163345999901, 11.658210918000123 ], [ -14.183442605999915, 11.658356857 ], [ -14.183718444999897, 11.658509160999984 ], [ -14.183990719999883, 11.658667750000063 ], [ -14.184259286999975, 11.658832539000116 ], [ -14.184524003999968, 11.65900344400012 ], [ -14.184784734999937, 11.659180375000119 ], [ -14.185041338999952, 11.659363236000047 ], [ -14.185293680999962, 11.659551932000056 ], [ -14.185541631999968, 11.659746366000149 ], [ -14.185785059999944, 11.659946433000073 ], [ -14.186023834999958, 11.66015203000012 ], [ -14.186257833999889, 11.660363047000089 ], [ -14.186486932999912, 11.660579376000157 ], [ -14.186711010999886, 11.660800900000027 ], [ -14.1869299519999, 11.661027502000081 ], [ -14.187143637999895, 11.661259067000174 ], [ -14.187351958999898, 11.661495470000091 ], [ -14.18755480499982, 11.661736588000167 ], [ -14.187752067999952, 11.661982292000062 ], [ -14.18794364699994, 11.66223245600014 ], [ -14.18812943699993, 11.662486946000058 ], [ -14.18830934499988, 11.662745631000064 ], [ -14.188483272999974, 11.663008371000103 ], [ -14.188651130999915, 11.663275031000182 ], [ -14.188812831999883, 11.663545469000155 ], [ -14.194131902999914, 11.666587514000071 ], [ -14.205703351999944, 11.671980429000143 ], [ -14.206767435999893, 11.672476349000135 ], [ -14.206955768999933, 11.672401017000141 ], [ -14.213566273999959, 11.669756815000028 ], [ -14.223356598999885, 11.668125094000118 ], [ -14.230728847999956, 11.670968461000086 ], [ -14.233615663999899, 11.671745158000135 ], [ -14.235322550999911, 11.672204396000097 ], [ -14.235596246999933, 11.672099811000066 ], [ -14.235922767999909, 11.671967974000097 ], [ -14.236246523999966, 11.671829483000067 ], [ -14.236567375999982, 11.67168439500017 ], [ -14.236885192999978, 11.671532770000113 ], [ -14.237199839999903, 11.671374675000095 ], [ -14.237511186999825, 11.671210170999984 ], [ -14.237819099999967, 11.671039331999964 ], [ -14.238123453999947, 11.670862226000054 ], [ -14.238424118999944, 11.670678929000076 ], [ -14.238720970999907, 11.670489517000078 ], [ -14.239013882999814, 11.670294070000125 ], [ -14.239302733999978, 11.670092669999974 ], [ -14.239587402999916, 11.669885400000055 ], [ -14.239867770999922, 11.669672348000063 ], [ -14.240091657999812, 11.66949487300019 ], [ -14.240143719999935, 11.669453604000068 ], [ -14.240415134999921, 11.66922925700004 ], [ -14.240681901999892, 11.668999402000111 ], [ -14.240943907999963, 11.668764137000096 ], [ -14.241201045999958, 11.668523559000107 ], [ -14.241453204999914, 11.66827776800011 ], [ -14.241700281999954, 11.668026870000119 ], [ -14.241942173999973, 11.667770966000091 ], [ -14.242178775999946, 11.667510168000035 ], [ -14.242409991999978, 11.667244581000148 ], [ -14.2426357249999, 11.666974316999983 ], [ -14.242855879999979, 11.666699490999974 ], [ -14.243070363999891, 11.666420216000063 ], [ -14.243279085999916, 11.666136611000127 ], [ -14.243481962999908, 11.665848795000159 ], [ -14.243678905999957, 11.665556886000047 ], [ -14.243869833999952, 11.665261008000073 ], [ -14.249358890999929, 11.664580378000096 ], [ -14.254095943999971, 11.665449742000078 ], [ -14.254889699999922, 11.665569814000037 ], [ -14.255684503999873, 11.665682769000057 ], [ -14.256480284999896, 11.665788593000116 ], [ -14.257276984999919, 11.665887281000096 ], [ -14.258074537999846, 11.665978825000082 ], [ -14.258872877999977, 11.666063217000101 ], [ -14.259671941999954, 11.66614045 ], [ -14.260471665999944, 11.666210516000149 ], [ -14.261271987999976, 11.66627341200018 ], [ -14.262072838999927, 11.66632913300009 ], [ -14.262874159999967, 11.666377674000103 ], [ -14.263675880999926, 11.666419029000053 ], [ -14.264477941999871, 11.666453197000067 ], [ -14.265280277999977, 11.66648017600005 ], [ -14.265781339999876, 11.66649337299998 ], [ -14.266166691999956, 11.666232805000107 ], [ -14.267040730999895, 11.665635548000182 ], [ -14.267910693999966, 11.665032367000094 ], [ -14.268776539999976, 11.664423292000038 ], [ -14.26963822599987, 11.663808350000124 ], [ -14.27049571799995, 11.663187568000126 ], [ -14.271348971999942, 11.662560977000055 ], [ -14.27219794999985, 11.661928603000149 ], [ -14.273042613999905, 11.661290478000183 ], [ -14.273882923999906, 11.660646630000031 ], [ -14.274718840999981, 11.659997090000104 ], [ -14.275550325999916, 11.659341885000174 ], [ -14.276377341999876, 11.658681048000119 ], [ -14.277199848999885, 11.658014609000134 ], [ -14.278017810999813, 11.657342598000014 ], [ -14.278831188999959, 11.656665046000114 ], [ -14.279639945999918, 11.655981986000086 ], [ -14.2804440459999, 11.655293448000123 ], [ -14.281243449999977, 11.654599463000181 ], [ -14.282038120999914, 11.65390006400014 ], [ -14.282828021999819, 11.653195284000049 ], [ -14.283613117999948, 11.652485155000022 ], [ -14.284393372999943, 11.651769709000177 ], [ -14.285168749999968, 11.651048979000052 ], [ -14.285939213999939, 11.650323 ], [ -14.286704727999961, 11.649591804000181 ], [ -14.287220108999975, 11.649092790999987 ], [ -14.287465257999884, 11.648855426000182 ], [ -14.288220769999953, 11.64811389700003 ], [ -14.288971224999898, 11.64736725400013 ], [ -14.289716592999923, 11.646615530000133 ], [ -14.290456837999955, 11.645858762000046 ], [ -14.291191922999872, 11.645096982000041 ], [ -14.291921817999935, 11.644330227000125 ], [ -14.292646488999878, 11.643558532000156 ], [ -14.293365900999959, 11.642781932 ], [ -14.29408001999991, 11.642000463999977 ], [ -14.294788814999947, 11.641214163000029 ], [ -14.295492252999964, 11.640423064000061 ], [ -14.296190300999967, 11.639627207 ], [ -14.296240127999852, 11.639569979999976 ], [ -14.296969084999944, 11.638720331000115 ], [ -14.297812868999927, 11.637726568000062 ], [ -14.298651153999856, 11.636728161000121 ], [ -14.299483912999904, 11.635725140000034 ], [ -14.300311122999972, 11.634717537000029 ], [ -14.301132755999902, 11.63370538300012 ], [ -14.301948787999947, 11.632688708000103 ], [ -14.302759193999918, 11.631667542 ], [ -14.303563950999887, 11.630641917000162 ], [ -14.304363031999969, 11.629611866000118 ], [ -14.305156413999953, 11.628577418000134 ], [ -14.305944072999921, 11.627538605000041 ], [ -14.306725984999957, 11.626495458000022 ], [ -14.307502122999949, 11.625448011000117 ], [ -14.308272467999927, 11.624396295000111 ], [ -14.309036994999872, 11.62334034100013 ], [ -14.309795677999944, 11.622280182999987 ], [ -14.317743677999943, 11.611046793000128 ], [ -14.318317983999975, 11.610230609000098 ], [ -14.318886385999974, 11.609410304000164 ], [ -14.319448856999884, 11.608585921000099 ], [ -14.32000536399994, 11.607757501000094 ], [ -14.320555881999951, 11.606925089000129 ], [ -14.32110038299993, 11.606088728000145 ], [ -14.321638832999895, 11.605248458000062 ], [ -14.322171208999919, 11.604404328000044 ], [ -14.322697481999853, 11.603556379000111 ], [ -14.323217625999973, 11.602704655000025 ], [ -14.323731610999971, 11.601849202000039 ], [ -14.323924992999878, 11.601523688999976 ], [ -14.324188201999903, 11.601355364000028 ], [ -14.325186995999957, 11.600722021000081 ], [ -14.326189619999866, 11.600094758000182 ], [ -14.327196037999897, 11.599473600000124 ], [ -14.328206209999905, 11.59885857 ], [ -14.329220100999976, 11.598249688000067 ], [ -14.330237672999942, 11.59764698000015 ], [ -14.331258888999969, 11.597050465000052 ], [ -14.332283711999878, 11.596460167000089 ], [ -14.332623545999922, 11.596267163000107 ], [ -14.333312100999876, 11.595876107000095 ], [ -14.334344022999971, 11.595298307000064 ], [ -14.335379433999947, 11.594726788000116 ], [ -14.336418298999945, 11.594161571000143 ], [ -14.337460581999949, 11.593602677000092 ], [ -14.338506238999855, 11.593050128000129 ], [ -14.339555234999978, 11.592503942 ], [ -14.340607530999876, 11.59196414000013 ], [ -14.341663088999837, 11.591430744000036 ], [ -14.342145874999972, 11.591189457000098 ], [ -14.343361352999921, 11.590571597000121 ], [ -14.345555587999854, 11.589449949000027 ], [ -14.347746541999925, 11.588321905000157 ], [ -14.349934193999957, 11.587187474000132 ], [ -14.352118529999927, 11.586046666000072 ], [ -14.354299527999899, 11.584899492000034 ], [ -14.356477169999948, 11.583745962000137 ], [ -14.358651438999914, 11.582586084000127 ], [ -14.360822313999961, 11.581419866999966 ], [ -14.362989778999975, 11.58024732500013 ], [ -14.365153814999871, 11.579068464000045 ], [ -14.36731440199992, 11.577883295000106 ], [ -14.369471523999891, 11.576691831000119 ], [ -14.371625159999894, 11.575494077000144 ], [ -14.373775293999927, 11.574290049000183 ], [ -14.375921904999871, 11.573079751000023 ], [ -14.378064976999951, 11.571863200000166 ], [ -14.380204492999951, 11.570640401000162 ], [ -14.404702586999917, 11.556825587000048 ], [ -14.406164260999958, 11.55600132800015 ], [ -14.438376442999981, 11.537839272000042 ], [ -14.445131149999952, 11.534060895000096 ], [ -14.447955313999842, 11.532523066000181 ], [ -14.450776033999887, 11.530978926000103 ], [ -14.453593293999859, 11.529428483000174 ], [ -14.456407079999963, 11.527871746000073 ], [ -14.459217378999881, 11.526308718000053 ], [ -14.462024175999943, 11.524739412000088 ], [ -14.464827454999977, 11.523163834000059 ], [ -14.467627205999918, 11.521581993000041 ], [ -14.470423411999889, 11.519993893000105 ], [ -14.47321605999997, 11.518399546000069 ], [ -14.476005137999948, 11.516798959000027 ], [ -14.478790627999956, 11.515192138999964 ], [ -14.48157251899994, 11.513579094000022 ], [ -14.484350794999955, 11.511959834000152 ], [ -14.487125443999901, 11.510334365 ], [ -14.489896451999869, 11.508702697000047 ], [ -14.49266380399996, 11.507064836000154 ], [ -14.495427487999905, 11.505420792000166 ], [ -14.498187487999928, 11.503770571000132 ], [ -14.499389371999882, 11.503049336000061 ], [ -14.517338301999871, 11.493014254000059 ], [ -14.569553367999958, 11.499269183000024 ], [ -14.570709572999874, 11.499393953000038 ], [ -14.572609304999958, 11.499593141 ], [ -14.574509773999978, 11.499785175000113 ], [ -14.5764109509999, 11.499970055000119 ], [ -14.578312811999979, 11.50014777399997 ], [ -14.580215327999838, 11.500318333000166 ], [ -14.582118470999831, 11.500481729000171 ], [ -14.584022217999973, 11.500637958000027 ], [ -14.585926536999978, 11.500787021 ], [ -14.587831405999907, 11.50092891200012 ], [ -14.589736795999897, 11.501063631000022 ], [ -14.591642677999971, 11.501191177000067 ], [ -14.59354902799987, 11.50131154800016 ], [ -14.59545581499998, 11.501424740000118 ], [ -14.597363017999953, 11.501530752000178 ], [ -14.599270603999969, 11.501629584 ], [ -14.601178550999975, 11.501721235000048 ], [ -14.603086827999959, 11.501805702000013 ], [ -14.604995408999969, 11.50188298400019 ], [ -14.60690426799988, 11.501953080000135 ], [ -14.608813376999933, 11.502015990000189 ], [ -14.610722710999937, 11.502071712000031 ], [ -14.612632238999879, 11.50212024700005 ], [ -14.614541936999899, 11.502161592000164 ], [ -14.616451776999895, 11.50219574700003 ], [ -14.618361732999858, 11.502222713000151 ], [ -14.620271774999878, 11.502242487 ], [ -14.622181879999914, 11.502255072000082 ], [ -14.624092017999942, 11.502260465000063 ], [ -14.624705530999904, 11.502260672000034 ], [ -14.671427136999966, 11.4919264400001 ], [ -14.701287628999978, 11.462120340000013 ], [ -14.720324371999936, 11.435468900000046 ], [ -14.725437096999883, 11.426494434 ], [ -14.735771328999931, 11.415888249999966 ], [ -14.750047860999871, 11.396387883000045 ], [ -14.761878861999946, 11.379392092999979 ], [ -14.779773399999954, 11.353393342000118 ], [ -14.786572236999973, 11.334356598999989 ], [ -14.788124010999866, 11.330528891000029 ], [ -14.797178423999924, 11.308194674000106 ], [ -14.807730216999914, 11.279911513000059 ], [ -14.813527434999969, 11.267055152000069 ], [ -14.828344289999961, 11.234196134 ], [ -14.828536054999915, 11.233778823000023 ], [ -14.829097381999929, 11.23254575500016 ], [ -14.829652158999977, 11.23130972600012 ], [ -14.830200365999872, 11.230070770000111 ], [ -14.830741992999947, 11.228828922000048 ], [ -14.831277019999959, 11.227584217000128 ], [ -14.831805434999978, 11.226336691000142 ], [ -14.832327222999822, 11.225086378000185 ], [ -14.832842367999888, 11.223833314000046 ], [ -14.833350855999981, 11.222577535000141 ], [ -14.83385267299991, 11.221319073000132 ], [ -14.834347804999936, 11.220057968000106 ], [ -14.834836236999934, 11.218794252 ], [ -14.835317955999926, 11.217527962000077 ], [ -14.835792948999938, 11.216259132000062 ], [ -14.836261200999957, 11.21498780100012 ], [ -14.836722701999975, 11.213714002000131 ], [ -14.837177434999944, 11.212437773000147 ], [ -14.837625387999879, 11.211159149000025 ], [ -14.83806655099994, 11.209878164000031 ], [ -14.838500909999937, 11.208594857000151 ], [ -14.838928451999948, 11.207309263000184 ], [ -14.839349166999966, 11.206021419000024 ], [ -14.839763038999934, 11.204731360000153 ], [ -14.840170061999913, 11.203439122000134 ], [ -14.840570220999894, 11.202144744000179 ], [ -14.840963504999934, 11.200848258 ], [ -14.841349903999912, 11.199549705000152 ], [ -14.841398057999925, 11.199386090000189 ], [ -14.852548149999848, 11.179533487000072 ], [ -14.884584267999912, 11.125224378999974 ], [ -14.91955748599986, 11.063980458000174 ], [ -14.925612189999981, 11.053408749000027 ], [ -14.918045998999958, 11.044884681000156 ], [ -14.903278350999926, 11.034573555000179 ], [ -14.898909569999944, 11.037010193000185 ], [ -14.894099235999931, 11.033906937000097 ], [ -14.895461082999873, 11.033503532 ], [ -14.89844989799991, 11.030477524000105 ], [ -14.899318694999977, 11.025406838000151 ], [ -14.890547751999975, 11.012859344000049 ], [ -14.890150069999947, 11.011621475000027 ], [ -14.886430741999959, 11.000026704 ], [ -14.886494636999885, 10.986454009999989 ], [ -14.881169320999902, 10.969953537000151 ], [ -14.873158454999952, 10.962229730000104 ], [ -14.869897843999979, 10.962038040000095 ], [ -14.867831229999979, 10.964363100000071 ], [ -14.864309311999875, 10.961874963000184 ], [ -14.859197616999893, 10.962626457000169 ], [ -14.848103522999963, 10.969198227 ], [ -14.837979317999952, 10.978749275000155 ], [ -14.831256865999876, 10.981128693000187 ], [ -14.823210716999938, 10.989504815000089 ], [ -14.814840317999881, 10.990294456000186 ], [ -14.81214046599996, 10.991920471000128 ], [ -14.80926658199985, 10.990553073000171 ], [ -14.80907711899988, 10.990462926000077 ], [ -14.798484802999951, 10.985423089000051 ], [ -14.801192283999967, 10.978260994000152 ], [ -14.799053191999974, 10.974605562000022 ], [ -14.794843673999935, 10.973044396000034 ], [ -14.787398338999935, 10.97336006200004 ], [ -14.776265144999911, 10.976710320000109 ], [ -14.76904392299997, 10.976333619000116 ], [ -14.756625174999897, 10.969575883000175 ], [ -14.751042366999911, 10.969869613000128 ], [ -14.727160452999954, 10.997518539000055 ], [ -14.723503112999936, 11.003310204000059 ], [ -14.723544121999964, 11.006760597000039 ], [ -14.729946135999967, 11.013854982 ], [ -14.727703093999878, 11.019150735000039 ], [ -14.697134970999969, 11.037884712000164 ], [ -14.685727118999921, 11.038013459000069 ], [ -14.683390616999873, 11.042108536000057 ], [ -14.671010017999834, 11.039001465000069 ], [ -14.671250342999826, 11.034495353000125 ], [ -14.669823646999816, 11.03198147 ], [ -14.65908813599998, 11.029800416000057 ], [ -14.655987739999887, 11.023394586000109 ], [ -14.65758800499998, 11.020845413000131 ], [ -14.664639472999966, 11.026517869000145 ], [ -14.682095528999923, 11.026092530000028 ], [ -14.69161319899996, 11.023685457000113 ], [ -14.6939067859999, 11.020668030000081 ], [ -14.692161559999931, 11.010796546999984 ], [ -14.694165230999886, 11.002953531000173 ], [ -14.698285103999979, 10.996925354999973 ], [ -14.702670097999885, 10.993655205000152 ], [ -14.712662696999871, 10.992161752000129 ], [ -14.717517851999958, 10.989347458000168 ], [ -14.729207038999903, 10.973800659000119 ], [ -14.740933418999816, 10.961474420000172 ], [ -14.744833945999972, 10.960021973000153 ], [ -14.746031760999927, 10.959575654000105 ], [ -14.752545356999917, 10.959269524000149 ], [ -14.761184691999972, 10.961473464999983 ], [ -14.769557952999889, 10.960915566000097 ], [ -14.773491858999932, 10.959030152000082 ], [ -14.785899162999897, 10.945544243000086 ], [ -14.793562889999919, 10.944074632000081 ], [ -14.796796797999889, 10.941966057000116 ], [ -14.797712325999953, 10.939620972000171 ], [ -14.805223465999973, 10.93325710400012 ], [ -14.812791825999852, 10.933190345000185 ], [ -14.816349029999913, 10.930010797000023 ], [ -14.817296981999846, 10.92468833900017 ], [ -14.81496143499993, 10.908375740000054 ], [ -14.816065789999925, 10.898329735000061 ], [ -14.814444541999819, 10.895195008000144 ], [ -14.815788269999871, 10.889475823000055 ], [ -14.81555175799997, 10.88534546 ], [ -14.814183235999963, 10.884857177000185 ], [ -14.809782027999972, 10.874564171000145 ], [ -14.806808471999943, 10.865479470000139 ], [ -14.807694436999952, 10.861788751 ], [ -14.804094315999976, 10.852629662000083 ], [ -14.80632114499997, 10.844322205000083 ], [ -14.805788993999954, 10.838808061000179 ], [ -14.809371947999864, 10.827263833000131 ], [ -14.809088707999877, 10.823127748000161 ], [ -14.807435036999834, 10.821076393000169 ], [ -14.801415443999929, 10.823447228000134 ], [ -14.795369147999963, 10.823747636000121 ], [ -14.791913032999844, 10.826547624000114 ], [ -14.783040047999918, 10.82389068700013 ], [ -14.777003288999879, 10.824883461000013 ], [ -14.768590926999821, 10.83445358300014 ], [ -14.761412621999966, 10.847433089999981 ], [ -14.754131317999963, 10.836192131000075 ], [ -14.755395890999978, 10.827430726000046 ], [ -14.758775710999942, 10.818190575000131 ], [ -14.758023261999938, 10.813598634000073 ], [ -14.760732650999955, 10.806667328000117 ], [ -14.761760710999908, 10.795384408000075 ], [ -14.767842293999934, 10.776308060000133 ], [ -14.778833388999942, 10.764133453999989 ], [ -14.781843185999946, 10.762948037000058 ], [ -14.789066315999946, 10.764014246000102 ], [ -14.789958000999889, 10.760784150000177 ], [ -14.78705120199993, 10.751156808000133 ], [ -14.775099753999939, 10.7243833550001 ], [ -14.76848983799988, 10.716178894999985 ], [ -14.762408257999937, 10.713258743000154 ], [ -14.759754181999881, 10.705239296000173 ], [ -14.748177527999928, 10.689961434000111 ], [ -14.743817328999967, 10.694841385000018 ], [ -14.742240905999893, 10.700458528000013 ], [ -14.741808890999948, 10.70199489700002 ], [ -14.742557525999814, 10.706357002000118 ], [ -14.743321418999869, 10.711868287000016 ], [ -14.744128227999909, 10.721059799000102 ], [ -14.739868164999962, 10.734449386000108 ], [ -14.740148544999954, 10.73858737900008 ], [ -14.736235617999967, 10.74712085800013 ], [ -14.730832100999976, 10.748952867000128 ], [ -14.72823047699984, 10.753444672000057 ], [ -14.726860047999935, 10.75553035900009 ], [ -14.72223377399996, 10.757653237000056 ], [ -14.713972091999949, 10.767178537000177 ], [ -14.707737922999968, 10.771159172000125 ], [ -14.691521645999842, 10.776863098000092 ], [ -14.679739951999977, 10.783896446000085 ], [ -14.672147750999898, 10.79111290100002 ], [ -14.668965338999953, 10.797589302000063 ], [ -14.664504051999927, 10.809816360000127 ], [ -14.656233787999895, 10.800231934000067 ], [ -14.666188240999929, 10.778758050000022 ], [ -14.669404983999982, 10.775272370000096 ], [ -14.674476622999975, 10.771304131000079 ], [ -14.693945884999948, 10.765335084000128 ], [ -14.703863143999911, 10.758091926000191 ], [ -14.705685616999915, 10.754851343000041 ], [ -14.707128524999916, 10.738783837000028 ], [ -14.712270736999869, 10.721424103 ], [ -14.715431213999977, 10.713336945000037 ], [ -14.717246056999954, 10.709405899000046 ], [ -14.720241546999887, 10.707072258000153 ], [ -14.723169326999937, 10.698987962000047 ], [ -14.703064918999871, 10.690015794000033 ], [ -14.688346862999879, 10.696608545000061 ], [ -14.684931754999923, 10.690450669000029 ], [ -14.691717148999942, 10.682207108000171 ], [ -14.691021919999969, 10.67891693200005 ], [ -14.694685935999928, 10.678554534999989 ], [ -14.695646286999875, 10.673933983000154 ], [ -14.69764614099995, 10.673916818000066 ], [ -14.700608252999928, 10.678772926000022 ], [ -14.707112312999982, 10.678238868000108 ], [ -14.711016655999913, 10.67405414600006 ], [ -14.711432457999877, 10.669908523000174 ], [ -14.707080840999879, 10.655697823000139 ], [ -14.70866775699983, 10.652229310000109 ], [ -14.705804824999916, 10.646052361000159 ], [ -14.706662177999874, 10.638195991000089 ], [ -14.706498145999888, 10.634887696000021 ], [ -14.703274726999894, 10.632538795000073 ], [ -14.695325850999836, 10.639735222000184 ], [ -14.690122603999896, 10.640175819000149 ], [ -14.68854045899991, 10.642564775000096 ], [ -14.661901473999876, 10.669548035000162 ], [ -14.652683258999957, 10.67678070200003 ], [ -14.636949538999943, 10.683626176000132 ], [ -14.629098892999878, 10.708785058000103 ], [ -14.609889029999863, 10.737681390000034 ], [ -14.605239867999956, 10.745876312 ], [ -14.59370517699989, 10.766448975 ], [ -14.59227371299994, 10.773961068000119 ], [ -14.58577728399996, 10.785397530000125 ], [ -14.573373795999885, 10.804623605000074 ], [ -14.564440726999976, 10.811852455000064 ], [ -14.560749054999974, 10.814650537000148 ], [ -14.552947998999969, 10.826502801000061 ], [ -14.547275035999974, 10.822068053000123 ], [ -14.541002272999947, 10.81716442000004 ], [ -14.546528816999967, 10.812045097 ], [ -14.55498409299986, 10.784515381000062 ], [ -14.558954238999888, 10.779015541000092 ], [ -14.560934067999938, 10.768875123000043 ], [ -14.574777602999973, 10.738132476000033 ], [ -14.588770866999937, 10.720958710000161 ], [ -14.595145224999953, 10.716402054000071 ], [ -14.600374220999981, 10.714764596000123 ], [ -14.603303908999976, 10.710449219000054 ], [ -14.611522674999947, 10.698690414999987 ], [ -14.61180496299994, 10.692425728000103 ], [ -14.617348670999945, 10.680809021000016 ], [ -14.614738464999903, 10.673061372000177 ], [ -14.616887092999946, 10.657626152000091 ], [ -14.620802880999975, 10.645295143000055 ], [ -14.622097968999981, 10.645607948000077 ], [ -14.625006675999941, 10.635684966999975 ], [ -14.627397536999979, 10.621169091000127 ], [ -14.623734474999935, 10.605798722000145 ], [ -14.620185851999963, 10.600317955999969 ], [ -14.617374421999955, 10.598507881000046 ], [ -14.602497100999926, 10.598442078000062 ], [ -14.595540046999929, 10.599898338000116 ], [ -14.593845368999951, 10.593936920000147 ], [ -14.597666739999966, 10.593328476000067 ], [ -14.606563567999956, 10.588047028000062 ], [ -14.618312835999973, 10.578717232000088 ], [ -14.621053695999933, 10.574546815000133 ], [ -14.624534606999873, 10.574048997000148 ], [ -14.628394127999911, 10.565956116000109 ], [ -14.633264542999939, 10.564981461000059 ], [ -14.636763572999826, 10.566091538000137 ], [ -14.640444755999852, 10.56283188000009 ], [ -14.64299869599995, 10.562573434 ], [ -14.645966529999953, 10.557939530000112 ], [ -14.650863646999937, 10.559266092000087 ], [ -14.654650687999947, 10.565203667000105 ], [ -14.65812301699998, 10.564015389000019 ], [ -14.660819052999955, 10.555934907000051 ], [ -14.659815788999879, 10.549506188000066 ], [ -14.65791416199994, 10.54584694 ], [ -14.65464973499985, 10.544963838000115 ], [ -14.652948379999941, 10.538542747000065 ], [ -14.657941818999916, 10.528137208000032 ], [ -14.662348748999932, 10.527397156000063 ], [ -14.664360045999842, 10.520472526 ], [ -14.668516158999978, 10.518128395000133 ], [ -14.669162749999941, 10.513751030000037 ], [ -14.667467116999944, 10.507789611000021 ], [ -14.666003227999909, 10.501826286000153 ], [ -14.662577629999873, 10.486914636000051 ], [ -14.667083739999953, 10.474674225000058 ], [ -14.665385245999914, 10.468482972000174 ], [ -14.660693169999945, 10.4646263140001 ], [ -14.656757355999957, 10.465820312000119 ], [ -14.653533935999974, 10.468385696000098 ], [ -14.651533127999926, 10.476228715000047 ], [ -14.631262779999872, 10.471393586000147 ], [ -14.623343467999916, 10.469641687000035 ], [ -14.591046332999895, 10.469766618000165 ], [ -14.582470894999858, 10.471699715000113 ], [ -14.577158927999903, 10.474517823000099 ], [ -14.574176787999875, 10.477999687000022 ], [ -14.56897354299997, 10.490704536000067 ], [ -14.562789916999918, 10.498593330000176 ], [ -14.555633545999967, 10.503040314000032 ], [ -14.545666694999966, 10.505857468000102 ], [ -14.544851869999945, 10.503164878000064 ], [ -14.543840455999941, 10.499822659000188 ], [ -14.542655329999945, 10.495906406000074 ], [ -14.542650556999888, 10.495890634000034 ], [ -14.542523075999895, 10.495469374000152 ], [ -14.542323393999936, 10.494809526000097 ], [ -14.542149544999916, 10.49423503800017 ], [ -14.548232077999955, 10.494186402000025 ], [ -14.551980972999957, 10.487900734000107 ], [ -14.554555892999872, 10.468782424999972 ], [ -14.55190467999995, 10.439372063000178 ], [ -14.555779457999961, 10.432660103000103 ], [ -14.552132606999919, 10.418210031000172 ], [ -14.542930602999888, 10.405429840000124 ], [ -14.535104752999928, 10.39102458900004 ], [ -14.50558471699992, 10.368111612000064 ], [ -14.494556427999953, 10.357879638000043 ], [ -14.485141755999905, 10.346479416000079 ], [ -14.479284286999928, 10.341711046000057 ], [ -14.475086211999951, 10.340146064000066 ], [ -14.46344757199995, 10.339283943000055 ], [ -14.463552474999915, 10.326007844000173 ], [ -14.456084251999982, 10.301018716000044 ], [ -14.471147537999968, 10.255555153000103 ], [ -14.470640182999887, 10.251420975000144 ], [ -14.465477943999872, 10.246416093000107 ], [ -14.463812828999949, 10.242753029000085 ], [ -14.465380667999909, 10.237447740000164 ], [ -14.462759971999901, 10.231266021000181 ], [ -14.463626862999945, 10.225507736000054 ], [ -14.460032463999823, 10.220862388000114 ], [ -14.459388733999958, 10.220032692000188 ], [ -14.45836830099995, 10.211535455000103 ], [ -14.45647716499991, 10.208334922000063 ], [ -14.454380035999918, 10.207667352000101 ], [ -14.44905853299997, 10.209332466000035 ], [ -14.437347411999838, 10.221182823000049 ], [ -14.429735182999877, 10.225630760000115 ], [ -14.423941612999954, 10.226610184000151 ], [ -14.417884827999956, 10.22460365400002 ], [ -14.413475989999938, 10.224879265000027 ], [ -14.401750564999929, 10.235578538000027 ], [ -14.39177131699995, 10.235910416000138 ], [ -14.379204749999928, 10.233049393000101 ], [ -14.368244171999947, 10.228330613000139 ], [ -14.356350898999892, 10.222229957000025 ], [ -14.349338531999933, 10.218633652000051 ], [ -14.317090034999978, 10.197799682000039 ], [ -14.312398910999946, 10.193017006000105 ], [ -14.29926109299987, 10.179348946 ], [ -14.294774054999948, 10.171804429000076 ], [ -14.284230231999913, 10.162019731000157 ], [ -14.267653464999967, 10.152294159000178 ], [ -14.262728690999893, 10.153208733000156 ], [ -14.254312234999929, 10.142906229 ], [ -14.253370284999903, 10.141753197000185 ], [ -14.253083228999969, 10.134269715000073 ], [ -14.249772071999814, 10.128092766000123 ], [ -14.238041877999933, 10.115328789000159 ], [ -14.218910216999973, 10.104935647000161 ], [ -14.209377289999907, 10.102957726 ], [ -14.2042846679999, 10.104155542000171 ], [ -14.20083522799996, 10.107408525000153 ], [ -14.193988800999875, 10.116120339000076 ], [ -14.194334029999936, 10.11809539799998 ], [ -14.191681861999939, 10.119430541999975 ], [ -14.18433284799994, 10.128261567000152 ], [ -14.180010796999909, 10.114893914000163 ], [ -14.185027122999941, 10.1043405530001 ], [ -14.188677787999893, 10.098095894000096 ], [ -14.189076424999939, 10.091423988000145 ], [ -14.186223029999951, 10.084321977000059 ], [ -14.175174713999979, 10.06970977900005 ], [ -14.163961410999889, 10.061767578000058 ], [ -14.15951442699992, 10.057899475 ], [ -14.146690368999884, 10.051121711000178 ], [ -14.141562462999957, 10.048640251000052 ], [ -14.137603759999877, 10.047067643000105 ], [ -14.128335953999908, 10.048303605000058 ], [ -14.113995552999938, 10.052804947000027 ], [ -14.10193920099988, 10.053606033000051 ], [ -14.091088294999849, 10.059224129000029 ], [ -14.085529326999961, 10.060194970000111 ], [ -14.078621863999899, 10.065776826000103 ], [ -14.080520628999977, 10.070358278000128 ], [ -14.086965559999953, 10.076137542000083 ], [ -14.084671019999917, 10.08026790800011 ], [ -14.079434394999964, 10.078186035000044 ], [ -14.077370643999927, 10.08073425300006 ], [ -14.081430434999845, 10.089693070000123 ], [ -14.084229469999968, 10.094469070000059 ], [ -14.087111472999936, 10.104790688000151 ], [ -14.087457657999892, 10.116975785000022 ], [ -14.08548545799988, 10.129180909000183 ], [ -14.086759566999888, 10.14135646800014 ], [ -14.083845138999891, 10.152192115000048 ], [ -14.079319000999931, 10.139815332000182 ], [ -14.075616836999927, 10.14099884 ], [ -14.073385237999958, 10.150856973000089 ], [ -14.069630622999966, 10.146110535000105 ], [ -14.061260224999842, 10.144348144000048 ], [ -14.056633948999945, 10.145999909000182 ], [ -14.048113822999937, 10.153204919000189 ], [ -14.046263446999944, 10.147158248000039 ], [ -14.044043540999951, 10.139904023000099 ], [ -14.041703224999935, 10.137625695000111 ], [ -14.042755126999964, 10.133887292000111 ], [ -14.046058654999968, 10.131837845000121 ], [ -14.050206183999876, 10.128581048 ], [ -14.051795959999936, 10.124887468000111 ], [ -14.049212454999974, 10.121460915 ], [ -14.035474777999923, 10.116525651000075 ], [ -14.03100490699984, 10.116164208999976 ], [ -14.031725036999887, 10.108172490000186 ], [ -14.03210925999997, 10.103908539000088 ], [ -14.035551071999919, 10.099738122000076 ], [ -14.038002967999944, 10.088908195999977 ], [ -14.053565025999944, 10.065773965000176 ], [ -14.056295394999836, 10.063615799000104 ], [ -14.058363914999916, 10.057911873000137 ], [ -14.060643196999933, 10.053522111 ], [ -14.064996719999897, 10.047734261000016 ], [ -14.068098068999916, 10.032070160000103 ], [ -14.067137717999969, 10.028629303000059 ], [ -14.036687849999907, 10.000000000000114 ], [ -14.032738685999959, 9.996287347000191 ], [ -14.029268264999928, 9.997238159000119 ], [ -14.027814864999925, 10.000000000000114 ], [ -14.027444838999884, 10.000703812000097 ], [ -14.026007651999976, 10.000000000000114 ], [ -14.017112731999873, 9.995645523000178 ], [ -14.009927749999918, 9.987522126000101 ], [ -13.989870070999928, 9.975282669000023 ], [ -13.980330466999931, 9.971917153000106 ], [ -13.973143577999906, 9.972209930000076 ], [ -13.968750952999926, 9.973857880000025 ], [ -13.96016120999991, 9.971457481000073 ], [ -13.954233169999952, 9.963017463000028 ], [ -13.955196379999904, 9.962248802000147 ], [ -13.952116965999949, 9.955147744000044 ], [ -13.909448622999946, 9.929071426 ], [ -13.878176689999862, 9.906112672000063 ], [ -13.867883681999956, 9.895622254000159 ], [ -13.858887671999923, 9.8841323850001 ], [ -13.843738555999892, 9.864782333000107 ], [ -13.826658249999923, 9.846300125000141 ], [ -13.821557045999896, 9.846111298000096 ], [ -13.814317703999905, 9.839962959 ], [ -13.808052063999924, 9.839094162000151 ], [ -13.801536559999931, 9.836158753 ], [ -13.796682356999952, 9.837807656000109 ], [ -13.789560317999872, 9.845452310000098 ], [ -13.787951469999882, 9.847074508 ], [ -13.775000571999954, 9.850857734000044 ], [ -13.766984940999919, 9.849980354000081 ], [ -13.753235817999894, 9.85402012000003 ], [ -13.734065056999896, 9.862679481000043 ], [ -13.725068091999958, 9.868267059000118 ], [ -13.717707633999964, 9.875452042000177 ], [ -13.707002639999928, 9.899217606000093 ], [ -13.703346705999934, 9.904024360000108 ], [ -13.703341, 9.90403600000019 ], [ -13.70173, 9.906157000000178 ], [ -13.701487999999813, 9.907813 ], [ -13.701481158999968, 9.90782694800015 ], [ -13.699305533999961, 9.922730447 ], [ -13.692904473999874, 9.933815957000093 ], [ -13.692516325999918, 9.939559937000183 ], [ -13.689535575999912, 9.939043445999971 ], [ -13.689534353999932, 9.939043234000167 ], [ -13.684244900999943, 9.93812670300008 ], [ -13.683737754999925, 9.938038827000071 ], [ -13.681314468999972, 9.934595109000099 ], [ -13.685007095999879, 9.932268143000101 ], [ -13.684067725999967, 9.901694298000052 ], [ -13.69299983999997, 9.887829781000164 ], [ -13.701743126999872, 9.87948513200007 ], [ -13.703029452999886, 9.876756670000134 ], [ -13.711317062999854, 9.859177589000183 ], [ -13.72049427099995, 9.847380638000118 ], [ -13.739615440999955, 9.832745553000052 ], [ -13.744169235999948, 9.822592735000057 ], [ -13.74875545499998, 9.816578865 ], [ -13.750568390999888, 9.811506273000077 ], [ -13.747578619999956, 9.806096077000063 ], [ -13.755908013999942, 9.795027732000051 ], [ -13.759395598999902, 9.785686494000061 ], [ -13.760041236999939, 9.779703141000141 ], [ -13.75789165499998, 9.771903991000045 ], [ -13.755065917999957, 9.766407967000021 ], [ -13.738860130999967, 9.752003670000079 ], [ -13.730796813999916, 9.745908738000082 ], [ -13.720693587999847, 9.742707254000038 ], [ -13.698994636999942, 9.739029886000026 ], [ -13.689270019999981, 9.740024566000102 ], [ -13.671321868999883, 9.756025314999988 ], [ -13.665773390999902, 9.757677077999972 ], [ -13.656348228999889, 9.767406464000146 ], [ -13.650351524999962, 9.771129607999967 ], [ -13.646216392999918, 9.775758744000029 ], [ -13.639847755999938, 9.791210174000014 ], [ -13.64410591199993, 9.802213668999968 ], [ -13.653897284999971, 9.809496879000051 ], [ -13.663812638999957, 9.822834015000126 ], [ -13.663432121999904, 9.82957363100013 ], [ -13.65678119699993, 9.826844215999984 ], [ -13.65491676299996, 9.821215631000143 ], [ -13.65211009899997, 9.818017960000134 ], [ -13.644425392999892, 9.813477515999978 ], [ -13.638852119999967, 9.812140464000038 ], [ -13.625102996999942, 9.821993828000132 ], [ -13.629364967999891, 9.814280510000174 ], [ -13.632072448999907, 9.804833412000107 ], [ -13.630185126999891, 9.800479889000087 ], [ -13.61441993699998, 9.799907685000164 ], [ -13.61161136599992, 9.797761918000162 ], [ -13.61258983599987, 9.794563293000067 ], [ -13.616931915999942, 9.795061111000052 ], [ -13.622453689999872, 9.789731026000027 ], [ -13.62313079799992, 9.787426948000189 ], [ -13.619342804999974, 9.777110100000073 ], [ -13.615606307999883, 9.77345943500012 ], [ -13.596080780999955, 9.765787124000099 ], [ -13.575005531999921, 9.767549515000155 ], [ -13.568204878999893, 9.770332336000081 ], [ -13.569869278999931, 9.765095710000082 ], [ -13.56602, 9.767570000000148 ], [ -13.56549, 9.77103000000011 ], [ -13.55924, 9.777540000000158 ], [ -13.55977, 9.782860000000142 ], [ -13.55538, 9.78739000000013 ], [ -13.55285, 9.78326 ], [ -13.55711, 9.769560000000126 ], [ -13.56469, 9.7564 ], [ -13.5627, 9.75028 ], [ -13.54767, 9.740040000000135 ], [ -13.55378, 9.73259000000013 ], [ -13.56017, 9.73033 ], [ -13.56669, 9.736850000000175 ], [ -13.57028, 9.75055 ], [ -13.585627285999919, 9.753296108000029 ], [ -13.59179592199996, 9.750875474000168 ], [ -13.600790977999907, 9.745290757000021 ], [ -13.608137129999875, 9.736269952000157 ], [ -13.604158400999836, 9.731241226000066 ], [ -13.601140021999925, 9.730343820000087 ], [ -13.600467680999884, 9.730826379000121 ], [ -13.598665238999899, 9.729054452000128 ], [ -13.59784126299985, 9.724665642000105 ], [ -13.602264404999971, 9.72596836200006 ], [ -13.608738899999935, 9.724081039000168 ], [ -13.617795944999955, 9.726772307999966 ], [ -13.621500015999914, 9.726284981000049 ], [ -13.624260903999925, 9.723734856000021 ], [ -13.629012108999916, 9.708986282000069 ], [ -13.632756233999942, 9.683898925999983 ], [ -13.626907348999964, 9.676586152000141 ], [ -13.625279426999896, 9.669680596000035 ], [ -13.624506951999933, 9.665799142000083 ], [ -13.626105309999957, 9.662798882000175 ], [ -13.629797936999921, 9.660932542000126 ], [ -13.631127521999815, 9.654327247000083 ], [ -13.633366585999966, 9.643203737000022 ], [ -13.632637023999905, 9.633851052000068 ], [ -13.634175300999914, 9.628025056000126 ], [ -13.638080596999941, 9.623856545000081 ], [ -13.645922660999872, 9.619660378000106 ], [ -13.653693198999974, 9.606268883000098 ], [ -13.65628118099994, 9.605120599000088 ], [ -13.657385825999938, 9.604630470000131 ], [ -13.660349845999974, 9.598631859000022 ], [ -13.66142654499987, 9.588278771000148 ], [ -13.669213294999963, 9.577185631000134 ], [ -13.670066283999915, 9.570907768000041 ], [ -13.671839714999919, 9.557855606000146 ], [ -13.677367210999876, 9.554135323000082 ], [ -13.693448067999896, 9.537919998000177 ], [ -13.69598579399991, 9.531527520000054 ], [ -13.697200351999982, 9.528466378000076 ], [ -13.699121476999949, 9.523624421000136 ], [ -13.709263801999953, 9.51779747 ], [ -13.721758843999964, 9.516781808000189 ], [ -13.725193977999879, 9.51215744000018 ], [ -13.727001189999953, 9.50662612900004 ], [ -13.725815773999898, 9.503187180000168 ], [ -13.723717688999955, 9.501364707999983 ], [ -13.716308593999941, 9.501422883000089 ], [ -13.703164100999913, 9.507961275000184 ], [ -13.700658799999928, 9.51303863600009 ], [ -13.686933266999915, 9.522018379000144 ], [ -13.667949676999967, 9.534438134000027 ], [ -13.661517143999902, 9.540924072000053 ], [ -13.650193213999898, 9.543767930000172 ], [ -13.645136832999981, 9.54863357500011 ], [ -13.642131804999906, 9.54934597 ], [ -13.639177322999899, 9.556494712000131 ], [ -13.633833885999934, 9.554235458999983 ], [ -13.632476899999972, 9.554431657000066 ], [ -13.627125740999816, 9.555205345000104 ], [ -13.626991618999909, 9.555649966000033 ], [ -13.627136, 9.556442 ], [ -13.627112999999895, 9.55636 ], [ -13.627047, 9.556319 ], [ -13.626939999999877, 9.556378 ], [ -13.626807210999914, 9.556261286 ], [ -13.626535654999941, 9.557161506000057 ], [ -13.625318526999934, 9.561196327000062 ], [ -13.619771003999972, 9.562386512000046 ], [ -13.616785049999976, 9.565627098000107 ], [ -13.607048988999907, 9.56432056500006 ], [ -13.603510857999879, 9.562349320000123 ], [ -13.600741718999927, 9.55885839400014 ], [ -13.594850539999925, 9.551431657000023 ], [ -13.595584870999915, 9.549004555000067 ], [ -13.586458205999918, 9.536427499000069 ], [ -13.569892883999955, 9.519768715000168 ], [ -13.559365272999912, 9.505363464000084 ], [ -13.55353546099991, 9.499888421000151 ], [ -13.543315887999881, 9.495365143000186 ], [ -13.543182383999977, 9.495369197000173 ], [ -13.543181556999969, 9.495374137 ], [ -13.543172892999962, 9.495369484999969 ], [ -13.533361434999961, 9.495667457000138 ], [ -13.526446343999964, 9.499623300000167 ], [ -13.520698547999928, 9.505181313000037 ], [ -13.51153946099987, 9.519038200000182 ], [ -13.507370925999965, 9.514476061000096 ], [ -13.504186630999982, 9.510991097000044 ], [ -13.508174895999957, 9.502281189000087 ], [ -13.512530326999979, 9.496273994000148 ], [ -13.517981530999919, 9.481984139000019 ], [ -13.521415709999928, 9.476540567000143 ], [ -13.517338751999944, 9.457393646000128 ], [ -13.511464118999982, 9.445482254000126 ], [ -13.497702598999979, 9.431098939000094 ], [ -13.490248679999979, 9.420963288 ], [ -13.480657577999978, 9.410531044000152 ], [ -13.474379539999973, 9.406666756000163 ], [ -13.466962813999942, 9.405109406000065 ], [ -13.44940853199995, 9.410286905000135 ], [ -13.446651458999895, 9.412834168000131 ], [ -13.442024230999948, 9.413095474000045 ], [ -13.435523987999886, 9.410382271000174 ], [ -13.424079895999967, 9.410198212000125 ], [ -13.424380302999964, 9.406772613000101 ], [ -13.421231126999885, 9.4010521780001 ], [ -13.421099433999927, 9.40113499500012 ], [ -13.42013454399995, 9.399060250000161 ], [ -13.424539565999908, 9.395056725000131 ], [ -13.424044608999964, 9.390462876000072 ], [ -13.428049087999852, 9.367451669000104 ], [ -13.431505202999972, 9.365359307000176 ], [ -13.432566642999973, 9.351791382000101 ], [ -13.427157401999978, 9.339416505000031 ], [ -13.427566528999876, 9.331829072000062 ], [ -13.417257308999979, 9.313282013 ], [ -13.411601066999879, 9.29838085200015 ], [ -13.409696578999956, 9.290579795000099 ], [ -13.412022590999868, 9.28524208000016 ], [ -13.413111686999912, 9.282743454000183 ], [ -13.412625313999911, 9.279298783 ], [ -13.397079467999902, 9.272507667000127 ], [ -13.38991546699998, 9.273474693000026 ], [ -13.387849807999885, 9.276016236000089 ], [ -13.384615897999936, 9.276727676000178 ], [ -13.370705603999966, 9.272223473999986 ], [ -13.357077598999922, 9.275299072000109 ], [ -13.355267524999817, 9.281287193000026 ], [ -13.355812073999914, 9.293463707000171 ], [ -13.352375030999951, 9.29831314200004 ], [ -13.354527472999962, 9.3088712710001 ], [ -13.344973564999918, 9.333065988000101 ], [ -13.339670181999963, 9.335858346000066 ], [ -13.324626923999972, 9.338552476000018 ], [ -13.322614488999932, 9.333278230000076 ], [ -13.319654465999974, 9.325520515000107 ], [ -13.319894066999893, 9.325429443000189 ], [ -13.325472831999889, 9.323308946000168 ], [ -13.328451156999961, 9.318922996000026 ], [ -13.32978153199997, 9.310409546000074 ], [ -13.324157714999899, 9.299414636000051 ], [ -13.327111243999923, 9.291351319000171 ], [ -13.326571465999962, 9.279634476000183 ], [ -13.324172973999907, 9.266778945999988 ], [ -13.322078703999921, 9.264953614000149 ], [ -13.323898314999951, 9.260345459000177 ], [ -13.309889794999947, 9.240670203999969 ], [ -13.310566902999824, 9.238137245000075 ], [ -13.313481330999934, 9.22410011300002 ], [ -13.313680649999981, 9.219272614000033 ], [ -13.318454741999915, 9.206602096999973 ], [ -13.320014952999941, 9.197859764000043 ], [ -13.318820953999932, 9.192122459000075 ], [ -13.316193580999879, 9.191487313000096 ], [ -13.312047005999887, 9.190923692000126 ], [ -13.325907707999932, 9.179667474000098 ], [ -13.32070159999995, 9.170609475 ], [ -13.315156937999973, 9.16249942800016 ], [ -13.31003189099988, 9.15678692 ], [ -13.292218207999895, 9.155291558000101 ], [ -13.285029411999972, 9.152348520000146 ], [ -13.280406951999964, 9.152607918000115 ], [ -13.276968002999922, 9.156995773000176 ], [ -13.27401733399995, 9.165746690000105 ], [ -13.274957656999959, 9.168038369000101 ], [ -13.272535324999978, 9.18689823200009 ], [ -13.270494460999942, 9.193115235000164 ], [ -13.262488264999945, 9.190949284999988 ], [ -13.260532379999916, 9.190420152 ], [ -13.258042334999971, 9.162628175000066 ], [ -13.251594543999886, 9.166804314000046 ], [ -13.24970245499992, 9.160150528000145 ], [ -13.249664229999951, 9.159336012999972 ], [ -13.248967170999947, 9.144482612000161 ], [ -13.251893044999974, 9.141064645000085 ], [ -13.256518363999874, 9.141265869000051 ], [ -13.265497207999942, 9.135235788000159 ], [ -13.268681526999956, 9.126942633999988 ], [ -13.275790214999972, 9.117936135000093 ], [ -13.284741401999952, 9.107998849000126 ], [ -13.293026924999936, 9.101972581000155 ], [ -13.29365444299998, 9.091857911000091 ], [ -13.304427146999956, 9.077772142000185 ], [ -13.310674666999944, 9.078651428000114 ], [ -13.323564528999952, 9.070297242000095 ], [ -13.32469654199997, 9.067072869000185 ], [ -13.324358221999944, 9.063612611000053 ], [ -13.3213, 9.05921 ], [ -13.321417980999968, 9.057907758000113 ], [ -13.307630539999877, 9.037538529000074 ], [ -13.30071, 9.041540000000111 ], [ -13.28857, 9.05257 ], [ -13.281429999999887, 9.056520001000138 ], [ -13.276390000999982, 9.062070001000109 ], [ -13.26787, 9.067410000999985 ], [ -13.24758, 9.07513 ], [ -13.236250000999917, 9.075440001000061 ], [ -13.21564000099994, 9.07167000100003 ], [ -13.20687000099997, 9.07265 ], [ -13.18836, 9.08457 ], [ -13.17947000099997, 9.090290000000152 ], [ -13.174160000999905, 9.092400000000112 ], [ -13.163060000999963, 9.09155 ], [ -13.151460000999919, 9.08588 ], [ -13.12306, 9.0578 ], [ -13.10751000099998, 9.049630001000082 ], [ -13.087620000999948, 9.04837 ], [ -13.078650000999914, 9.050230001000159 ], [ -13.06938, 9.052160001000118 ], [ -13.05832, 9.058430001000033 ], [ -13.05085, 9.082610000000102 ], [ -13.043699999999887, 9.08656000100018 ], [ -13.03608, 9.088210000000174 ], [ -13.032589848999976, 9.088094787000159 ], [ -13.01851, 9.087630000000161 ], [ -13.01182, 9.09088 ], [ -13.00215, 9.09737 ], [ -12.99161, 9.11283 ], [ -12.987769999999898, 9.119820001000164 ], [ -12.98086, 9.132430001000102 ], [ -12.973389999999881, 9.1589 ], [ -12.9732, 9.165100001000155 ], [ -12.97023, 9.171780001000059 ], [ -12.956189999999879, 9.1822 ], [ -12.954149999999856, 9.1898 ], [ -12.957543882999914, 9.222774319000109 ], [ -12.962087, 9.229221000000166 ], [ -12.961531, 9.238001000000111 ], [ -12.952526999999861, 9.258721000000151 ], [ -12.94843651799988, 9.261502088000043 ], [ -12.943809999999814, 9.27558 ], [ -12.94193, 9.27796000100011 ], [ -12.93508, 9.286650000000122 ], [ -12.926520000999915, 9.28648 ], [ -12.916539999999884, 9.28263 ], [ -12.900740000999917, 9.27099 ], [ -12.89310000099988, 9.270340001000022 ], [ -12.88111, 9.277990001000092 ], [ -12.87636, 9.29664 ], [ -12.8729, 9.298260001000187 ], [ -12.868250000999922, 9.295300000000111 ], [ -12.85715000099998, 9.295820000000163 ], [ -12.844600000999947, 9.28693 ], [ -12.8408, 9.28531 ], [ -12.834329728999819, 9.289270134 ], [ -12.831340000999887, 9.2911 ], [ -12.825090000999865, 9.2909 ], [ -12.817220000999896, 9.286290000000179 ], [ -12.81651000099987, 9.285880000000191 ], [ -12.812119999999823, 9.286820000000148 ], [ -12.8066, 9.29351 ], [ -12.794130000999928, 9.297470001000022 ], [ -12.78951000099994, 9.300710001000027 ], [ -12.788370000999919, 9.30393 ], [ -12.789570000999902, 9.312660000000164 ], [ -12.78796, 9.31589 ], [ -12.785189999999886, 9.31682 ], [ -12.781520000999876, 9.32396 ], [ -12.778559999999857, 9.333400001000143 ], [ -12.778820000999872, 9.340060001000154 ], [ -12.776979999999867, 9.342600001000164 ], [ -12.756850000999975, 9.342230001000132 ], [ -12.753390000999957, 9.345 ], [ -12.75087, 9.34961000100003 ], [ -12.75159, 9.355580000999964 ], [ -12.756510000999924, 9.366240001000051 ], [ -12.758170000999939, 9.376930000000186 ], [ -12.75776, 9.388420001000043 ], [ -12.752240000999961, 9.396490001000018 ], [ -12.724000000999979, 9.39523000000014 ], [ -12.7168, 9.390440000000126 ], [ -12.712170000999947, 9.38953000000015 ], [ -12.711299999999881, 9.401490000000138 ], [ -12.70879, 9.410930000000121 ], [ -12.70349, 9.415540001000068 ], [ -12.698400000999925, 9.41626 ], [ -12.691189999999892, 9.408010000000104 ], [ -12.688870000999941, 9.407330001000048 ], [ -12.686799999999835, 9.409180000000106 ], [ -12.686580000999925, 9.41217 ], [ -12.686140000999956, 9.417690001000153 ], [ -12.68338, 9.42114000100014 ], [ -12.6855, 9.43079 ], [ -12.67997, 9.435180000000173 ], [ -12.679979999999887, 9.43886000100008 ], [ -12.68393, 9.44298 ], [ -12.680260000999965, 9.45058 ], [ -12.67938, 9.46001 ], [ -12.678469999999834, 9.463690001000032 ], [ -12.672689999999875, 9.466930001000037 ], [ -12.671309999999892, 9.469230001000085 ], [ -12.672030000999882, 9.475440000000106 ], [ -12.65474946199987, 9.502431248000107 ], [ -12.65484, 9.50529 ], [ -12.653067999999848, 9.508355000000165 ], [ -12.650649999999871, 9.508852000000104 ], [ -12.649733, 9.514125 ], [ -12.649727801999973, 9.514133992000154 ], [ -12.649290000999883, 9.51667000100008 ], [ -12.651180000999943, 9.524480001000029 ], [ -12.658610000999829, 9.5318 ], [ -12.66047, 9.53203 ], [ -12.657490000999871, 9.539160001000027 ], [ -12.648029999999892, 9.54794 ], [ -12.64417, 9.549170000000174 ], [ -12.642940000999943, 9.54957 ], [ -12.634370000999979, 9.54822 ], [ -12.63277, 9.55260000100003 ], [ -12.63651000099992, 9.56109 ], [ -12.636290000999963, 9.565460000000144 ], [ -12.630760000999885, 9.57214 ], [ -12.62377, 9.593260001000033 ], [ -12.62115, 9.601150000000132 ], [ -12.614920000999973, 9.606230001000085 ], [ -12.60008, 9.600770000000125 ], [ -12.591740000999891, 9.59988 ], [ -12.591735894999886, 9.599926785000093 ], [ -12.590630000999965, 9.612530001000152 ], [ -12.58536, 9.62887 ], [ -12.585483993999958, 9.631936465000024 ], [ -12.585562586999913, 9.633880123999973 ], [ -12.585620000999938, 9.635300001000132 ], [ -12.587960000999942, 9.642190001000188 ], [ -12.59149, 9.65413000000018 ], [ -12.589660000999913, 9.660570000000121 ], [ -12.58712, 9.663110000000131 ], [ -12.583190000999878, 9.663590001000159 ], [ -12.57853, 9.65809 ], [ -12.57553000099989, 9.659940001000109 ], [ -12.574180000999945, 9.670050001000163 ], [ -12.569570000999875, 9.677430000000129 ], [ -12.56797, 9.68387 ], [ -12.56893, 9.69238 ], [ -12.566659999999899, 9.702730001000134 ], [ -12.5567, 9.70346 ], [ -12.547450000999959, 9.70901 ], [ -12.53994, 9.716660001000037 ], [ -12.536140000999922, 9.720540001000074 ], [ -12.53358999999989, 9.72009 ], [ -12.528910000999929, 9.709070001000157 ], [ -12.525660000999949, 9.705870000000175 ], [ -12.522410000999969, 9.705420001000107 ], [ -12.519409999999823, 9.707270000000165 ], [ -12.51928, 9.711430000000121 ], [ -12.519200000999945, 9.71416 ], [ -12.52809, 9.73643 ], [ -12.52556, 9.741730001000064 ], [ -12.523020000999907, 9.74335 ], [ -12.50911, 9.74294 ], [ -12.50727, 9.745930001000147 ], [ -12.508440000999883, 9.749380001000134 ], [ -12.518420000999981, 9.753940001000103 ], [ -12.51866, 9.756470001000025 ], [ -12.512429999999881, 9.763390000000186 ], [ -12.511320000999945, 9.775120000000129 ], [ -12.501400000999922, 9.789170000000183 ], [ -12.500309999999899, 9.808020001000102 ], [ -12.49731, 9.810340001000043 ], [ -12.491280000999893, 9.811280001000171 ], [ -12.49017, 9.826000001000068 ], [ -12.49228, 9.828980000000172 ], [ -12.496679999999856, 9.82988 ], [ -12.499470000999963, 9.832170000000133 ], [ -12.500640000999965, 9.8347 ], [ -12.498870000999943, 9.83932 ], [ -12.499009999999885, 9.84365 ], [ -12.480099999999879, 9.85547 ], [ -12.456900000999951, 9.854640001000064 ], [ -12.452510000999951, 9.857190000000116 ], [ -12.443500000999848, 9.866190000000131 ], [ -12.43752, 9.877480000000105 ], [ -12.43173999999982, 9.88163000100019 ], [ -12.393729999999891, 9.887760000000128 ], [ -12.38804, 9.889 ], [ -12.371260000999939, 9.892670001000056 ], [ -12.365930000999981, 9.895680000000141 ], [ -12.35318, 9.896180000000129 ], [ -12.28921, 9.90882 ], [ -12.287360000999854, 9.910890000000109 ], [ -12.26455, 9.916110000000174 ], [ -12.22711, 9.92465 ], [ -12.2227, 9.924430001000133 ], [ -12.215259999999887, 9.91871 ], [ -12.21293, 9.91412 ], [ -12.20502000099998, 9.907020001000092 ], [ -12.17738, 9.897440001 ], [ -12.156920000999889, 9.8821 ], [ -12.152959999999894, 9.880050001000029 ], [ -12.148267856999951, 9.877636538000104 ], [ -12.142664730999911, 9.874754499000119 ], [ -12.141820000999928, 9.874320001 ], [ -12.126510000999872, 9.87138 ], [ -12.120023341999968, 9.871849759000099 ], [ -12.12002, 9.871853000000101 ], [ -12.097497715999964, 9.878809470000135 ], [ -12.08248, 9.88345 ], [ -12.08204765399995, 9.88374732800014 ], [ -12.079479999999876, 9.885525000000143 ], [ -12.063642773999845, 9.88878704800004 ], [ -12.061399999999878, 9.88925000100005 ], [ -12.054450375999977, 9.892254837000166 ], [ -12.0475, 9.895261000000119 ], [ -12.03156, 9.898302 ], [ -12.030967455999871, 9.898415008000143 ], [ -12.02919, 9.898760000999971 ], [ -11.937880000999883, 9.926550000000134 ], [ -11.925589999999886, 9.92887 ], [ -11.91864, 9.932563 ], [ -11.913317638999956, 9.933994097000095 ], [ -11.90977, 9.93495 ], [ -11.906580000999952, 9.935810000000174 ], [ -11.89825, 9.94571 ], [ -11.891389999999831, 9.98619 ], [ -11.889199451999957, 9.99064622200018 ], [ -11.887982487999977, 9.993121887000086 ], [ -11.885849999999834, 9.997462 ], [ -11.82868, 9.99745200000018 ], [ -11.798679264999919, 9.99744 ], [ -11.76868, 9.997430000000122 ], [ -11.73481, 10.000000000000114 ], [ -11.72553, 9.997950001000049 ], [ -11.70146, 9.998360000000162 ], [ -11.653369999999882, 9.999180000000138 ], [ -11.614390000999833, 9.998070000000155 ], [ -11.599531104999926, 9.998790189000147 ], [ -11.58468, 9.999512 ], [ -11.57588, 9.999563 ], [ -11.57399, 9.999575000000164 ], [ -11.565314860999933, 9.998736653000151 ], [ -11.563580000999877, 9.998570000000143 ], [ -11.501399999999876, 10.000000000000114 ], [ -11.49839, 10.000000000000114 ], [ -11.477589, 9.99968900000016 ], [ -11.44652, 9.999224 ], [ -11.31897, 9.998436 ], [ -11.313939999999889, 9.998405000000162 ], [ -11.278986567999937, 9.99906604600011 ], [ -11.271321943999908, 9.999212097000054 ], [ -11.25149, 9.999590000000126 ], [ -11.20675, 10.000430001000097 ], [ -11.20595, 10.000000000000114 ], [ -11.19469, 9.991091 ], [ -11.17497, 9.975811000000135 ], [ -11.17126, 9.966152000000136 ], [ -11.169594287999928, 9.957589198000051 ], [ -11.167100000999937, 9.94477 ], [ -11.16456, 9.912580001000038 ], [ -11.16016, 9.89051000000012 ], [ -11.1563, 9.882990000000177 ], [ -11.15437, 9.879233 ], [ -11.153788686999917, 9.878727445000038 ], [ -11.152820000999952, 9.87789 ], [ -11.14277, 9.869110000000148 ], [ -11.09734, 9.847920000000158 ], [ -11.09618, 9.84562000000011 ], [ -11.06976, 9.828120001000116 ], [ -11.04876, 9.80757 ], [ -11.03871000099997, 9.797740001000022 ], [ -11.025632044999952, 9.778528004000179 ], [ -11.01255, 9.759313000000134 ], [ -11.003979999999842, 9.75079600000015 ], [ -11.000267, 9.746044 ], [ -10.98384, 9.725022 ], [ -10.979517544999965, 9.717655816999979 ], [ -10.977360000999965, 9.71398 ], [ -10.976902505999931, 9.712839826000049 ], [ -10.97415, 9.705986000000166 ], [ -10.971704088999957, 9.699902734999966 ], [ -10.97089000099993, 9.69788 ], [ -10.96791, 9.673740001000112 ], [ -10.965728155999955, 9.669594926000059 ], [ -10.96282, 9.664074000000141 ], [ -10.954714026999852, 9.65785908800018 ], [ -10.947127467999962, 9.656699041000024 ], [ -10.94406, 9.656231000000105 ], [ -10.932929999999885, 9.656444 ], [ -10.926219999999887, 9.654593000000148 ], [ -10.923304603999895, 9.651830572000165 ], [ -10.92136, 9.649990001000049 ], [ -10.921129942999926, 9.645848966000131 ], [ -10.9209, 9.641712000000155 ], [ -10.91489, 9.632967000000122 ], [ -10.91264, 9.615035 ], [ -10.91126468199991, 9.604110810000122 ], [ -10.91099, 9.60193 ], [ -10.908677510999894, 9.599397591000184 ], [ -10.90405, 9.594332000000179 ], [ -10.89976601199993, 9.594095056000072 ], [ -10.89548, 9.59386000100011 ], [ -10.87813, 9.57383 ], [ -10.8594, 9.558166 ], [ -10.859005065999952, 9.553429370000174 ], [ -10.858940000999951, 9.55265 ], [ -10.858940078999979, 9.552649937000069 ], [ -10.87007, 9.54324 ], [ -10.873789999999872, 9.537500001000126 ], [ -10.860440000999915, 9.527170001000059 ], [ -10.85712999999987, 9.524600000000135 ], [ -10.83096, 9.520650001000035 ], [ -10.82749, 9.517880000000105 ], [ -10.82634, 9.5142 ], [ -10.83052, 9.507310001000121 ], [ -10.844430000999978, 9.500900000000115 ], [ -10.84837, 9.495400001 ], [ -10.84861000099994, 9.491030001000127 ], [ -10.840760000999978, 9.476530001000128 ], [ -10.840770000999896, 9.471020000000124 ], [ -10.84889, 9.461610001000054 ], [ -10.8489, 9.45471000100008 ], [ -10.843840000999819, 9.44379 ], [ -10.84336, 9.44275 ], [ -10.83549, 9.438140001000022 ], [ -10.82716, 9.43537 ], [ -10.81607, 9.425690001000021 ], [ -10.806350000999942, 9.420160001000056 ], [ -10.801970000999972, 9.414400001000104 ], [ -10.80452, 9.40728 ], [ -10.8124, 9.40132 ], [ -10.81659, 9.39191 ], [ -10.81474, 9.386610000000132 ], [ -10.809660000999884, 9.38086 ], [ -10.804569999999899, 9.380850000000123 ], [ -10.79923, 9.390720001000091 ], [ -10.789730000999953, 9.39001 ], [ -10.78331, 9.385590001000025 ], [ -10.780020000999968, 9.383330000000171 ], [ -10.770070000999965, 9.381700000000137 ], [ -10.76011000099993, 9.38604 ], [ -10.748310000999879, 9.38487 ], [ -10.74092, 9.375430001000154 ], [ -10.738380000999939, 9.37404000000015 ], [ -10.73713, 9.375080001000129 ], [ -10.730979999999875, 9.38019000100013 ], [ -10.724990000999924, 9.371670000000165 ], [ -10.71111, 9.34847000100001 ], [ -10.71021, 9.337890000000129 ], [ -10.711600000999965, 9.33468 ], [ -10.707440000999952, 9.330080000000123 ], [ -10.689410000999828, 9.324520000000177 ], [ -10.668840000999978, 9.309300001000054 ], [ -10.6633100009999, 9.30055000100009 ], [ -10.66148, 9.28997 ], [ -10.66752, 9.274720001000048 ], [ -10.67102, 9.26587000000012 ], [ -10.67522, 9.250250001000097 ], [ -10.674659712999926, 9.241218488000072 ], [ -10.672888485999977, 9.240318654000021 ], [ -10.674659, 9.241208 ], [ -10.67462250899996, 9.240618788000177 ], [ -10.674550000999886, 9.23945 ], [ -10.66347, 9.226550000000145 ], [ -10.664399879999849, 9.226550000000145 ], [ -10.664115784999979, 9.219427375000123 ], [ -10.66374, 9.210010000000125 ], [ -10.663740149999967, 9.210009761000038 ], [ -10.66374, 9.210006 ], [ -10.666526666999971, 9.205570000000137 ], [ -10.667919999999867, 9.203350000000114 ], [ -10.67903, 9.198320001000013 ], [ -10.682730000999925, 9.1985600000001 ], [ -10.686617664999972, 9.197142914000096 ], [ -10.69523, 9.193997 ], [ -10.70604248099994, 9.192327992000116 ], [ -10.70842, 9.19196 ], [ -10.71149, 9.19625 ], [ -10.71304, 9.198400000000163 ], [ -10.717599999999834, 9.197628571000052 ], [ -10.71836, 9.197499 ], [ -10.719384743999967, 9.194695965000051 ], [ -10.723479185999906, 9.183492231000116 ], [ -10.722045916999889, 9.180377632000045 ], [ -10.714260000999957, 9.163480000000106 ], [ -10.714539612999943, 9.143976964000103 ], [ -10.71454, 9.143949 ], [ -10.72613, 9.131107000000156 ], [ -10.72616, 9.116631 ], [ -10.726160000999926, 9.1166300000001 ], [ -10.730130000999964, 9.091370000000154 ], [ -10.731835001999912, 9.087658070000145 ], [ -10.73205, 9.087188 ], [ -10.73338972699986, 9.084249600000021 ], [ -10.729930000999957, 9.07919 ], [ -10.708200000999852, 9.075460001000124 ], [ -10.69716788799991, 9.0774243030001 ], [ -10.675119999999879, 9.081352 ], [ -10.670891948999895, 9.081407136000053 ], [ -10.66032, 9.081550001000039 ], [ -10.633060000999876, 9.069530001000089 ], [ -10.62266, 9.06766 ], [ -10.621970000999966, 9.069500001000108 ], [ -10.619630107999967, 9.068775033000179 ], [ -10.61729, 9.068054 ], [ -10.61296, 9.066714 ], [ -10.612957079999944, 9.066712186000075 ], [ -10.612949999999898, 9.066710000000114 ], [ -10.606035695999878, 9.062410932000034 ], [ -10.599707, 9.058478 ], [ -10.599706, 9.058478 ], [ -10.59402, 9.054944 ], [ -10.5848, 9.043200000000127 ], [ -10.58359, 9.036372 ], [ -10.583590242999833, 9.036371369000108 ], [ -10.583590000999891, 9.03637 ], [ -10.583718404999956, 9.036038632000043 ], [ -10.58544, 9.031569 ], [ -10.58619, 9.016176 ], [ -10.58681221199987, 9.014442250000172 ], [ -10.586812536999901, 9.014441346000069 ], [ -10.58759000099991, 9.01227 ], [ -10.59176, 9.00930000000011 ], [ -10.592783665999946, 9.006916778000118 ], [ -10.59432, 9.003337 ], [ -10.597339926999894, 8.981136413000172 ], [ -10.597345241999903, 8.981097341000122 ], [ -10.598349938999888, 8.97371044099998 ], [ -10.598071569999945, 8.971139495999978 ], [ -10.59723, 8.96337 ], [ -10.597230215999957, 8.963368996000099 ], [ -10.59723, 8.963367000000119 ], [ -10.598169557999881, 8.959007052000175 ], [ -10.595, 8.937860001000047 ], [ -10.592616144999965, 8.933620257000086 ], [ -10.59202, 8.932561000000135 ], [ -10.592020178999917, 8.932560319000174 ], [ -10.59202000099998, 8.932560001000127 ], [ -10.593649906999929, 8.926360353000177 ], [ -10.593249999999898, 8.914953 ], [ -10.59302, 8.90867 ], [ -10.596089912999958, 8.889610537000067 ], [ -10.595530744999962, 8.886633964000055 ], [ -10.59329, 8.87471 ], [ -10.589570383999899, 8.854849192000074 ], [ -10.58678, 8.839953 ], [ -10.586780274999967, 8.839951470000074 ], [ -10.58678, 8.839950000000101 ], [ -10.58772, 8.83467000100012 ], [ -10.583812196999816, 8.822865552000167 ], [ -10.58338, 8.821563 ], [ -10.583380600999874, 8.821561815000052 ], [ -10.583380000999909, 8.821560000000147 ], [ -10.585239999999885, 8.817890000999967 ], [ -10.585322872999939, 8.817217590000041 ], [ -10.5869, 8.804345 ], [ -10.584097930999917, 8.802096847000143 ], [ -10.58345, 8.80158 ], [ -10.581962867999835, 8.801669999000126 ], [ -10.57998, 8.801794 ], [ -10.57859726199996, 8.800407262000022 ], [ -10.57756, 8.799370001000113 ], [ -10.576300000999879, 8.79811 ], [ -10.571483818999923, 8.800959712000065 ], [ -10.57052, 8.801531000000125 ], [ -10.567049999999881, 8.80106 ], [ -10.56269, 8.793693000000133 ], [ -10.53575, 8.772460000000137 ], [ -10.52749, 8.75704 ], [ -10.527167328999894, 8.754469816000039 ], [ -10.527025, 8.753337000000101 ], [ -10.525469999999871, 8.740951 ], [ -10.52318, 8.737496 ], [ -10.5114, 8.738831000000118 ], [ -10.51026, 8.73538 ], [ -10.517657602999975, 8.729896776000032 ], [ -10.51218, 8.722530001000109 ], [ -10.506859999999847, 8.71538 ], [ -10.510348611999916, 8.709422371000187 ], [ -10.493989999999883, 8.70201 ], [ -10.48457, 8.68934 ], [ -10.48276, 8.680145 ], [ -10.47514, 8.680804 ], [ -10.46939, 8.674580000000105 ], [ -10.47868, 8.659685 ], [ -10.481709299999977, 8.652348694000068 ], [ -10.479784597999867, 8.648757114000091 ], [ -10.478499999999883, 8.646362000000181 ], [ -10.478500194999981, 8.646360362000053 ], [ -10.478500000999873, 8.646360000000186 ], [ -10.47921, 8.640390001000128 ], [ -10.480059747999974, 8.63955358100003 ], [ -10.48176, 8.637876 ], [ -10.498399999999833, 8.631278000000179 ], [ -10.500879867999913, 8.626846902000182 ], [ -10.500881427999957, 8.62684411500004 ], [ -10.502119999999877, 8.62463 ], [ -10.515760000999933, 8.618020001 ], [ -10.518152696999948, 8.615427357000101 ], [ -10.522939999999892, 8.610238000000152 ], [ -10.52617, 8.609791 ], [ -10.52617048299993, 8.609791323000024 ], [ -10.52618, 8.609790001000135 ], [ -10.528009311999938, 8.611013329000059 ], [ -10.53101000099997, 8.61302000000012 ], [ -10.54417, 8.611690001000113 ], [ -10.550091013999918, 8.606569123000099 ], [ -10.55157, 8.605289000000141 ], [ -10.551999778999914, 8.60510342900011 ], [ -10.551999882999951, 8.605103384000017 ], [ -10.552860000999942, 8.60473 ], [ -10.55943, 8.60187000000019 ], [ -10.56638000099997, 8.595690001000037 ], [ -10.572285740999916, 8.596577423999975 ], [ -10.572286133999967, 8.59657748300009 ], [ -10.575829999999883, 8.597107000000108 ], [ -10.57804966599997, 8.596288123000136 ], [ -10.57805024399994, 8.59628791 ], [ -10.57953, 8.595740000000148 ], [ -10.580920532999926, 8.593564166000078 ], [ -10.582309877999933, 8.591388191000078 ], [ -10.581209999999885, 8.575080000000128 ], [ -10.581210239999905, 8.575079556000105 ], [ -10.581209999999885, 8.575076000000138 ], [ -10.58307, 8.57163700000018 ], [ -10.59023, 8.569366 ], [ -10.594859999999869, 8.564558000000147 ], [ -10.6023, 8.549655 ], [ -10.60491634199991, 8.547931514000027 ], [ -10.607840000999943, 8.546000001000039 ], [ -10.609849160999943, 8.545478166000123 ], [ -10.618109999999888, 8.543326 ], [ -10.622389999999882, 8.541684 ], [ -10.623490182999888, 8.535255595000081 ], [ -10.623490815999958, 8.535251899000116 ], [ -10.62404, 8.532040001000155 ], [ -10.629349954999952, 8.517220127000144 ], [ -10.63112, 8.512279000000149 ], [ -10.631156181999927, 8.512116466 ], [ -10.631156196999939, 8.512116397000113 ], [ -10.632890000999964, 8.504280000000165 ], [ -10.629470000999959, 8.494630001000132 ], [ -10.62947080899994, 8.494627277000063 ], [ -10.62947, 8.494625000000156 ], [ -10.630050288999939, 8.492674029000113 ], [ -10.630050362999839, 8.492673780000189 ], [ -10.630630000999929, 8.490720000000181 ], [ -10.634430153999915, 8.492230061000157 ], [ -10.634430226999939, 8.492230090000078 ], [ -10.63823, 8.493735 ], [ -10.63922273999998, 8.492918668000186 ], [ -10.639222788999973, 8.492918627999984 ], [ -10.63962, 8.492590000000177 ], [ -10.639622577999944, 8.492537090000042 ], [ -10.63988, 8.487054 ], [ -10.639445150999904, 8.483387088000086 ], [ -10.639420000999962, 8.483180000000175 ], [ -10.639420521999909, 8.483179404000111 ], [ -10.63942, 8.483175 ], [ -10.642429999999877, 8.479740000000106 ], [ -10.64774, 8.478379000000132 ], [ -10.649589999999876, 8.476318000000106 ], [ -10.64995788799996, 8.468897591000143 ], [ -10.649960026999963, 8.468854449000105 ], [ -10.65033, 8.46139 ], [ -10.65153, 8.45733 ], [ -10.651959947999956, 8.455887175000157 ], [ -10.651840217999904, 8.449421764000135 ], [ -10.65176, 8.445092 ], [ -10.651760033999949, 8.445091866000155 ], [ -10.65176, 8.445090001000096 ], [ -10.65278981199998, 8.441085817000101 ], [ -10.65712967199994, 8.42421127800003 ], [ -10.65347, 8.416162000000156 ], [ -10.65214, 8.400311000000102 ], [ -10.652140037999914, 8.400310448000084 ], [ -10.65214, 8.40031 ], [ -10.65286, 8.38975 ], [ -10.6531, 8.38791 ], [ -10.656559999999899, 8.385170000000187 ], [ -10.66441, 8.38221 ], [ -10.66928, 8.375107000000185 ], [ -10.675279999999816, 8.370992 ], [ -10.691909999999893, 8.363926000000163 ], [ -10.69606999999985, 8.359575 ], [ -10.697761094999976, 8.354047574000106 ], [ -10.699790000999883, 8.34741 ], [ -10.701062184999898, 8.338738735000106 ], [ -10.701909999999884, 8.332956 ], [ -10.706069999999897, 8.3248 ], [ -10.71628, 8.30476 ], [ -10.71226876999998, 8.282845703000078 ], [ -10.7122, 8.282471 ], [ -10.712200157999973, 8.282470859000114 ], [ -10.712200000999871, 8.282470001000036 ], [ -10.71289734599992, 8.281845833000091 ], [ -10.71705, 8.278123 ], [ -10.71892, 8.27101000000016 ], [ -10.7140800009999, 8.27054 ], [ -10.70605259499996, 8.272165879000113 ], [ -10.70069999999987, 8.273252 ], [ -10.700527992999923, 8.279935115000114 ], [ -10.700180000999922, 8.293460000000152 ], [ -10.698472828999968, 8.300035276000074 ], [ -10.69762, 8.303322 ], [ -10.695837617999871, 8.304628223000066 ], [ -10.691380000999914, 8.307900001000064 ], [ -10.687880000999883, 8.32258 ], [ -10.673990000999936, 8.34091 ], [ -10.668405080999946, 8.340905 ], [ -10.66282, 8.340904 ], [ -10.656679999999881, 8.340903 ], [ -10.63328, 8.334555 ], [ -10.5971, 8.33226 ], [ -10.588103616999945, 8.32695855999998 ], [ -10.586460000999978, 8.325990000000161 ], [ -10.58234, 8.311440000000118 ], [ -10.581880032999891, 8.31086337500011 ], [ -10.579579999999851, 8.307985 ], [ -10.5676, 8.307254000000171 ], [ -10.560919999999896, 8.305163000000164 ], [ -10.55354, 8.307663 ], [ -10.539670495999871, 8.31765067200007 ], [ -10.52118, 8.33097 ], [ -10.512170000999902, 8.335990001000027 ], [ -10.49043, 8.35542 ], [ -10.48416, 8.36757 ], [ -10.477800038999874, 8.372134972000083 ], [ -10.47144, 8.376703 ], [ -10.466394246999926, 8.38546446600003 ], [ -10.464710000999958, 8.388390001000062 ], [ -10.463430000999892, 8.389120001000094 ], [ -10.45269, 8.39523 ], [ -10.44575, 8.40347 ], [ -10.431349999999895, 8.429820001000166 ], [ -10.428607924999881, 8.432741727000177 ], [ -10.425559999999848, 8.435999 ], [ -10.417239999999879, 8.440558 ], [ -10.410042647999887, 8.448408915000073 ], [ -10.40843, 8.45017 ], [ -10.401449999999897, 8.465530001000047 ], [ -10.39931765699987, 8.468465108000146 ], [ -10.3938, 8.476060001000178 ], [ -10.392119537999918, 8.480737287000125 ], [ -10.3896, 8.487753000000168 ], [ -10.388705479999942, 8.489017649000061 ], [ -10.38598, 8.492880001000117 ], [ -10.385975067999823, 8.492877836 ], [ -10.38597, 8.492885 ], [ -10.3727, 8.487056 ], [ -10.36399, 8.48814 ], [ -10.3534, 8.49164 ], [ -10.346890000999963, 8.496070000000145 ], [ -10.343115626999918, 8.497660438000139 ], [ -10.33557, 8.500842 ], [ -10.33141, 8.502891 ], [ -10.331403421999937, 8.502888318000146 ], [ -10.331400000999849, 8.50289 ], [ -10.327195608999943, 8.501172591 ], [ -10.321729999999889, 8.498944000000108 ], [ -10.301959999999895, 8.488677 ], [ -10.288747501999921, 8.485283751000054 ], [ -10.28686000099998, 8.4848 ], [ -10.281023816999948, 8.48861907100013 ], [ -10.27818, 8.49048 ], [ -10.2694, 8.49159 ], [ -10.26227, 8.48765 ], [ -10.251870000999929, 8.491280000000131 ], [ -10.250686760999884, 8.49131365500017 ], [ -10.24851339199995, 8.491375473000119 ], [ -10.248497562999944, 8.491375922000088 ], [ -10.24519, 8.491474 ], [ -10.241513538999925, 8.487326992000078 ], [ -10.234643541999958, 8.494760459000076 ], [ -10.23201, 8.497613000000115 ], [ -10.229479999999853, 8.496682 ], [ -10.229330138999956, 8.495304607000151 ], [ -10.229244883999911, 8.494522154000151 ], [ -10.22903, 8.49255 ], [ -10.229030312999953, 8.492548876000114 ], [ -10.22903, 8.492546 ], [ -10.231139465999945, 8.484978917000035 ], [ -10.230861711999864, 8.484416424000131 ], [ -10.229542712999887, 8.481759465000152 ], [ -10.218109999999854, 8.48092 ], [ -10.212579999999889, 8.480470001000185 ], [ -10.207899417999954, 8.486433 ], [ -10.2032, 8.492421 ], [ -10.199739999999849, 8.493093 ], [ -10.19325, 8.499493 ], [ -10.185256786999901, 8.504247779000082 ], [ -10.1742515709999, 8.510798386000033 ], [ -10.171040000999938, 8.512710001000187 ], [ -10.165839567999967, 8.51413149900003 ], [ -10.164930067999933, 8.514380103000178 ], [ -10.163649643999975, 8.514731354 ], [ -10.162444274999871, 8.519302561000131 ], [ -10.16129, 8.52368 ], [ -10.158049999999889, 8.52642 ], [ -10.14609, 8.519240001000128 ], [ -10.142390000999967, 8.522440000000131 ], [ -10.138240000999872, 8.52196 ], [ -10.131060509999941, 8.523863610000149 ], [ -10.130549626999937, 8.523999067999966 ], [ -10.12553, 8.525335 ], [ -10.121677511999962, 8.523300280000058 ], [ -10.121677397999918, 8.523300220000067 ], [ -10.120696702999965, 8.522783531000016 ], [ -10.11695, 8.522251 ], [ -10.10894, 8.521115 ], [ -10.100659999999891, 8.515330000000176 ], [ -10.09373, 8.51805000000013 ], [ -10.08681, 8.518014 ], [ -10.083392290999882, 8.516026814000099 ], [ -10.083202506999896, 8.515916688000061 ], [ -10.080829999999878, 8.514540000000181 ], [ -10.080829380999944, 8.514538232 ], [ -10.079579974999945, 8.510969929000112 ], [ -10.07832999999988, 8.507403000000124 ], [ -10.071874820999938, 8.506679980000172 ], [ -10.071560725999973, 8.506644946000108 ], [ -10.06542000099995, 8.50596 ], [ -10.060895520999964, 8.50160261700006 ], [ -10.05486, 8.495794 ], [ -10.05257, 8.493256 ], [ -10.052506155999936, 8.492905428000142 ], [ -10.05237789499995, 8.49221319600008 ], [ -10.05189, 8.48958000000016 ], [ -10.054517823999902, 8.476380028000108 ], [ -10.056447138999943, 8.466688772000111 ], [ -10.05664, 8.465718 ], [ -10.058153372999982, 8.463141013000097 ], [ -10.058154323999872, 8.463139394000052 ], [ -10.062690000999908, 8.455410001000075 ], [ -10.062850783999977, 8.454526221000151 ], [ -10.06419, 8.447115 ], [ -10.067376400999876, 8.429610386000149 ], [ -10.067376556999932, 8.429609529000174 ], [ -10.067439929999978, 8.429260388000159 ], [ -10.067307964999941, 8.428111695000041 ], [ -10.066780000999927, 8.423520001000099 ], [ -10.062629999999842, 8.421200001000159 ], [ -10.055260000999965, 8.420930000000112 ], [ -10.037680000999956, 8.430480000000159 ], [ -10.02845, 8.431350001000112 ], [ -10.026561899999933, 8.43215208700002 ], [ -10.02314, 8.433613 ], [ -10.0164, 8.441844 ], [ -10.01294, 8.442054000000155 ], [ -10.00673, 8.439493 ], [ -10.003845259999878, 8.439477140000122 ], [ -10.003753528999937, 8.43947673200006 ], [ -9.999999999999886, 8.439460000000111 ], [ -9.99866, 8.43945 ], [ -9.994959999999878, 8.441270001000021 ], [ -9.988461129999962, 8.447021873999972 ], [ -9.988003999999876, 8.447427000000118 ], [ -9.97972, 8.45768500000014 ], [ -9.977602952999916, 8.460306386000127 ], [ -9.97361, 8.465260000000171 ], [ -9.965049555999883, 8.467825283000082 ], [ -9.964599612999962, 8.467960316000131 ], [ -9.954297428999951, 8.476365728000133 ], [ -9.945593, 8.483470000000182 ], [ -9.944258199999922, 8.483693221000067 ], [ -9.940281628999969, 8.484359726999969 ], [ -9.938652278999882, 8.486411491000126 ], [ -9.934480000999827, 8.49167 ], [ -9.934474557999977, 8.491672298000083 ], [ -9.934474, 8.491673000000162 ], [ -9.931949430999964, 8.492738425000084 ], [ -9.919440000999941, 8.4980200010001 ], [ -9.896130000999904, 8.50018 ], [ -9.895319939999979, 8.499668615000076 ], [ -9.894485, 8.500412 ], [ -9.891758660999926, 8.497420406000174 ], [ -9.88878, 8.495540001000109 ], [ -9.885089999999877, 8.495520001000045 ], [ -9.87563000099982, 8.49661 ], [ -9.872543903999826, 8.497898363 ], [ -9.869455, 8.499194 ], [ -9.867537, 8.500002 ], [ -9.861758333999944, 8.500432779000107 ], [ -9.85899, 8.50064 ], [ -9.849281683999948, 8.490114742000173 ], [ -9.848767999999893, 8.489558000000102 ], [ -9.848655359999896, 8.489435807000064 ], [ -9.84685000099995, 8.487480000000119 ], [ -9.845035690999907, 8.488137073000075 ], [ -9.844999885999869, 8.488150207999979 ], [ -9.83987, 8.497540000000129 ], [ -9.837609115999953, 8.499334632999989 ], [ -9.837299, 8.499582000000146 ], [ -9.833706471999903, 8.500995633000116 ], [ -9.832680000999972, 8.501400000000103 ], [ -9.80431, 8.502600001000189 ], [ -9.80014191999993, 8.505324929000039 ], [ -9.795275, 8.508511000000112 ], [ -9.794485301999885, 8.511125659000186 ], [ -9.79410000099989, 8.512410000000159 ], [ -9.79569, 8.515860000000146 ], [ -9.797278942999924, 8.516489435999972 ], [ -9.799832999999865, 8.517497 ], [ -9.800022, 8.52415800000017 ], [ -9.801880504999872, 8.52417008499998 ], [ -9.801937685999917, 8.524170395000056 ], [ -9.80371, 8.524180001000104 ], [ -9.803710651999893, 8.524181985000098 ], [ -9.803713, 8.524182 ], [ -9.804392, 8.526254 ], [ -9.80106763799995, 8.532429743000023 ], [ -9.800777517999961, 8.532969379000122 ], [ -9.799960000999874, 8.534490001000165 ], [ -9.799957914999879, 8.534491301000116 ], [ -9.799956999999893, 8.534493000000168 ], [ -9.797409999999843, 8.536085 ], [ -9.796043999999881, 8.534806000000117 ], [ -9.794243499999936, 8.533120654000129 ], [ -9.794199999999876, 8.53308 ], [ -9.792764337999927, 8.53318884100014 ], [ -9.79143, 8.53329100000019 ], [ -9.78952895599997, 8.535205023000174 ], [ -9.781909999999812, 8.54288 ], [ -9.77904999999987, 8.547980000000166 ], [ -9.774393106999923, 8.550893425000083 ], [ -9.77296, 8.551791 ], [ -9.76884052399987, 8.551072121000118 ], [ -9.75936, 8.549420001000044 ], [ -9.753600000999825, 8.546170001000064 ], [ -9.74584, 8.530970000000138 ], [ -9.735709773999815, 8.520321260000117 ], [ -9.73529, 8.51988 ], [ -9.735289859999966, 8.519878905000041 ], [ -9.735289, 8.519878 ], [ -9.734845, 8.516431000000125 ], [ -9.737833998999974, 8.512073539000085 ], [ -9.737834335999935, 8.512073047000058 ], [ -9.74159, 8.506590000000188 ], [ -9.74512, 8.49398 ], [ -9.742850000999965, 8.48685 ], [ -9.72314, 8.464000001000102 ], [ -9.72, 8.447680000000105 ], [ -9.717480000999956, 8.444450000000188 ], [ -9.712640000999954, 8.44442 ], [ -9.70915, 8.449450000000184 ], [ -9.707170000999895, 8.474010000000135 ], [ -9.704876372999934, 8.480117449000147 ], [ -9.704589, 8.480884 ], [ -9.698409761999926, 8.486076246000152 ], [ -9.691840000999889, 8.491600000000119 ], [ -9.691840000999889, 8.491596638000033 ], [ -9.691836, 8.491600000000119 ], [ -9.69184, 8.490865543000041 ], [ -9.691840000999889, 8.490682137000135 ], [ -9.671058, 8.493541000000164 ], [ -9.660472999999854, 8.488653 ], [ -9.660470838999913, 8.488650388000167 ], [ -9.66047, 8.488650001000053 ], [ -9.65245, 8.478960001000132 ], [ -9.633610000999965, 8.46598 ], [ -9.62812, 8.45860000000016 ], [ -9.62811864199989, 8.458596862999968 ], [ -9.628118, 8.458596000000171 ], [ -9.627844911999887, 8.457964451000066 ], [ -9.627459159999944, 8.457073229000059 ], [ -9.62493, 8.451230001000113 ], [ -9.624932047999948, 8.451228111000091 ], [ -9.624932, 8.451228000000185 ], [ -9.625039048999895, 8.451129328000036 ], [ -9.625039951999895, 8.451128496000138 ], [ -9.63235, 8.44438 ], [ -9.634488638999926, 8.440841398000032 ], [ -9.635385, 8.439352 ], [ -9.643725, 8.433433 ], [ -9.655796, 8.420648 ], [ -9.659217615999978, 8.411507146000133 ], [ -9.659309999999891, 8.411260001000187 ], [ -9.65774, 8.40413 ], [ -9.65475019899992, 8.40227012400004 ], [ -9.64552099999986, 8.402903000000151 ], [ -9.634189999999876, 8.40765400000015 ], [ -9.633495, 8.407692000000111 ], [ -9.622884, 8.408272000000125 ], [ -9.614004390999924, 8.407489079000072 ], [ -9.606050000999915, 8.40679 ], [ -9.597959999999887, 8.410640000000114 ], [ -9.59325587099994, 8.415397719000055 ], [ -9.590065, 8.418627000000185 ], [ -9.58469, 8.429844000000116 ], [ -9.582599981999977, 8.431055414000184 ], [ -9.582569926999895, 8.431072893000078 ], [ -9.5796, 8.4328000000001 ], [ -9.577187667999965, 8.432280890000129 ], [ -9.576947835999931, 8.432229280000115 ], [ -9.574067, 8.431613000000141 ], [ -9.5705978229999, 8.42522048 ], [ -9.57019, 8.424470001000032 ], [ -9.568180392999977, 8.413662111000178 ], [ -9.565835311999933, 8.410227297000176 ], [ -9.565834776999964, 8.410226513000111 ], [ -9.563394388999939, 8.406653704000178 ], [ -9.561090173999901, 8.403280255000027 ], [ -9.542252, 8.389766000000179 ], [ -9.53331, 8.383351000000175 ], [ -9.486963999999887, 8.380974 ], [ -9.480072, 8.376794000000132 ], [ -9.479784096999936, 8.37630897300005 ], [ -9.47733, 8.37218 ], [ -9.477592751999964, 8.367742965000048 ], [ -9.477601093999965, 8.367602092000027 ], [ -9.477855, 8.363231 ], [ -9.480205, 8.356643000000133 ], [ -9.481589308999901, 8.354782437000097 ], [ -9.481796936999956, 8.354502818000128 ], [ -9.48618, 8.348600001000136 ], [ -9.48944, 8.3445 ], [ -9.5156, 8.32999000000018 ], [ -9.517676093999967, 8.328254622000145 ], [ -9.520167456999957, 8.326167130000044 ], [ -9.514570000999981, 8.31985 ], [ -9.512169096999912, 8.318287198000178 ], [ -9.501024, 8.31103400000012 ], [ -9.501023851999946, 8.311032508000153 ], [ -9.50102, 8.31103000000013 ], [ -9.500494865999883, 8.305699278000134 ], [ -9.500157999999828, 8.302303000000109 ], [ -9.504149888999962, 8.291079311999965 ], [ -9.503260000999887, 8.285560001000079 ], [ -9.502708000999974, 8.284815943000183 ], [ -9.499148, 8.280024 ], [ -9.494396712999901, 8.2771408320001 ], [ -9.494330115999901, 8.277100492000159 ], [ -9.49111, 8.27515 ], [ -9.49031569899995, 8.273034566000149 ], [ -9.488165, 8.267322 ], [ -9.489175852999949, 8.264519924000183 ], [ -9.489175959999955, 8.264519627000027 ], [ -9.489280000999941, 8.264230000000168 ], [ -9.516600000999915, 8.2427 ], [ -9.516086863999931, 8.238435659000118 ], [ -9.516019, 8.237877 ], [ -9.516025, 8.236972 ], [ -9.50984, 8.23073200000016 ], [ -9.509840116999953, 8.2307301190001 ], [ -9.50984, 8.230730001000097 ], [ -9.511120000999824, 8.210080001000165 ], [ -9.51267822899996, 8.206570154000133 ], [ -9.512763186999962, 8.206378788999984 ], [ -9.514165999999875, 8.20321 ], [ -9.516500019999967, 8.201106277 ], [ -9.516840121999962, 8.200799208000092 ], [ -9.519730000999971, 8.19819 ], [ -9.520243768999933, 8.195478593000132 ], [ -9.521638, 8.188107000000116 ], [ -9.51985, 8.179371000000117 ], [ -9.514802, 8.175894 ], [ -9.504177, 8.179266000000155 ], [ -9.501966003999939, 8.17862055400019 ], [ -9.500960000999839, 8.178330001000063 ], [ -9.495010000999855, 8.17094000100019 ], [ -9.489720000999853, 8.1697600010001 ], [ -9.481640000999903, 8.17154 ], [ -9.469440000999896, 8.169390001000011 ], [ -9.466699121999966, 8.167787899000132 ], [ -9.464529, 8.166521 ], [ -9.463471, 8.165902000000187 ], [ -9.463470812999844, 8.165900476000047 ], [ -9.46347, 8.1659 ], [ -9.461719999999843, 8.15166 ], [ -9.461720152999931, 8.151658244000089 ], [ -9.461719999999843, 8.151657000000171 ], [ -9.463216999999872, 8.134449 ], [ -9.462329, 8.129393000000107 ], [ -9.459291494999889, 8.126882028000182 ], [ -9.45729, 8.125230000999977 ], [ -9.457290231999878, 8.125227672000051 ], [ -9.457287, 8.125225 ], [ -9.45925970299993, 8.105498968000177 ], [ -9.455881188999911, 8.093764126 ], [ -9.449018, 8.086371 ], [ -9.44845085999998, 8.083945885000048 ], [ -9.448361567999882, 8.083565565000015 ], [ -9.447670000999949, 8.080620000000124 ], [ -9.447253780999972, 8.080164284999967 ], [ -9.444929, 8.077621000000136 ], [ -9.44474, 8.071421000000157 ], [ -9.444740028999945, 8.071420936000152 ], [ -9.44474, 8.071420000000103 ], [ -9.445192900999928, 8.07041045700015 ], [ -9.450586, 8.058377 ], [ -9.45383140499996, 8.053695206999976 ], [ -9.453831684999955, 8.053694803000155 ], [ -9.4558, 8.05085 ], [ -9.457555071999934, 8.048323640000092 ], [ -9.458028999999897, 8.04764 ], [ -9.458751460999963, 8.045734601 ], [ -9.46037, 8.04146 ], [ -9.460119024999869, 8.038304868000182 ], [ -9.460095696999929, 8.038011611000115 ], [ -9.459948149999946, 8.036177862000045 ], [ -9.459070235999889, 8.035162773000138 ], [ -9.456747, 8.032481 ], [ -9.45475487899995, 8.032183512000131 ], [ -9.4535251289999, 8.032000762999985 ], [ -9.440781999999899, 8.043159000000173 ], [ -9.440780107999842, 8.043159905000152 ], [ -9.440780000999894, 8.04316 ], [ -9.43038, 8.04814000000016 ], [ -9.429676725999968, 8.048076298000069 ], [ -9.42762000099998, 8.047890000999985 ], [ -9.427620089999948, 8.047887189000107 ], [ -9.427617999999882, 8.047887 ], [ -9.427820466999947, 8.041544171000055 ], [ -9.427909999999883, 8.038710001000027 ], [ -9.428101209999966, 8.037995420000129 ], [ -9.428315405999967, 8.037194932000148 ], [ -9.431218, 8.026335 ], [ -9.429869361999977, 8.021739641000067 ], [ -9.4216, 8.017090001000156 ], [ -9.421346974999892, 8.014318650000064 ], [ -9.421346514999925, 8.01431373600019 ], [ -9.421176, 8.012492000000123 ], [ -9.421329999999898, 8.000000000000171 ], [ -9.411776, 7.986394 ], [ -9.410553846999903, 7.982274915000062 ], [ -9.410496504999969, 7.982082467000112 ], [ -9.40973, 7.979510000000175 ], [ -9.411829999999895, 7.97263 ], [ -9.412593810999965, 7.972122592000176 ], [ -9.415533370999981, 7.970169811000176 ], [ -9.415725814999917, 7.970041967999975 ], [ -9.423147, 7.965106000000162 ], [ -9.432427, 7.947937000000138 ], [ -9.428606999999829, 7.924752 ], [ -9.424505, 7.914182 ], [ -9.430327, 7.898146000000111 ], [ -9.423958, 7.872638 ], [ -9.423477, 7.862288 ], [ -9.417027, 7.852179000000149 ], [ -9.415319251999961, 7.850622996000027 ], [ -9.410909999999888, 7.846610000000169 ], [ -9.407689773999834, 7.838344501999984 ], [ -9.406637, 7.835647000000108 ], [ -9.406248013999914, 7.835247832000107 ], [ -9.406244851999929, 7.835244587000091 ], [ -9.39586000099996, 7.82459 ], [ -9.3904, 7.809200001000079 ], [ -9.387832097999933, 7.806800092000174 ], [ -9.38719, 7.806201000000158 ], [ -9.386419802999967, 7.806076627000095 ], [ -9.38282, 7.8055 ], [ -9.378680000999964, 7.80296 ], [ -9.369490000999917, 7.803680001000032 ], [ -9.369489713999883, 7.803679786000089 ], [ -9.369487, 7.80368 ], [ -9.359363, 7.796106000000123 ], [ -9.359361597999964, 7.796101195 ], [ -9.359360000999857, 7.7961 ], [ -9.35475, 7.78031 ], [ -9.355980000999978, 7.77825000100006 ], [ -9.356324732999894, 7.777678354999978 ], [ -9.356350750999979, 7.777635211000131 ], [ -9.356768999999872, 7.776936000000148 ], [ -9.357308916999955, 7.775340632000109 ], [ -9.357388746999902, 7.775103718000025 ], [ -9.355328, 7.772801000000129 ], [ -9.349105999999892, 7.774152000000186 ], [ -9.349105311999949, 7.774148848999971 ], [ -9.349100000999954, 7.774150000000191 ], [ -9.3482, 7.770020001000148 ], [ -9.349708981999981, 7.763393321000024 ], [ -9.350548, 7.759702 ], [ -9.349849426999981, 7.756968207000057 ], [ -9.349808843999881, 7.756809957000144 ], [ -9.349720674999958, 7.756466155000112 ], [ -9.34896, 7.7535 ], [ -9.347573488999956, 7.752168510000047 ], [ -9.347326929999952, 7.751931735000085 ], [ -9.343918, 7.748662 ], [ -9.347281902999953, 7.742342988000132 ], [ -9.347284227999978, 7.742338622000148 ], [ -9.351109999999892, 7.73515 ], [ -9.35187, 7.7184 ], [ -9.360905, 7.707952000000148 ], [ -9.36095045899998, 7.707899415000156 ], [ -9.362741016999905, 7.705828138000129 ], [ -9.363779543999954, 7.703925236000032 ], [ -9.369237, 7.693922000000157 ], [ -9.370667, 7.681994 ], [ -9.36945293499997, 7.673845027000141 ], [ -9.36939273299987, 7.673442132000105 ], [ -9.368200000999934, 7.66546000000011 ], [ -9.372190000999865, 7.64574 ], [ -9.369510182999932, 7.638854233000075 ], [ -9.369238219999943, 7.638157564000096 ], [ -9.368965098999922, 7.637783750000096 ], [ -9.365088, 7.632481 ], [ -9.364550709999889, 7.63174615600002 ], [ -9.364469298999893, 7.631635376000077 ], [ -9.36351, 7.63033 ], [ -9.35662, 7.628010000000188 ], [ -9.356041145999939, 7.627360897000187 ], [ -9.354558999999881, 7.625704000000155 ], [ -9.357146999999884, 7.612175 ], [ -9.357149901999946, 7.612170509000123 ], [ -9.357149999999876, 7.612170000000162 ], [ -9.357693988999927, 7.61132841500006 ], [ -9.376374, 7.582417 ], [ -9.377372, 7.574505 ], [ -9.378514999999879, 7.565443000000187 ], [ -9.389702155999942, 7.545798859000115 ], [ -9.389703969999914, 7.545795672000111 ], [ -9.399379999999894, 7.5288 ], [ -9.399387741999931, 7.528513537000038 ], [ -9.399508, 7.52398600000015 ], [ -9.399583193999945, 7.521109299999978 ], [ -9.39965, 7.51848 ], [ -9.400240347999954, 7.517454016000045 ], [ -9.405447, 7.508401000000106 ], [ -9.410257659999957, 7.495104609000123 ], [ -9.410679167999888, 7.493938947000174 ], [ -9.41871, 7.47173000000015 ], [ -9.4298, 7.461670001000073 ], [ -9.43397, 7.45412 ], [ -9.433973873999946, 7.454118040000083 ], [ -9.433975, 7.454116 ], [ -9.435801630999947, 7.453193106000072 ], [ -9.435802182999964, 7.453192826000077 ], [ -9.44389, 7.4491 ], [ -9.451280000999873, 7.44202 ], [ -9.453352255999903, 7.438671885000019 ], [ -9.453644026999882, 7.438200473000109 ], [ -9.456379, 7.433776 ], [ -9.460886999999843, 7.418865000000153 ], [ -9.46697804299987, 7.398712045000082 ], [ -9.47107, 7.38517 ], [ -9.471945095999956, 7.3843976980001 ], [ -9.477537, 7.379457 ], [ -9.478456835999964, 7.376559318000091 ], [ -9.4787, 7.37579 ], [ -9.478257307999911, 7.368696637000141 ], [ -9.477838024999926, 7.362011397000117 ], [ -9.46815, 7.36886 ], [ -9.462370000999954, 7.375950000000103 ], [ -9.456549999999822, 7.39177 ], [ -9.451955759999919, 7.39567949800005 ], [ -9.446619, 7.400223000000153 ], [ -9.415713, 7.417775 ], [ -9.410858, 7.423495000000116 ], [ -9.409350075999896, 7.42321546800008 ], [ -9.408330000999968, 7.423030001000086 ], [ -9.406554864999976, 7.4210934890001 ], [ -9.405579999999873, 7.420031 ], [ -9.405136277999929, 7.418922513000041 ], [ -9.403140000999883, 7.41394 ], [ -9.40079, 7.40808 ], [ -9.39696, 7.388550000000123 ], [ -9.396075454999959, 7.388612125000179 ], [ -9.393971, 7.388764 ], [ -9.391016917999934, 7.390712450000137 ], [ -9.390953766999928, 7.390754203000142 ], [ -9.389129999999852, 7.391960000000154 ], [ -9.386043466999979, 7.391653264000183 ], [ -9.384299251999835, 7.391480322000064 ], [ -9.382365635999975, 7.39231350700004 ], [ -9.380609, 7.393072000000132 ], [ -9.372733, 7.405436000000179 ], [ -9.372732262999875, 7.405436447999989 ], [ -9.372730000999866, 7.405440001000045 ], [ -9.364943613999969, 7.410174175000066 ], [ -9.36073986599996, 7.412731257000075 ], [ -9.359780000999876, 7.421680001000084 ], [ -9.359779142999969, 7.421680666999976 ], [ -9.359779, 7.421682 ], [ -9.353506153999831, 7.426556783000024 ], [ -9.35008, 7.42922 ], [ -9.347275769999897, 7.429074854000078 ], [ -9.345250000999897, 7.428970001000039 ], [ -9.342105897999886, 7.427474536000034 ], [ -9.337443999999891, 7.425263 ], [ -9.33412680299989, 7.424732447000054 ], [ -9.330079999999896, 7.42409 ], [ -9.325406384999894, 7.425425320000102 ], [ -9.325343288999932, 7.425443347000112 ], [ -9.324555, 7.425669 ], [ -9.323370838999892, 7.426978508 ], [ -9.32063000099987, 7.430020000000127 ], [ -9.310728931999904, 7.429150069 ], [ -9.309584, 7.429050000000188 ], [ -9.304801230999885, 7.425528397000051 ], [ -9.304572276999977, 7.425360027000124 ], [ -9.300180000999887, 7.422130001000028 ], [ -9.29527, 7.422640001000161 ], [ -9.295268385999918, 7.422636751000027 ], [ -9.295266, 7.422637000000179 ], [ -9.293109827999956, 7.418290465000155 ], [ -9.29009, 7.412210000000186 ], [ -9.288899204999893, 7.405643994000116 ], [ -9.288871705999952, 7.405492369000115 ], [ -9.288296999999886, 7.402335000000107 ], [ -9.289948, 7.392701 ], [ -9.28858850599994, 7.388109088000022 ], [ -9.28322151499998, 7.384827555000015 ], [ -9.281297816999881, 7.383651351000083 ], [ -9.274586999999826, 7.379552000000103 ], [ -9.270731370999954, 7.37976190400002 ], [ -9.26676, 7.37998000000016 ], [ -9.265339950999874, 7.380621432000112 ], [ -9.259103999999866, 7.38344300000017 ], [ -9.23528466099998, 7.387891325000055 ], [ -9.227320000999953, 7.38938 ], [ -9.217268356999966, 7.386663340000155 ], [ -9.21696043999998, 7.386580119000087 ], [ -9.211778, 7.385181 ], [ -9.20774699999987, 7.383283 ], [ -9.2021, 7.380623 ], [ -9.20210024499994, 7.380620116000159 ], [ -9.202100000999906, 7.380620001000068 ], [ -9.202229706999901, 7.37909708400008 ], [ -9.203796999999895, 7.360659 ], [ -9.205447, 7.356916000000183 ], [ -9.205908227999885, 7.355871053000101 ], [ -9.206120000999931, 7.355390001000103 ], [ -9.206139630999928, 7.351336395000089 ], [ -9.206139981999968, 7.351259963000132 ], [ -9.204762309999921, 7.348544886000127 ], [ -9.201347, 7.341824 ], [ -9.201343301999941, 7.341217179000182 ], [ -9.201330000999974, 7.34002 ], [ -9.201227425999946, 7.323505510000132 ], [ -9.201208999999892, 7.320703 ], [ -9.195473812999921, 7.311554522 ], [ -9.195437046999928, 7.311495903000036 ], [ -9.19024, 7.30321 ], [ -9.184789724999916, 7.300306706000185 ], [ -9.181978, 7.298810000000174 ], [ -9.160678, 7.276680000000169 ], [ -9.15379, 7.273436000000174 ], [ -9.136679746999846, 7.273957401000075 ], [ -9.134, 7.274040001000174 ], [ -9.12065, 7.276510001000076 ], [ -9.119197634999921, 7.275630354000043 ], [ -9.116056, 7.273731 ], [ -9.113697, 7.257340000000113 ], [ -9.113606, 7.256712 ], [ -9.110641, 7.252284000000145 ], [ -9.104943, 7.250193000000138 ], [ -9.104942721999976, 7.250190998000164 ], [ -9.10494, 7.25019 ], [ -9.104547598999886, 7.247345093000149 ], [ -9.103936, 7.24294 ], [ -9.102276, 7.240062000000137 ], [ -9.095346908999886, 7.227913061000095 ], [ -9.094150000999946, 7.22582 ], [ -9.095639999999889, 7.222990001000085 ], [ -9.096443595999915, 7.218716326000049 ], [ -9.096519, 7.218314 ], [ -9.096519328999875, 7.218313563000038 ], [ -9.09652, 7.21831 ], [ -9.09994093399996, 7.213769872000057 ], [ -9.104618, 7.207559 ], [ -9.105796999999882, 7.201135 ], [ -9.104642094999974, 7.194628575000024 ], [ -9.10445042099991, 7.193552363000151 ], [ -9.092455, 7.201077 ], [ -9.086480800999936, 7.2022415940001 ], [ -9.086355243999947, 7.202266238 ], [ -9.084400000999892, 7.202650000000119 ], [ -9.066979615999969, 7.201049976000093 ], [ -9.065999891999979, 7.200960082000108 ], [ -9.06493723899996, 7.201761673000078 ], [ -9.053303, 7.210546000000136 ], [ -9.046476788999939, 7.21451976600008 ], [ -9.046356415999924, 7.21458997600007 ], [ -9.04039, 7.218070001000115 ], [ -9.036, 7.222410001000071 ], [ -9.03181, 7.232720001000075 ], [ -9.029389138999932, 7.234486052000136 ], [ -9.016803, 7.243674 ], [ -9.006499395999981, 7.243086326000082 ], [ -9.00427, 7.24296 ], [ -9.00369, 7.242930000000115 ], [ -8.99285, 7.249770001000059 ], [ -8.97651999999988, 7.24832 ], [ -8.96438879599998, 7.251556265000033 ], [ -8.963851, 7.251700000000142 ], [ -8.958549962999939, 7.254200074000039 ], [ -8.956691132999879, 7.257867764000082 ], [ -8.957124, 7.263608 ], [ -8.953183, 7.269789 ], [ -8.953180779999968, 7.269788779000123 ], [ -8.953180000999964, 7.269790001000047 ], [ -8.948350000999937, 7.26931 ], [ -8.945081200999937, 7.264457350000157 ], [ -8.944469, 7.26355 ], [ -8.944285666999974, 7.26350031000004 ], [ -8.94102, 7.26262 ], [ -8.937789999999893, 7.26513 ], [ -8.937789816999953, 7.265164878000064 ], [ -8.937763, 7.270866000000183 ], [ -8.933381, 7.273372 ], [ -8.933467812999936, 7.273556578000012 ], [ -8.937710000999914, 7.28257 ], [ -8.93701, 7.285550000000114 ], [ -8.937006558999883, 7.285549397000125 ], [ -8.937005, 7.285556 ], [ -8.928959, 7.284141 ], [ -8.920876, 7.287661000000128 ], [ -8.919045, 7.288458 ], [ -8.919044676999931, 7.288457955000069 ], [ -8.919039999999882, 7.28846 ], [ -8.91722710199997, 7.28820703700012 ], [ -8.915597, 7.287982 ], [ -8.911908929999981, 7.281845717000124 ], [ -8.911724651999975, 7.28153946000009 ], [ -8.90646, 7.27279 ], [ -8.906873140999949, 7.269150959000115 ], [ -8.907186, 7.266363 ], [ -8.905776723999907, 7.26310946500007 ], [ -8.905776522999815, 7.263109000000156 ], [ -8.905591065999943, 7.26268245 ], [ -8.90284, 7.261062 ], [ -8.863511, 7.258125 ], [ -8.848071999999888, 7.263333 ], [ -8.836682572999962, 7.279049176000115 ], [ -8.83348099199992, 7.283468630000186 ], [ -8.833461, 7.2876 ], [ -8.834217011999897, 7.289017312999988 ], [ -8.83573, 7.291850000000181 ], [ -8.837338002999957, 7.294868196000152 ], [ -8.838249, 7.296576 ], [ -8.838248832999966, 7.29657781200001 ], [ -8.83825, 7.296580001000109 ], [ -8.837770000999967, 7.301850000000172 ], [ -8.833370000999878, 7.307340000000181 ], [ -8.833247154999924, 7.309508682000057 ], [ -8.833245371999965, 7.309540145000085 ], [ -8.833114, 7.311933 ], [ -8.837683, 7.318842 ], [ -8.837221406999959, 7.325288392 ], [ -8.837190194999948, 7.325727271 ], [ -8.841989999999896, 7.33240700000016 ], [ -8.846082, 7.34275700000012 ], [ -8.845927071999881, 7.345567757000083 ], [ -8.84583, 7.34735 ], [ -8.83539, 7.364520000000141 ], [ -8.832384871999921, 7.36804007700016 ], [ -8.815492, 7.387836 ], [ -8.811284999999828, 7.40136 ], [ -8.810303627999872, 7.401599858 ], [ -8.80668, 7.402490000000114 ], [ -8.805410592999976, 7.40359721699997 ], [ -8.802818345999981, 7.405858257000034 ], [ -8.800809999999899, 7.407610001000023 ], [ -8.799253102999955, 7.408967981999979 ], [ -8.796741, 7.411161000000106 ], [ -8.792144999999891, 7.409762000000171 ], [ -8.788452, 7.412040000000161 ], [ -8.788450482999906, 7.412039701000026 ], [ -8.788450000999944, 7.412040000000161 ], [ -8.787473335999891, 7.411847280000018 ], [ -8.782474999999863, 7.41086300000012 ], [ -8.77993813899991, 7.412228387000027 ], [ -8.777623608999932, 7.422658109000054 ], [ -8.774291, 7.437682000000109 ], [ -8.776334, 7.44343 ], [ -8.775391, 7.448017000000107 ], [ -8.77539054399989, 7.448017347000018 ], [ -8.775389999999845, 7.448020000000156 ], [ -8.772390000999962, 7.4503 ], [ -8.75718, 7.454360001000111 ], [ -8.7463, 7.468770000000177 ], [ -8.72697789599988, 7.489433917999975 ], [ -8.726860999999815, 7.489559 ], [ -8.726860509999938, 7.489559454000073 ], [ -8.726859999999817, 7.489560001000029 ], [ -8.726428410999972, 7.489960601000121 ], [ -8.715301999999895, 7.50029000000012 ], [ -8.713861280999879, 7.502133862999983 ], [ -8.709049999999877, 7.50830000100018 ], [ -8.706720000999894, 7.514250000000175 ], [ -8.708481037999945, 7.519036170000049 ], [ -8.712394, 7.529655000000105 ], [ -8.711733951999975, 7.533489904000135 ], [ -8.711280000999977, 7.536140001000092 ], [ -8.71074, 7.53929 ], [ -8.711619510999924, 7.546635913000102 ], [ -8.719450999999879, 7.545297 ], [ -8.721743999999887, 7.547143 ], [ -8.722532918999889, 7.551597970000046 ], [ -8.72264, 7.552200001000188 ], [ -8.720852755999886, 7.558505561 ], [ -8.713740000999962, 7.5836 ], [ -8.712596481999924, 7.592705788000103 ], [ -8.711582, 7.600800000000163 ], [ -8.704132999999899, 7.617746000000182 ], [ -8.704331, 7.624173 ], [ -8.705828, 7.629555 ], [ -8.707272, 7.634744 ], [ -8.707134087999975, 7.636235032000172 ], [ -8.70679, 7.64002 ], [ -8.702034796999953, 7.64514541900013 ], [ -8.701015, 7.64624600000019 ], [ -8.701011500999925, 7.64624838200001 ], [ -8.701009999999883, 7.646250001000055 ], [ -8.700380000999814, 7.64668 ], [ -8.687580000999958, 7.655400001000032 ], [ -8.67662, 7.668810001000111 ], [ -8.6703, 7.687930000000165 ], [ -8.66612, 7.69309 ], [ -8.663374404999956, 7.694336891000091 ], [ -8.663136291999876, 7.694445026999972 ], [ -8.659361999999874, 7.696163000000126 ], [ -8.639963101999911, 7.695475520000059 ], [ -8.638829297999962, 7.695435511000085 ], [ -8.6007, 7.694090000000188 ], [ -8.571949933999974, 7.693065468000157 ], [ -8.56557688099997, 7.69283835900012 ], [ -8.565501128999927, 7.692835660000128 ], [ -8.559730000999934, 7.692630001000111 ], [ -8.558113209999874, 7.685326570000029 ], [ -8.557989, 7.684766 ], [ -8.556175, 7.676572 ], [ -8.554747, 7.649656 ], [ -8.565239469999938, 7.625899465000089 ], [ -8.562502595999888, 7.623140269000032 ], [ -8.562460930999919, 7.623098264000021 ], [ -8.559103999999877, 7.61972 ], [ -8.553959, 7.614541 ], [ -8.544582, 7.605104 ], [ -8.487145999999882, 7.57121 ], [ -8.481278528999951, 7.56469137199997 ], [ -8.47218, 7.554590000000132 ], [ -8.440890000999957, 7.58653 ], [ -8.4174300009999, 7.60816 ], [ -8.417428850999897, 7.608160294000015 ], [ -8.417427, 7.608162000000164 ], [ -8.405477, 7.611213 ], [ -8.40155099999987, 7.611521 ], [ -8.393016999999872, 7.612191000000109 ], [ -8.388126721999981, 7.609111017000089 ], [ -8.384740000999898, 7.60698 ], [ -8.381670000999975, 7.597650000000101 ], [ -8.381100000999822, 7.592310001000158 ], [ -8.379689999999869, 7.57901 ], [ -8.374545129999944, 7.57589521400007 ], [ -8.369346567999969, 7.572750553000049 ], [ -8.364408244999936, 7.573546546000102 ], [ -8.35688, 7.574763 ], [ -8.352422764999915, 7.57651717900012 ], [ -8.346480000999975, 7.57886 ], [ -8.324140955999951, 7.598041023000064 ], [ -8.322504999999865, 7.599446 ], [ -8.322504613999911, 7.5994460390001 ], [ -8.322499999999877, 7.599450001000093 ], [ -8.312778694999963, 7.600421145000155 ], [ -8.302776, 7.601424 ], [ -8.29897745999989, 7.597120276000169 ], [ -8.29865, 7.596750000999975 ], [ -8.29865012199997, 7.596749405000139 ], [ -8.298648, 7.596747 ], [ -8.299205064999967, 7.594042749000153 ], [ -8.299710000999937, 7.591580001000125 ], [ -8.297669999999869, 7.584840000000156 ], [ -8.292734494999934, 7.580178690000139 ], [ -8.292452, 7.579912 ], [ -8.292294727999945, 7.579763411000158 ], [ -8.289410000999908, 7.577040001000057 ], [ -8.25728000099997, 7.56757000000016 ], [ -8.23557, 7.551940000000116 ], [ -8.233717077999927, 7.551257344000078 ], [ -8.229873999999882, 7.549843000000124 ], [ -8.22987184599998, 7.549840680000102 ], [ -8.229869999999835, 7.54984 ], [ -8.21491, 7.533730000000105 ], [ -8.20504, 7.53575 ], [ -8.19358, 7.545010000000104 ], [ -8.186913096999945, 7.555625120000173 ], [ -8.179971, 7.56668400000018 ], [ -8.177045262999911, 7.572649012999989 ], [ -8.172630000999959, 7.581660001000046 ], [ -8.172054124999931, 7.612113085000146 ], [ -8.17204, 7.612864 ], [ -8.172037573999887, 7.612992349000081 ], [ -8.17191, 7.619950000000131 ], [ -8.15725, 7.644210000000101 ], [ -8.148920000999908, 7.64934 ], [ -8.1437, 7.65553 ], [ -8.142587246999881, 7.66646917200012 ], [ -8.140549302999943, 7.686503648000098 ], [ -8.139861, 7.693283 ], [ -8.129145418999883, 7.704881945000068 ], [ -8.123680000999911, 7.710800001000166 ], [ -8.112709999999879, 7.713290001000132 ], [ -8.101330000999951, 7.715870000000166 ], [ -8.09404, 7.722040000000163 ], [ -8.092746109999894, 7.735670554000137 ], [ -8.09129, 7.751010000000122 ], [ -8.086, 7.768570000000182 ], [ -8.071349999999825, 7.790230000000179 ], [ -8.070262, 7.799538 ], [ -8.071770793999917, 7.808340799 ], [ -8.074092886999949, 7.810680370000057 ], [ -8.081068, 7.817705 ], [ -8.082301622999921, 7.818947601000104 ], [ -8.08313, 7.819780000000151 ], [ -8.11466, 7.844770001000086 ], [ -8.116387429999975, 7.854353124000113 ], [ -8.117181, 7.858753 ], [ -8.116611118999913, 7.86240355800004 ], [ -8.11557, 7.869090000000142 ], [ -8.107533877999913, 7.883917075000113 ], [ -8.10717899999986, 7.884572 ], [ -8.106182999999874, 7.885633 ], [ -8.105529414999978, 7.886329359000058 ], [ -8.09413000099994, 7.898480001000166 ], [ -8.084776761999933, 7.912712837000072 ], [ -8.082611, 7.91601 ], [ -8.075221, 7.938737 ], [ -8.075220925999929, 7.938737153000034 ], [ -8.075220000999934, 7.938740001000042 ], [ -8.065769999999873, 7.958350000000166 ], [ -8.065489338999953, 7.959291827000015 ], [ -8.062202, 7.970335 ], [ -8.053371, 8.000000000000171 ], [ -8.06354, 8.011080000000163 ], [ -8.062135, 8.013854 ], [ -8.057645, 8.022717 ], [ -8.047423, 8.029940000000124 ], [ -8.045602239999937, 8.030718263000097 ], [ -8.04074, 8.032800001000055 ], [ -8.037084915999969, 8.031764195000164 ], [ -8.031526, 8.030193000000111 ], [ -8.029654, 8.029682 ], [ -8.027311461999886, 8.031162976000076 ], [ -8.024320000999921, 8.033060000000148 ], [ -8.020392008999977, 8.03275930500007 ], [ -8.009818, 8.031954000000155 ], [ -8.008200923999823, 8.033581473000027 ], [ -8.00329, 8.038530001000026 ], [ -8.000280000999908, 8.039180000000101 ], [ -7.995216874999926, 8.037248612000155 ], [ -7.989054, 8.034902000000159 ], [ -7.987259, 8.03120500000017 ], [ -7.98726043299996, 8.031200891000083 ], [ -7.987260000999981, 8.0312 ], [ -7.9918, 8.01818 ], [ -7.99067, 8.01679 ], [ -7.988450259999979, 8.017419406000101 ], [ -7.986046, 8.018105 ], [ -7.984294, 8.010965 ], [ -7.982229488999963, 8.01048035000008 ], [ -7.980471066999939, 8.011685229000079 ], [ -7.972703, 8.017014000000131 ], [ -7.95963, 8.012941000000126 ], [ -7.956747733999975, 8.010106504000078 ], [ -7.95372, 8.007130001000121 ], [ -7.950518688999978, 8.007216835000179 ], [ -7.948189, 8.007283 ], [ -7.945581999999888, 8.012988000000121 ], [ -7.946386870999959, 8.014645579000046 ], [ -7.94693, 8.015760001000046 ], [ -7.946744809999927, 8.018710481000085 ], [ -7.946344043999886, 8.025165294000089 ], [ -7.947357610999973, 8.026491874000101 ], [ -7.950420999999892, 8.030499 ], [ -7.946623999999872, 8.039173 ], [ -7.946580999999867, 8.042386000000135 ], [ -7.954108, 8.044547 ], [ -7.963332, 8.047195000000158 ], [ -7.96959, 8.061970000000144 ], [ -7.98111299999988, 8.079337 ], [ -7.987071999999898, 8.08170900000016 ], [ -7.993224999999882, 8.086840000000166 ], [ -8.010641, 8.09395000000012 ], [ -8.012717434999956, 8.098481098000036 ], [ -8.014450000999943, 8.10226 ], [ -8.0144496449999, 8.102261042000123 ], [ -8.014451, 8.102264 ], [ -8.010151, 8.114821 ], [ -8.01061289099988, 8.115340338000181 ], [ -8.014339999999891, 8.119530000999987 ], [ -8.014449860999946, 8.120039997999982 ], [ -8.014449922999859, 8.120040287000108 ], [ -8.015433, 8.124595000000113 ], [ -8.009334, 8.133704 ], [ -8.007620267999926, 8.142171735000034 ], [ -8.008443252999882, 8.147491369000022 ], [ -8.009973999999886, 8.157359000000156 ], [ -8.009528567999894, 8.160222621 ], [ -8.008979999999895, 8.16378 ], [ -7.999994332999904, 8.172352850000095 ], [ -7.99592, 8.176244 ], [ -7.995136203999948, 8.17842984400005 ], [ -7.9933, 8.183560001000046 ], [ -7.993649927999968, 8.192748128000119 ], [ -7.99842, 8.198545000000138 ], [ -8.004182999999898, 8.198616000000129 ], [ -8.004994189999877, 8.197695706 ], [ -8.004994247999889, 8.197695641000109 ], [ -8.006990000999906, 8.195430000000101 ], [ -8.013241269999867, 8.191917465000188 ], [ -8.014178999999899, 8.191390000000183 ], [ -8.017926999999872, 8.186384 ], [ -8.01793, 8.186380001000146 ], [ -8.02367, 8.1876 ], [ -8.023670718999938, 8.187601093000126 ], [ -8.023675, 8.187602 ], [ -8.027199, 8.192967 ], [ -8.03477, 8.20449600000012 ], [ -8.037530129999936, 8.205054312000129 ], [ -8.0396, 8.205470001000151 ], [ -8.04332922899988, 8.202070703000061 ], [ -8.051419999999894, 8.180359000000124 ], [ -8.052776510999934, 8.178710218000163 ], [ -8.05277789299987, 8.178708538000024 ], [ -8.064510000999917, 8.16444000100006 ], [ -8.068549764999943, 8.1617620560001 ], [ -8.068926, 8.161512 ], [ -8.06892669299998, 8.161512192000032 ], [ -8.06893, 8.16151 ], [ -8.084825, 8.165919581000139 ], [ -8.089083, 8.167100000000175 ], [ -8.093732938999949, 8.173061639000082 ], [ -8.094689477999964, 8.173595439000167 ], [ -8.094689670999969, 8.173595546000115 ], [ -8.101743, 8.177526 ], [ -8.102910782999913, 8.181305775000055 ], [ -8.10374, 8.18398 ], [ -8.110940000999904, 8.18875 ], [ -8.126380000999973, 8.196170001000155 ], [ -8.166720000999931, 8.19641 ], [ -8.170164143999955, 8.197312548000127 ], [ -8.170164407999891, 8.197312617000023 ], [ -8.179585, 8.199775000000102 ], [ -8.189421, 8.206546 ], [ -8.207398, 8.227416 ], [ -8.219082999999841, 8.23397800000015 ], [ -8.224302, 8.233438 ], [ -8.225081999999873, 8.233357000000126 ], [ -8.230307, 8.226032000000146 ], [ -8.230308385999933, 8.226032263000036 ], [ -8.230310000999907, 8.226030000000151 ], [ -8.23808901599989, 8.227508468000053 ], [ -8.24399499999987, 8.228629 ], [ -8.245723133999945, 8.231778202000044 ], [ -8.24666, 8.233480000000156 ], [ -8.247453737999876, 8.234930427000165 ], [ -8.248055, 8.236025 ], [ -8.248492215999931, 8.246885018000114 ], [ -8.248734560999878, 8.252839279000113 ], [ -8.24877, 8.253710000000126 ], [ -8.247574991999954, 8.257030023000141 ], [ -8.246383, 8.260345 ], [ -8.246381170999939, 8.260346749000121 ], [ -8.24638000099992, 8.260350001 ], [ -8.239401161999922, 8.267019128000186 ], [ -8.23286, 8.273272 ], [ -8.23111347899993, 8.277996273000099 ], [ -8.230240117999813, 8.28035968100005 ], [ -8.231749999999863, 8.289104000000123 ], [ -8.231749634999915, 8.289107886000124 ], [ -8.231749999999863, 8.289110000000107 ], [ -8.231594598999948, 8.290756375000171 ], [ -8.230693, 8.300343000000169 ], [ -8.237602, 8.320174000000122 ], [ -8.237973, 8.327757000000133 ], [ -8.229066873999898, 8.344763036000188 ], [ -8.228770922999843, 8.345328238000036 ], [ -8.228569649999883, 8.345949887000074 ], [ -8.2276, 8.34895 ], [ -8.22566, 8.354940001000159 ], [ -8.225736431999962, 8.35768199600011 ], [ -8.225821, 8.360680000000173 ], [ -8.230049887999883, 8.373920552000072 ], [ -8.236800000999892, 8.395050001000129 ], [ -8.237284421999902, 8.398980916000028 ], [ -8.237284485999908, 8.398981433000131 ], [ -8.238371999999856, 8.407795 ], [ -8.238042987999961, 8.411757326000043 ], [ -8.237885686999959, 8.413665714 ], [ -8.23975, 8.429168000000118 ], [ -8.240520120999975, 8.430934423 ], [ -8.245590000999925, 8.44255 ], [ -8.245586138999897, 8.442554010000151 ], [ -8.243500000999973, 8.444720001000064 ], [ -8.24284, 8.44675 ], [ -8.242719805999968, 8.447101041000053 ], [ -8.241583999999875, 8.450436 ], [ -8.242240919999972, 8.45543744500003 ], [ -8.24243, 8.45687 ], [ -8.242429296999887, 8.456871647000071 ], [ -8.24243, 8.456877 ], [ -8.241341273999865, 8.459421292000059 ], [ -8.24077, 8.460760001000097 ], [ -8.235409999999888, 8.465750001000117 ], [ -8.235404077999931, 8.465749928000037 ], [ -8.235404, 8.46575 ], [ -8.233788999999888, 8.465731 ], [ -8.233557342999916, 8.462653110000133 ], [ -8.233557208999912, 8.462651331000075 ], [ -8.233390196999949, 8.460442601000125 ], [ -8.230416999999875, 8.458963000000153 ], [ -8.226752668999893, 8.458627882000144 ], [ -8.22257999999988, 8.458250000000135 ], [ -8.221053894999955, 8.459231068000122 ], [ -8.220485, 8.459599 ], [ -8.223381, 8.468132000000139 ], [ -8.221212, 8.470409 ], [ -8.221210373999895, 8.470409607000022 ], [ -8.221209999999871, 8.470410000000129 ], [ -8.215129999999874, 8.47268 ], [ -8.21357, 8.47419 ], [ -8.205989218999946, 8.481632047000062 ], [ -8.205919927999901, 8.481700107 ], [ -8.19675999999987, 8.495370001000083 ], [ -8.1983, 8.50159 ], [ -8.198087199999918, 8.501761760000022 ], [ -8.196898, 8.502724 ], [ -8.187, 8.500996 ], [ -8.184115350999946, 8.499722912000038 ], [ -8.18379, 8.499580001000027 ], [ -8.17824, 8.500430000000108 ], [ -8.17526, 8.499250000000188 ], [ -8.172425311999916, 8.495777632000113 ], [ -8.169573999999898, 8.492285000000152 ], [ -8.164914093999812, 8.495106129000078 ], [ -8.162140000999955, 8.49679 ], [ -8.158306640999967, 8.496343651000132 ], [ -8.157760000999929, 8.496280001000059 ], [ -8.157260690999919, 8.495336860000066 ], [ -8.15640599999989, 8.493731 ], [ -8.156916, 8.492364000000123 ], [ -8.157529999999895, 8.490715 ], [ -8.157599, 8.490531000000146 ], [ -8.157032259999937, 8.486653399000033 ], [ -8.156960000999902, 8.486160001000087 ], [ -8.156897101999959, 8.486123739999982 ], [ -8.153300000999934, 8.484050001000128 ], [ -8.151669022999897, 8.487805359000163 ], [ -8.150922, 8.489531 ], [ -8.146989999999846, 8.4904 ], [ -8.143240000999981, 8.495180001000165 ], [ -8.142134281999972, 8.494918260000077 ], [ -8.139099, 8.494208000000128 ], [ -8.134102, 8.487945 ], [ -8.130080712999927, 8.487293419000082 ], [ -8.129499999999894, 8.4872 ], [ -8.127766368999914, 8.488129027000127 ], [ -8.125318, 8.489444000000105 ], [ -8.120944, 8.488701000000106 ], [ -8.120943946999944, 8.488700668000035 ], [ -8.12094, 8.488700001000097 ], [ -8.119770214999903, 8.481343151000146 ], [ -8.11965967499998, 8.480650229 ], [ -8.109033785999941, 8.488113494000174 ], [ -8.103602, 8.491931 ], [ -8.101750519999939, 8.49622065300008 ], [ -8.09838, 8.50404 ], [ -8.09536, 8.505840001000024 ], [ -8.095356303999949, 8.505837819000021 ], [ -8.095356, 8.505838 ], [ -8.092526521999957, 8.504167578000136 ], [ -8.081842458999972, 8.497861451000119 ], [ -8.076901, 8.499309 ], [ -8.071492315999876, 8.502643739000064 ], [ -8.06959, 8.503820000000132 ], [ -8.066238365999936, 8.505911959000116 ], [ -8.065125, 8.506608 ], [ -8.065123909999897, 8.50660756000002 ], [ -8.06512, 8.506610001000126 ], [ -8.063127946999941, 8.505801083000165 ], [ -8.059846, 8.504475000000127 ], [ -8.057124242999976, 8.502133636000053 ], [ -8.055510000999902, 8.500750000000153 ], [ -8.051901750999946, 8.49889171 ], [ -8.05118, 8.498521 ], [ -8.044966172999978, 8.495329089000052 ], [ -8.037833481999883, 8.49363082900004 ], [ -8.031117999999822, 8.495842 ], [ -8.02862151699992, 8.495608603999983 ], [ -8.022589999999866, 8.495050000000163 ], [ -8.01142181299997, 8.488498926999966 ], [ -8.009769999999889, 8.487531000000104 ], [ -8.006831299999931, 8.48846446400006 ], [ -8.00282, 8.48974 ], [ -7.997980000999974, 8.489450000999966 ], [ -7.99065, 8.48522000100013 ], [ -7.985275221999927, 8.483805584000038 ], [ -7.985139934999893, 8.483770034000145 ], [ -7.98049, 8.48624 ], [ -7.980464045999895, 8.486316671000054 ], [ -7.978093, 8.493325 ], [ -7.978091247999942, 8.493326315000047 ], [ -7.978090000999941, 8.493330000000128 ], [ -7.975443472999928, 8.49531306300014 ], [ -7.970871, 8.498744 ], [ -7.967639, 8.498933 ], [ -7.963098, 8.493361 ], [ -7.96253644199993, 8.493487506000179 ], [ -7.957310000999939, 8.494670000000156 ], [ -7.951342872999874, 8.493817554000145 ], [ -7.950175, 8.493652000000111 ], [ -7.944495886999903, 8.498989895000079 ], [ -7.942699999999832, 8.500680001000092 ], [ -7.938079999999843, 8.501080001000162 ], [ -7.929210741999896, 8.491310817000112 ], [ -7.925072003999958, 8.489807460000179 ], [ -7.915440000999922, 8.486310000000117 ], [ -7.915438683999923, 8.486308249000103 ], [ -7.915438, 8.486308000000179 ], [ -7.91317, 8.483293000000117 ], [ -7.913171303999889, 8.48329173500008 ], [ -7.913170000999969, 8.483290001000114 ], [ -7.913668017999953, 8.482810203000042 ], [ -7.914805999999885, 8.481707000000142 ], [ -7.921216325999865, 8.48024313000019 ], [ -7.921217247999948, 8.480242920000137 ], [ -7.923365631999957, 8.479751000000135 ], [ -7.918569, 8.476244 ], [ -7.912547951999841, 8.465948256000104 ], [ -7.912546878999933, 8.465946422000115 ], [ -7.911800000999961, 8.46467 ], [ -7.91171735699993, 8.463180192000038 ], [ -7.91142699999989, 8.458005000000128 ], [ -7.911430192999887, 8.458003459999986 ], [ -7.911430000999871, 8.458 ], [ -7.91328, 8.457110001000046 ], [ -7.913280666999981, 8.457111125000154 ], [ -7.913283, 8.457110000000171 ], [ -7.915274825999973, 8.460476269000026 ], [ -7.91712, 8.46359 ], [ -7.919439186999966, 8.462700313000028 ], [ -7.919980683999938, 8.461017873000117 ], [ -7.92304, 8.451500000000124 ], [ -7.921250201999896, 8.447340469000153 ], [ -7.911083, 8.449043 ], [ -7.911080055999889, 8.449039991000063 ], [ -7.911080000999959, 8.44904 ], [ -7.910409284999901, 8.448354489 ], [ -7.909716999999887, 8.447647000000188 ], [ -7.909099953999942, 8.438019147000034 ], [ -7.909099923999918, 8.438018686000078 ], [ -7.90895031499997, 8.435694875000081 ], [ -7.896785, 8.433481000000143 ], [ -7.892615, 8.432723000000124 ], [ -7.884745, 8.434916 ], [ -7.884272617999954, 8.43327122400018 ], [ -7.884080000999916, 8.432610000000182 ], [ -7.88745988099987, 8.421400396000138 ], [ -7.886595999999827, 8.417026 ], [ -7.87639, 8.421484000000135 ], [ -7.864760405999959, 8.420771647000095 ], [ -7.852420000999871, 8.420020000000136 ], [ -7.84756, 8.421790001000147 ], [ -7.832880000999978, 8.432850001000077 ], [ -7.830991354999924, 8.436037715 ], [ -7.833532961999879, 8.448327195000047 ], [ -7.837710000999834, 8.468510000000151 ], [ -7.836188493999884, 8.475455030000148 ], [ -7.835002999999858, 8.480877 ], [ -7.834141139999929, 8.482420743000148 ], [ -7.8317, 8.486800000000187 ], [ -7.82727, 8.490190001000087 ], [ -7.82726878099993, 8.490187874000185 ], [ -7.827265999999895, 8.49019 ], [ -7.822758, 8.48232 ], [ -7.820994999999812, 8.481792 ], [ -7.815832, 8.480424 ], [ -7.811394501999928, 8.480209065000111 ], [ -7.808260000999951, 8.480060001000027 ], [ -7.808255533999898, 8.480057026000054 ], [ -7.808255, 8.480057 ], [ -7.807802075999973, 8.479755050000108 ], [ -7.803680000999975, 8.47701000100011 ], [ -7.79916, 8.47029000100008 ], [ -7.79365, 8.468380001000128 ], [ -7.789098455999977, 8.464323566000132 ], [ -7.788409, 8.46371 ], [ -7.780378, 8.443619000000183 ], [ -7.777522571999896, 8.437899841999979 ], [ -7.76421, 8.411250001000042 ], [ -7.753659999999854, 8.3839 ], [ -7.751740173999906, 8.378920452000045 ], [ -7.750804623999954, 8.378127549000055 ], [ -7.74513, 8.37332 ], [ -7.71698, 8.374770001000059 ], [ -7.705587329999901, 8.372793935000175 ], [ -7.69535599999989, 8.371022 ], [ -7.694583020999971, 8.371287044000098 ], [ -7.689570000999879, 8.37301 ], [ -7.687842564999869, 8.372729500000105 ], [ -7.683352, 8.372003 ], [ -7.680118475999905, 8.373102109000115 ], [ -7.676869999999894, 8.374210001000108 ], [ -7.662779999999884, 8.375390001000028 ], [ -7.651730000999919, 8.37455 ], [ -7.643967245999931, 8.376647255000137 ], [ -7.641071532999888, 8.377431856000157 ], [ -7.649700000999928, 8.38788 ], [ -7.650740961999873, 8.393006590000027 ], [ -7.651432, 8.396402000000137 ], [ -7.654605, 8.400578000000166 ], [ -7.666029, 8.408998000000167 ], [ -7.666029637999941, 8.408999734000133 ], [ -7.66603, 8.409000001000038 ], [ -7.669987349999928, 8.419754155000078 ], [ -7.673107999999843, 8.428234000000145 ], [ -7.67559677099996, 8.432623640000088 ], [ -7.680149999999855, 8.440650000000176 ], [ -7.681132194999918, 8.446658274000072 ], [ -7.68143, 8.448476 ], [ -7.681429617999925, 8.44847766800018 ], [ -7.68143, 8.448480000000188 ], [ -7.680826328999956, 8.45111233300014 ], [ -7.679962, 8.454887 ], [ -7.679960256999948, 8.454888877000144 ], [ -7.67996, 8.454890000000148 ], [ -7.67575, 8.459430001000158 ], [ -7.674515910999958, 8.462683506000133 ], [ -7.671686, 8.470164 ], [ -7.667126823999922, 8.477821433000088 ], [ -7.666260000999898, 8.47928000100012 ], [ -7.660180000999901, 8.485400001000073 ], [ -7.659420000999887, 8.490670000000136 ], [ -7.660133978999909, 8.497278654000127 ], [ -7.661064, 8.505851000000121 ], [ -7.663392580999869, 8.510642395 ], [ -7.66601, 8.516020001000129 ], [ -7.675063717999933, 8.525103722000097 ], [ -7.675064455999973, 8.525104463000048 ], [ -7.67808, 8.528128 ], [ -7.678926075999925, 8.529995571000086 ], [ -7.682910000999868, 8.53878 ], [ -7.684328556999901, 8.541920393000169 ], [ -7.684328644999937, 8.541920588000096 ], [ -7.684360155999968, 8.541990138000131 ], [ -7.68756, 8.54479 ], [ -7.697020000999828, 8.580290000000105 ], [ -7.697987177999892, 8.580885511000076 ], [ -7.699307, 8.581697000000133 ], [ -7.699307215999966, 8.581698286000062 ], [ -7.699310000999958, 8.581700001000115 ], [ -7.700345934999859, 8.587889156000188 ], [ -7.701663, 8.595739 ], [ -7.704161, 8.598989 ], [ -7.706618956999932, 8.60514405400005 ], [ -7.711540000999946, 8.61746000100004 ], [ -7.712061565999932, 8.620959012000071 ], [ -7.712813, 8.625978 ], [ -7.722932999999898, 8.656665 ], [ -7.723920999999848, 8.659661 ], [ -7.726825, 8.66728 ], [ -7.736094, 8.68256300000013 ], [ -7.73808, 8.689710000000161 ], [ -7.75067, 8.716750000000104 ], [ -7.75216950399988, 8.723451865000129 ], [ -7.752630999999894, 8.725507000000107 ], [ -7.754158849999897, 8.727712177000058 ], [ -7.756490000999975, 8.731070000000159 ], [ -7.76209, 8.74447 ], [ -7.763579910999965, 8.754369400000087 ], [ -7.763940900999955, 8.75501188100003 ], [ -7.76787, 8.762000000000114 ], [ -7.77266, 8.76712 ], [ -7.773971461999906, 8.767811430000108 ], [ -7.776151999999854, 8.768960000000106 ], [ -7.781603, 8.77183 ], [ -7.786075508999886, 8.772591246000161 ], [ -7.79036, 8.77332 ], [ -7.8124, 8.76602 ], [ -7.823950000999957, 8.765940001000047 ], [ -7.832957487999977, 8.770468788000017 ], [ -7.845527, 8.776785 ], [ -7.855422961999921, 8.77734486300011 ], [ -7.861220000999936, 8.77767 ], [ -7.87442, 8.77531000100015 ], [ -7.89673000099998, 8.76695 ], [ -7.901100000999975, 8.765310001000159 ], [ -7.901105800999915, 8.765310075000173 ], [ -7.901106, 8.76531 ], [ -7.915886999999884, 8.765494 ], [ -7.920611918999953, 8.767309512000111 ], [ -7.925780000999964, 8.76929 ], [ -7.94043, 8.77935 ], [ -7.940430632999892, 8.779350689000125 ], [ -7.940434, 8.779353 ], [ -7.947044999999889, 8.786557000000187 ], [ -7.961311, 8.810396000000139 ], [ -7.962561, 8.821669 ], [ -7.960837015999914, 8.832292661999986 ], [ -7.957779999999843, 8.851140001000033 ], [ -7.956573901999946, 8.858564022000166 ], [ -7.954822, 8.869361 ], [ -7.95206924799993, 8.879164751000133 ], [ -7.94589, 8.901190000999975 ], [ -7.936262422999903, 8.926706489000026 ], [ -7.930363, 8.942351000000144 ], [ -7.919865196999979, 8.96188904100012 ], [ -7.91712, 8.967000000000155 ], [ -7.917441264999979, 8.968914208000115 ], [ -7.917602, 8.969865 ], [ -7.920782, 8.988647000000128 ], [ -7.918283, 9.004011 ], [ -7.916189, 9.006518000000142 ], [ -7.9134213399999, 9.009831456000029 ], [ -7.90632, 9.018340001000183 ], [ -7.900094876999844, 9.024232713000117 ], [ -7.896023999999898, 9.028090000000134 ], [ -7.877067799999963, 9.035603412000057 ], [ -7.865119999999877, 9.040340000000128 ], [ -7.85378999999989, 9.05927 ], [ -7.851411247999977, 9.061401824000029 ], [ -7.850898, 9.06186300000013 ], [ -7.849866271999872, 9.062790045000042 ], [ -7.84093000099989, 9.070830000000115 ], [ -7.813030000999902, 9.08219 ], [ -7.803809999999885, 9.079540000000122 ], [ -7.802651846999879, 9.078356449000125 ], [ -7.801531, 9.077214 ], [ -7.794565334999959, 9.074481013000138 ], [ -7.790019999999856, 9.072700000000111 ], [ -7.784899485999915, 9.071782832000054 ], [ -7.777567, 9.070471 ], [ -7.764905915999975, 9.066170651000164 ], [ -7.759093124999879, 9.067096774000106 ], [ -7.754244999999855, 9.067870000000141 ], [ -7.737269530999924, 9.07523177000013 ], [ -7.737197485999957, 9.075503620000063 ], [ -7.736526, 9.078054 ], [ -7.740957482999931, 9.083108947000085 ], [ -7.741600000999938, 9.083840001000169 ], [ -7.74644226199996, 9.085631317000036 ], [ -7.746443689999978, 9.085631844000034 ], [ -7.755172, 9.088856000000135 ], [ -7.761541, 9.096526 ], [ -7.770549, 9.09710900000016 ], [ -7.770924901999877, 9.097381936000033 ], [ -7.77765000099987, 9.10226 ], [ -7.786409832999936, 9.105493097000135 ], [ -7.786410541999885, 9.10549335900015 ], [ -7.787999, 9.106079 ], [ -7.787999732999936, 9.106079900999987 ], [ -7.788000000999943, 9.10608 ], [ -7.801419346999978, 9.122579198000096 ], [ -7.801967679999962, 9.122775424 ], [ -7.808090000999925, 9.124960001000034 ], [ -7.81196999999986, 9.129160001000059 ], [ -7.812596465999889, 9.133414001000176 ], [ -7.813024, 9.136293 ], [ -7.812062779999962, 9.140541553000162 ], [ -7.827219999999897, 9.149010001000022 ], [ -7.830184030999931, 9.149434231000157 ], [ -7.830184212999939, 9.149434257000166 ], [ -7.837843, 9.150526000000184 ], [ -7.838887069999885, 9.152485556000101 ], [ -7.839200000999938, 9.153070000000127 ], [ -7.832061101999955, 9.168837566000036 ], [ -7.833143, 9.17482600000011 ], [ -7.84003377099998, 9.178589782000131 ], [ -7.843301500999928, 9.178400823 ], [ -7.852999999999895, 9.177836 ], [ -7.867376157999956, 9.169205971000054 ], [ -7.867379693999965, 9.169203848000166 ], [ -7.87025, 9.167480000000126 ], [ -7.870871786999885, 9.16695551700019 ], [ -7.881877, 9.157667 ], [ -7.907806999999877, 9.172948000000133 ], [ -7.907807867999963, 9.17294874300012 ], [ -7.907810000999973, 9.172950000000128 ], [ -7.914900000999921, 9.179010001000165 ], [ -7.916290352999965, 9.18134832100003 ], [ -7.916290403999938, 9.18134840700003 ], [ -7.916880999999876, 9.182337000000189 ], [ -7.919881, 9.186895 ], [ -7.922934, 9.200954 ], [ -7.926014999999893, 9.212946 ], [ -7.925840026999879, 9.215596713000082 ], [ -7.92573000099992, 9.217310000000168 ], [ -7.920297747999882, 9.227039009 ], [ -7.915542, 9.235562 ], [ -7.906466, 9.257277 ], [ -7.90200956599989, 9.262307489000136 ], [ -7.90083, 9.263640001000056 ], [ -7.89533, 9.277590001000021 ], [ -7.893223770999953, 9.279140565999967 ], [ -7.891353999999865, 9.28052300000013 ], [ -7.887445999999898, 9.290613000000121 ], [ -7.886144906999959, 9.297237728000027 ], [ -7.8848, 9.30411 ], [ -7.885561246999941, 9.307762228000058 ], [ -7.886536, 9.312407000000178 ], [ -7.886476672999891, 9.328494678000084 ], [ -7.88645, 9.336540000000127 ], [ -7.887800318999894, 9.340435671000137 ], [ -7.887800390999928, 9.340435879000154 ], [ -7.888453, 9.342314 ], [ -7.887539491999974, 9.345754912000189 ], [ -7.887479999999869, 9.345980001000044 ], [ -7.886693958999956, 9.346739226000068 ], [ -7.882791, 9.350514000000146 ], [ -7.87922, 9.358052000000157 ], [ -7.878509503999965, 9.359728992000157 ], [ -7.87564, 9.36651 ], [ -7.87199882699997, 9.370027811000057 ], [ -7.866492999999878, 9.375353 ], [ -7.862561, 9.392540000000167 ], [ -7.859716, 9.397559000000115 ], [ -7.858212, 9.406274000000167 ], [ -7.856081151999945, 9.40992202800004 ], [ -7.85708832499995, 9.411694142000101 ], [ -7.857662999999889, 9.412703 ], [ -7.855549278999888, 9.41720747300019 ], [ -7.85552, 9.41727000100002 ], [ -7.856390000999909, 9.421650001000046 ], [ -7.8554, 9.426460001000123 ], [ -7.855397141999902, 9.426459449000106 ], [ -7.855396, 9.426465000000121 ], [ -7.851320721999969, 9.425673053000025 ], [ -7.850320000999943, 9.425480001000039 ], [ -7.848992615999975, 9.428641756000104 ], [ -7.848882, 9.428906 ], [ -7.849984421999977, 9.437737369000104 ], [ -7.857287320999887, 9.43339062299998 ], [ -7.857916, 9.43301600000018 ], [ -7.865321999999878, 9.433339000000103 ], [ -7.872232999999881, 9.436185 ], [ -7.880433874999937, 9.435768517000099 ], [ -7.880433950999873, 9.435768513000085 ], [ -7.883123019999971, 9.435630359000072 ], [ -7.885249, 9.432211 ], [ -7.886969, 9.424188000000186 ], [ -7.890652100999944, 9.418495225000186 ], [ -7.890654130999962, 9.418492087000061 ], [ -7.891689999999869, 9.41689000100007 ], [ -7.89401000099997, 9.41623 ], [ -7.915738460999933, 9.419489769000052 ], [ -7.918124337999927, 9.418291146000058 ], [ -7.918125460999931, 9.418290581000122 ], [ -7.93714, 9.408730000000162 ], [ -7.94253, 9.406030001000147 ], [ -7.968119999999885, 9.396 ], [ -7.973046651999937, 9.395460586000013 ], [ -7.983185999999876, 9.394347 ], [ -7.983542451999881, 9.394557753000015 ], [ -7.98755, 9.39692 ], [ -7.999350000999868, 9.397990001000153 ], [ -8.011340000999951, 9.401580001000184 ], [ -8.012758995999945, 9.401524323000046 ], [ -8.028843384999902, 9.400893208000127 ], [ -8.047015, 9.400175 ], [ -8.053896595999902, 9.400996305000035 ], [ -8.06033, 9.40176 ], [ -8.073529999999892, 9.41986 ], [ -8.081110000999843, 9.424320001000183 ], [ -8.083590000999948, 9.42964000000012 ], [ -8.085472767999931, 9.431786281000143 ], [ -8.09888, 9.447069000000113 ], [ -8.101551, 9.455608 ], [ -8.106612, 9.4582 ], [ -8.107265679999898, 9.460494881000159 ], [ -8.108389921999958, 9.464429726000049 ], [ -8.11161, 9.465847 ], [ -8.114586177999968, 9.470785700000135 ], [ -8.11524, 9.471870000000138 ], [ -8.115379998999913, 9.472943325000017 ], [ -8.116084999999885, 9.478315000000123 ], [ -8.118497999999875, 9.48085 ], [ -8.123171, 9.48576 ], [ -8.124024505999841, 9.49151367200011 ], [ -8.12861, 9.495250001000045 ], [ -8.134060000999909, 9.503820001 ], [ -8.134059251999929, 9.503822823000064 ], [ -8.13406, 9.503824 ], [ -8.133332021999877, 9.506573918000072 ], [ -8.137630000999877, 9.514900001000171 ], [ -8.135930000999906, 9.521320000000173 ], [ -8.134130095999922, 9.523461063000127 ], [ -8.132874, 9.524959 ], [ -8.138912630999869, 9.528773432000094 ], [ -8.14252, 9.531050000000164 ], [ -8.145947283999817, 9.531565880000073 ], [ -8.149226, 9.532056000000125 ], [ -8.149226480999971, 9.532059471000139 ], [ -8.14923, 9.53206 ], [ -8.14952707599997, 9.534229129000039 ], [ -8.149864, 9.536661 ], [ -8.14872189099998, 9.539505273000145 ], [ -8.14748, 9.542610001000185 ], [ -8.150926290999905, 9.55313432500003 ], [ -8.15194, 9.556227 ], [ -8.151939535999929, 9.556228583000063 ], [ -8.15194, 9.556230001000188 ], [ -8.151269082999875, 9.558514446000117 ], [ -8.150731, 9.560349 ], [ -8.15111367999998, 9.56237752200019 ], [ -8.151820000999976, 9.56611000099997 ], [ -8.14994, 9.568620001 ], [ -8.147717796999927, 9.569173959000011 ], [ -8.146449999999845, 9.569493 ], [ -8.144315, 9.5736050000001 ], [ -8.146282999999869, 9.583055 ], [ -8.14727, 9.583955 ], [ -8.149895521999895, 9.586349309000013 ], [ -8.15227901499992, 9.588517750000108 ], [ -8.152930000999959, 9.589110000000119 ], [ -8.150596358999962, 9.597421957000108 ], [ -8.150596349999887, 9.597421990000043 ], [ -8.147596, 9.608129 ], [ -8.144905057999893, 9.611346548000029 ], [ -8.143600643999889, 9.612909230000184 ], [ -8.144266, 9.615214 ], [ -8.147429397999872, 9.618339879000189 ], [ -8.152279999999848, 9.623130000000117 ], [ -8.151790000999881, 9.62542 ], [ -8.151785399999937, 9.625420132000045 ], [ -8.151785, 9.625422 ], [ -8.146223, 9.625584000000117 ], [ -8.142213, 9.631512000000157 ], [ -8.133579766999958, 9.636692939999989 ], [ -8.13276, 9.64703 ], [ -8.1278, 9.654780001000063 ], [ -8.12774000099995, 9.659380001000159 ], [ -8.129978744999903, 9.663738619000185 ], [ -8.129978796999922, 9.66373872000014 ], [ -8.129998999999884, 9.663778 ], [ -8.136683, 9.666619 ], [ -8.13527, 9.668441 ], [ -8.13063099999988, 9.668843 ], [ -8.130232885999874, 9.669610672000147 ], [ -8.129450000999952, 9.67113 ], [ -8.133280000999946, 9.679680000000133 ], [ -8.133200007999903, 9.686119393000126 ], [ -8.133435458999941, 9.686444772000129 ], [ -8.13639, 9.690520001000095 ], [ -8.136387943999978, 9.690524922000066 ], [ -8.136388, 9.690525 ], [ -8.131613, 9.701962 ], [ -8.12512, 9.702342000000101 ], [ -8.124983533999966, 9.702681738000138 ], [ -8.123930000999906, 9.705320000000142 ], [ -8.123190411999929, 9.708528209000065 ], [ -8.127101, 9.729496 ], [ -8.127099741999928, 9.729498620000129 ], [ -8.1271, 9.729500001000133 ], [ -8.12425000099995, 9.735440001000143 ], [ -8.125233393999963, 9.736571372000014 ], [ -8.129501999999889, 9.741481 ], [ -8.125455999999872, 9.749420000000157 ], [ -8.123564244999955, 9.753133519000187 ], [ -8.125049001999969, 9.75436443000018 ], [ -8.129759, 9.758267000000103 ], [ -8.129758136999953, 9.758268456000053 ], [ -8.12976, 9.75827 ], [ -8.129207724999958, 9.759197241000095 ], [ -8.127864999999815, 9.761463 ], [ -8.119471768999915, 9.76243740000001 ], [ -8.115330000999961, 9.762920001000111 ], [ -8.115316094999969, 9.762933389000125 ], [ -8.113454999999817, 9.764734 ], [ -8.120694, 9.779078 ], [ -8.120627736999893, 9.78439458500003 ], [ -8.120549999999866, 9.791030001000138 ], [ -8.120545012999969, 9.79103192700012 ], [ -8.120544999999879, 9.791033000000141 ], [ -8.109599441999933, 9.795265442000186 ], [ -8.10934, 9.797790000000191 ], [ -8.117030834999923, 9.803155085000071 ], [ -8.117031473999873, 9.803155530000026 ], [ -8.118068, 9.803878000000111 ], [ -8.118068156999925, 9.803878714000177 ], [ -8.11807, 9.803880000000106 ], [ -8.118730000999903, 9.806880001000081 ], [ -8.11612, 9.811670001000095 ], [ -8.11611796699998, 9.811669222000148 ], [ -8.116117, 9.811671000000104 ], [ -8.106199683999932, 9.807871028000079 ], [ -8.104509999999891, 9.813360001000149 ], [ -8.10509, 9.8223400010001 ], [ -8.10217, 9.830680000000143 ], [ -8.102125952999927, 9.830805116000022 ], [ -8.101484299999925, 9.832640281000067 ], [ -8.104511964999972, 9.832837614000141 ], [ -8.104512203999832, 9.832837630000142 ], [ -8.106848999999897, 9.832987 ], [ -8.111407, 9.836215000000152 ], [ -8.112999, 9.838764 ], [ -8.112997630999814, 9.838766201000112 ], [ -8.113000000999932, 9.838770001000057 ], [ -8.109055147999925, 9.845103988000062 ], [ -8.108741, 9.845609 ], [ -8.10939, 9.849296000000152 ], [ -8.109389576999888, 9.849297596000099 ], [ -8.109390000999895, 9.849300001000017 ], [ -8.107690000999924, 9.85571 ], [ -8.109040000999926, 9.861550001000182 ], [ -8.10945, 9.86332 ], [ -8.113338999999883, 9.867279 ], [ -8.113997544999961, 9.867542386000139 ], [ -8.117498802999933, 9.868939522000062 ], [ -8.123061, 9.868549 ], [ -8.126646293999954, 9.867109522000021 ], [ -8.126648, 9.867108837000046 ], [ -8.13028, 9.86565 ], [ -8.130281367999885, 9.865650057000153 ], [ -8.130284, 9.865649000000133 ], [ -8.132447171999956, 9.865740652999989 ], [ -8.13793, 9.86597 ], [ -8.14345, 9.869720001000076 ], [ -8.1441, 9.873870000000181 ], [ -8.141770347999966, 9.88187304000013 ], [ -8.140703, 9.885551 ], [ -8.139982287999828, 9.886014804000183 ], [ -8.138600000999929, 9.886910001000047 ], [ -8.13402, 9.88225 ], [ -8.130788999999879, 9.881061000000102 ], [ -8.128689227999871, 9.882412922000015 ], [ -8.12479999999988, 9.89712 ], [ -8.124520000999894, 9.90099 ], [ -8.127929496999911, 9.906089246000079 ], [ -8.135073, 9.909625 ], [ -8.135069794999879, 9.909629898999981 ], [ -8.135069999999814, 9.909630000000107 ], [ -8.13224, 9.91396 ], [ -8.132861772999888, 9.915898141000127 ], [ -8.133352305999892, 9.917419848000179 ], [ -8.14217, 9.91684000000015 ], [ -8.146480000999929, 9.91376 ], [ -8.152940000999934, 9.909150000000182 ], [ -8.154974266999943, 9.909044779000112 ], [ -8.156414, 9.908967000000132 ], [ -8.156418131999942, 9.908970096000019 ], [ -8.156420000999901, 9.90897 ], [ -8.159033593999879, 9.910930195000105 ], [ -8.159035110999923, 9.910931332000132 ], [ -8.160779999999875, 9.91223900000017 ], [ -8.165472, 9.926783 ], [ -8.163783058999911, 9.930032878000191 ], [ -8.163100000999975, 9.93135 ], [ -8.163098172999923, 9.931350743000053 ], [ -8.163097, 9.931353000000172 ], [ -8.155405, 9.934478 ], [ -8.153943493999975, 9.935783190000052 ], [ -8.152360000999977, 9.937200001000122 ], [ -8.152899050999906, 9.938688425 ], [ -8.153029999999887, 9.939048000000184 ], [ -8.156560844999944, 9.940599527000074 ], [ -8.165950000999885, 9.944720000000189 ], [ -8.166511057999969, 9.946321220000129 ], [ -8.166844, 9.947264000000189 ], [ -8.164014, 9.951138 ], [ -8.164011711999933, 9.951137654000036 ], [ -8.164010000999951, 9.951140001000169 ], [ -8.14826, 9.948760000000163 ], [ -8.133142372999941, 9.955174799000019 ], [ -8.130087999999887, 9.95647200000019 ], [ -8.123629999999878, 9.953633 ], [ -8.122477928999956, 9.953881777000163 ], [ -8.12061, 9.954290000000128 ], [ -8.118120612999917, 9.957289580000122 ], [ -8.117781, 9.957700000000159 ], [ -8.117384, 9.97103200000015 ], [ -8.121493334999911, 9.97614017300009 ], [ -8.127289999999846, 9.976440000000139 ], [ -8.13852, 9.968530000999976 ], [ -8.140137953999897, 9.96899181800012 ], [ -8.140138051999941, 9.968991846000108 ], [ -8.143605, 9.969975 ], [ -8.15027, 9.974885 ], [ -8.151833999999894, 9.979733000000124 ], [ -8.150828160999879, 9.982793959000162 ], [ -8.150630000999911, 9.983400001 ], [ -8.149219923999965, 9.984875080000108 ], [ -8.14781, 9.986353 ], [ -8.1373, 9.992203000000188 ], [ -8.137149622999914, 9.993211159 ], [ -8.136140000999887, 10.000000000000114 ], [ -8.136139922999973, 10.000000520000185 ], [ -8.135867832999907, 10.001816010000084 ], [ -8.135443997999914, 10.004644015000054 ], [ -8.134982, 10.007740000000183 ], [ -8.132332815999916, 10.009046922000095 ], [ -8.131010000999879, 10.00970000000018 ], [ -8.13143, 10.013850001000094 ], [ -8.124489178999909, 10.023115678000124 ], [ -8.112925, 10.03856 ], [ -8.107720489999963, 10.045509344999971 ], [ -8.106680000999972, 10.046900001000097 ], [ -8.106067414999814, 10.047384205000014 ], [ -8.098949, 10.053020000000117 ], [ -8.080786388999968, 10.058287451000126 ], [ -8.079160000999877, 10.05876 ], [ -8.053627891999952, 10.069659496000043 ], [ -8.045101, 10.073300000000188 ], [ -8.042154836999941, 10.075500294000165 ], [ -8.024499999999875, 10.088690001000145 ], [ -8.018499575999897, 10.094997947000024 ], [ -8.016501999999832, 10.097100000000125 ], [ -8.013885229999858, 10.102474527000084 ], [ -8.01127, 10.107850001000088 ], [ -8.00599000099993, 10.12227 ], [ -8.002425851999931, 10.128988280000158 ], [ -7.988174, 10.15586 ], [ -7.985986, 10.16411 ], [ -7.981299857999886, 10.173118845000147 ], [ -7.980519999999842, 10.17462 ], [ -7.97855, 10.175110001 ], [ -7.978140000999929, 10.179650001000141 ], [ -7.96335, 10.194760001000134 ], [ -7.95745000099987, 10.20079 ], [ -7.954955312999971, 10.205354427000088 ], [ -7.952461, 10.209920000000125 ], [ -7.950551, 10.233360000000118 ], [ -7.950072886999862, 10.234469930000159 ], [ -7.94721, 10.241130000000169 ], [ -7.94810399499994, 10.247351965000121 ], [ -7.948704, 10.2515 ], [ -7.95944, 10.285440000000165 ], [ -7.960951, 10.294890000000123 ], [ -7.968623, 10.31361 ], [ -7.980092, 10.32571 ], [ -7.995271999999886, 10.33831 ], [ -8.006831, 10.343050000000176 ], [ -8.021619991999899, 10.345762167000146 ], [ -8.051110000999927, 10.35117 ], [ -8.070832271999961, 10.352623780000044 ], [ -8.070878726999979, 10.352627204000157 ], [ -8.080821, 10.35336 ], [ -8.084182999999882, 10.35482 ], [ -8.09168499999987, 10.35809 ], [ -8.108612, 10.38105000000013 ], [ -8.114284, 10.39285 ], [ -8.115245772999913, 10.401536241000088 ], [ -8.115969999999891, 10.40805 ], [ -8.118849999999895, 10.420270000000187 ], [ -8.119810031999918, 10.421386037000048 ], [ -8.120452, 10.42213 ], [ -8.12224870599988, 10.422610322000025 ], [ -8.127637309999898, 10.424049282000055 ], [ -8.14068, 10.42122 ], [ -8.148176, 10.416010000000142 ], [ -8.160475, 10.404290000000117 ], [ -8.162796797999931, 10.402084225000124 ], [ -8.162796884999977, 10.402084142000035 ], [ -8.16392, 10.401010000000156 ], [ -8.173230000999979, 10.399050001000091 ], [ -8.173233787999948, 10.399050045000081 ], [ -8.173233999999866, 10.39905 ], [ -8.182661950999943, 10.399160146000042 ], [ -8.1895, 10.39924000100018 ], [ -8.195756718999917, 10.400229481000167 ], [ -8.202023, 10.401220000000137 ], [ -8.225393, 10.41 ], [ -8.22911527399998, 10.413767266000036 ], [ -8.2316, 10.41628 ], [ -8.240630000999886, 10.440290001000108 ], [ -8.242302074999941, 10.456874738000181 ], [ -8.242721, 10.461020000000133 ], [ -8.24426, 10.46433 ], [ -8.244763, 10.465410000000134 ], [ -8.246292509999876, 10.466260699000088 ], [ -8.25701, 10.472210001000064 ], [ -8.261840000999939, 10.47687 ], [ -8.26406999999989, 10.485170001000029 ], [ -8.26226999999983, 10.50079 ], [ -8.26616, 10.506350000000168 ], [ -8.27376, 10.512880000000109 ], [ -8.2767, 10.520730001000061 ], [ -8.277350044999935, 10.527205441000092 ], [ -8.277743, 10.53109 ], [ -8.272542, 10.560250000000167 ], [ -8.273184, 10.57549 ], [ -8.273246668999946, 10.576983400000188 ], [ -8.273279999999886, 10.577730000000145 ], [ -8.27805, 10.587900000000161 ], [ -8.281548311999927, 10.588176050000072 ], [ -8.285019999999861, 10.58844 ], [ -8.289154, 10.59309 ], [ -8.289637, 10.602561000000151 ], [ -8.290302999999881, 10.615640000000155 ], [ -8.295124, 10.62144 ], [ -8.301473999999871, 10.63623 ], [ -8.301114, 10.647960000000182 ], [ -8.296881999999869, 10.67344 ], [ -8.29668, 10.681259983000018 ], [ -8.296480000999907, 10.689080001000093 ], [ -8.296589998999877, 10.6893149980001 ], [ -8.296702, 10.68955 ], [ -8.305574, 10.70827 ], [ -8.306882, 10.716340000000116 ], [ -8.29557, 10.750940000000128 ], [ -8.297846742999866, 10.755569478000041 ], [ -8.311496025999872, 10.754511461000163 ], [ -8.313449, 10.754360000000133 ], [ -8.31344927899994, 10.75436005600011 ], [ -8.313450000999978, 10.754360000000133 ], [ -8.319480971999951, 10.755574189000129 ], [ -8.319493497999929, 10.755576711000174 ], [ -8.325521, 10.75679 ], [ -8.328956999999889, 10.76189 ], [ -8.329324999999869, 10.77086 ], [ -8.327928094999947, 10.774026317999983 ], [ -8.3267, 10.77682 ], [ -8.323509999999885, 10.782890001 ], [ -8.320114468999975, 10.789346010000145 ], [ -8.316722, 10.795800000000156 ], [ -8.307519999999897, 10.807430000000181 ], [ -8.306200000999922, 10.821900001000074 ], [ -8.304663637999965, 10.823841723000157 ], [ -8.300063, 10.829660000000104 ], [ -8.286531, 10.83273 ], [ -8.285415908999937, 10.833694214000104 ], [ -8.28207, 10.836590001000161 ], [ -8.280642793999959, 10.839135827000121 ], [ -8.278744, 10.84253 ], [ -8.275600999999881, 10.85308 ], [ -8.276783, 10.861552 ], [ -8.280493, 10.888140000000135 ], [ -8.281643999999858, 10.89639 ], [ -8.281693, 10.913180000000182 ], [ -8.278995, 10.92557 ], [ -8.287782456999878, 10.958361363000051 ], [ -8.291300000999968, 10.971480001000145 ], [ -8.287, 10.981550000000141 ], [ -8.28708, 10.99513 ], [ -8.29323000099987, 11.00784 ], [ -8.295568236999884, 11.00828930900002 ], [ -8.295568396999897, 11.008289339000044 ], [ -8.295785, 11.008330000000115 ], [ -8.298879999999826, 11.013820000000123 ], [ -8.305840000999979, 11.026160000000118 ], [ -8.31298, 11.033600001000082 ], [ -8.31732, 11.041230001000088 ], [ -8.319388516999936, 11.043551670000056 ], [ -8.323532, 11.048200000000122 ], [ -8.347776, 11.068020000000104 ], [ -8.371, 11.07448 ], [ -8.381930393999937, 11.075979642000163 ], [ -8.389929999999879, 11.068700001000138 ], [ -8.391575823999915, 11.067764532000069 ], [ -8.396506999999872, 11.06496 ], [ -8.399069, 11.063510000000122 ], [ -8.405605, 11.0622 ], [ -8.405606155999919, 11.062200770000175 ], [ -8.40561, 11.062200001000178 ], [ -8.411259445999974, 11.065966297000045 ], [ -8.411259936999841, 11.065966625000101 ], [ -8.415784, 11.068980000000124 ], [ -8.425534, 11.072070000000167 ], [ -8.43723856999992, 11.072984286000121 ], [ -8.446017882999968, 11.073669835000089 ], [ -8.472856999999863, 11.068650000000162 ], [ -8.482444, 11.06507 ], [ -8.485307397999975, 11.058372738000173 ], [ -8.48626, 11.056140001000074 ], [ -8.496663383999874, 11.040858156000127 ], [ -8.501869, 11.03321 ], [ -8.50304999999986, 11.031470000000184 ], [ -8.513666999999884, 10.99501 ], [ -8.514456999999879, 10.98604 ], [ -8.51403952999982, 10.982039106000116 ], [ -8.51318, 10.973840000000109 ], [ -8.515060000999881, 10.972020001000089 ], [ -8.515063292999969, 10.972020685000132 ], [ -8.515064, 10.972020000000157 ], [ -8.527014374999908, 10.974505733000058 ], [ -8.535977854999942, 10.976369554000144 ], [ -8.564065999999855, 10.961700000000178 ], [ -8.564721836999922, 10.961519685999974 ], [ -8.564722073999974, 10.961519620000161 ], [ -8.5713, 10.9597 ], [ -8.57357, 10.958320001 ], [ -8.577239199999838, 10.956070491000048 ], [ -8.580909, 10.953820000000121 ], [ -8.590489, 10.950240000000178 ], [ -8.590489398999978, 10.950240226 ], [ -8.590490000999921, 10.950240001000111 ], [ -8.59245655299992, 10.951351965000072 ], [ -8.592456916999936, 10.95135217100011 ], [ -8.598363, 10.954690000000141 ], [ -8.600743299999976, 10.955136705000086 ], [ -8.602838896999913, 10.955529485000056 ], [ -8.60743, 10.956390001000045 ], [ -8.611379999999883, 10.957870001000117 ], [ -8.612246205999952, 10.958598116000019 ], [ -8.618282, 10.963660000000175 ], [ -8.621809853999821, 10.965063364000116 ], [ -8.622458758999869, 10.965319509999972 ], [ -8.627114287999973, 10.964713228999983 ], [ -8.62898, 10.96447 ], [ -8.635396653999919, 10.961405777000095 ], [ -8.661032, 10.949160000000177 ], [ -8.661038679999933, 10.949160630000051 ], [ -8.66104000099989, 10.949160000000177 ], [ -8.665626230999919, 10.949593292000145 ], [ -8.665628863999871, 10.94959354100007 ], [ -8.667924, 10.949810000000127 ], [ -8.671962, 10.950190000000134 ], [ -8.677260999999874, 10.955310000000111 ], [ -8.677753098999915, 10.956464449000123 ], [ -8.68022, 10.96224 ], [ -8.680561656999942, 10.966264887000136 ], [ -8.680631, 10.96707 ], [ -8.677722999999844, 10.97808 ], [ -8.682355, 11.002750000000106 ], [ -8.681372, 11.007800000000145 ], [ -8.680977332999873, 11.008474724 ], [ -8.67924, 11.011460000000113 ], [ -8.660480000999939, 11.024600001000067 ], [ -8.650369999999896, 11.033700000000124 ], [ -8.647670000999881, 11.046780001000116 ], [ -8.64808, 11.05231000100008 ], [ -8.647742496999911, 11.053630012000156 ], [ -8.647631, 11.054070000000138 ], [ -8.645162, 11.06378 ], [ -8.630498999999872, 11.076972 ], [ -8.624944, 11.08197 ], [ -8.620675999999889, 11.089060000000131 ], [ -8.620635713999945, 11.092805755000143 ], [ -8.620629999999892, 11.093430000000183 ], [ -8.621752681999965, 11.097295626000118 ], [ -8.62512299999986, 11.10889 ], [ -8.625302, 11.11395 ], [ -8.624485950999883, 11.115649508000104 ], [ -8.622450000999947, 11.11990000100019 ], [ -8.617499999999893, 11.12491 ], [ -8.611413, 11.127840000000162 ], [ -8.61141006299988, 11.127839969000036 ], [ -8.61141, 11.127840000000162 ], [ -8.607118849999949, 11.12779514500005 ], [ -8.602796999999896, 11.127750000000162 ], [ -8.585598098999981, 11.124570573000085 ], [ -8.581160000999944, 11.125910000000147 ], [ -8.57741, 11.129330000000152 ], [ -8.576921, 11.129770000000121 ], [ -8.57099, 11.139830000000131 ], [ -8.564303, 11.154940000000124 ], [ -8.567590342999949, 11.163375881000093 ], [ -8.57088, 11.171810000000107 ], [ -8.573290000999918, 11.185870001000183 ], [ -8.571621721999918, 11.193210425000188 ], [ -8.570842, 11.19665 ], [ -8.568584817999977, 11.200650322000172 ], [ -8.56633, 11.204650000000186 ], [ -8.558810000999927, 11.210550000000183 ], [ -8.558633140999916, 11.210593163000112 ], [ -8.558096, 11.210725 ], [ -8.552502, 11.2121 ], [ -8.530739863999941, 11.210085523000032 ], [ -8.529923568999834, 11.210010329000056 ], [ -8.524422, 11.2142 ], [ -8.521736530999931, 11.216243596000027 ], [ -8.517710000999955, 11.219310001000167 ], [ -8.512350000999902, 11.219480001000022 ], [ -8.512349514999869, 11.219479889000183 ], [ -8.512346, 11.21948 ], [ -8.505838908999976, 11.21798222700005 ], [ -8.497702836999906, 11.216110652 ], [ -8.492562, 11.217660000000137 ], [ -8.490119319999962, 11.219380480000041 ], [ -8.48646, 11.221960001000014 ], [ -8.485740072999818, 11.22359108500018 ], [ -8.484545, 11.226310000000126 ], [ -8.484736, 11.229990000000157 ], [ -8.491641999999899, 11.237660000000119 ], [ -8.492515062999928, 11.242960382999968 ], [ -8.493389999999863, 11.24826000000013 ], [ -8.498420000999943, 11.257060000000138 ], [ -8.498706689999949, 11.258980154000028 ], [ -8.499286, 11.262820000000147 ], [ -8.497986568999863, 11.267867048000085 ], [ -8.497339999999838, 11.270390000000134 ], [ -8.4933, 11.27748 ], [ -8.48458, 11.28612 ], [ -8.47919, 11.288830001000065 ], [ -8.467070000999968, 11.289150000000177 ], [ -8.467069805999927, 11.289149900000155 ], [ -8.467065999999875, 11.289150000000177 ], [ -8.450149999999837, 11.28045 ], [ -8.446815, 11.27926 ], [ -8.422297999999898, 11.270480000000134 ], [ -8.412519677999967, 11.269910098000025 ], [ -8.412193506999813, 11.270008786 ], [ -8.406670999999847, 11.27169 ], [ -8.394009902999869, 11.27222314100004 ], [ -8.393849999999873, 11.272230001000025 ], [ -8.382389999999873, 11.27555 ], [ -8.376987, 11.27917 ], [ -8.373804241999949, 11.285139661000073 ], [ -8.37199, 11.2885500000001 ], [ -8.366950286999952, 11.307508920000032 ], [ -8.364432, 11.31699 ], [ -8.364827082999966, 11.319348430000161 ], [ -8.365088536999906, 11.320901311000114 ], [ -8.369471810999869, 11.324639839000042 ], [ -8.37396, 11.32424 ], [ -8.40167, 11.321780000000103 ], [ -8.418155, 11.32749 ], [ -8.420456850999869, 11.329975399000034 ], [ -8.421380000999875, 11.33097 ], [ -8.421585033999975, 11.333275374000152 ], [ -8.421791999999868, 11.33558 ], [ -8.421111, 11.33821 ], [ -8.415994, 11.35346 ], [ -8.41079, 11.36007 ], [ -8.39745, 11.364980000000116 ], [ -8.397447088999968, 11.364979968000114 ], [ -8.397447, 11.364980000000116 ], [ -8.383929869999918, 11.36483004300004 ], [ -8.37589, 11.367480000000171 ], [ -8.381551999999829, 11.37525 ], [ -8.396867358999941, 11.382309244000055 ], [ -8.40680022499987, 11.381287344000043 ], [ -8.409007999999858, 11.38106 ], [ -8.410138135999944, 11.38005988000009 ], [ -8.411830000999942, 11.378560000000164 ], [ -8.423490000999948, 11.378450001000033 ], [ -8.423490066999932, 11.37845003700005 ], [ -8.423493999999835, 11.3784500000001 ], [ -8.430681, 11.38244 ], [ -8.434053601999949, 11.383164700000123 ], [ -8.437429427999916, 11.383889877000172 ], [ -8.448189, 11.380780000000186 ], [ -8.448189753999827, 11.380780072000164 ], [ -8.448190000999944, 11.380780001000062 ], [ -8.449814271999969, 11.380935452000074 ], [ -8.456344, 11.38156 ], [ -8.466326308999953, 11.385573516000136 ], [ -8.47632, 11.389590000000112 ], [ -8.477285349999875, 11.389810080000188 ], [ -8.478254, 11.39003 ], [ -8.485657222999976, 11.391704627000024 ], [ -8.49121, 11.39296000100012 ], [ -8.495875332999958, 11.395667522000053 ], [ -8.502104, 11.39928 ], [ -8.508901, 11.41891 ], [ -8.517227, 11.42589 ], [ -8.524699362999968, 11.430125570000087 ], [ -8.52674, 11.43128 ], [ -8.528560000999903, 11.435670000000187 ], [ -8.526890000999913, 11.43934 ], [ -8.518382144999862, 11.442886492000071 ], [ -8.517751999999859, 11.44315 ], [ -8.520856991999892, 11.449711869000168 ], [ -8.525520000999904, 11.459560000000124 ], [ -8.52565, 11.469690000000185 ], [ -8.529183324999963, 11.473863323000103 ], [ -8.530950999999845, 11.475950000000182 ], [ -8.531789382999932, 11.476309734999973 ], [ -8.534310000999938, 11.477390000000128 ], [ -8.53536, 11.477830001000029 ], [ -8.54455, 11.46896 ], [ -8.565670000999944, 11.458980000000111 ], [ -8.5701059619999, 11.449565188 ], [ -8.571878, 11.4458 ], [ -8.576336, 11.44332 ], [ -8.576339920999942, 11.443320044000075 ], [ -8.576340000999949, 11.44332 ], [ -8.581700000999888, 11.44338 ], [ -8.586882206999917, 11.448181962000149 ], [ -8.591897, 11.452827 ], [ -8.596014, 11.456640000000107 ], [ -8.602770605999979, 11.456939850000026 ], [ -8.61072, 11.45496 ], [ -8.611865979999948, 11.453640024000038 ], [ -8.612627999999859, 11.45276 ], [ -8.612629030999926, 11.45276111700008 ], [ -8.61263, 11.452760001000115 ], [ -8.61768226199996, 11.458232174000045 ], [ -8.62021099999987, 11.46097 ], [ -8.632178, 11.47354 ], [ -8.634055048999926, 11.475516123000034 ], [ -8.63568, 11.477220000999978 ], [ -8.641659999999888, 11.48695 ], [ -8.646347094999953, 11.490099729 ], [ -8.647912, 11.491150000000175 ], [ -8.654133, 11.49926 ], [ -8.657739999999876, 11.512410000000102 ], [ -8.66534, 11.52283000000017 ], [ -8.67039000099993, 11.556010000000128 ], [ -8.671290800999941, 11.559001589000104 ], [ -8.673101, 11.565 ], [ -8.685652, 11.570420000000126 ], [ -8.688864, 11.5762 ], [ -8.689315, 11.57909 ], [ -8.690624, 11.587490000000116 ], [ -8.682874, 11.617090000000189 ], [ -8.682335, 11.624670000000151 ], [ -8.685074, 11.63114 ], [ -8.688783708999892, 11.633671035000134 ], [ -8.691570000999889, 11.635570000000143 ], [ -8.702070000999925, 11.63613 ], [ -8.719629999999881, 11.629630000000191 ], [ -8.719633557999884, 11.629630164 ], [ -8.719634, 11.629630000000191 ], [ -8.730900559999895, 11.630150673000173 ], [ -8.733699048999824, 11.630279957000027 ], [ -8.760128, 11.6068 ], [ -8.760129029999973, 11.606800862999989 ], [ -8.76013, 11.606800001000124 ], [ -8.762202947999867, 11.608536289000085 ], [ -8.77343, 11.61794 ], [ -8.775878501999955, 11.618221653000091 ], [ -8.779955, 11.61869 ], [ -8.785295, 11.62173 ], [ -8.791590372999906, 11.622249701000158 ], [ -8.79370991199994, 11.620545071000151 ], [ -8.795826, 11.61884 ], [ -8.79709655299996, 11.615940261 ], [ -8.79773, 11.61449 ], [ -8.797731742999929, 11.614490589000127 ], [ -8.797732, 11.61449 ], [ -8.804712999999879, 11.61685 ], [ -8.808769328999972, 11.619879499000149 ], [ -8.81283, 11.622910000000161 ], [ -8.82214, 11.626210000000185 ], [ -8.823409703999914, 11.626294411000174 ], [ -8.854325, 11.62834 ], [ -8.854322834999891, 11.6283495240001 ], [ -8.85433, 11.628350001000058 ], [ -8.852080000999877, 11.63822 ], [ -8.846120302999964, 11.664401087000101 ], [ -8.844711276999931, 11.670592007000039 ], [ -8.844483, 11.671595000000138 ], [ -8.844260962999954, 11.672570545000099 ], [ -8.823993, 11.76162 ], [ -8.822244999999896, 11.769300000000101 ], [ -8.810767958999861, 11.834215646000075 ], [ -8.801589999999862, 11.886150001000033 ], [ -8.79713663299998, 11.911296860000107 ], [ -8.794912, 11.92387 ], [ -8.795683843999939, 11.926841664000051 ], [ -8.797850000999858, 11.935160000000167 ], [ -8.80135, 11.93589 ], [ -8.80173, 11.945550001000186 ], [ -8.807369819999963, 11.953065316000163 ], [ -8.814425, 11.96246 ], [ -8.816203, 11.97260000000017 ], [ -8.80783, 11.993920000000116 ], [ -8.806820247999894, 11.998573597000131 ], [ -8.80589, 12.002870001000133 ], [ -8.80539, 12.005170000000135 ], [ -8.812392, 12.014050000000168 ], [ -8.83101, 12.030940000000157 ], [ -8.832332999999892, 12.039 ], [ -8.835360357999889, 12.039949799 ], [ -8.836723314999972, 12.039182387000096 ], [ -8.842176, 12.036110000000178 ], [ -8.842178979999915, 12.036110575000123 ], [ -8.842180000999917, 12.036110001000111 ], [ -8.84590999999989, 12.03683 ], [ -8.847665823999932, 12.038689813000019 ], [ -8.850303, 12.04148 ], [ -8.855900607999956, 12.041989510000121 ], [ -8.859118068999919, 12.039388274000032 ], [ -8.861795, 12.03722 ], [ -8.868448, 12.02601 ], [ -8.869980146999978, 12.024644870000145 ], [ -8.87150999999983, 12.02328000000017 ], [ -8.871511644999941, 12.023280317000115 ], [ -8.871511999999882, 12.02328000000017 ], [ -8.872445046999928, 12.023460009000075 ], [ -8.87525, 12.024 ], [ -8.88309, 12.034430001000032 ], [ -8.889597662999904, 12.037251819000062 ], [ -8.896120702999895, 12.040079872000035 ], [ -8.901513905999821, 12.039093371000035 ], [ -8.906884358999889, 12.038110849000077 ], [ -8.906889, 12.038110000000131 ], [ -8.90688898399992, 12.038110186000154 ], [ -8.906890000999908, 12.038110000000131 ], [ -8.906665664999935, 12.040681226000061 ], [ -8.906629999999893, 12.041090001000043 ], [ -8.908195280999905, 12.041104908000136 ], [ -8.912936, 12.04115000000013 ], [ -8.915381, 12.05429 ], [ -8.919301, 12.059850000000154 ], [ -8.918266909999943, 12.062139462000061 ], [ -8.916199999999833, 12.066720001000078 ], [ -8.915653211999881, 12.079499495000164 ], [ -8.91499199999987, 12.095010000000173 ], [ -8.910049986999979, 12.094519454000078 ], [ -8.909853325999961, 12.09450032400008 ], [ -8.908243915999947, 12.095271606000153 ], [ -8.907039999999881, 12.09585 ], [ -8.905847096999878, 12.097430047000103 ], [ -8.903249, 12.100880000000188 ], [ -8.901292999999839, 12.109830000000159 ], [ -8.901331, 12.13008 ], [ -8.895484, 12.14659 ], [ -8.896440081999913, 12.150830360000043 ], [ -8.89667999999989, 12.151890001000083 ], [ -8.898070905999873, 12.152937761000089 ], [ -8.905035, 12.158180000000129 ], [ -8.905369985999926, 12.159789930000102 ], [ -8.905709999999885, 12.1614 ], [ -8.902829999999824, 12.16874 ], [ -8.910034999999823, 12.173170000000141 ], [ -8.912307815999952, 12.179970113000138 ], [ -8.914129826999954, 12.185409481000079 ], [ -8.922087, 12.18433 ], [ -8.922087331999876, 12.184330362000026 ], [ -8.92209, 12.18433 ], [ -8.922628304999876, 12.184921288000055 ], [ -8.924632, 12.187110000000132 ], [ -8.92470235899998, 12.188229495000144 ], [ -8.92484, 12.190340001000152 ], [ -8.923506514999872, 12.193395906000148 ], [ -8.922443999999814, 12.19584 ], [ -8.924521503999927, 12.198619336000149 ], [ -8.92496402699993, 12.198423786000149 ], [ -8.930627, 12.19591000000014 ], [ -8.936441270999921, 12.198958569000069 ], [ -8.939279999999883, 12.195760000000178 ], [ -8.939114730999904, 12.193550195 ], [ -8.938657999999862, 12.18748 ], [ -8.938660598999888, 12.187477992000026 ], [ -8.938660000999846, 12.187470001000179 ], [ -8.94101, 12.18566 ], [ -8.945690000999946, 12.18524 ], [ -8.945690544999877, 12.185240309999983 ], [ -8.945693999999889, 12.18524 ], [ -8.952670862999923, 12.18921992200012 ], [ -8.95501, 12.189010001000042 ], [ -8.956779317999974, 12.187415616000067 ], [ -8.958549, 12.18582 ], [ -8.95854967899993, 12.185820291000141 ], [ -8.958550000999935, 12.18582 ], [ -8.95962549099994, 12.186280638000085 ], [ -8.963924, 12.18812 ], [ -8.964601160999962, 12.188409215000092 ], [ -8.97331, 12.18251 ], [ -8.978590999999881, 12.19291 ], [ -8.977142999999899, 12.197720000000174 ], [ -8.978654990999871, 12.200924656000097 ], [ -8.979439999999897, 12.202580001 ], [ -8.978263990999949, 12.209964058000025 ], [ -8.977970999999854, 12.211810000000128 ], [ -8.992901, 12.22144 ], [ -8.993359898999927, 12.236396707999972 ], [ -8.99382, 12.251360000000147 ], [ -8.990418589999933, 12.266056097000103 ], [ -8.987021, 12.28074 ], [ -8.985644087999958, 12.28284551400003 ], [ -8.982889999999884, 12.28706 ], [ -8.982266179999954, 12.288007726000103 ], [ -8.981333, 12.28943 ], [ -8.967433999999855, 12.30036 ], [ -8.963372718999892, 12.306240200000047 ], [ -8.96033, 12.31065 ], [ -8.959440092999955, 12.314016315000117 ], [ -8.957666, 12.32075 ], [ -8.960144999999898, 12.33204 ], [ -8.96639761199998, 12.343762308000066 ], [ -8.9689, 12.348450000000184 ], [ -8.972017600999948, 12.351418916000171 ], [ -8.9884, 12.367010000000164 ], [ -8.99043417199988, 12.368093591000047 ], [ -8.992360000999895, 12.36911 ], [ -8.998028199999908, 12.37517576900018 ], [ -9.002336999999898, 12.37978 ], [ -9.008170475999862, 12.383759882000163 ], [ -9.008669999999881, 12.384100001000149 ], [ -9.009104013999831, 12.384642768 ], [ -9.013021, 12.38953 ], [ -9.025, 12.412870000000169 ], [ -9.034279999999853, 12.423070001000099 ], [ -9.04571, 12.428450000000169 ], [ -9.065793874999883, 12.43378970100008 ], [ -9.085885, 12.43913 ], [ -9.088585623999904, 12.441176833000043 ], [ -9.09356, 12.444940000000145 ], [ -9.10383, 12.449400001000129 ], [ -9.106669999999895, 12.45450000000011 ], [ -9.112330000999975, 12.458420000999979 ], [ -9.114191916999914, 12.458589266000047 ], [ -9.117942, 12.45893000000018 ], [ -9.124934, 12.462210000000141 ], [ -9.130404939999892, 12.465589963000127 ], [ -9.13588, 12.468970000000127 ], [ -9.14679, 12.479190000000187 ], [ -9.15446, 12.48408000000012 ], [ -9.157881957999962, 12.485089611000092 ], [ -9.158293, 12.485210000000166 ], [ -9.160341446999894, 12.485815837000132 ], [ -9.16171, 12.48622 ], [ -9.171515139999826, 12.486644141000056 ], [ -9.181360106999932, 12.487069918000032 ], [ -9.18254, 12.48616 ], [ -9.182540752999842, 12.486160192000114 ], [ -9.182541, 12.48616 ], [ -9.183940345999929, 12.486516951000056 ], [ -9.188149287999977, 12.487589819000164 ], [ -9.194697882999947, 12.487070565000181 ], [ -9.20126, 12.48655 ], [ -9.201260739999952, 12.486550180000052 ], [ -9.201263, 12.48655 ], [ -9.20631898399995, 12.48778024 ], [ -9.20969, 12.488600001000066 ], [ -9.211080000999971, 12.48893 ], [ -9.220103188999929, 12.493747784000107 ], [ -9.225522496999872, 12.496639732000119 ], [ -9.235360000999947, 12.49558 ], [ -9.235361085999841, 12.495580314000051 ], [ -9.23536399999989, 12.49558 ], [ -9.245172, 12.498420000000181 ], [ -9.249122, 12.5019 ], [ -9.251924155999973, 12.502386231000173 ], [ -9.25332934599993, 12.502629885999966 ], [ -9.274455, 12.495670000000189 ], [ -9.278316155999903, 12.4886514210001 ], [ -9.280630000999963, 12.48444 ], [ -9.28416, 12.481940001000055 ], [ -9.284164604999944, 12.481940280000174 ], [ -9.284165, 12.481940000000122 ], [ -9.28861, 12.482210000000123 ], [ -9.294210999999848, 12.48432 ], [ -9.312579999999855, 12.499420000000157 ], [ -9.319590079999955, 12.500629497000091 ], [ -9.320209907999924, 12.49672558400016 ], [ -9.320826999999895, 12.492820000000108 ], [ -9.325356, 12.482730000000117 ], [ -9.330076, 12.477940000000103 ], [ -9.333289555999897, 12.477306084000077 ], [ -9.33570000099985, 12.47683000000012 ], [ -9.335700399999951, 12.476830513000095 ], [ -9.335703, 12.47683000000012 ], [ -9.338946, 12.481000000000165 ], [ -9.339552521999906, 12.49296057600003 ], [ -9.343759341999942, 12.493919851000044 ], [ -9.348927, 12.49166 ], [ -9.348928763999879, 12.491660540999987 ], [ -9.348929999999825, 12.491660001000128 ], [ -9.355460676999883, 12.493663674000118 ], [ -9.362000393999892, 12.495669201000055 ], [ -9.364140000999953, 12.49132 ], [ -9.366599999999892, 12.476390001000027 ], [ -9.369669999999815, 12.47342 ], [ -9.385127999999838, 12.47216 ], [ -9.389529078999828, 12.467900892000102 ], [ -9.39173, 12.465770000000191 ], [ -9.39386, 12.46534000000014 ], [ -9.397919999999885, 12.46451 ], [ -9.401578, 12.46377 ], [ -9.404638, 12.4615 ], [ -9.405369936999932, 12.457710328000189 ], [ -9.4061, 12.45392 ], [ -9.4036, 12.44447000100007 ], [ -9.402274901999874, 12.444229680000149 ], [ -9.399629621999964, 12.443750294000097 ], [ -9.39233, 12.449440001000028 ], [ -9.388622375999944, 12.449583182000083 ], [ -9.387410999999815, 12.44963 ], [ -9.387410952999971, 12.449629964000053 ], [ -9.38741, 12.449630001000116 ], [ -9.386654498999917, 12.449049615999968 ], [ -9.38438699999989, 12.44731000000013 ], [ -9.381789847999926, 12.440236252000147 ], [ -9.376590000999954, 12.426090001000034 ], [ -9.371557502999906, 12.41966250300004 ], [ -9.369878, 12.417520000000138 ], [ -9.36777959799997, 12.416590265000025 ], [ -9.365581540999926, 12.41803117600017 ], [ -9.361192, 12.420910000000163 ], [ -9.361190477999969, 12.420909687000062 ], [ -9.36119, 12.420910000000163 ], [ -9.359438902999898, 12.420549775000097 ], [ -9.357687999999882, 12.420190000000105 ], [ -9.35584, 12.41718 ], [ -9.355876, 12.412580000000162 ], [ -9.358276, 12.405010000000175 ], [ -9.347988, 12.40401 ], [ -9.345101923999891, 12.402053949000106 ], [ -9.34077, 12.39912 ], [ -9.33708, 12.39265000100005 ], [ -9.33622, 12.382520001000159 ], [ -9.334160000999873, 12.376990001000024 ], [ -9.329517882999937, 12.372731254000144 ], [ -9.328589, 12.37188 ], [ -9.327890848999971, 12.371530425000174 ], [ -9.324390000999927, 12.369780001000095 ], [ -9.314581577999888, 12.368090272000188 ], [ -9.313876290999815, 12.36854357500016 ], [ -9.31247, 12.36945 ], [ -9.3124679579999, 12.369448742000145 ], [ -9.312466, 12.36945 ], [ -9.30036, 12.361990000000105 ], [ -9.297579999999869, 12.35852 ], [ -9.29691, 12.354600000000119 ], [ -9.299269, 12.35232 ], [ -9.301966006999976, 12.351654752000115 ], [ -9.30466, 12.350990001000071 ], [ -9.307020000999955, 12.348250000000121 ], [ -9.30752, 12.344570000000147 ], [ -9.304079999999885, 12.335570001 ], [ -9.30425999199997, 12.333116781000058 ], [ -9.304348, 12.331890000000101 ], [ -9.30862999999988, 12.32318 ], [ -9.312877999999898, 12.31862 ], [ -9.31287921899991, 12.318620838000186 ], [ -9.312879999999893, 12.31862 ], [ -9.3166, 12.32118 ], [ -9.320119999999861, 12.31983 ], [ -9.322485, 12.316620000000171 ], [ -9.323246203999872, 12.312888980000025 ], [ -9.32369999999986, 12.31065 ], [ -9.320047310999882, 12.28543369200014 ], [ -9.31882899999988, 12.27703 ], [ -9.319798, 12.272890000000189 ], [ -9.323853122999935, 12.268964914000151 ], [ -9.329930000999923, 12.263080000000116 ], [ -9.341859999999883, 12.262940001000175 ], [ -9.344518495999921, 12.252156104000107 ], [ -9.340349, 12.247520000000179 ], [ -9.340386, 12.242937 ], [ -9.340389844999947, 12.242937880000113 ], [ -9.34039, 12.24292 ], [ -9.340880006999896, 12.2430489300001 ], [ -9.349626390999958, 12.245350270000074 ], [ -9.353922, 12.246480000000133 ], [ -9.35953028099982, 12.246749918000091 ], [ -9.361970934999874, 12.246033726000121 ], [ -9.365627, 12.244960000000106 ], [ -9.36562855599982, 12.244960425000045 ], [ -9.36563, 12.244960001000038 ], [ -9.381896069999925, 12.249397564000105 ], [ -9.387331, 12.25088 ], [ -9.388120533999881, 12.251668534000089 ], [ -9.391278636999971, 12.25481864000011 ], [ -9.401373, 12.24961 ], [ -9.401378254999941, 12.249610900000164 ], [ -9.40138, 12.24961 ], [ -9.405579999999873, 12.250330001000066 ], [ -9.411350000999903, 12.259340001000055 ], [ -9.414413865999904, 12.260230115000127 ], [ -9.414621145999945, 12.260289753999984 ], [ -9.42493, 12.25807 ], [ -9.441588, 12.251060000000166 ], [ -9.446878753999954, 12.250682709000102 ], [ -9.457430000999977, 12.249930001 ], [ -9.46195, 12.249600000000157 ], [ -9.4739, 12.24578 ], [ -9.473902933999966, 12.24578002100003 ], [ -9.473903, 12.24578 ], [ -9.47928, 12.245819993000111 ], [ -9.487960000999976, 12.2422 ], [ -9.489768688999959, 12.240293921000159 ], [ -9.490555, 12.239460000000122 ], [ -9.499567, 12.222510000000113 ], [ -9.5007890199999, 12.221275877000096 ], [ -9.50522, 12.21679 ], [ -9.526942732999828, 12.20506244600017 ], [ -9.529168, 12.203860000000134 ], [ -9.541409, 12.19268 ], [ -9.541409871999917, 12.19268011700018 ], [ -9.54141, 12.19268 ], [ -9.543202486999917, 12.192920334000064 ], [ -9.546780361999936, 12.193399781000039 ], [ -9.548190467999973, 12.19254261500015 ], [ -9.553123, 12.189540000000136 ], [ -9.553129081999941, 12.189540559000079 ], [ -9.553130000999943, 12.189540001000069 ], [ -9.559637206999923, 12.190138633 ], [ -9.561502, 12.19031 ], [ -9.566824019999956, 12.190797035000116 ], [ -9.569479200999979, 12.191039927000134 ], [ -9.571648495999966, 12.190249638000068 ], [ -9.578150000999926, 12.187880001 ], [ -9.580426923999937, 12.187722972000074 ], [ -9.584235, 12.187460000000158 ], [ -9.587171051999917, 12.185610125000153 ], [ -9.588929999999891, 12.1845 ], [ -9.59505, 12.18358000000012 ], [ -9.596915019999926, 12.183299747000092 ], [ -9.600636, 12.18274 ], [ -9.602515338999865, 12.181424597000046 ], [ -9.60486, 12.179780000000108 ], [ -9.61188, 12.179600000000164 ], [ -9.619154, 12.175970000000177 ], [ -9.622429605999912, 12.175645039000017 ], [ -9.625699999999881, 12.17532 ], [ -9.630399999999895, 12.172820000000115 ], [ -9.636990000999901, 12.1662 ], [ -9.6396, 12.16138 ], [ -9.66405, 12.140850000000114 ], [ -9.669228, 12.13435 ], [ -9.671352653999975, 12.131684808000102 ], [ -9.677720000999841, 12.123690000000124 ], [ -9.679410976999861, 12.119686203000072 ], [ -9.680815, 12.116350000000125 ], [ -9.680459999999869, 12.09955 ], [ -9.677827, 12.0881 ], [ -9.676546133999977, 12.082532581000123 ], [ -9.67569, 12.078820000000121 ], [ -9.67974, 12.06665 ], [ -9.68421000099994, 12.063 ], [ -9.692169999999862, 12.06121 ], [ -9.695935960999975, 12.057553922000068 ], [ -9.697183468999981, 12.053685950000101 ], [ -9.698079999999891, 12.050900000000183 ], [ -9.69772, 12.03525 ], [ -9.699758, 12.023820000000114 ], [ -9.699759972999914, 12.023820149000187 ], [ -9.69976, 12.023820000000114 ], [ -9.711058710999964, 12.024673236000183 ], [ -9.733664, 12.026380000000188 ], [ -9.747891396999933, 12.029021704000058 ], [ -9.765658129999906, 12.032319654000105 ], [ -9.769629999999836, 12.031880000000115 ], [ -9.790621999999871, 12.04051 ], [ -9.798347673999956, 12.046993727000029 ], [ -9.809940000999973, 12.056720000000155 ], [ -9.816010000999938, 12.05767 ], [ -9.819101836999891, 12.05610029900015 ], [ -9.819259, 12.05602000000016 ], [ -9.81962886599996, 12.055831657000113 ], [ -9.82539000099996, 12.052890000000161 ], [ -9.862076408999883, 12.058608483 ], [ -9.863691070999892, 12.058859700000085 ], [ -9.871907433999922, 12.056555808999974 ], [ -9.876600000999872, 12.055240001000186 ], [ -9.8766006379999, 12.055240383000069 ], [ -9.876602, 12.05524 ], [ -9.880094445999816, 12.057329669000069 ], [ -9.882900000999939, 12.057120001000158 ], [ -9.88290008499996, 12.057120069000121 ], [ -9.882901, 12.05712 ], [ -9.884916468999904, 12.058743174000028 ], [ -9.88895, 12.06199 ], [ -9.90823, 12.08165 ], [ -9.908800950999932, 12.083199473000036 ], [ -9.911481, 12.090460000000121 ], [ -9.914441, 12.09848 ], [ -9.919801943999857, 12.100819539999975 ], [ -9.936889999999835, 12.096770000000106 ], [ -9.941794, 12.09749 ], [ -9.946262561999959, 12.100922432000175 ], [ -9.952969202999896, 12.10606938900014 ], [ -9.958578, 12.10541 ], [ -9.96345585999984, 12.10258608200013 ], [ -9.97077, 12.09835 ], [ -9.97077107399997, 12.098351116 ], [ -9.970773, 12.09835 ], [ -9.972736100999953, 12.100392976000023 ], [ -9.980999999999881, 12.10898 ], [ -9.982459790999883, 12.11239562500009 ], [ -9.983063, 12.1138 ], [ -9.986161889999948, 12.115603723000106 ], [ -9.990300000999866, 12.11801 ], [ -9.99578, 12.124830000000145 ], [ -9.999999999999886, 12.127230000000111 ], [ -10.0017, 12.128190000000131 ], [ -10.02437, 12.12878000000012 ], [ -10.03043, 12.1318 ], [ -10.03926, 12.14174 ], [ -10.045099999999877, 12.14269000000013 ], [ -10.05282, 12.14043 ], [ -10.05652, 12.14782 ], [ -10.05932, 12.149670000000128 ], [ -10.0619, 12.14807 ], [ -10.06335, 12.138650000000155 ], [ -10.067089999999894, 12.13913 ], [ -10.072429999999883, 12.146520000000123 ], [ -10.07663, 12.14723 ], [ -10.07812, 12.151190000000156 ], [ -10.078709999999887, 12.15276 ], [ -10.081299999999885, 12.16942 ], [ -10.08165, 12.17164 ], [ -10.08443, 12.17649 ], [ -10.086779, 12.177659000000119 ], [ -10.090959999999882, 12.17974 ], [ -10.09914, 12.17932 ], [ -10.10734, 12.176150000000177 ], [ -10.112950000999888, 12.175720000000126 ], [ -10.13141, 12.17811000100005 ], [ -10.143130000999975, 12.173110001000055 ], [ -10.148969999999849, 12.172680000000128 ], [ -10.167620000999932, 12.18427 ], [ -10.18374, 12.187110001000065 ], [ -10.186770000999957, 12.189660000000117 ], [ -10.190930000999913, 12.19888 ], [ -10.19369, 12.20010000100018 ], [ -10.195130000999882, 12.20074000000011 ], [ -10.210650000999976, 12.201010001000157 ], [ -10.213599999999815, 12.20106000100003 ], [ -10.22388, 12.20295000100009 ], [ -10.237930000999938, 12.19864 ], [ -10.243310000999884, 12.199360000000127 ], [ -10.246099999999899, 12.2019 ], [ -10.247480000999872, 12.20628 ], [ -10.24628, 12.2134 ], [ -10.248379999999827, 12.21525 ], [ -10.25375, 12.21528 ], [ -10.26712, 12.20706 ], [ -10.27645, 12.212850001000106 ], [ -10.283000000999834, 12.2126500010001 ], [ -10.287450000999968, 12.209680000000105 ], [ -10.288879999999892, 12.2044 ], [ -10.28565, 12.194730001000096 ], [ -10.288940000999958, 12.191280001000109 ], [ -10.293619999999862, 12.190850000000182 ], [ -10.29922, 12.19294 ], [ -10.304749999999899, 12.2116 ], [ -10.30939000099994, 12.21875 ], [ -10.31289, 12.220610000000136 ], [ -10.32014000099997, 12.22133 ], [ -10.327400000999887, 12.219060000000127 ], [ -10.33658, 12.224950001000138 ], [ -10.339323416999946, 12.225478732000113 ], [ -10.34121, 12.22042 ], [ -10.34005999999988, 12.21559 ], [ -10.332150000999889, 12.20244 ], [ -10.331950000999882, 12.194390000000169 ], [ -10.335010000999944, 12.187270001000172 ], [ -10.351600000999895, 12.19309 ], [ -10.358150000999899, 12.19219 ], [ -10.360960000999967, 12.1899 ], [ -10.360549999999876, 12.175640001000147 ], [ -10.36336, 12.171970001000091 ], [ -10.37109000099997, 12.168770001000155 ], [ -10.37109000099997, 12.16763 ], [ -10.38115, 12.169500001000131 ], [ -10.396140000999935, 12.176370001000123 ], [ -10.39671000099986, 12.17632 ], [ -10.40405, 12.175790001000109 ], [ -10.41072, 12.172580001000085 ], [ -10.41445, 12.166850001000114 ], [ -10.41246, 12.145010001000117 ], [ -10.41403, 12.141080000000102 ], [ -10.434099999999887, 12.13334 ], [ -10.43967, 12.13005 ], [ -10.448979999999892, 12.12011 ], [ -10.4564, 12.116530000000125 ], [ -10.46748, 12.117810000000134 ], [ -10.476960000999838, 12.120760001000065 ], [ -10.494489999999871, 12.122660001000099 ], [ -10.503140000999963, 12.121770001000129 ], [ -10.510630000999925, 12.11835 ], [ -10.51650000099994, 12.11285 ], [ -10.518630000999963, 12.106420001000174 ], [ -10.514830000999893, 12.100350001000152 ], [ -10.507229999999879, 12.090510000000165 ], [ -10.505149999999844, 12.08383 ], [ -10.50704, 12.080380000000105 ], [ -10.51872, 12.078820000000121 ], [ -10.52154, 12.076070001000062 ], [ -10.52367, 12.068940000000168 ], [ -10.52045, 12.055820001000029 ], [ -10.521389999999826, 12.05306 ], [ -10.520310000999814, 12.04999 ], [ -10.521458546999895, 12.046168789000149 ], [ -10.522939999999892, 12.04124 ], [ -10.531040000999951, 12.033540000000187 ], [ -10.532689999999889, 12.031710001000022 ], [ -10.55864, 12.02651 ], [ -10.570950000999972, 12.027270000000101 ], [ -10.578280000999939, 12.021980000999974 ], [ -10.579010000999915, 12.013930001000062 ], [ -10.572029999999813, 12.00562 ], [ -10.56364, 12.00053 ], [ -10.562950000999933, 11.997770000000116 ], [ -10.56436, 11.995930000000158 ], [ -10.57278, 11.99366 ], [ -10.57701, 11.98609000100015 ], [ -10.58192, 11.98449 ], [ -10.588930000999937, 11.98544 ], [ -10.599480000999961, 11.974200001000099 ], [ -10.605550000999926, 11.97399 ], [ -10.612779999999873, 11.97678000000019 ], [ -10.62075, 11.96921 ], [ -10.6257, 11.95772 ], [ -10.62839, 11.94687000100015 ], [ -10.630190000999846, 11.939570000000174 ], [ -10.633480000999896, 11.934750000000179 ], [ -10.64027, 11.929480001000115 ], [ -10.641460000999928, 11.923500000000161 ], [ -10.640089999999873, 11.91315 ], [ -10.642440000999898, 11.91016 ], [ -10.65133, 11.905820001000052 ], [ -10.659509999999898, 11.90378 ], [ -10.66256, 11.90054 ], [ -10.66282, 11.89906000000019 ], [ -10.672220000999914, 11.89388 ], [ -10.690210000999912, 11.893000001000132 ], [ -10.69722, 11.89601 ], [ -10.71703, 11.915600001000087 ], [ -10.731290000999934, 11.91656 ], [ -10.735490000999903, 11.91933 ], [ -10.742469999999855, 11.93384 ], [ -10.749210234999964, 11.941553993000127 ], [ -10.751330000999928, 11.94398 ], [ -10.745450000999938, 11.96283 ], [ -10.74987, 11.973880001000111 ], [ -10.75637, 11.99378 ], [ -10.76134, 11.999210000000119 ], [ -10.777730000999952, 12.01095000000015 ], [ -10.78601, 12.024690001000067 ], [ -10.79231, 12.02977 ], [ -10.795090000999892, 12.0376 ], [ -10.794150000999934, 12.04151000100012 ], [ -10.78898000099997, 12.048390001000087 ], [ -10.78497000099992, 12.065870000000132 ], [ -10.78448, 12.073910000000126 ], [ -10.78717, 12.102220001000148 ], [ -10.787430000999905, 12.104980000000126 ], [ -10.79023, 12.10936 ], [ -10.796290000999875, 12.11352000100004 ], [ -10.81522, 12.115860000000112 ], [ -10.829, 12.12142 ], [ -10.845099999999888, 12.131580000000156 ], [ -10.8703, 12.15396 ], [ -10.87682999999987, 12.161110001000168 ], [ -10.879150000999971, 12.168010001000141 ], [ -10.88005, 12.1767 ], [ -10.880290000999878, 12.179060001000153 ], [ -10.88635, 12.187580000000139 ], [ -10.89052, 12.2023200000001 ], [ -10.892160000999979, 12.203930001000174 ], [ -10.89918, 12.199120001000097 ], [ -10.90292, 12.20097 ], [ -10.9078, 12.212710001000119 ], [ -10.91061, 12.214320000000157 ], [ -10.91832000099987, 12.21434 ], [ -10.9286, 12.222420001000046 ], [ -10.932799999999872, 12.223350001000085 ], [ -10.94006, 12.21761 ], [ -10.943800000999829, 12.21739 ], [ -10.952920000999825, 12.22155 ], [ -10.96718, 12.221120001000145 ], [ -10.972980000999939, 12.218740000000139 ], [ -10.97444, 12.21814 ], [ -10.98568, 12.208740000000148 ], [ -10.99223, 12.207370001000015 ], [ -11.007430000999932, 12.20786 ], [ -11.015380000999926, 12.20557 ], [ -11.02005, 12.210180001000026 ], [ -11.023090000999957, 12.211110000000133 ], [ -11.033139999999889, 12.210670000000164 ], [ -11.03945, 12.21804000100002 ], [ -11.044820000999948, 12.221040000000187 ], [ -11.04833, 12.217130000000168 ], [ -11.050230000999932, 12.201730000000111 ], [ -11.055160000999933, 12.191840001000116 ], [ -11.055160000999933, 12.185170001000131 ], [ -11.06056, 12.175060001000134 ], [ -11.06199, 12.162410001000069 ], [ -11.06738000099989, 12.154600001000119 ], [ -11.07278, 12.135290001000044 ], [ -11.08215, 12.12909000000019 ], [ -11.092440000999943, 12.123820001000126 ], [ -11.09945000099998, 12.121990000000153 ], [ -11.10341, 12.11921000000018 ], [ -11.10437, 12.11855 ], [ -11.10648, 12.11394 ], [ -11.103920000999949, 12.102210001 ], [ -11.105800000999977, 12.097150000000113 ], [ -11.10930999999988, 12.09486 ], [ -11.13432, 12.09512 ], [ -11.139460000999975, 12.093060001000026 ], [ -11.142280000999961, 12.089850001000173 ], [ -11.144160000999932, 12.07881 ], [ -11.138110000999916, 12.059480001000168 ], [ -11.14256, 12.05051 ], [ -11.14451, 12.04864 ], [ -11.15215, 12.041320001000031 ], [ -11.16069, 12.036180000000115 ], [ -11.166594, 12.032625000000166 ], [ -11.17273, 12.028930000000116 ], [ -11.172731139999939, 12.028935330000024 ], [ -11.17274, 12.028930000000116 ], [ -11.178820000999963, 12.020420000000172 ], [ -11.184199999999862, 12.017440001000068 ], [ -11.19202, 12.014530000999969 ], [ -11.212590000999967, 12.017760001000056 ], [ -11.224040000999935, 12.01202000100011 ], [ -11.2383, 11.995920000000183 ], [ -11.24695, 11.99247 ], [ -11.257470000999888, 11.992480000000114 ], [ -11.29709999999983, 12.01324000000011 ], [ -11.304530116999956, 12.017129885000145 ], [ -11.304572607999944, 12.017152129000067 ], [ -11.3124, 12.021250001000169 ], [ -11.355180000999894, 12.053920001000051 ], [ -11.36176, 12.059940000000154 ], [ -11.36035, 12.07904 ], [ -11.37094999999988, 12.099250000000154 ], [ -11.376000000999909, 12.10389 ], [ -11.385110000999816, 12.10827 ], [ -11.397960000999944, 12.10827 ], [ -11.411049999999818, 12.11173 ], [ -11.43305, 12.11955 ], [ -11.439560000999904, 12.121870000000172 ], [ -11.46411, 12.133610001000136 ], [ -11.469020000999933, 12.13867 ], [ -11.473220000999902, 12.14902000100011 ], [ -11.478449999999896, 12.156250000000114 ], [ -11.48164000099996, 12.160680001000117 ], [ -11.4945, 12.178470001000164 ], [ -11.495899999999892, 12.186060000000168 ], [ -11.4945, 12.19595 ], [ -11.497769999999889, 12.20952 ], [ -11.497754287999953, 12.209534807000125 ], [ -11.497769999999889, 12.209530000000143 ], [ -11.49239, 12.214590000000101 ], [ -11.491537451999818, 12.216143962999979 ], [ -11.49018999999987, 12.2186 ], [ -11.482570000999829, 12.2325300010001 ], [ -11.476490000999831, 12.238500001000034 ], [ -11.463159999999846, 12.241720000999976 ], [ -11.458710000999872, 12.249080000000106 ], [ -11.4531, 12.252990001000057 ], [ -11.45193, 12.26587 ], [ -11.44982, 12.271160001000112 ], [ -11.443270000999917, 12.273230001000172 ], [ -11.438589999999863, 12.277830001000098 ], [ -11.434850000999859, 12.286800001000131 ], [ -11.433670000999939, 12.29738 ], [ -11.437880000999826, 12.30474 ], [ -11.437480000999926, 12.3091 ], [ -11.436710000999938, 12.317390001000035 ], [ -11.43974, 12.334650000000181 ], [ -11.450039999999888, 12.350520000000188 ], [ -11.448629999999866, 12.3549 ], [ -11.44185, 12.35765 ], [ -11.439970000999892, 12.3634 ], [ -11.43974, 12.370760000000132 ], [ -11.43966, 12.37861 ], [ -11.43719, 12.381970001000127 ], [ -11.432130000999962, 12.383490001000098 ], [ -11.42592999999988, 12.38548 ], [ -11.41633, 12.395370001 ], [ -11.413990000999888, 12.395130001000041 ], [ -11.412820000999886, 12.39122 ], [ -11.4147, 12.38295000100004 ], [ -11.412830000999918, 12.377880000000175 ], [ -11.408620000999917, 12.377650000000187 ], [ -11.402530000999889, 12.3834 ], [ -11.39949000099989, 12.38202 ], [ -11.392940000999943, 12.383850001000042 ], [ -11.388610000999961, 12.383690001000161 ], [ -11.3803, 12.383380000000159 ], [ -11.37375, 12.38936 ], [ -11.37515, 12.39465 ], [ -11.37468, 12.402240001 ], [ -11.380520000999979, 12.411220001000174 ], [ -11.37946, 12.41356 ], [ -11.40071, 12.415280000000109 ], [ -11.408670000999962, 12.417580000000157 ], [ -11.43302, 12.431610000000148 ], [ -11.45971, 12.441490000000158 ], [ -11.47792, 12.44183 ], [ -11.531350000999907, 12.442840000000103 ], [ -11.550070000999938, 12.440290000000118 ], [ -11.581439999999873, 12.43314 ], [ -11.600389999999834, 12.428070000000162 ], [ -11.600389999999834, 12.42692 ], [ -11.603720000999942, 12.426640000000134 ], [ -11.63901, 12.42366000100003 ], [ -11.64815, 12.42549 ], [ -11.66383, 12.423400001 ], [ -11.67201, 12.419950000000142 ], [ -11.68791, 12.40958 ], [ -11.703349999999887, 12.396910001000094 ], [ -11.712470000999815, 12.393450001000133 ], [ -11.722639999999899, 12.392290001000106 ], [ -11.76161, 12.387860001000035 ], [ -11.785729999999887, 12.393580000000156 ], [ -11.81382, 12.392840001000138 ], [ -11.8494, 12.397380000000169 ], [ -11.850010000999873, 12.397620001 ], [ -11.86065, 12.401740000000132 ], [ -11.88246, 12.41918 ], [ -11.887139999999874, 12.419860000000142 ], [ -11.893950000999894, 12.42721 ], [ -11.903320000999884, 12.43087000100013 ], [ -11.912680000999956, 12.430390000000102 ], [ -11.93186, 12.425290000000189 ], [ -11.93419, 12.422070001000122 ], [ -11.958740000999967, 12.407060000000115 ], [ -11.960670000999869, 12.40643000100016 ], [ -11.977680000999953, 12.40082 ], [ -11.99874, 12.39686000100005 ], [ -12.016759999999863, 12.396590000000174 ], [ -12.02496, 12.399560001000168 ], [ -12.03622, 12.40689 ], [ -12.03716, 12.410800001000041 ], [ -12.04961, 12.423190000000147 ], [ -12.073000000999912, 12.418990000000122 ], [ -12.075700000999859, 12.417500001000178 ], [ -12.08209, 12.42134000100009 ], [ -12.088650000999849, 12.422020000000146 ], [ -12.096839999999816, 12.421310001000109 ], [ -12.1132, 12.41231 ], [ -12.13001, 12.395020000000102 ], [ -12.139819999999816, 12.38856 ], [ -12.159190000999956, 12.368050001000142 ], [ -12.165979999999877, 12.36849 ], [ -12.17251, 12.36273 ], [ -12.175639216999912, 12.361612040000125 ], [ -12.175639928999885, 12.361611786000083 ], [ -12.178359999999884, 12.36064000000016 ], [ -12.185679999999877, 12.360930001000099 ], [ -12.189140000999942, 12.35864000100014 ], [ -12.21066999999988, 12.358110001000171 ], [ -12.23476, 12.355060001000027 ], [ -12.292010000999937, 12.331180001000064 ], [ -12.297849999999869, 12.32702 ], [ -12.30565, 12.324070001000109 ], [ -12.309530000999928, 12.322610000000168 ], [ -12.330780000999937, 12.311490000999981 ], [ -12.34363, 12.30731 ], [ -12.35322, 12.307280000999981 ], [ -12.36003000099987, 12.311390000000131 ], [ -12.368020000999934, 12.321480000000122 ], [ -12.368739999999889, 12.325390001000073 ], [ -12.3765, 12.333410001000175 ], [ -12.377449999999897, 12.336860001000161 ], [ -12.389929999999879, 12.356140000000153 ], [ -12.40037, 12.36547000000013 ], [ -12.404019999999889, 12.368740000000116 ], [ -12.414349999999899, 12.37445 ], [ -12.434510000999921, 12.382420000000138 ], [ -12.44953, 12.391570000000115 ], [ -12.47414, 12.39906 ], [ -12.489360000999909, 12.40061 ], [ -12.496600000999877, 12.39759000000015 ], [ -12.505676937999965, 12.397334711000042 ], [ -12.506200000999968, 12.39732 ], [ -12.517610000999923, 12.389450001000114 ], [ -12.54376, 12.37141 ], [ -12.555449999999894, 12.3679 ], [ -12.562076008999952, 12.368378993000022 ], [ -12.563143, 12.367398 ], [ -12.564062675999935, 12.368522602999974 ], [ -12.56458, 12.368560000000173 ], [ -12.565702926999847, 12.369756767000126 ], [ -12.577050000999975, 12.38185 ], [ -12.58437, 12.395380001000149 ], [ -12.589769999999874, 12.39927 ], [ -12.60595000099994, 12.40518 ], [ -12.61627, 12.41896 ], [ -12.621740000999978, 12.426270000999978 ], [ -12.63394, 12.431280001000118 ], [ -12.647760000999938, 12.43305 ], [ -12.672810000999959, 12.433400001 ], [ -12.7147, 12.432040001000075 ], [ -12.718680000999882, 12.43042 ], [ -12.73763, 12.429410000000189 ], [ -12.73957, 12.43002 ], [ -12.748524970999938, 12.432867772000122 ], [ -12.755449999999882, 12.435070001000156 ], [ -12.758770000999959, 12.442180001000111 ], [ -12.7612, 12.458270000000141 ], [ -12.769670000999952, 12.46628 ], [ -12.77183, 12.4709 ], [ -12.7766, 12.471890000000144 ], [ -12.781559999999899, 12.47626 ], [ -12.78682000099991, 12.475630001000013 ], [ -12.80015, 12.47280000000012 ], [ -12.810469999999896, 12.475960000999976 ], [ -12.83418, 12.486880001000031 ], [ -12.83759, 12.491120000000137 ], [ -12.841730000999974, 12.496270001000028 ], [ -12.84181, 12.510540001000152 ], [ -12.84559, 12.51558000000017 ], [ -12.868810000999815, 12.52304 ], [ -12.873990000999925, 12.526920000000189 ], [ -12.87918999999988, 12.53495 ], [ -12.88765, 12.54065 ], [ -12.893270000999905, 12.5397 ], [ -12.90007, 12.54197 ], [ -12.90523, 12.541940001000114 ], [ -12.922530000999927, 12.537010000000123 ], [ -12.930910000999972, 12.530520000000138 ], [ -12.932620000999975, 12.52747 ], [ -12.936470000999918, 12.5206 ], [ -12.94049000099983, 12.487460001000102 ], [ -12.93955000099993, 12.487460001000102 ], [ -12.948150000999817, 12.477060000000165 ], [ -12.96702000099998, 12.46269 ], [ -12.96865, 12.46167000100013 ], [ -12.97405, 12.463580001000082 ], [ -12.988899291999815, 12.468901651000067 ], [ -13.002400000999899, 12.47374 ], [ -13.00399, 12.474340000000154 ], [ -13.01645, 12.477320001000066 ], [ -13.02854000099984, 12.47798 ], [ -13.03975, 12.474930000000143 ], [ -13.050989999999899, 12.47395 ], [ -13.058770000999971, 12.47707 ], [ -13.0606, 12.47781 ], [ -13.06578, 12.482380000000148 ], [ -13.07121000099994, 12.49132 ], [ -13.073149999999885, 12.50212 ], [ -13.072290000999942, 12.515240000000119 ], [ -13.07659, 12.529710001000183 ], [ -13.07497000099994, 12.533860001000164 ], [ -13.065650000999881, 12.54196 ], [ -13.060139999999876, 12.560620001000075 ], [ -13.0525, 12.575380000000166 ], [ -13.050900000999945, 12.582060001000173 ], [ -13.051880000999915, 12.59056 ], [ -13.05621, 12.610090001000174 ], [ -13.056729999999845, 12.619290001000024 ], [ -13.065430000999982, 12.62500000100016 ], [ -13.073470000999976, 12.638990001000025 ], [ -13.077690000999894, 12.63988 ], [ -13.08003, 12.639180001000113 ], [ -13.08794, 12.62994 ], [ -13.09728, 12.625750001000029 ], [ -13.100800000999982, 12.62687 ], [ -13.10277, 12.62834 ], [ -13.11092000099984, 12.634410001000163 ], [ -13.119120000999942, 12.63505 ], [ -13.130499491999899, 12.640561823000041 ], [ -13.13415, 12.64233 ], [ -13.13906, 12.641610001000117 ], [ -13.145110000999978, 12.63491 ], [ -13.15264, 12.639690000000144 ], [ -13.153490000999852, 12.639650000000188 ], [ -13.171840000999964, 12.638660000000186 ], [ -13.17956, 12.63655 ], [ -13.184650000999909, 12.62778 ], [ -13.187700000999939, 12.62776 ], [ -13.197120000999973, 12.636900001000129 ], [ -13.209100000999911, 12.6419 ], [ -13.21077, 12.64649 ], [ -13.213350000999924, 12.648770000000184 ], [ -13.221550000999912, 12.648260000000107 ], [ -13.232970000999956, 12.63968 ], [ -13.237190000999931, 12.639890001000083 ], [ -13.24706, 12.644660000000101 ], [ -13.263010000999941, 12.649160000000109 ], [ -13.27496, 12.649090001000104 ], [ -13.287860000999899, 12.652460000000133 ], [ -13.29067, 12.651750001000096 ], [ -13.294885068999918, 12.647136087000092 ], [ -13.295320000999936, 12.64666 ], [ -13.297420000999978, 12.646420000999967 ], [ -13.304660000999945, 12.64246 ], [ -13.32409, 12.64172 ], [ -13.33325, 12.64461 ], [ -13.336020000999952, 12.652120001000185 ], [ -13.33854, 12.654800001000069 ], [ -13.34231000099993, 12.653890001000093 ], [ -13.346310000999949, 12.64971 ], [ -13.350170000999924, 12.65344 ], [ -13.350900000999957, 12.659570001000191 ], [ -13.39306, 12.662120001000119 ], [ -13.45208, 12.66598 ], [ -13.45308, 12.666050000000155 ], [ -13.456289111999979, 12.66568313800019 ], [ -13.461740000999896, 12.665060000000153 ], [ -13.467379999999821, 12.666860001000089 ] ] ], [ [ [ -14.923069000999874, 10.895609857000125 ], [ -14.904608726999982, 10.92688846700014 ], [ -14.905353545999958, 10.930788994000181 ], [ -14.911500930999921, 10.938305856000056 ], [ -14.916899681999951, 10.941921234000063 ], [ -14.924709320999966, 10.95217800100005 ], [ -14.933639526999968, 10.958971025000039 ], [ -14.95432758499993, 10.975051880000024 ], [ -14.961309433999929, 10.974966049000102 ], [ -14.96941176699994, 10.967147695000165 ], [ -14.985275938999905, 10.961581318000128 ], [ -14.994182141999886, 10.954901666000069 ], [ -15.0, 10.95317363900017 ], [ -15.001431464999939, 10.951766968000072 ], [ -15.006149851999965, 10.948222014 ], [ -15.009211359999881, 10.939315811000029 ], [ -15.013664459999916, 10.932357840000122 ], [ -15.017560923999895, 10.928739696000093 ], [ -15.023962257999926, 10.925956507000137 ], [ -15.030477523999878, 10.923273087000155 ], [ -15.035629271999881, 10.922088624000082 ], [ -15.047418594999954, 10.919380189000094 ], [ -15.058916091999947, 10.908654213999966 ], [ -15.062848090999921, 10.906764031000023 ], [ -15.066979408999885, 10.902341843000045 ], [ -15.067868232999899, 10.899108888000171 ], [ -15.077990531999944, 10.890240670000026 ], [ -15.082058906999976, 10.880987167000114 ], [ -15.084904671999936, 10.869412422000096 ], [ -15.086256027999923, 10.863911628999972 ], [ -15.084515572999919, 10.855422973000032 ], [ -15.078563690999943, 10.845146181000018 ], [ -15.072896003999972, 10.838777542000059 ], [ -15.05062103299997, 10.812485695000078 ], [ -15.032019615999843, 10.79052353000003 ], [ -15.021666525999933, 10.781453133000127 ], [ -15.015139578999936, 10.777903557000116 ], [ -15.014638900999955, 10.777630806000161 ], [ -15.0, 10.775509834 ], [ -14.996446608999918, 10.774980546000108 ], [ -14.982245445999979, 10.772971153000185 ], [ -14.969934463999948, 10.774272920000158 ], [ -14.962929724999981, 10.772288324000101 ], [ -14.952934264999953, 10.772871017000057 ], [ -14.951847076999968, 10.778864861000045 ], [ -14.941772460999914, 10.791639327999974 ], [ -14.941368102999945, 10.796474457000102 ], [ -14.948698043999912, 10.805816650999986 ], [ -14.953829764999966, 10.806903839000086 ], [ -14.956889152999963, 10.809627533000025 ], [ -14.961291313999936, 10.808193206999988 ], [ -14.962939262999953, 10.809782982000172 ], [ -14.960441588999913, 10.814643860000047 ], [ -14.974436759999946, 10.817462921000129 ], [ -14.97887802199989, 10.824483870999984 ], [ -14.972022055999901, 10.835474968000028 ], [ -14.964181899999858, 10.834380150000186 ], [ -14.961899757999959, 10.837859155 ], [ -14.963589667999884, 10.842668534000097 ], [ -14.967788695999957, 10.843538284000147 ], [ -14.965729712999917, 10.846323013000074 ], [ -14.967693329999975, 10.854350091000072 ], [ -14.971368789999929, 10.859572411000158 ], [ -14.971823692999919, 10.860219002000065 ], [ -14.970881461999966, 10.86719226800011 ], [ -14.971567153999956, 10.875153543000067 ], [ -14.977767944999982, 10.883828163000146 ], [ -14.976437567999938, 10.886863709000124 ], [ -14.97372245899993, 10.887225151 ], [ -14.970434188999889, 10.886981012000149 ], [ -14.966659546999949, 10.882886886000165 ], [ -14.96208286399991, 10.866879463000032 ], [ -14.958638190999977, 10.863204003000078 ], [ -14.953166961999898, 10.861570358000165 ], [ -14.94943904899992, 10.863963126999977 ], [ -14.945317268999872, 10.869805337 ], [ -14.94328403399993, 10.874661445000186 ], [ -14.933378219999952, 10.882602693000024 ], [ -14.923069000999874, 10.895609857000125 ] ] ], [ [ [ -14.897646903999942, 10.81632614200015 ], [ -14.890934943999923, 10.819167137000079 ], [ -14.887634276999961, 10.834388733000083 ], [ -14.881670952999855, 10.841361046000145 ], [ -14.881245613999909, 10.844586373000084 ], [ -14.886671066999952, 10.850502015000188 ], [ -14.887735367999881, 10.861300468000024 ], [ -14.885284424999952, 10.870071411000026 ], [ -14.887613295999927, 10.874587060000181 ], [ -14.894768715999874, 10.87653732300015 ], [ -14.899232864999874, 10.881534575999979 ], [ -14.902012824999929, 10.886661530000026 ], [ -14.901339530999905, 10.888740541000175 ], [ -14.896896362999883, 10.894246102000125 ], [ -14.886901855999952, 10.906626703000029 ], [ -14.889368057999889, 10.917868615000089 ], [ -14.896377563999977, 10.920084953000128 ], [ -14.901906013999962, 10.915417672000046 ], [ -14.906465530999924, 10.908001900000045 ], [ -14.90911960699998, 10.89669799800015 ], [ -14.914361953999958, 10.887893677000079 ], [ -14.925369262999936, 10.874878884000168 ], [ -14.93458080299996, 10.867176056000176 ], [ -14.937087058999964, 10.863005639000164 ], [ -14.931616782999981, 10.84330844800013 ], [ -14.930018425999947, 10.837557792000041 ], [ -14.932980537999981, 10.832461358000046 ], [ -14.923862457999974, 10.828891754000097 ], [ -14.917646408999929, 10.815625192000027 ], [ -14.911796570999968, 10.812934876000043 ], [ -14.903405188999955, 10.811655998000106 ], [ -14.897646903999942, 10.81632614200015 ] ] ], [ [ [ -14.901341438999964, 11.000997544000029 ], [ -14.914443015999893, 11.024360656999988 ], [ -14.918906211999968, 11.027352333000067 ], [ -14.930520335999915, 11.04483897199998 ], [ -14.951562058999912, 11.008099455000149 ], [ -14.953612488999909, 11.004519339000012 ], [ -14.953823622999892, 11.004150693000099 ], [ -14.953851633999818, 11.003925331000062 ], [ -14.953927041999918, 11.003359446000047 ], [ -14.954009582999902, 11.002794557000129 ], [ -14.954099244999952, 11.002230755000028 ], [ -14.95419601499998, 11.001668128000119 ], [ -14.954299873999958, 11.001106766000021 ], [ -14.954410805999885, 11.000546760000077 ], [ -14.954528796999966, 10.99998819800004 ], [ -14.954653822999944, 10.999431170000094 ], [ -14.954785867999931, 10.998875762000182 ], [ -14.954924909999875, 10.998322065000082 ], [ -14.955070926999895, 10.99777016600018 ], [ -14.955223894999961, 10.997220155000036 ], [ -14.955383789999928, 10.996672115000024 ], [ -14.955550585999958, 10.996126137000147 ], [ -14.955724258999965, 10.995582308000166 ], [ -14.955904777999876, 10.995040711 ], [ -14.956092114999933, 10.994501436000064 ], [ -14.956286241999976, 10.993964568000081 ], [ -14.956487126999832, 10.993430191000186 ], [ -14.956694737999953, 10.992898392000143 ], [ -14.956909040999903, 10.992369253000163 ], [ -14.957130002999975, 10.991842861000123 ], [ -14.957357588999912, 10.991319299000111 ], [ -14.957591762999925, 10.990798649000055 ], [ -14.957832485999859, 10.990280997000013 ], [ -14.958079721999979, 10.98976642100007 ], [ -14.958333428999936, 10.989255005000018 ], [ -14.958593568999959, 10.988746832000174 ], [ -14.958860098999878, 10.988241981000044 ], [ -14.9591329779999, 10.987740534000068 ], [ -14.959412161999978, 10.987242569000159 ], [ -14.959697604999974, 10.986748164 ], [ -14.959989264999876, 10.986257400999989 ], [ -14.96028709199993, 10.985770357000035 ], [ -14.96059103999994, 10.985287110000115 ], [ -14.960901061999891, 10.984807735000118 ], [ -14.961217105999935, 10.98433231100006 ], [ -14.961539123999955, 10.983860911000136 ], [ -14.961867062999886, 10.9833936120001 ], [ -14.962200871999812, 10.98293048700009 ], [ -14.962540497999953, 10.982471611000108 ], [ -14.962885884999935, 10.982017056000075 ], [ -14.96323697999992, 10.981566894000139 ], [ -14.963593727999864, 10.981121198000039 ], [ -14.965976756999964, 10.978144509 ], [ -14.962768553999979, 10.97977924300011 ], [ -14.957011222999938, 10.979819299000042 ], [ -14.946635246999961, 10.974225998000065 ], [ -14.92948246099985, 10.961551666000162 ], [ -14.922433853999905, 10.956347466000125 ], [ -14.917758941999978, 10.954792978000114 ], [ -14.902306556999974, 10.966250419000175 ], [ -14.900729179999928, 10.97041034800003 ], [ -14.901341438999964, 11.000997544000029 ] ] ], [ [ [ -14.853347778999932, 10.903346062000082 ], [ -14.854658127999812, 10.915291786000125 ], [ -14.861644745999968, 10.93453216600011 ], [ -14.864953994999951, 10.938633920000029 ], [ -14.872451781999928, 10.942685128 ], [ -14.877345084999945, 10.943086624000046 ], [ -14.885918617999948, 10.939993859000026 ], [ -14.887729643999933, 10.935831071 ], [ -14.885489462999942, 10.924126625000042 ], [ -14.876532554999869, 10.91503143400007 ], [ -14.878757475999919, 10.90672397700007 ], [ -14.876861572999928, 10.903985977 ], [ -14.87004756999994, 10.898777008000025 ], [ -14.862602233999951, 10.898865699 ], [ -14.859831809999946, 10.900738717000081 ], [ -14.858805656999948, 10.900270463000084 ], [ -14.854917527999874, 10.898496628000146 ], [ -14.853347778999932, 10.903346062000082 ] ] ], [ [ [ -13.832793235999929, 9.450149537000186 ], [ -13.831214903999978, 9.454987526000025 ], [ -13.833600044999912, 9.463242531000105 ], [ -13.831345558999885, 9.470388413000023 ], [ -13.82470989299992, 9.479637146000073 ], [ -13.815496444999837, 9.485229492000087 ], [ -13.805436133999933, 9.500252724000177 ], [ -13.799234389999981, 9.506279947000166 ], [ -13.79461097799998, 9.50700664600015 ], [ -13.793242453999881, 9.509315491000166 ], [ -13.795348166999872, 9.512057306000088 ], [ -13.805779457999904, 9.51335239600013 ], [ -13.807876587999885, 9.515173913000126 ], [ -13.811554908999938, 9.511925698000027 ], [ -13.815022468999871, 9.511209488000077 ], [ -13.819138527999826, 9.505198479000057 ], [ -13.824814795999885, 9.492049217000101 ], [ -13.831042290999847, 9.489239693000115 ], [ -13.834473610999964, 9.484383584000057 ], [ -13.838619232999974, 9.481821060000129 ], [ -13.843815803999973, 9.466836931000159 ], [ -13.840992926999888, 9.461573602000158 ], [ -13.840953827999954, 9.456976891000011 ], [ -13.839314460999958, 9.45469188800007 ], [ -13.836762427999929, 9.45402336300009 ], [ -13.834637642999951, 9.449213981000071 ], [ -13.832793235999929, 9.450149537000186 ] ] ], [ [ [ -13.765042304999952, 9.824036598000077 ], [ -13.761831283999982, 9.828200341000013 ], [ -13.753714561999971, 9.836003305000133 ], [ -13.751941679999902, 9.837705612000036 ], [ -13.733024597999872, 9.848891259000141 ], [ -13.731007576999957, 9.850919724 ], [ -13.733670234999977, 9.8518943790001 ], [ -13.747845649999931, 9.846935272000053 ], [ -13.76146125899993, 9.839469910000162 ], [ -13.772343636999835, 9.838003158000106 ], [ -13.778575897999815, 9.834733963000076 ], [ -13.784501076999959, 9.822501183000099 ], [ -13.784903526999869, 9.815140724000116 ], [ -13.778790473999891, 9.804614066999989 ], [ -13.770673751999936, 9.804219246000116 ], [ -13.765042304999952, 9.824036598000077 ] ] ], [ [ [ -13.753335, 9.442746164000027 ], [ -13.75059318599989, 9.447134972000072 ], [ -13.745605468999941, 9.46004676900003 ], [ -13.747275351999917, 9.466010094000069 ], [ -13.74616336899993, 9.47153568300007 ], [ -13.747606276999932, 9.478190422000125 ], [ -13.755760192999958, 9.484332084000073 ], [ -13.760077476999925, 9.502687454000181 ], [ -13.764267921999931, 9.505412102000037 ], [ -13.769588469999974, 9.504910468999981 ], [ -13.772558211999979, 9.500058175000163 ], [ -13.771832465999978, 9.496156693000103 ], [ -13.764820098999962, 9.488166810000109 ], [ -13.76103687299991, 9.478543282000032 ], [ -13.757294655999885, 9.473975182000061 ], [ -13.755625725999835, 9.46801281 ], [ -13.755805969999926, 9.46480369700015 ], [ -13.756635664999976, 9.450075149000099 ], [ -13.759828567999932, 9.444304466000176 ], [ -13.756562232999954, 9.441112518000068 ], [ -13.753335, 9.442746164000027 ] ] ], [ [ [ -14.873248100999888, 10.856413841000119 ], [ -14.872101783999881, 10.85780716 ], [ -14.875234604999946, 10.866511345000163 ], [ -14.870709418999979, 10.876915932000145 ], [ -14.872857093999869, 10.881260872000098 ], [ -14.871954918999904, 10.883572578000042 ], [ -14.873390198999914, 10.886775971000134 ], [ -14.870862008999893, 10.88933563300003 ], [ -14.880745887999979, 10.89818954600014 ], [ -14.885635376999971, 10.898361206000118 ], [ -14.888626098999964, 10.895565034000015 ], [ -14.892550467999968, 10.894022943000095 ], [ -14.896530151999968, 10.883238792000157 ], [ -14.887304306999908, 10.877948762000131 ], [ -14.884885787999906, 10.873603822000177 ], [ -14.880537032999825, 10.862537384000063 ], [ -14.876270294999927, 10.856146813 ], [ -14.873248100999888, 10.856413841000119 ] ] ], [ [ [ -14.038882255999965, 10.108675958000106 ], [ -14.041002272999947, 10.112106323000148 ], [ -14.048246382999878, 10.11756038600015 ], [ -14.055471419999947, 10.120944977000136 ], [ -14.059700011999894, 10.126425743000141 ], [ -14.062944411999922, 10.125937463000071 ], [ -14.07279682099994, 10.112509728000077 ], [ -14.072303771999941, 10.109524727000064 ], [ -14.063852310999891, 10.099023819000024 ], [ -14.058279990999893, 10.098613739000029 ], [ -14.038882255999965, 10.108675958000106 ] ] ], [ [ [ -13.695358275999979, 9.892869949999977 ], [ -13.688465117999897, 9.90074062399998 ], [ -13.686642647999918, 9.907049179000182 ], [ -13.688855171999933, 9.92051124600016 ], [ -13.696384430999956, 9.905278206000105 ], [ -13.695162773999925, 9.902168274000189 ], [ -13.698401450999938, 9.896525384000086 ], [ -13.697439193999912, 9.892164230000049 ], [ -13.695358275999979, 9.892869949999977 ] ] ], [ [ [ -14.897632599999895, 10.946063997000067 ], [ -14.897942543999932, 10.952271461000123 ], [ -14.900596619999931, 10.959830285000123 ], [ -14.906624793999981, 10.95791721400019 ], [ -14.91261291599983, 10.95278453800006 ], [ -14.912345886999958, 10.950027467000098 ], [ -14.909055710999951, 10.947536469000056 ], [ -14.899709701999882, 10.944658280000056 ], [ -14.897632599999895, 10.946063997000067 ] ] ], [ [ [ -13.420199394999884, 9.270743371000037 ], [ -13.421375275999935, 9.273493766000115 ], [ -13.43042087699996, 9.276880264 ], [ -13.434119224999904, 9.276394845000084 ], [ -13.435683249999897, 9.268569946000014 ], [ -13.434743882999896, 9.266508103000035 ], [ -13.42988586599995, 9.266540528000178 ], [ -13.428024291999918, 9.264945031000025 ], [ -13.421786308999913, 9.266136169 ], [ -13.420199394999884, 9.270743371000037 ] ] ], [ [ [ -13.786860465999951, 9.465923309000061 ], [ -13.790131568999982, 9.469574929000032 ], [ -13.798910141999954, 9.46743488400017 ], [ -13.80350971199988, 9.463719368000056 ], [ -13.80484581099995, 9.457502366000085 ], [ -13.801831244999903, 9.456837655000072 ], [ -13.7988319399999, 9.458011628000122 ], [ -13.796043396999949, 9.456884384000091 ], [ -13.792621612999937, 9.462888717000169 ], [ -13.78752612999989, 9.462470055000153 ], [ -13.786860465999951, 9.465923309000061 ] ] ], [ [ [ -13.771470068999918, 9.844448090000128 ], [ -13.76994228399991, 9.848415375 ], [ -13.783061980999889, 9.844584466000015 ], [ -13.788594246999878, 9.840861322000023 ], [ -13.790424347999874, 9.837858201000131 ], [ -13.787855148999938, 9.835578918000124 ], [ -13.771470068999918, 9.844448090000128 ] ] ], [ [ [ -14.707219123999948, 11.004416467000055 ], [ -14.705611228999885, 11.006273269000189 ], [ -14.709156990999873, 11.010834694000039 ], [ -14.709663391999982, 11.014279366000153 ], [ -14.714305877999948, 11.013076783000031 ], [ -14.71773529099994, 11.00774669599997 ], [ -14.716769218999843, 11.004767418000029 ], [ -14.714660644999981, 11.003641129000187 ], [ -14.707219123999948, 11.004416467000055 ] ] ], [ [ [ -14.802824973999975, 10.940055847000167 ], [ -14.802869796999914, 10.943736076000107 ], [ -14.812616347999892, 10.941321373000051 ], [ -14.81536960699998, 10.938068389000023 ], [ -14.814411163999978, 10.935779572000115 ], [ -14.81044387799983, 10.934906006000119 ], [ -14.802824973999975, 10.940055847000167 ] ] ], [ [ [ -13.320146560999945, 9.14776039100002 ], [ -13.320624350999935, 9.150055885000086 ], [ -13.324099541999885, 9.151412010000115 ], [ -13.318594933999975, 9.157881736000036 ], [ -13.319768904999933, 9.160632134000025 ], [ -13.323226927999883, 9.159001350000096 ], [ -13.326887131999968, 9.153002738999987 ], [ -13.325686454999982, 9.146346093999966 ], [ -13.320146560999945, 9.14776039100002 ] ] ], [ [ [ -13.724986076999926, 9.858151436000071 ], [ -13.719228745999885, 9.862794877000169 ], [ -13.72294807399993, 9.86414527800008 ], [ -13.732634544999939, 9.858091354000123 ], [ -13.732025146999945, 9.855197907000047 ], [ -13.724986076999926, 9.858151436000071 ] ] ], [ [ [ -14.575121880999916, 10.768721581000136 ], [ -14.576331138999876, 10.772848129000124 ], [ -14.580858230999922, 10.761758804000181 ], [ -14.578053474999933, 10.760408402000166 ], [ -14.575121880999916, 10.768721581000136 ] ] ] ] } }
]
}
