{
"type": "FeatureCollection",
"name": "gin_adminpoints",
"crs": { "type": "name", "properties": { "name": "urn:ogc:def:crs:OGC:1.3:CRS84" } },
"features": [
{ "type": "Feature", "properties": { "admin_level": 0, "name": "Guinée", "name1": null, "name2": null, "name3": null, "x_coord": -9.66069315, "y_coord": 9.93477255, "adm4_name": null, "adm4_name1": null, "adm4_name2": null, "adm4_name3": null, "adm4_pcode": null, "adm3_name": null, "adm3_name1": null, "adm3_name2": null, "adm3_name3": null, "adm3_pcode": null, "adm2_name": null, "adm2_name1": null, "adm2_name2": null, "adm2_name3": null, "adm2_pcode": null, "adm1_name": null, "adm1_name1": null, "adm1_name2": null, "adm1_name3": null, "adm1_pcode": null, "adm0_name": "Guinée", "adm0_name1": null, "adm0_name2": null, "adm0_name3": null, "adm0_pcode": "GN", "valid_on": "2016-03-04", "valid_to": null, "version": "v01", "lang": "fr", "lang1": null, "lang2": null, "lang3": null }, "geometry": { "type": "Point", "coordinates": [ -9.660693152999954, 9.934772555000052 ] } },
{ "type": "Feature", "properties": { "admin_level": 1, "name": "Boke", "name1": null, "name2": null, "name3": null, "x_coord": -14.31235627, "y_coord": 11.255351, "adm4_name": null, "adm4_name1": null, "adm4_name2": null, "adm4_name3": null, "adm4_pcode": null, "adm3_name": null, "adm3_name1": null, "adm3_name2": null, "adm3_name3": null, "adm3_pcode": null, "adm2_name": null, "adm2_name1": null, "adm2_name2": null, "adm2_name3": null, "adm2_pcode": null, "adm1_name": "Boke", "adm1_name1": null, "adm1_name2": null, "adm1_name3": null, "adm1_pcode": "GN001", "adm0_name": "Guinée", "adm0_name1": null, "adm0_name2": null, "adm0_name3": null, "adm0_pcode": "GN", "valid_on": "2016-03-04", "valid_to": null, "version": "v01", "lang": "fr", "lang1": null, "lang2": null, "lang3": null }, "geometry": { "type": "Point", "coordinates": [ -14.312356272999978, 11.255351000000132 ] } },
{ "type": "Feature", "properties": { "admin_level": 1, "name": "Conakry", "name1": null, "name2": null, "name3": null, "x_coord": -13.5506364, "y_coord": 9.62617753, "adm4_name": null, "adm4_name1": null, "adm4_name2": null, "adm4_name3": null, "adm4_pcode": null, "adm3_name": null, "adm3_name1": null, "adm3_name2": null, "adm3_name3": null, "adm3_pcode": null, "adm2_name": null, "adm2_name1": null, "adm2_name2": null, "adm2_name3": null, "adm2_pcode": null, "adm1_name": "Conakry", "adm1_name1": null, "adm1_name2": null, "adm1_name3": null, "adm1_pcode": "GN002", "adm0_name": "Guinée", "adm0_name1": null, "adm0_name2": null, "adm0_name3": null, "adm0_pcode": "GN", "valid_on": "2016-03-04", "valid_to": null, "version": "v01", "lang": "fr", "lang1": null, "lang2": null, "lang3": null }, "geometry": { "type": "Point", "coordinates": [ -13.550636399999973, 9.626177528000028 ] } },
{ "type": "Feature", "properties": { "admin_level": 1, "name": "Faranah", "name1": null, "name2": null, "name3": null, "x_coord": -10.97991847, "y_coord": 10.517157, "adm4_name": null, "adm4_name1": null, "adm4_name2": null, "adm4_name3": null, "adm4_pcode": null, "adm3_name": null, "adm3_name1": null, "adm3_name2": null, "adm3_name3": null, "adm3_pcode": null, "adm2_name": null, "adm2_name1": null, "adm2_name2": null, "adm2_name3": null, "adm2_pcode": null, "adm1_name": "Faranah", "adm1_name1": null, "adm1_name2": null, "adm1_name3": null, "adm1_pcode": "GN003", "adm0_name": "Guinée", "adm0_name1": null, "adm0_name2": null, "adm0_name3": null, "adm0_pcode": "GN", "valid_on": "2016-03-04", "valid_to": null, "version": "v01", "lang": "fr", "lang1": null, "lang2": null, "lang3": null }, "geometry": { "type": "Point", "coordinates": [ -10.979918469999916, 10.517157000000111 ] } },
{ "type": "Feature", "properties": { "admin_level": 1, "name": "Kankan", "name1": null, "name2": null, "name3": null, "x_coord": -9.37839539, "y_coord": 10.628835, "adm4_name": null, "adm4_name1": null, "adm4_name2": null, "adm4_name3": null, "adm4_pcode": null, "adm3_name": null, "adm3_name1": null, "adm3_name2": null, "adm3_name3": null, "adm3_pcode": null, "adm2_name": null, "adm2_name1": null, "adm2_name2": null, "adm2_name3": null, "adm2_pcode": null, "adm1_name": "Kankan", "adm1_name1": null, "adm1_name2": null, "adm1_name3": null, "adm1_pcode": "GN004", "adm0_name": "Guinée", "adm0_name1": null, "adm0_name2": null, "adm0_name3": null, "adm0_pcode": "GN", "valid_on": "2016-03-04", "valid_to": null, "version": "v01", "lang": "fr", "lang1": null, "lang2": null, "lang3": null }, "geometry": { "type": "Point", "coordinates": [ -9.378395387999944, 10.628835000000151 ] } },
{ "type": "Feature", "properties": { "admin_level": 1, "name": "Kindia", "name1": null, "name2": null, "name3": null, "x_coord": -13.01664021, "y_coord": 10.21398, "adm4_name": null, "adm4_name1": null, "adm4_name2": null, "adm4_name3": null, "adm4_pcode": null, "adm3_name": null, "adm3_name1": null, "adm3_name2": null, "adm3_name3": null, "adm3_pcode": null, "adm2_name": null, "adm2_name1": null, "adm2_name2": null, "adm2_name3": null, "adm2_pcode": null, "adm1_name": "Kindia", "adm1_name1": null, "adm1_name2": null, "adm1_name3": null, "adm1_pcode": "GN005", "adm0_name": "Guinée", "adm0_name1": null, "adm0_name2": null, "adm0_name3": null, "adm0_pcode": "GN", "valid_on": "2016-03-04", "valid_to": null, "version": "v01", "lang": "fr", "lang1": null, "lang2": null, "lang3": null }, "geometry": { "type": "Point", "coordinates": [ -13.016640209999878, 10.213980000000163 ] } },
{ "type": "Feature", "properties": { "admin_level": 1, "name": "Labe", "name1": null, "name2": null, "name3": null, "x_coord": -11.94233138, "y_coord": 11.7161095, "adm4_name": null, "adm4_name1": null, "adm4_name2": null, "adm4_name3": null, "adm4_pcode": null, "adm3_name": null, "adm3_name1": null, "adm3_name2": null, "adm3_name3": null, "adm3_pcode": null, "adm2_name": null, "adm2_name1": null, "adm2_name2": null, "adm2_name3": null, "adm2_pcode": null, "adm1_name": "Labe", "adm1_name1": null, "adm1_name2": null, "adm1_name3": null, "adm1_pcode": "GN006", "adm0_name": "Guinée", "adm0_name1": null, "adm0_name2": null, "adm0_name3": null, "adm0_pcode": "GN", "valid_on": "2016-03-04", "valid_to": null, "version": "v01", "lang": "fr", "lang1": null, "lang2": null, "lang3": null }, "geometry": { "type": "Point", "coordinates": [ -11.942331380999974, 11.716109500000186 ] } },
{ "type": "Feature", "properties": { "admin_level": 1, "name": "Mamou", "name1": null, "name2": null, "name3": null, "x_coord": -12.00802072, "y_coord": 10.60394, "adm4_name": null, "adm4_name1": null, "adm4_name2": null, "adm4_name3": null, "adm4_pcode": null, "adm3_name": null, "adm3_name1": null, "adm3_name2": null, "adm3_name3": null, "adm3_pcode": null, "adm2_name": null, "adm2_name1": null, "adm2_name2": null, "adm2_name3": null, "adm2_pcode": null, "adm1_name": "Mamou", "adm1_name1": null, "adm1_name2": null, "adm1_name3": null, "adm1_pcode": "GN007", "adm0_name": "Guinée", "adm0_name1": null, "adm0_name2": null, "adm0_name3": null, "adm0_pcode": "GN", "valid_on": "2016-03-04", "valid_to": null, "version": "v01", "lang": "fr", "lang1": null, "lang2": null, "lang3": null }, "geometry": { "type": "Point", "coordinates": [ -12.008020723999948, 10.60394 ] } },
{ "type": "Feature", "properties": { "admin_level": 1, "name": "Nzerekore", "name1": null, "name2": null, "name3": null, "x_coord": -8.89007009, "y_coord": 8.3913863, "adm4_name": null, "adm4_name1": null, "adm4_name2": null, "adm4_name3": null, "adm4_pcode": null, "adm3_name": null, "adm3_name1": null, "adm3_name2": null, "adm3_name3": null, "adm3_pcode": null, "adm2_name": null, "adm2_name1": null, "adm2_name2": null, "adm2_name3": null, "adm2_pcode": null, "adm1_name": "Nzerekore", "adm1_name1": null, "adm1_name2": null, "adm1_name3": null, "adm1_pcode": "GN008", "adm0_name": "Guinée", "adm0_name1": null, "adm0_name2": null, "adm0_name3": null, "adm0_pcode": "GN", "valid_on": "2016-03-04", "valid_to": null, "version": "v01", "lang": "fr", "lang1": null, "lang2": null, "lang3": null }, "geometry": { "type": "Point", "coordinates": [ -8.890070091999917, 8.391386295000189 ] } },
{ "type": "Feature", "properties": { "admin_level": 2, "name": "Beyla", "name1": null, "name2": null, "name3": null, "x_coord": -8.3726815, "y_coord": 8.906216, "adm4_name": null, "adm4_name1": null, "adm4_name2": null, "adm4_name3": null, "adm4_pcode": null, "adm3_name": null, "adm3_name1": null, "adm3_name2": null, "adm3_name3": null, "adm3_pcode": null, "adm2_name": "Beyla", "adm2_name1": null, "adm2_name2": null, "adm2_name3": null, "adm2_pcode": "GN008001", "adm1_name": "Nzerekore", "adm1_name1": null, "adm1_name2": null, "adm1_name3": null, "adm1_pcode": "GN008", "adm0_name": "Guinée", "adm0_name1": null, "adm0_name2": null, "adm0_name3": null, "adm0_pcode": "GN", "valid_on": "2016-03-04", "valid_to": null, "version": "v01", "lang": "fr", "lang1": null, "lang2": null, "lang3": null }, "geometry": { "type": "Point", "coordinates": [ -8.372681504999946, 8.906216001000189 ] } },
{ "type": "Feature", "properties": { "admin_level": 2, "name": "Boffa", "name1": null, "name2": null, "name3": null, "x_coord": -14.16354664, "y_coord": 10.35217953, "adm4_name": null, "adm4_name1": null, "adm4_name2": null, "adm4_name3": null, "adm4_pcode": null, "adm3_name": null, "adm3_name1": null, "adm3_name2": null, "adm3_name3": null, "adm3_pcode": null, "adm2_name": "Boffa", "adm2_name1": null, "adm2_name2": null, "adm2_name3": null, "adm2_pcode": "GN001001", "adm1_name": "Boke", "adm1_name1": null, "adm1_name2": null, "adm1_name3": null, "adm1_pcode": "GN001", "adm0_name": "Guinée", "adm0_name1": null, "adm0_name2": null, "adm0_name3": null, "adm0_pcode": "GN", "valid_on": "2016-03-04", "valid_to": null, "version": "v01", "lang": "fr", "lang1": null, "lang2": null, "lang3": null }, "geometry": { "type": "Point", "coordinates": [ -14.163546639999936, 10.352179527000146 ] } },
{ "type": "Feature", "properties": { "admin_level": 2, "name": "Boke", "name1": null, "name2": null, "name3": null, "x_coord": -14.35699371, "y_coord": 11.07206523, "adm4_name": null, "adm4_name1": null, "adm4_name2": null, "adm4_name3": null, "adm4_pcode": null, "adm3_name": null, "adm3_name1": null, "adm3_name2": null, "adm3_name3": null, "adm3_pcode": null, "adm2_name": "Boke", "adm2_name1": null, "adm2_name2": null, "adm2_name3": null, "adm2_pcode": "GN001002", "adm1_name": "Boke", "adm1_name1": null, "adm1_name2": null, "adm1_name3": null, "adm1_pcode": "GN001", "adm0_name": "Guinée", "adm0_name1": null, "adm0_name2": null, "adm0_name3": null, "adm0_pcode": "GN", "valid_on": "2016-03-04", "valid_to": null, "version": "v01", "lang": "fr", "lang1": null, "lang2": null, "lang3": null }, "geometry": { "type": "Point", "coordinates": [ -14.35699370999987, 11.072065229000032 ] } },
{ "type": "Feature", "properties": { "admin_level": 2, "name": "Conakry", "name1": null, "name2": null, "name3": null, "x_coord": -13.5506364, "y_coord": 9.62617753, "adm4_name": null, "adm4_name1": null, "adm4_name2": null, "adm4_name3": null, "adm4_pcode": null, "adm3_name": null, "adm3_name1": null, "adm3_name2": null, "adm3_name3": null, "adm3_pcode": null, "adm2_name": "Conakry", "adm2_name1": null, "adm2_name2": null, "adm2_name3": null, "adm2_pcode": "GN002001", "adm1_name": "Conakry", "adm1_name1": null, "adm1_name2": null, "adm1_name3": null, "adm1_pcode": "GN002", "adm0_name": "Guinée", "adm0_name1": null, "adm0_name2": null, "adm0_name3": null, "adm0_pcode": "GN", "valid_on": "2016-03-04", "valid_to": null, "version": "v01", "lang": "fr", "lang1": null, "lang2": null, "lang3": null }, "geometry": { "type": "Point", "coordinates": [ -13.550636399999973, 9.626177528000028 ] } },
{ "type": "Feature", "properties": { "admin_level": 2, "name": "Coyah", "name1": null, "name2": null, "name3": null, "x_coord": -13.30949127, "y_coord": 9.75367, "adm4_name": null, "adm4_name1": null, "adm4_name2": null, "adm4_name3": null, "adm4_pcode": null, "adm3_name": null, "adm3_name1": null, "adm3_name2": null, "adm3_name3": null, "adm3_pcode": null, "adm2_name": "Coyah", "adm2_name1": null, "adm2_name2": null, "adm2_name3": null, "adm2_pcode": "GN005001", "adm1_name": "Kindia", "adm1_name1": null, "adm1_name2": null, "adm1_name3": null, "adm1_pcode": "GN005", "adm0_name": "Guinée", "adm0_name1": null, "adm0_name2": null, "adm0_name3": null, "adm0_pcode": "GN", "valid_on": "2016-03-04", "valid_to": null, "version": "v01", "lang": "fr", "lang1": null, "lang2": null, "lang3": null }, "geometry": { "type": "Point", "coordinates": [ -13.309491274999914, 9.75367 ] } },
{ "type": "Feature", "properties": { "admin_level": 2, "name": "Dabola", "name1": null, "name2": null, "name3": null, "x_coord": -11.07591478, "y_coord": 10.7737685, "adm4_name": null, "adm4_name1": null, "adm4_name2": null, "adm4_name3": null, "adm4_pcode": null, "adm3_name": null, "adm3_name1": null, "adm3_name2": null, "adm3_name3": null, "adm3_pcode": null, "adm2_name": "Dabola", "adm2_name1": null, "adm2_name2": null, "adm2_name3": null, "adm2_pcode": "GN003001", "adm1_name": "Faranah", "adm1_name1": null, "adm1_name2": null, "adm1_name3": null, "adm1_pcode": "GN003", "adm0_name": "Guinée", "adm0_name1": null, "adm0_name2": null, "adm0_name3": null, "adm0_pcode": "GN", "valid_on": "2016-03-04", "valid_to": null, "version": "v01", "lang": "fr", "lang1": null, "lang2": null, "lang3": null }, "geometry": { "type": "Point", "coordinates": [ -11.075914782999973, 10.773768500000187 ] } },
{ "type": "Feature", "properties": { "admin_level": 2, "name": "Dalaba", "name1": null, "name2": null, "name3": null, "x_coord": -12.06379213, "y_coord": 10.8916275, "adm4_name": null, "adm4_name1": null, "adm4_name2": null, "adm4_name3": null, "adm4_pcode": null, "adm3_name": null, "adm3_name1": null, "adm3_name2": null, "adm3_name3": null, "adm3_pcode": null, "adm2_name": "Dalaba", "adm2_name1": null, "adm2_name2": null, "adm2_name3": null, "adm2_pcode": "GN007001", "adm1_name": "Mamou", "adm1_name1": null, "adm1_name2": null, "adm1_name3": null, "adm1_pcode": "GN007", "adm0_name": "Guinée", "adm0_name1": null, "adm0_name2": null, "adm0_name3": null, "adm0_pcode": "GN", "valid_on": "2016-03-04", "valid_to": null, "version": "v01", "lang": "fr", "lang1": null, "lang2": null, "lang3": null }, "geometry": { "type": "Point", "coordinates": [ -12.063792127999932, 10.891627500000027 ] } },
{ "type": "Feature", "properties": { "admin_level": 2, "name": "Dinguiraye", "name1": null, "name2": null, "name3": null, "x_coord": -10.72471049, "y_coord": 11.5675295, "adm4_name": null, "adm4_name1": null, "adm4_name2": null, "adm4_name3": null, "adm4_pcode": null, "adm3_name": null, "adm3_name1": null, "adm3_name2": null, "adm3_name3": null, "adm3_pcode": null, "adm2_name": "Dinguiraye", "adm2_name1": null, "adm2_name2": null, "adm2_name3": null, "adm2_pcode": "GN003002", "adm1_name": "Faranah", "adm1_name1": null, "adm1_name2": null, "adm1_name3": null, "adm1_pcode": "GN003", "adm0_name": "Guinée", "adm0_name1": null, "adm0_name2": null, "adm0_name3": null, "adm0_pcode": "GN", "valid_on": "2016-03-04", "valid_to": null, "version": "v01", "lang": "fr", "lang1": null, "lang2": null, "lang3": null }, "geometry": { "type": "Point", "coordinates": [ -10.724710494999897, 11.567529500000092 ] } },
{ "type": "Feature", "properties": { "admin_level": 2, "name": "Dubreka", "name1": null, "name2": null, "name3": null, "x_coord": -13.53865053, "y_coord": 10.1272, "adm4_name": null, "adm4_name1": null, "adm4_name2": null, "adm4_name3": null, "adm4_pcode": null, "adm3_name": null, "adm3_name1": null, "adm3_name2": null, "adm3_name3": null, "adm3_pcode": null, "adm2_name": "Dubreka", "adm2_name1": null, "adm2_name2": null, "adm2_name3": null, "adm2_pcode": "GN005002", "adm1_name": "Kindia", "adm1_name1": null, "adm1_name2": null, "adm1_name3": null, "adm1_pcode": "GN005", "adm0_name": "Guinée", "adm0_name1": null, "adm0_name2": null, "adm0_name3": null, "adm0_pcode": "GN", "valid_on": "2016-03-04", "valid_to": null, "version": "v01", "lang": "fr", "lang1": null, "lang2": null, "lang3": null }, "geometry": { "type": "Point", "coordinates": [ -13.538650530999973, 10.12720000000013 ] } },
{ "type": "Feature", "properties": { "admin_level": 2, "name": "Faranah", "name1": null, "name2": null, "name3": null, "x_coord": -10.71933763, "y_coord": 9.822694, "adm4_name": null, "adm4_name1": null, "adm4_name2": null, "adm4_name3": null, "adm4_pcode": null, "adm3_name": null, "adm3_name1": null, "adm3_name2": null, "adm3_name3": null, "adm3_pcode": null, "adm2_name": "Faranah", "adm2_name1": null, "adm2_name2": null, "adm2_name3": null, "adm2_pcode": "GN003003", "adm1_name": "Faranah", "adm1_name1": null, "adm1_name2": null, "adm1_name3": null, "adm1_pcode": "GN003", "adm0_name": "Guinée", "adm0_name1": null, "adm0_name2": null, "adm0_name3": null, "adm0_pcode": "GN", "valid_on": "2016-03-04", "valid_to": null, "version": "v01", "lang": "fr", "lang1": null, "lang2": null, "lang3": null }, "geometry": { "type": "Point", "coordinates": [ -10.719337627999892, 9.822694001000059 ] } },
{ "type": "Feature", "properties": { "admin_level": 2, "name": "Forecariah", "name1": null, "name2": null, "name3": null, "x_coord": -13.09168244, "y_coord": 9.382675, "adm4_name": null, "adm4_name1": null, "adm4_name2": null, "adm4_name3": null, "adm4_pcode": null, "adm3_name": null, "adm3_name1": null, "adm3_name2": null, "adm3_name3": null, "adm3_pcode": null, "adm2_name": "Forecariah", "adm2_name1": null, "adm2_name2": null, "adm2_name3": null, "adm2_pcode": "GN005003", "adm1_name": "Kindia", "adm1_name1": null, "adm1_name2": null, "adm1_name3": null, "adm1_pcode": "GN005", "adm0_name": "Guinée", "adm0_name1": null, "adm0_name2": null, "adm0_name3": null, "adm0_pcode": "GN", "valid_on": "2016-03-04", "valid_to": null, "version": "v01", "lang": "fr", "lang1": null, "lang2": null, "lang3": null }, "geometry": { "type": "Point", "coordinates": [ -13.091682438999896, 9.382675001000052 ] } },
{ "type": "Feature", "properties": { "admin_level": 2, "name": "Fria", "name1": null, "name2": null, "name3": null, "x_coord": -13.53809074, "y_coord": 10.53498, "adm4_name": null, "adm4_name1": null, "adm4_name2": null, "adm4_name3": null, "adm4_pcode": null, "adm3_name": null, "adm3_name1": null, "adm3_name2": null, "adm3_name3": null, "adm3_pcode": null, "adm2_name": "Fria", "adm2_name1": null, "adm2_name2": null, "adm2_name3": null, "adm2_pcode": "GN001005", "adm1_name": "Boke", "adm1_name1": null, "adm1_name2": null, "adm1_name3": null, "adm1_pcode": "GN001", "adm0_name": "Guinée", "adm0_name1": null, "adm0_name2": null, "adm0_name3": null, "adm0_pcode": "GN", "valid_on": "2016-03-04", "valid_to": null, "version": "v01", "lang": "fr", "lang1": null, "lang2": null, "lang3": null }, "geometry": { "type": "Point", "coordinates": [ -13.538090741999952, 10.53498 ] } },
{ "type": "Feature", "properties": { "admin_level": 2, "name": "Gaoual", "name1": null, "name2": null, "name3": null, "x_coord": -13.28415454, "y_coord": 11.69175592, "adm4_name": null, "adm4_name1": null, "adm4_name2": null, "adm4_name3": null, "adm4_pcode": null, "adm3_name": null, "adm3_name1": null, "adm3_name2": null, "adm3_name3": null, "adm3_pcode": null, "adm2_name": "Gaoual", "adm2_name1": null, "adm2_name2": null, "adm2_name3": null, "adm2_pcode": "GN001003", "adm1_name": "Boke", "adm1_name1": null, "adm1_name2": null, "adm1_name3": null, "adm1_pcode": "GN001", "adm0_name": "Guinée", "adm0_name1": null, "adm0_name2": null, "adm0_name3": null, "adm0_pcode": "GN", "valid_on": "2016-03-04", "valid_to": null, "version": "v01", "lang": "fr", "lang1": null, "lang2": null, "lang3": null }, "geometry": { "type": "Point", "coordinates": [ -13.284154535999903, 11.691755925000166 ] } },
{ "type": "Feature", "properties": { "admin_level": 2, "name": "Gueckedou", "name1": null, "name2": null, "name3": null, "x_coord": -10.21049909, "y_coord": 8.695675, "adm4_name": null, "adm4_name1": null, "adm4_name2": null, "adm4_name3": null, "adm4_pcode": null, "adm3_name": null, "adm3_name1": null, "adm3_name2": null, "adm3_name3": null, "adm3_pcode": null, "adm2_name": "Gueckedou", "adm2_name1": null, "adm2_name2": null, "adm2_name3": null, "adm2_pcode": "GN008002", "adm1_name": "Nzerekore", "adm1_name1": null, "adm1_name2": null, "adm1_name3": null, "adm1_pcode": "GN008", "adm0_name": "Guinée", "adm0_name1": null, "adm0_name2": null, "adm0_name3": null, "adm0_pcode": "GN", "valid_on": "2016-03-04", "valid_to": null, "version": "v01", "lang": "fr", "lang1": null, "lang2": null, "lang3": null }, "geometry": { "type": "Point", "coordinates": [ -10.210499090999917, 8.695675 ] } },
{ "type": "Feature", "properties": { "admin_level": 2, "name": "Kankan", "name1": null, "name2": null, "name3": null, "x_coord": -9.22334506, "y_coord": 10.2247945, "adm4_name": null, "adm4_name1": null, "adm4_name2": null, "adm4_name3": null, "adm4_pcode": null, "adm3_name": null, "adm3_name1": null, "adm3_name2": null, "adm3_name3": null, "adm3_pcode": null, "adm2_name": "Kankan", "adm2_name1": null, "adm2_name2": null, "adm2_name3": null, "adm2_pcode": "GN004001", "adm1_name": "Kankan", "adm1_name1": null, "adm1_name2": null, "adm1_name3": null, "adm1_pcode": "GN004", "adm0_name": "Guinée", "adm0_name1": null, "adm0_name2": null, "adm0_name3": null, "adm0_pcode": "GN", "valid_on": "2016-03-04", "valid_to": null, "version": "v01", "lang": "fr", "lang1": null, "lang2": null, "lang3": null }, "geometry": { "type": "Point", "coordinates": [ -9.223345054999925, 10.22479450000003 ] } },
{ "type": "Feature", "properties": { "admin_level": 2, "name": "Kerouane", "name1": null, "name2": null, "name3": null, "x_coord": -9.11107209, "y_coord": 9.3484655, "adm4_name": null, "adm4_name1": null, "adm4_name2": null, "adm4_name3": null, "adm4_pcode": null, "adm3_name": null, "adm3_name1": null, "adm3_name2": null, "adm3_name3": null, "adm3_pcode": null, "adm2_name": "Kerouane", "adm2_name1": null, "adm2_name2": null, "adm2_name3": null, "adm2_pcode": "GN004002", "adm1_name": "Kankan", "adm1_name1": null, "adm1_name2": null, "adm1_name3": null, "adm1_pcode": "GN004", "adm0_name": "Guinée", "adm0_name1": null, "adm0_name2": null, "adm0_name3": null, "adm0_pcode": "GN", "valid_on": "2016-03-04", "valid_to": null, "version": "v01", "lang": "fr", "lang1": null, "lang2": null, "lang3": null }, "geometry": { "type": "Point", "coordinates": [ -9.111072085999979, 9.348465500000088 ] } },
{ "type": "Feature", "properties": { "admin_level": 2, "name": "Kindia", "name1": null, "name2": null, "name3": null, "x_coord": -12.66907932, "y_coord": 10.108515, "adm4_name": null, "adm4_name1": null, "adm4_name2": null, "adm4_name3": null, "adm4_pcode": null, "adm3_name": null, "adm3_name1": null, "adm3_name2": null, "adm3_name3": null, "adm3_pcode": null, "adm2_name": "Kindia", "adm2_name1": null, "adm2_name2": null, "adm2_name3": null, "adm2_pcode": "GN005004", "adm1_name": "Kindia", "adm1_name1": null, "adm1_name2": null, "adm1_name3": null, "adm1_pcode": "GN005", "adm0_name": "Guinée", "adm0_name1": null, "adm0_name2": null, "adm0_name3": null, "adm0_pcode": "GN", "valid_on": "2016-03-04", "valid_to": null, "version": "v01", "lang": "fr", "lang1": null, "lang2": null, "lang3": null }, "geometry": { "type": "Point", "coordinates": [ -12.669079318999934, 10.108515000000125 ] } },
{ "type": "Feature", "properties": { "admin_level": 2, "name": "Kissidougou", "name1": null, "name2": null, "name3": null, "x_coord": -10.03566488, "y_coord": 9.255392, "adm4_name": null, "adm4_name1": null, "adm4_name2": null, "adm4_name3": null, "adm4_pcode": null, "adm3_name": null, "adm3_name1": null, "adm3_name2": null, "adm3_name3": null, "adm3_pcode": null, "adm2_name": "Kissidougou", "adm2_name1": null, "adm2_name2": null, "adm2_name3": null, "adm2_pcode": "GN003004", "adm1_name": "Faranah", "adm1_name1": null, "adm1_name2": null, "adm1_name3": null, "adm1_pcode": "GN003", "adm0_name": "Guinée", "adm0_name1": null, "adm0_name2": null, "adm0_name3": null, "adm0_pcode": "GN", "valid_on": "2016-03-04", "valid_to": null, "version": "v01", "lang": "fr", "lang1": null, "lang2": null, "lang3": null }, "geometry": { "type": "Point", "coordinates": [ -10.035664883999914, 9.255392 ] } },
{ "type": "Feature", "properties": { "admin_level": 2, "name": "Koubia", "name1": null, "name2": null, "name3": null, "x_coord": -11.84442735, "y_coord": 11.7695215, "adm4_name": null, "adm4_name1": null, "adm4_name2": null, "adm4_name3": null, "adm4_pcode": null, "adm3_name": null, "adm3_name1": null, "adm3_name2": null, "adm3_name3": null, "adm3_pcode": null, "adm2_name": "Koubia", "adm2_name1": null, "adm2_name2": null, "adm2_name3": null, "adm2_pcode": "GN006001", "adm1_name": "Labe", "adm1_name1": null, "adm1_name2": null, "adm1_name3": null, "adm1_pcode": "GN006", "adm0_name": "Guinée", "adm0_name1": null, "adm0_name2": null, "adm0_name3": null, "adm0_pcode": "GN", "valid_on": "2016-03-04", "valid_to": null, "version": "v01", "lang": "fr", "lang1": null, "lang2": null, "lang3": null }, "geometry": { "type": "Point", "coordinates": [ -11.844427351999968, 11.76952150000011 ] } },
{ "type": "Feature", "properties": { "admin_level": 2, "name": "Koundara", "name1": null, "name2": null, "name3": null, "x_coord": -13.13591352, "y_coord": 12.33778117, "adm4_name": null, "adm4_name1": null, "adm4_name2": null, "adm4_name3": null, "adm4_pcode": null, "adm3_name": null, "adm3_name1": null, "adm3_name2": null, "adm3_name3": null, "adm3_pcode": null, "adm2_name": "Koundara", "adm2_name1": null, "adm2_name2": null, "adm2_name3": null, "adm2_pcode": "GN001004", "adm1_name": "Boke", "adm1_name1": null, "adm1_name2": null, "adm1_name3": null, "adm1_pcode": "GN001", "adm0_name": "Guinée", "adm0_name1": null, "adm0_name2": null, "adm0_name3": null, "adm0_pcode": "GN", "valid_on": "2016-03-04", "valid_to": null, "version": "v01", "lang": "fr", "lang1": null, "lang2": null, "lang3": null }, "geometry": { "type": "Point", "coordinates": [ -13.13591351599996, 12.337781170000085 ] } },
{ "type": "Feature", "properties": { "admin_level": 2, "name": "Kouroussa", "name1": null, "name2": null, "name3": null, "x_coord": -9.89078629, "y_coord": 10.486482, "adm4_name": null, "adm4_name1": null, "adm4_name2": null, "adm4_name3": null, "adm4_pcode": null, "adm3_name": null, "adm3_name1": null, "adm3_name2": null, "adm3_name3": null, "adm3_pcode": null, "adm2_name": "Kouroussa", "adm2_name1": null, "adm2_name2": null, "adm2_name3": null, "adm2_pcode": "GN004003", "adm1_name": "Kankan", "adm1_name1": null, "adm1_name2": null, "adm1_name3": null, "adm1_pcode": "GN004", "adm0_name": "Guinée", "adm0_name1": null, "adm0_name2": null, "adm0_name3": null, "adm0_pcode": "GN", "valid_on": "2016-03-04", "valid_to": null, "version": "v01", "lang": "fr", "lang1": null, "lang2": null, "lang3": null }, "geometry": { "type": "Point", "coordinates": [ -9.890786286999912, 10.486482000000137 ] } },
{ "type": "Feature", "properties": { "admin_level": 2, "name": "Labe", "name1": null, "name2": null, "name3": null, "x_coord": -12.29792273, "y_coord": 11.4071125, "adm4_name": null, "adm4_name1": null, "adm4_name2": null, "adm4_name3": null, "adm4_pcode": null, "adm3_name": null, "adm3_name1": null, "adm3_name2": null, "adm3_name3": null, "adm3_pcode": null, "adm2_name": "Labe", "adm2_name1": null, "adm2_name2": null, "adm2_name3": null, "adm2_pcode": "GN006002", "adm1_name": "Labe", "adm1_name1": null, "adm1_name2": null, "adm1_name3": null, "adm1_pcode": "GN006", "adm0_name": "Guinée", "adm0_name1": null, "adm0_name2": null, "adm0_name3": null, "adm0_pcode": "GN", "valid_on": "2016-03-04", "valid_to": null, "version": "v01", "lang": "fr", "lang1": null, "lang2": null, "lang3": null }, "geometry": { "type": "Point", "coordinates": [ -12.297922728999936, 11.407112500000039 ] } },
{ "type": "Feature", "properties": { "admin_level": 2, "name": "Lelouma", "name1": null, "name2": null, "name3": null, "x_coord": -12.6112194, "y_coord": 11.51764, "adm4_name": null, "adm4_name1": null, "adm4_name2": null, "adm4_name3": null, "adm4_pcode": null, "adm3_name": null, "adm3_name1": null, "adm3_name2": null, "adm3_name3": null, "adm3_pcode": null, "adm2_name": "Lelouma", "adm2_name1": null, "adm2_name2": null, "adm2_name3": null, "adm2_pcode": "GN006003", "adm1_name": "Labe", "adm1_name1": null, "adm1_name2": null, "adm1_name3": null, "adm1_pcode": "GN006", "adm0_name": "Guinée", "adm0_name1": null, "adm0_name2": null, "adm0_name3": null, "adm0_pcode": "GN", "valid_on": "2016-03-04", "valid_to": null, "version": "v01", "lang": "fr", "lang1": null, "lang2": null, "lang3": null }, "geometry": { "type": "Point", "coordinates": [ -12.611219404999929, 11.51764 ] } },
{ "type": "Feature", "properties": { "admin_level": 2, "name": "Lola", "name1": null, "name2": null, "name3": null, "x_coord": -8.30612571, "y_coord": 8.01520279, "adm4_name": null, "adm4_name1": null, "adm4_name2": null, "adm4_name3": null, "adm4_pcode": null, "adm3_name": null, "adm3_name1": null, "adm3_name2": null, "adm3_name3": null, "adm3_pcode": null, "adm2_name": "Lola", "adm2_name1": null, "adm2_name2": null, "adm2_name3": null, "adm2_pcode": "GN008003", "adm1_name": "Nzerekore", "adm1_name1": null, "adm1_name2": null, "adm1_name3": null, "adm1_pcode": "GN008", "adm0_name": "Guinée", "adm0_name1": null, "adm0_name2": null, "adm0_name3": null, "adm0_pcode": "GN", "valid_on": "2016-03-04", "valid_to": null, "version": "v01", "lang": "fr", "lang1": null, "lang2": null, "lang3": null }, "geometry": { "type": "Point", "coordinates": [ -8.3061257089999, 8.015202790000046 ] } },
{ "type": "Feature", "properties": { "admin_level": 2, "name": "Macenta", "name1": null, "name2": null, "name3": null, "x_coord": -9.21445825, "y_coord": 8.3190686, "adm4_name": null, "adm4_name1": null, "adm4_name2": null, "adm4_name3": null, "adm4_pcode": null, "adm3_name": null, "adm3_name1": null, "adm3_name2": null, "adm3_name3": null, "adm3_pcode": null, "adm2_name": "Macenta", "adm2_name1": null, "adm2_name2": null, "adm2_name3": null, "adm2_pcode": "GN008004", "adm1_name": "Nzerekore", "adm1_name1": null, "adm1_name2": null, "adm1_name3": null, "adm1_pcode": "GN008", "adm0_name": "Guinée", "adm0_name1": null, "adm0_name2": null, "adm0_name3": null, "adm0_pcode": "GN", "valid_on": "2016-03-04", "valid_to": null, "version": "v01", "lang": "fr", "lang1": null, "lang2": null, "lang3": null }, "geometry": { "type": "Point", "coordinates": [ -9.214458253999965, 8.319068599000104 ] } },
{ "type": "Feature", "properties": { "admin_level": 2, "name": "Mali", "name1": null, "name2": null, "name3": null, "x_coord": -12.25678119, "y_coord": 12.049021, "adm4_name": null, "adm4_name1": null, "adm4_name2": null, "adm4_name3": null, "adm4_pcode": null, "adm3_name": null, "adm3_name1": null, "adm3_name2": null, "adm3_name3": null, "adm3_pcode": null, "adm2_name": "Mali", "adm2_name1": null, "adm2_name2": null, "adm2_name3": null, "adm2_pcode": "GN006004", "adm1_name": "Labe", "adm1_name1": null, "adm1_name2": null, "adm1_name3": null, "adm1_pcode": "GN006", "adm0_name": "Guinée", "adm0_name1": null, "adm0_name2": null, "adm0_name3": null, "adm0_pcode": "GN", "valid_on": "2016-03-04", "valid_to": null, "version": "v01", "lang": "fr", "lang1": null, "lang2": null, "lang3": null }, "geometry": { "type": "Point", "coordinates": [ -12.256781190999902, 12.049021000000153 ] } },
{ "type": "Feature", "properties": { "admin_level": 2, "name": "Mamou", "name1": null, "name2": null, "name3": null, "x_coord": -11.90422813, "y_coord": 10.5694755, "adm4_name": null, "adm4_name1": null, "adm4_name2": null, "adm4_name3": null, "adm4_pcode": null, "adm3_name": null, "adm3_name1": null, "adm3_name2": null, "adm3_name3": null, "adm3_pcode": null, "adm2_name": "Mamou", "adm2_name1": null, "adm2_name2": null, "adm2_name3": null, "adm2_pcode": "GN007002", "adm1_name": "Mamou", "adm1_name1": null, "adm1_name2": null, "adm1_name3": null, "adm1_pcode": "GN007", "adm0_name": "Guinée", "adm0_name1": null, "adm0_name2": null, "adm0_name3": null, "adm0_pcode": "GN", "valid_on": "2016-03-04", "valid_to": null, "version": "v01", "lang": "fr", "lang1": null, "lang2": null, "lang3": null }, "geometry": { "type": "Point", "coordinates": [ -11.904228126999953, 10.569475500000181 ] } },
{ "type": "Feature", "properties": { "admin_level": 2, "name": "Mandiana", "name1": null, "name2": null, "name3": null, "x_coord": -8.69727761, "y_coord": 10.814665, "adm4_name": null, "adm4_name1": null, "adm4_name2": null, "adm4_name3": null, "adm4_pcode": null, "adm3_name": null, "adm3_name1": null, "adm3_name2": null, "adm3_name3": null, "adm3_pcode": null, "adm2_name": "Mandiana", "adm2_name1": null, "adm2_name2": null, "adm2_name3": null, "adm2_pcode": "GN004004", "adm1_name": "Kankan", "adm1_name1": null, "adm1_name2": null, "adm1_name3": null, "adm1_pcode": "GN004", "adm0_name": "Guinée", "adm0_name1": null, "adm0_name2": null, "adm0_name3": null, "adm0_pcode": "GN", "valid_on": "2016-03-04", "valid_to": null, "version": "v01", "lang": "fr", "lang1": null, "lang2": null, "lang3": null }, "geometry": { "type": "Point", "coordinates": [ -8.697277614999962, 10.814665001000094 ] } },
{ "type": "Feature", "properties": { "admin_level": 2, "name": "Nzerekore", "name1": null, "name2": null, "name3": null, "x_coord": -8.88046955, "y_coord": 7.8909155, "adm4_name": null, "adm4_name1": null, "adm4_name2": null, "adm4_name3": null, "adm4_pcode": null, "adm3_name": null, "adm3_name1": null, "adm3_name2": null, "adm3_name3": null, "adm3_pcode": null, "adm2_name": "Nzerekore", "adm2_name1": null, "adm2_name2": null, "adm2_name3": null, "adm2_pcode": "GN008005", "adm1_name": "Nzerekore", "adm1_name1": null, "adm1_name2": null, "adm1_name3": null, "adm1_pcode": "GN008", "adm0_name": "Guinée", "adm0_name1": null, "adm0_name2": null, "adm0_name3": null, "adm0_pcode": "GN", "valid_on": "2016-03-04", "valid_to": null, "version": "v01", "lang": "fr", "lang1": null, "lang2": null, "lang3": null }, "geometry": { "type": "Point", "coordinates": [ -8.880469552999955, 7.890915500000176 ] } },
{ "type": "Feature", "properties": { "admin_level": 2, "name": "Pita", "name1": null, "name2": null, "name3": null, "x_coord": -12.66236894, "y_coord": 10.904748, "adm4_name": null, "adm4_name1": null, "adm4_name2": null, "adm4_name3": null, "adm4_pcode": null, "adm3_name": null, "adm3_name1": null, "adm3_name2": null, "adm3_name3": null, "adm3_pcode": null, "adm2_name": "Pita", "adm2_name1": null, "adm2_name2": null, "adm2_name3": null, "adm2_pcode": "GN007003", "adm1_name": "Mamou", "adm1_name1": null, "adm1_name2": null, "adm1_name3": null, "adm1_pcode": "GN007", "adm0_name": "Guinée", "adm0_name1": null, "adm0_name2": null, "adm0_name3": null, "adm0_pcode": "GN", "valid_on": "2016-03-04", "valid_to": null, "version": "v01", "lang": "fr", "lang1": null, "lang2": null, "lang3": null }, "geometry": { "type": "Point", "coordinates": [ -12.662368939999965, 10.904748 ] } },
{ "type": "Feature", "properties": { "admin_level": 2, "name": "Siguiri", "name1": null, "name2": null, "name3": null, "x_coord": -9.55008428, "y_coord": 11.67705177, "adm4_name": null, "adm4_name1": null, "adm4_name2": null, "adm4_name3": null, "adm4_pcode": null, "adm3_name": null, "adm3_name1": null, "adm3_name2": null, "adm3_name3": null, "adm3_pcode": null, "adm2_name": "Siguiri", "adm2_name1": null, "adm2_name2": null, "adm2_name3": null, "adm2_pcode": "GN004005", "adm1_name": "Kankan", "adm1_name1": null, "adm1_name2": null, "adm1_name3": null, "adm1_pcode": "GN004", "adm0_name": "Guinée", "adm0_name1": null, "adm0_name2": null, "adm0_name3": null, "adm0_pcode": "GN", "valid_on": "2016-03-04", "valid_to": null, "version": "v01", "lang": "fr", "lang1": null, "lang2": null, "lang3": null }, "geometry": { "type": "Point", "coordinates": [ -9.550084280999897, 11.677051773000187 ] } },
{ "type": "Feature", "properties": { "admin_level": 2, "name": "Telimele", "name1": null, "name2": null, "name3": null, "x_coord": -13.40783252, "y_coord": 10.887695, "adm4_name": null, "adm4_name1": null, "adm4_name2": null, "adm4_name3": null, "adm4_pcode": null, "adm3_name": null, "adm3_name1": null, "adm3_name2": null, "adm3_name3": null, "adm3_pcode": null, "adm2_name": "Telimele", "adm2_name1": null, "adm2_name2": null, "adm2_name3": null, "adm2_pcode": "GN005005", "adm1_name": "Kindia", "adm1_name1": null, "adm1_name2": null, "adm1_name3": null, "adm1_pcode": "GN005", "adm0_name": "Guinée", "adm0_name1": null, "adm0_name2": null, "adm0_name3": null, "adm0_pcode": "GN", "valid_on": "2016-03-04", "valid_to": null, "version": "v01", "lang": "fr", "lang1": null, "lang2": null, "lang3": null }, "geometry": { "type": "Point", "coordinates": [ -13.407832518999896, 10.887695 ] } },
{ "type": "Feature", "properties": { "admin_level": 2, "name": "Tougue", "name1": null, "name2": null, "name3": null, "x_coord": -11.49396656, "y_coord": 11.5117755, "adm4_name": null, "adm4_name1": null, "adm4_name2": null, "adm4_name3": null, "adm4_pcode": null, "adm3_name": null, "adm3_name1": null, "adm3_name2": null, "adm3_name3": null, "adm3_pcode": null, "adm2_name": "Tougue", "adm2_name1": null, "adm2_name2": null, "adm2_name3": null, "adm2_pcode": "GN006005", "adm1_name": "Labe", "adm1_name1": null, "adm1_name2": null, "adm1_name3": null, "adm1_pcode": "GN006", "adm0_name": "Guinée", "adm0_name1": null, "adm0_name2": null, "adm0_name3": null, "adm0_pcode": "GN", "valid_on": "2016-03-04", "valid_to": null, "version": "v01", "lang": "fr", "lang1": null, "lang2": null, "lang3": null }, "geometry": { "type": "Point", "coordinates": [ -11.493966561999969, 11.511775500000169 ] } },
{ "type": "Feature", "properties": { "admin_level": 2, "name": "Yomou", "name1": null, "name2": null, "name3": null, "x_coord": -9.12111941, "y_coord": 7.5370935, "adm4_name": null, "adm4_name1": null, "adm4_name2": null, "adm4_name3": null, "adm4_pcode": null, "adm3_name": null, "adm3_name1": null, "adm3_name2": null, "adm3_name3": null, "adm3_pcode": null, "adm2_name": "Yomou", "adm2_name1": null, "adm2_name2": null, "adm2_name3": null, "adm2_pcode": "GN008006", "adm1_name": "Nzerekore", "adm1_name1": null, "adm1_name2": null, "adm1_name3": null, "adm1_pcode": "GN008", "adm0_name": "Guinée", "adm0_name1": null, "adm0_name2": null, "adm0_name3": null, "adm0_pcode": "GN", "valid_on": "2016-03-04", "valid_to": null, "version": "v01", "lang": "fr", "lang1": null, "lang2": null, "lang3": null }, "geometry": { "type": "Point", "coordinates": [ -9.121119408999959, 7.537093500000026 ] } },
{ "type": "Feature", "properties": { "admin_level": 3, "name": "Tountourou", "name1": null, "name2": null, "name3": null, "x_coord": -12.28938773, "y_coord": 11.427357, "adm4_name": null, "adm4_name1": null, "adm4_name2": null, "adm4_name3": null, "adm4_pcode": null, "adm3_name": "Tountourou", "adm3_name1": null, "adm3_name2": null, "adm3_name3": null, "adm3_pcode": "GN00600213", "adm2_name": "Labe", "adm2_name1": null, "adm2_name2": null, "adm2_name3": null, "adm2_pcode": "GN006002", "adm1_name": "Labe", "adm1_name1": null, "adm1_name2": null, "adm1_name3": null, "adm1_pcode": "GN006", "adm0_name": "Guinée", "adm0_name1": null, "adm0_name2": null, "adm0_name3": null, "adm0_pcode": "GN", "valid_on": "2016-03-04", "valid_to": null, "version": "v01", "lang": "fr", "lang1": null, "lang2": null, "lang3": null }, "geometry": { "type": "Point", "coordinates": [ -12.289387727999951, 11.427357 ] } },
{ "type": "Feature", "properties": { "admin_level": 3, "name": "Vasseredou", "name1": null, "name2": null, "name3": null, "x_coord": -9.23169214, "y_coord": 8.6982555, "adm4_name": null, "adm4_name1": null, "adm4_name2": null, "adm4_name3": null, "adm4_pcode": null, "adm3_name": "Vasseredou", "adm3_name1": null, "adm3_name2": null, "adm3_name3": null, "adm3_pcode": "GN00800414", "adm2_name": "Macenta", "adm2_name1": null, "adm2_name2": null, "adm2_name3": null, "adm2_pcode": "GN008004", "adm1_name": "Nzerekore", "adm1_name1": null, "adm1_name2": null, "adm1_name3": null, "adm1_pcode": "GN008", "adm0_name": "Guinée", "adm0_name1": null, "adm0_name2": null, "adm0_name3": null, "adm0_pcode": "GN", "valid_on": "2016-03-04", "valid_to": null, "version": "v01", "lang": "fr", "lang1": null, "lang2": null, "lang3": null }, "geometry": { "type": "Point", "coordinates": [ -9.231692142999918, 8.698255500000016 ] } },
{ "type": "Feature", "properties": { "admin_level": 3, "name": "Watanka", "name1": null, "name2": null, "name3": null, "x_coord": -9.82307565, "y_coord": 8.76521, "adm4_name": null, "adm4_name1": null, "adm4_name2": null, "adm4_name3": null, "adm4_pcode": null, "adm3_name": "Watanka", "adm3_name1": null, "adm3_name2": null, "adm3_name3": null, "adm3_pcode": "GN00800415", "adm2_name": "Macenta", "adm2_name1": null, "adm2_name2": null, "adm2_name3": null, "adm2_pcode": "GN008004", "adm1_name": "Nzerekore", "adm1_name1": null, "adm1_name2": null, "adm1_name3": null, "adm1_pcode": "GN008", "adm0_name": "Guinée", "adm0_name1": null, "adm0_name2": null, "adm0_name3": null, "adm0_pcode": "GN", "valid_on": "2016-03-04", "valid_to": null, "version": "v01", "lang": "fr", "lang1": null, "lang2": null, "lang3": null }, "geometry": { "type": "Point", "coordinates": [ -9.823075647999872, 8.765210000000138 ] } },
{ "type": "Feature", "properties": { "admin_level": 3, "name": "Wendou Mbour", "name1": null, "name2": null, "name3": null, "x_coord": -13.80095641, "y_coord": 11.521775, "adm4_name": null, "adm4_name1": null, "adm4_name2": null, "adm4_name3": null, "adm4_pcode": null, "adm3_name": "Wendou Mbour", "adm3_name1": null, "adm3_name2": null, "adm3_name3": null, "adm3_pcode": "GN00100308", "adm2_name": "Gaoual", "adm2_name1": null, "adm2_name2": null, "adm2_name3": null, "adm2_pcode": "GN001003", "adm1_name": "Boke", "adm1_name1": null, "adm1_name2": null, "adm1_name3": null, "adm1_pcode": "GN001", "adm0_name": "Guinée", "adm0_name1": null, "adm0_name2": null, "adm0_name3": null, "adm0_pcode": "GN", "valid_on": "2016-03-04", "valid_to": null, "version": "v01", "lang": "fr", "lang1": null, "lang2": null, "lang3": null }, "geometry": { "type": "Point", "coordinates": [ -13.800956414999916, 11.521775000000105 ] } },
{ "type": "Feature", "properties": { "admin_level": 3, "name": "Womey", "name1": null, "name2": null, "name3": null, "x_coord": -8.65123009, "y_coord": 8.1536415, "adm4_name": null, "adm4_name1": null, "adm4_name2": null, "adm4_name3": null, "adm4_pcode": null, "adm3_name": "Womey", "adm3_name1": null, "adm3_name2": null, "adm3_name3": null, "adm3_pcode": "GN00800510", "adm2_name": "Nzerekore", "adm2_name1": null, "adm2_name2": null, "adm2_name3": null, "adm2_pcode": "GN008005", "adm1_name": "Nzerekore", "adm1_name1": null, "adm1_name2": null, "adm1_name3": null, "adm1_pcode": "GN008", "adm0_name": "Guinée", "adm0_name1": null, "adm0_name2": null, "adm0_name3": null, "adm0_pcode": "GN", "valid_on": "2016-03-04", "valid_to": null, "version": "v01", "lang": "fr", "lang1": null, "lang2": null, "lang3": null }, "geometry": { "type": "Point", "coordinates": [ -8.651230090999832, 8.153641500000049 ] } },
{ "type": "Feature", "properties": { "admin_level": 3, "name": "Wonkifong", "name1": null, "name2": null, "name3": null, "x_coord": -13.3155758, "y_coord": 9.663365, "adm4_name": null, "adm4_name1": null, "adm4_name2": null, "adm4_name3": null, "adm4_pcode": null, "adm3_name": "Wonkifong", "adm3_name1": null, "adm3_name2": null, "adm3_name3": null, "adm3_pcode": "GN00500104", "adm2_name": "Coyah", "adm2_name1": null, "adm2_name2": null, "adm2_name3": null, "adm2_pcode": "GN005001", "adm1_name": "Kindia", "adm1_name1": null, "adm1_name2": null, "adm1_name3": null, "adm1_pcode": "GN005", "adm0_name": "Guinée", "adm0_name1": null, "adm0_name2": null, "adm0_name3": null, "adm0_pcode": "GN", "valid_on": "2016-03-04", "valid_to": null, "version": "v01", "lang": "fr", "lang1": null, "lang2": null, "lang3": null }, "geometry": { "type": "Point", "coordinates": [ -13.315575800999909, 9.663365000000113 ] } },
{ "type": "Feature", "properties": { "admin_level": 3, "name": "Yalenzou", "name1": null, "name2": null, "name3": null, "x_coord": -8.66882651, "y_coord": 7.7654855, "adm4_name": null, "adm4_name1": null, "adm4_name2": null, "adm4_name3": null, "adm4_pcode": null, "adm3_name": "Yalenzou", "adm3_name1": null, "adm3_name2": null, "adm3_name3": null, "adm3_pcode": "GN00800511", "adm2_name": "Nzerekore", "adm2_name1": null, "adm2_name2": null, "adm2_name3": null, "adm2_pcode": "GN008005", "adm1_name": "Nzerekore", "adm1_name1": null, "adm1_name2": null, "adm1_name3": null, "adm1_pcode": "GN008", "adm0_name": "Guinée", "adm0_name1": null, "adm0_name2": null, "adm0_name3": null, "adm0_pcode": "GN", "valid_on": "2016-03-04", "valid_to": null, "version": "v01", "lang": "fr", "lang1": null, "lang2": null, "lang3": null }, "geometry": { "type": "Point", "coordinates": [ -8.668826510999963, 7.765485500000011 ] } },
{ "type": "Feature", "properties": { "admin_level": 3, "name": "Yende Millimou", "name1": null, "name2": null, "name3": null, "x_coord": -10.18651109, "y_coord": 8.966151, "adm4_name": null, "adm4_name1": null, "adm4_name2": null, "adm4_name3": null, "adm4_pcode": null, "adm3_name": "Yende Millimou", "adm3_name1": null, "adm3_name2": null, "adm3_name3": null, "adm3_pcode": "GN00300412", "adm2_name": "Kissidougou", "adm2_name1": null, "adm2_name2": null, "adm2_name3": null, "adm2_pcode": "GN003004", "adm1_name": "Faranah", "adm1_name1": null, "adm1_name2": null, "adm1_name3": null, "adm1_pcode": "GN003", "adm0_name": "Guinée", "adm0_name1": null, "adm0_name2": null, "adm0_name3": null, "adm0_pcode": "GN", "valid_on": "2016-03-04", "valid_to": null, "version": "v01", "lang": "fr", "lang1": null, "lang2": null, "lang3": null }, "geometry": { "type": "Point", "coordinates": [ -10.186511087999975, 8.966151 ] } },
{ "type": "Feature", "properties": { "admin_level": 3, "name": "Yimbering", "name1": null, "name2": null, "name3": null, "x_coord": -12.37032186, "y_coord": 11.7746455, "adm4_name": null, "adm4_name1": null, "adm4_name2": null, "adm4_name3": null, "adm4_pcode": null, "adm3_name": "Yimbering", "adm3_name1": null, "adm3_name2": null, "adm3_name3": null, "adm3_pcode": "GN00600413", "adm2_name": "Mali", "adm2_name1": null, "adm2_name2": null, "adm2_name3": null, "adm2_pcode": "GN006004", "adm1_name": "Labe", "adm1_name1": null, "adm1_name2": null, "adm1_name3": null, "adm1_pcode": "GN006", "adm0_name": "Guinée", "adm0_name1": null, "adm0_name2": null, "adm0_name3": null, "adm0_pcode": "GN", "valid_on": "2016-03-04", "valid_to": null, "version": "v01", "lang": "fr", "lang1": null, "lang2": null, "lang3": null }, "geometry": { "type": "Point", "coordinates": [ -12.370321861999969, 11.774645500000076 ] } },
{ "type": "Feature", "properties": { "admin_level": 3, "name": "Yombiro", "name1": null, "name2": null, "name3": null, "x_coord": -10.35450029, "y_coord": 9.096128, "adm4_name": null, "adm4_name1": null, "adm4_name2": null, "adm4_name3": null, "adm4_pcode": null, "adm3_name": "Yombiro", "adm3_name1": null, "adm3_name2": null, "adm3_name3": null, "adm3_pcode": "GN00300413", "adm2_name": "Kissidougou", "adm2_name1": null, "adm2_name2": null, "adm2_name3": null, "adm2_pcode": "GN003004", "adm1_name": "Faranah", "adm1_name1": null, "adm1_name2": null, "adm1_name3": null, "adm1_pcode": "GN003", "adm0_name": "Guinée", "adm0_name1": null, "adm0_name2": null, "adm0_name3": null, "adm0_pcode": "GN", "valid_on": "2016-03-04", "valid_to": null, "version": "v01", "lang": "fr", "lang1": null, "lang2": null, "lang3": null }, "geometry": { "type": "Point", "coordinates": [ -10.354500288999816, 9.096128 ] } },
{ "type": "Feature", "properties": { "admin_level": 3, "name": "Tanene", "name1": null, "name2": null, "name3": null, "x_coord": -13.79486659, "y_coord": 10.12035, "adm4_name": null, "adm4_name1": null, "adm4_name2": null, "adm4_name3": null, "adm4_pcode": null, "adm3_name": "Tanene", "adm3_name1": null, "adm3_name2": null, "adm3_name3": null, "adm3_pcode": "GN00500208", "adm2_name": "Dubreka", "adm2_name1": null, "adm2_name2": null, "adm2_name3": null, "adm2_pcode": "GN005002", "adm1_name": "Kindia", "adm1_name1": null, "adm1_name2": null, "adm1_name3": null, "adm1_pcode": "GN005", "adm0_name": "Guinée", "adm0_name1": null, "adm0_name2": null, "adm0_name3": null, "adm0_pcode": "GN", "valid_on": "2016-03-04", "valid_to": null, "version": "v01", "lang": "fr", "lang1": null, "lang2": null, "lang3": null }, "geometry": { "type": "Point", "coordinates": [ -13.79486658899998, 10.12035 ] } },
{ "type": "Feature", "properties": { "admin_level": 3, "name": "Tanene", "name1": null, "name2": null, "name3": null, "x_coord": -14.24545695, "y_coord": 11.055675, "adm4_name": null, "adm4_name1": null, "adm4_name2": null, "adm4_name3": null, "adm4_pcode": null, "adm3_name": "Tanene", "adm3_name1": null, "adm3_name2": null, "adm3_name3": null, "adm3_pcode": "GN00100210", "adm2_name": "Boke", "adm2_name1": null, "adm2_name2": null, "adm2_name3": null, "adm2_pcode": "GN001002", "adm1_name": "Boke", "adm1_name1": null, "adm1_name2": null, "adm1_name3": null, "adm1_pcode": "GN001", "adm0_name": "Guinée", "adm0_name1": null, "adm0_name2": null, "adm0_name3": null, "adm0_pcode": "GN", "valid_on": "2016-03-04", "valid_to": null, "version": "v01", "lang": "fr", "lang1": null, "lang2": null, "lang3": null }, "geometry": { "type": "Point", "coordinates": [ -14.245456952999916, 11.055675 ] } },
{ "type": "Feature", "properties": { "admin_level": 3, "name": "Telemele Ctre", "name1": null, "name2": null, "name3": null, "x_coord": -13.08589617, "y_coord": 10.87067, "adm4_name": null, "adm4_name1": null, "adm4_name2": null, "adm4_name3": null, "adm4_pcode": null, "adm3_name": "Telemele Ctre", "adm3_name1": null, "adm3_name2": null, "adm3_name3": null, "adm3_pcode": "GN00500513", "adm2_name": "Telimele", "adm2_name1": null, "adm2_name2": null, "adm2_name3": null, "adm2_pcode": "GN005005", "adm1_name": "Kindia", "adm1_name1": null, "adm1_name2": null, "adm1_name3": null, "adm1_pcode": "GN005", "adm0_name": "Guinée", "adm0_name1": null, "adm0_name2": null, "adm0_name3": null, "adm0_pcode": "GN", "valid_on": "2016-03-04", "valid_to": null, "version": "v01", "lang": "fr", "lang1": null, "lang2": null, "lang3": null }, "geometry": { "type": "Point", "coordinates": [ -13.085896168999966, 10.87067 ] } },
{ "type": "Feature", "properties": { "admin_level": 3, "name": "Bourouwal", "name1": null, "name2": null, "name3": null, "x_coord": -12.90171288, "y_coord": 11.094375, "adm4_name": null, "adm4_name1": null, "adm4_name2": null, "adm4_name3": null, "adm4_pcode": null, "adm3_name": "Bourouwal", "adm3_name1": null, "adm3_name2": null, "adm3_name3": null, "adm3_pcode": "GN00500501", "adm2_name": "Telimele", "adm2_name1": null, "adm2_name2": null, "adm2_name3": null, "adm2_pcode": "GN005005", "adm1_name": "Kindia", "adm1_name1": null, "adm1_name2": null, "adm1_name3": null, "adm1_pcode": "GN005", "adm0_name": "Guinée", "adm0_name1": null, "adm0_name2": null, "adm0_name3": null, "adm0_pcode": "GN", "valid_on": "2016-03-04", "valid_to": null, "version": "v01", "lang": "fr", "lang1": null, "lang2": null, "lang3": null }, "geometry": { "type": "Point", "coordinates": [ -12.901712877999955, 11.094375 ] } },
{ "type": "Feature", "properties": { "admin_level": 3, "name": "Daramagnaky", "name1": null, "name2": null, "name3": null, "x_coord": -13.779667, "y_coord": 10.857175, "adm4_name": null, "adm4_name1": null, "adm4_name2": null, "adm4_name3": null, "adm4_pcode": null, "adm3_name": "Daramagnaky", "adm3_name1": null, "adm3_name2": null, "adm3_name3": null, "adm3_pcode": "GN00500502", "adm2_name": "Telimele", "adm2_name1": null, "adm2_name2": null, "adm2_name3": null, "adm2_pcode": "GN005005", "adm1_name": "Kindia", "adm1_name1": null, "adm1_name2": null, "adm1_name3": null, "adm1_pcode": "GN005", "adm0_name": "Guinée", "adm0_name1": null, "adm0_name2": null, "adm0_name3": null, "adm0_pcode": "GN", "valid_on": "2016-03-04", "valid_to": null, "version": "v01", "lang": "fr", "lang1": null, "lang2": null, "lang3": null }, "geometry": { "type": "Point", "coordinates": [ -13.77966700099995, 10.857175 ] } },
{ "type": "Feature", "properties": { "admin_level": 3, "name": "Gougoudje", "name1": null, "name2": null, "name3": null, "x_coord": -12.97003483, "y_coord": 10.872135, "adm4_name": null, "adm4_name1": null, "adm4_name2": null, "adm4_name3": null, "adm4_pcode": null, "adm3_name": "Gougoudje", "adm3_name1": null, "adm3_name2": null, "adm3_name3": null, "adm3_pcode": "GN00500503", "adm2_name": "Telimele", "adm2_name1": null, "adm2_name2": null, "adm2_name3": null, "adm2_pcode": "GN005005", "adm1_name": "Kindia", "adm1_name1": null, "adm1_name2": null, "adm1_name3": null, "adm1_pcode": "GN005", "adm0_name": "Guinée", "adm0_name1": null, "adm0_name2": null, "adm0_name3": null, "adm0_pcode": "GN", "valid_on": "2016-03-04", "valid_to": null, "version": "v01", "lang": "fr", "lang1": null, "lang2": null, "lang3": null }, "geometry": { "type": "Point", "coordinates": [ -12.970034825999846, 10.872135000000128 ] } },
{ "type": "Feature", "properties": { "admin_level": 3, "name": "Koba", "name1": null, "name2": null, "name3": null, "x_coord": -13.35904608, "y_coord": 11.198715, "adm4_name": null, "adm4_name1": null, "adm4_name2": null, "adm4_name3": null, "adm4_pcode": null, "adm3_name": "Koba", "adm3_name1": null, "adm3_name2": null, "adm3_name3": null, "adm3_pcode": "GN00500504", "adm2_name": "Telimele", "adm2_name1": null, "adm2_name2": null, "adm2_name3": null, "adm2_pcode": "GN005005", "adm1_name": "Kindia", "adm1_name1": null, "adm1_name2": null, "adm1_name3": null, "adm1_pcode": "GN005", "adm0_name": "Guinée", "adm0_name1": null, "adm0_name2": null, "adm0_name3": null, "adm0_pcode": "GN", "valid_on": "2016-03-04", "valid_to": null, "version": "v01", "lang": "fr", "lang1": null, "lang2": null, "lang3": null }, "geometry": { "type": "Point", "coordinates": [ -13.359046083999885, 11.198715000000107 ] } },
{ "type": "Feature", "properties": { "admin_level": 3, "name": "Kollet", "name1": null, "name2": null, "name3": null, "x_coord": -13.09198785, "y_coord": 10.510375, "adm4_name": null, "adm4_name1": null, "adm4_name2": null, "adm4_name3": null, "adm4_pcode": null, "adm3_name": "Kollet", "adm3_name1": null, "adm3_name2": null, "adm3_name3": null, "adm3_pcode": "GN00500505", "adm2_name": "Telimele", "adm2_name1": null, "adm2_name2": null, "adm2_name3": null, "adm2_pcode": "GN005005", "adm1_name": "Kindia", "adm1_name1": null, "adm1_name2": null, "adm1_name3": null, "adm1_pcode": "GN005", "adm0_name": "Guinée", "adm0_name1": null, "adm0_name2": null, "adm0_name3": null, "adm0_pcode": "GN", "valid_on": "2016-03-04", "valid_to": null, "version": "v01", "lang": "fr", "lang1": null, "lang2": null, "lang3": null }, "geometry": { "type": "Point", "coordinates": [ -13.091987846999871, 10.510375000000124 ] } },
{ "type": "Feature", "properties": { "admin_level": 3, "name": "Konsotami", "name1": null, "name2": null, "name3": null, "x_coord": -13.52293865, "y_coord": 10.8567325, "adm4_name": null, "adm4_name1": null, "adm4_name2": null, "adm4_name3": null, "adm4_pcode": null, "adm3_name": "Konsotami", "adm3_name1": null, "adm3_name2": null, "adm3_name3": null, "adm3_pcode": "GN00500506", "adm2_name": "Telimele", "adm2_name1": null, "adm2_name2": null, "adm2_name3": null, "adm2_pcode": "GN005005", "adm1_name": "Kindia", "adm1_name1": null, "adm1_name2": null, "adm1_name3": null, "adm1_pcode": "GN005", "adm0_name": "Guinée", "adm0_name1": null, "adm0_name2": null, "adm0_name3": null, "adm0_pcode": "GN", "valid_on": "2016-03-04", "valid_to": null, "version": "v01", "lang": "fr", "lang1": null, "lang2": null, "lang3": null }, "geometry": { "type": "Point", "coordinates": [ -13.522938648999911, 10.856732500000078 ] } },
{ "type": "Feature", "properties": { "admin_level": 3, "name": "Matakaou", "name1": null, "name2": null, "name3": null, "x_coord": -11.98818476, "y_coord": 11.751796, "adm4_name": null, "adm4_name1": null, "adm4_name2": null, "adm4_name3": null, "adm4_pcode": null, "adm3_name": "Matakaou", "adm3_name1": null, "adm3_name2": null, "adm3_name3": null, "adm3_pcode": "GN00600104", "adm2_name": "Koubia", "adm2_name1": null, "adm2_name2": null, "adm2_name3": null, "adm2_pcode": "GN006001", "adm1_name": "Labe", "adm1_name1": null, "adm1_name2": null, "adm1_name3": null, "adm1_pcode": "GN006", "adm0_name": "Guinée", "adm0_name1": null, "adm0_name2": null, "adm0_name3": null, "adm0_pcode": "GN", "valid_on": "2016-03-04", "valid_to": null, "version": "v01", "lang": "fr", "lang1": null, "lang2": null, "lang3": null }, "geometry": { "type": "Point", "coordinates": [ -11.988184756999942, 11.751796 ] } },
{ "type": "Feature", "properties": { "admin_level": 3, "name": "Missira", "name1": null, "name2": null, "name3": null, "x_coord": -13.60133472, "y_coord": 11.181425, "adm4_name": null, "adm4_name1": null, "adm4_name2": null, "adm4_name3": null, "adm4_pcode": null, "adm3_name": "Missira", "adm3_name1": null, "adm3_name2": null, "adm3_name3": null, "adm3_pcode": "GN00500507", "adm2_name": "Telimele", "adm2_name1": null, "adm2_name2": null, "adm2_name3": null, "adm2_pcode": "GN005005", "adm1_name": "Kindia", "adm1_name1": null, "adm1_name2": null, "adm1_name3": null, "adm1_pcode": "GN005", "adm0_name": "Guinée", "adm0_name1": null, "adm0_name2": null, "adm0_name3": null, "adm0_pcode": "GN", "valid_on": "2016-03-04", "valid_to": null, "version": "v01", "lang": "fr", "lang1": null, "lang2": null, "lang3": null }, "geometry": { "type": "Point", "coordinates": [ -13.601334719999954, 11.181425 ] } },
{ "type": "Feature", "properties": { "admin_level": 3, "name": "Santou", "name1": null, "name2": null, "name3": null, "x_coord": -13.11101672, "y_coord": 11.0783315, "adm4_name": null, "adm4_name1": null, "adm4_name2": null, "adm4_name3": null, "adm4_pcode": null, "adm3_name": "Santou", "adm3_name1": null, "adm3_name2": null, "adm3_name3": null, "adm3_pcode": "GN00500508", "adm2_name": "Telimele", "adm2_name1": null, "adm2_name2": null, "adm2_name3": null, "adm2_pcode": "GN005005", "adm1_name": "Kindia", "adm1_name1": null, "adm1_name2": null, "adm1_name3": null, "adm1_pcode": "GN005", "adm0_name": "Guinée", "adm0_name1": null, "adm0_name2": null, "adm0_name3": null, "adm0_pcode": "GN", "valid_on": "2016-03-04", "valid_to": null, "version": "v01", "lang": "fr", "lang1": null, "lang2": null, "lang3": null }, "geometry": { "type": "Point", "coordinates": [ -13.111016718999849, 11.078331500000047 ] } },
{ "type": "Feature", "properties": { "admin_level": 3, "name": "Sinta", "name1": null, "name2": null, "name3": null, "x_coord": -13.01994177, "y_coord": 10.636525, "adm4_name": null, "adm4_name1": null, "adm4_name2": null, "adm4_name3": null, "adm4_pcode": null, "adm3_name": "Sinta", "adm3_name1": null, "adm3_name2": null, "adm3_name3": null, "adm3_pcode": "GN00500510", "adm2_name": "Telimele", "adm2_name1": null, "adm2_name2": null, "adm2_name3": null, "adm2_pcode": "GN005005", "adm1_name": "Kindia", "adm1_name1": null, "adm1_name2": null, "adm1_name3": null, "adm1_pcode": "GN005", "adm0_name": "Guinée", "adm0_name1": null, "adm0_name2": null, "adm0_name3": null, "adm0_pcode": "GN", "valid_on": "2016-03-04", "valid_to": null, "version": "v01", "lang": "fr", "lang1": null, "lang2": null, "lang3": null }, "geometry": { "type": "Point", "coordinates": [ -13.019941769999946, 10.63652500000012 ] } },
{ "type": "Feature", "properties": { "admin_level": 3, "name": "Sogolon", "name1": null, "name2": null, "name3": null, "x_coord": -13.29186029, "y_coord": 10.584655, "adm4_name": null, "adm4_name1": null, "adm4_name2": null, "adm4_name3": null, "adm4_pcode": null, "adm3_name": "Sogolon", "adm3_name1": null, "adm3_name2": null, "adm3_name3": null, "adm3_pcode": "GN00500511", "adm2_name": "Telimele", "adm2_name1": null, "adm2_name2": null, "adm2_name3": null, "adm2_pcode": "GN005005", "adm1_name": "Kindia", "adm1_name1": null, "adm1_name2": null, "adm1_name3": null, "adm1_pcode": "GN005", "adm0_name": "Guinée", "adm0_name1": null, "adm0_name2": null, "adm0_name3": null, "adm0_pcode": "GN", "valid_on": "2016-03-04", "valid_to": null, "version": "v01", "lang": "fr", "lang1": null, "lang2": null, "lang3": null }, "geometry": { "type": "Point", "coordinates": [ -13.291860291999967, 10.584655 ] } },
{ "type": "Feature", "properties": { "admin_level": 3, "name": "Thionthian", "name1": null, "name2": null, "name3": null, "x_coord": -13.28643963, "y_coord": 10.78515, "adm4_name": null, "adm4_name1": null, "adm4_name2": null, "adm4_name3": null, "adm4_pcode": null, "adm3_name": "Thionthian", "adm3_name1": null, "adm3_name2": null, "adm3_name3": null, "adm3_pcode": "GN00500514", "adm2_name": "Telimele", "adm2_name1": null, "adm2_name2": null, "adm2_name3": null, "adm2_pcode": "GN005005", "adm1_name": "Kindia", "adm1_name1": null, "adm1_name2": null, "adm1_name3": null, "adm1_pcode": "GN005", "adm0_name": "Guinée", "adm0_name1": null, "adm0_name2": null, "adm0_name3": null, "adm0_pcode": "GN", "valid_on": "2016-03-04", "valid_to": null, "version": "v01", "lang": "fr", "lang1": null, "lang2": null, "lang3": null }, "geometry": { "type": "Point", "coordinates": [ -13.286439626999879, 10.78515 ] } },
{ "type": "Feature", "properties": { "admin_level": 3, "name": "Kakossa", "name1": null, "name2": null, "name3": null, "x_coord": -13.46230525, "y_coord": 9.48705707, "adm4_name": null, "adm4_name1": null, "adm4_name2": null, "adm4_name3": null, "adm4_pcode": null, "adm3_name": "Kakossa", "adm3_name1": null, "adm3_name2": null, "adm3_name3": null, "adm3_pcode": "GN00500306", "adm2_name": "Forecariah", "adm2_name1": null, "adm2_name2": null, "adm2_name3": null, "adm2_pcode": "GN005003", "adm1_name": "Kindia", "adm1_name1": null, "adm1_name2": null, "adm1_name3": null, "adm1_pcode": "GN005", "adm0_name": "Guinée", "adm0_name1": null, "adm0_name2": null, "adm0_name3": null, "adm0_pcode": "GN", "valid_on": "2016-03-04", "valid_to": null, "version": "v01", "lang": "fr", "lang1": null, "lang2": null, "lang3": null }, "geometry": { "type": "Point", "coordinates": [ -13.462305253999943, 9.487057070000105 ] } },
{ "type": "Feature", "properties": { "admin_level": 3, "name": "Bintimodia", "name1": null, "name2": null, "name3": null, "x_coord": -14.38271399, "y_coord": 10.6150215, "adm4_name": null, "adm4_name1": null, "adm4_name2": null, "adm4_name3": null, "adm4_pcode": null, "adm3_name": "Bintimodia", "adm3_name1": null, "adm3_name2": null, "adm3_name3": null, "adm3_pcode": "GN00100201", "adm2_name": "Boke", "adm2_name1": null, "adm2_name2": null, "adm2_name3": null, "adm2_pcode": "GN001002", "adm1_name": "Boke", "adm1_name1": null, "adm1_name2": null, "adm1_name3": null, "adm1_pcode": "GN001", "adm0_name": "Guinée", "adm0_name1": null, "adm0_name2": null, "adm0_name3": null, "adm0_pcode": "GN", "valid_on": "2016-03-04", "valid_to": null, "version": "v01", "lang": "fr", "lang1": null, "lang2": null, "lang3": null }, "geometry": { "type": "Point", "coordinates": [ -14.382713992999925, 10.615021500000125 ] } },
{ "type": "Feature", "properties": { "admin_level": 3, "name": "Banama", "name1": null, "name2": null, "name3": null, "x_coord": -9.75960956, "y_coord": 9.0482855, "adm4_name": null, "adm4_name1": null, "adm4_name2": null, "adm4_name3": null, "adm4_pcode": null, "adm3_name": "Banama", "adm3_name1": null, "adm3_name2": null, "adm3_name3": null, "adm3_pcode": "GN00300402", "adm2_name": "Kissidougou", "adm2_name1": null, "adm2_name2": null, "adm2_name3": null, "adm2_pcode": "GN003004", "adm1_name": "Faranah", "adm1_name1": null, "adm1_name2": null, "adm1_name3": null, "adm1_pcode": "GN003", "adm0_name": "Guinée", "adm0_name1": null, "adm0_name2": null, "adm0_name3": null, "adm0_pcode": "GN", "valid_on": "2016-03-04", "valid_to": null, "version": "v01", "lang": "fr", "lang1": null, "lang2": null, "lang3": null }, "geometry": { "type": "Point", "coordinates": [ -9.759609563999959, 9.048285500000134 ] } },
{ "type": "Feature", "properties": { "admin_level": 3, "name": "Coyah Ctre", "name1": null, "name2": null, "name3": null, "x_coord": -13.38519608, "y_coord": 9.734185, "adm4_name": null, "adm4_name1": null, "adm4_name2": null, "adm4_name3": null, "adm4_pcode": null, "adm3_name": "Coyah Ctre", "adm3_name1": null, "adm3_name2": null, "adm3_name3": null, "adm3_pcode": "GN00500101", "adm2_name": "Coyah", "adm2_name1": null, "adm2_name2": null, "adm2_name3": null, "adm2_pcode": "GN005001", "adm1_name": "Kindia", "adm1_name1": null, "adm1_name2": null, "adm1_name3": null, "adm1_pcode": "GN005", "adm0_name": "Guinée", "adm0_name1": null, "adm0_name2": null, "adm0_name3": null, "adm0_pcode": "GN", "valid_on": "2016-03-04", "valid_to": null, "version": "v01", "lang": "fr", "lang1": null, "lang2": null, "lang3": null }, "geometry": { "type": "Point", "coordinates": [ -13.385196078999968, 9.734185 ] } },
{ "type": "Feature", "properties": { "admin_level": 3, "name": "Banankoro", "name1": null, "name2": null, "name3": null, "x_coord": -9.13382478, "y_coord": 9.192396, "adm4_name": null, "adm4_name1": null, "adm4_name2": null, "adm4_name3": null, "adm4_pcode": null, "adm3_name": "Banankoro", "adm3_name1": null, "adm3_name2": null, "adm3_name3": null, "adm3_pcode": "GN00400201", "adm2_name": "Kerouane", "adm2_name1": null, "adm2_name2": null, "adm2_name3": null, "adm2_pcode": "GN004002", "adm1_name": "Kankan", "adm1_name1": null, "adm1_name2": null, "adm1_name3": null, "adm1_pcode": "GN004", "adm0_name": "Guinée", "adm0_name1": null, "adm0_name2": null, "adm0_name3": null, "adm0_pcode": "GN", "valid_on": "2016-03-04", "valid_to": null, "version": "v01", "lang": "fr", "lang1": null, "lang2": null, "lang3": null }, "geometry": { "type": "Point", "coordinates": [ -9.133824777999962, 9.192396 ] } },
{ "type": "Feature", "properties": { "admin_level": 3, "name": "Allassoyah", "name1": null, "name2": null, "name3": null, "x_coord": -13.08490331, "y_coord": 9.49751, "adm4_name": null, "adm4_name1": null, "adm4_name2": null, "adm4_name3": null, "adm4_pcode": null, "adm3_name": "Allassoyah", "adm3_name1": null, "adm3_name2": null, "adm3_name3": null, "adm3_pcode": "GN00500301", "adm2_name": "Forecariah", "adm2_name1": null, "adm2_name2": null, "adm2_name3": null, "adm2_pcode": "GN005003", "adm1_name": "Kindia", "adm1_name1": null, "adm1_name2": null, "adm1_name3": null, "adm1_pcode": "GN005", "adm0_name": "Guinée", "adm0_name1": null, "adm0_name2": null, "adm0_name3": null, "adm0_pcode": "GN", "valid_on": "2016-03-04", "valid_to": null, "version": "v01", "lang": "fr", "lang1": null, "lang2": null, "lang3": null }, "geometry": { "type": "Point", "coordinates": [ -13.084903314999963, 9.49751 ] } },
{ "type": "Feature", "properties": { "admin_level": 3, "name": "Arfamoussayah", "name1": null, "name2": null, "name3": null, "x_coord": -11.2807263, "y_coord": 10.835104, "adm4_name": null, "adm4_name1": null, "adm4_name2": null, "adm4_name3": null, "adm4_pcode": null, "adm3_name": "Arfamoussayah", "adm3_name1": null, "adm3_name2": null, "adm3_name3": null, "adm3_pcode": "GN00300101", "adm2_name": "Dabola", "adm2_name1": null, "adm2_name2": null, "adm2_name3": null, "adm2_pcode": "GN003001", "adm1_name": "Faranah", "adm1_name1": null, "adm1_name2": null, "adm1_name3": null, "adm1_pcode": "GN003", "adm0_name": "Guinée", "adm0_name1": null, "adm0_name2": null, "adm0_name3": null, "adm0_pcode": "GN", "valid_on": "2016-03-04", "valid_to": null, "version": "v01", "lang": "fr", "lang1": null, "lang2": null, "lang3": null }, "geometry": { "type": "Point", "coordinates": [ -11.280726297999877, 10.835104 ] } },
{ "type": "Feature", "properties": { "admin_level": 3, "name": "Babila", "name1": null, "name2": null, "name3": null, "x_coord": -9.72021696, "y_coord": 10.636691, "adm4_name": null, "adm4_name1": null, "adm4_name2": null, "adm4_name3": null, "adm4_pcode": null, "adm3_name": "Babila", "adm3_name1": null, "adm3_name2": null, "adm3_name3": null, "adm3_pcode": "GN00400301", "adm2_name": "Kouroussa", "adm2_name1": null, "adm2_name2": null, "adm2_name3": null, "adm2_pcode": "GN004003", "adm1_name": "Kankan", "adm1_name1": null, "adm1_name2": null, "adm1_name3": null, "adm1_pcode": "GN004", "adm0_name": "Guinée", "adm0_name1": null, "adm0_name2": null, "adm0_name3": null, "adm0_pcode": "GN", "valid_on": "2016-03-04", "valid_to": null, "version": "v01", "lang": "fr", "lang1": null, "lang2": null, "lang3": null }, "geometry": { "type": "Point", "coordinates": [ -9.720216961999938, 10.636691 ] } },
{ "type": "Feature", "properties": { "admin_level": 3, "name": "Badi", "name1": null, "name2": null, "name3": null, "x_coord": -13.49058598, "y_coord": 10.27729, "adm4_name": null, "adm4_name1": null, "adm4_name2": null, "adm4_name3": null, "adm4_pcode": null, "adm3_name": "Badi", "adm3_name1": null, "adm3_name2": null, "adm3_name3": null, "adm3_pcode": "GN00500201", "adm2_name": "Dubreka", "adm2_name1": null, "adm2_name2": null, "adm2_name3": null, "adm2_pcode": "GN005002", "adm1_name": "Kindia", "adm1_name1": null, "adm1_name2": null, "adm1_name3": null, "adm1_pcode": "GN005", "adm0_name": "Guinée", "adm0_name1": null, "adm0_name2": null, "adm0_name3": null, "adm0_pcode": "GN", "valid_on": "2016-03-04", "valid_to": null, "version": "v01", "lang": "fr", "lang1": null, "lang2": null, "lang3": null }, "geometry": { "type": "Point", "coordinates": [ -13.490585977999899, 10.277290000000164 ] } },
{ "type": "Feature", "properties": { "admin_level": 3, "name": "Yomou Ctre", "name1": null, "name2": null, "name3": null, "x_coord": -9.30502955, "y_coord": 7.580517, "adm4_name": null, "adm4_name1": null, "adm4_name2": null, "adm4_name3": null, "adm4_pcode": null, "adm3_name": "Yomou Ctre", "adm3_name1": null, "adm3_name2": null, "adm3_name3": null, "adm3_pcode": "GN00800607", "adm2_name": "Yomou", "adm2_name1": null, "adm2_name2": null, "adm2_name3": null, "adm2_pcode": "GN008006", "adm1_name": "Nzerekore", "adm1_name1": null, "adm1_name2": null, "adm1_name3": null, "adm1_pcode": "GN008", "adm0_name": "Guinée", "adm0_name1": null, "adm0_name2": null, "adm0_name3": null, "adm0_pcode": "GN", "valid_on": "2016-03-04", "valid_to": null, "version": "v01", "lang": "fr", "lang1": null, "lang2": null, "lang3": null }, "geometry": { "type": "Point", "coordinates": [ -9.305029551999951, 7.580517 ] } },
{ "type": "Feature", "properties": { "admin_level": 3, "name": "Baguinet", "name1": null, "name2": null, "name3": null, "x_coord": -13.47004683, "y_coord": 10.5635435, "adm4_name": null, "adm4_name1": null, "adm4_name2": null, "adm4_name3": null, "adm4_pcode": null, "adm3_name": "Baguinet", "adm3_name1": null, "adm3_name2": null, "adm3_name3": null, "adm3_pcode": "GN00100501", "adm2_name": "Fria", "adm2_name1": null, "adm2_name2": null, "adm2_name3": null, "adm2_pcode": "GN001005", "adm1_name": "Boke", "adm1_name1": null, "adm1_name2": null, "adm1_name3": null, "adm1_pcode": "GN001", "adm0_name": "Guinée", "adm0_name1": null, "adm0_name2": null, "adm0_name3": null, "adm0_pcode": "GN", "valid_on": "2016-03-04", "valid_to": null, "version": "v01", "lang": "fr", "lang1": null, "lang2": null, "lang3": null }, "geometry": { "type": "Point", "coordinates": [ -13.470046827999852, 10.563543500000151 ] } },
{ "type": "Feature", "properties": { "admin_level": 3, "name": "Banfele", "name1": null, "name2": null, "name3": null, "x_coord": -9.94906299, "y_coord": 10.2041885, "adm4_name": null, "adm4_name1": null, "adm4_name2": null, "adm4_name3": null, "adm4_pcode": null, "adm3_name": "Banfele", "adm3_name1": null, "adm3_name2": null, "adm3_name3": null, "adm3_pcode": "GN00400303", "adm2_name": "Kouroussa", "adm2_name1": null, "adm2_name2": null, "adm2_name3": null, "adm2_pcode": "GN004003", "adm1_name": "Kankan", "adm1_name1": null, "adm1_name2": null, "adm1_name3": null, "adm1_pcode": "GN004", "adm0_name": "Guinée", "adm0_name1": null, "adm0_name2": null, "adm0_name3": null, "adm0_pcode": "GN", "valid_on": "2016-03-04", "valid_to": null, "version": "v01", "lang": "fr", "lang1": null, "lang2": null, "lang3": null }, "geometry": { "type": "Point", "coordinates": [ -9.949062991999938, 10.204188499999987 ] } },
{ "type": "Feature", "properties": { "admin_level": 3, "name": "Balaya", "name1": null, "name2": null, "name3": null, "x_coord": -12.78906952, "y_coord": 11.4420545, "adm4_name": null, "adm4_name1": null, "adm4_name2": null, "adm4_name3": null, "adm4_pcode": null, "adm3_name": "Balaya", "adm3_name1": null, "adm3_name2": null, "adm3_name3": null, "adm3_pcode": "GN00600301", "adm2_name": "Lelouma", "adm2_name1": null, "adm2_name2": null, "adm2_name3": null, "adm2_pcode": "GN006003", "adm1_name": "Labe", "adm1_name1": null, "adm1_name2": null, "adm1_name3": null, "adm1_pcode": "GN006", "adm0_name": "Guinée", "adm0_name1": null, "adm0_name2": null, "adm0_name3": null, "adm0_pcode": "GN", "valid_on": "2016-03-04", "valid_to": null, "version": "v01", "lang": "fr", "lang1": null, "lang2": null, "lang3": null }, "geometry": { "type": "Point", "coordinates": [ -12.789069519999885, 11.442054500000154 ] } },
{ "type": "Feature", "properties": { "admin_level": 3, "name": "Balizia", "name1": null, "name2": null, "name3": null, "x_coord": -9.58742764, "y_coord": 8.621802, "adm4_name": null, "adm4_name1": null, "adm4_name2": null, "adm4_name3": null, "adm4_pcode": null, "adm3_name": "Balizia", "adm3_name1": null, "adm3_name2": null, "adm3_name3": null, "adm3_pcode": "GN00800401", "adm2_name": "Macenta", "adm2_name1": null, "adm2_name2": null, "adm2_name3": null, "adm2_pcode": "GN008004", "adm1_name": "Nzerekore", "adm1_name1": null, "adm1_name2": null, "adm1_name3": null, "adm1_pcode": "GN008", "adm0_name": "Guinée", "adm0_name1": null, "adm0_name2": null, "adm0_name3": null, "adm0_pcode": "GN", "valid_on": "2016-03-04", "valid_to": null, "version": "v01", "lang": "fr", "lang1": null, "lang2": null, "lang3": null }, "geometry": { "type": "Point", "coordinates": [ -9.587427636999905, 8.621802 ] } },
{ "type": "Feature", "properties": { "admin_level": 3, "name": "Binikala", "name1": null, "name2": null, "name3": null, "x_coord": -9.52370445, "y_coord": 8.7842235, "adm4_name": null, "adm4_name1": null, "adm4_name2": null, "adm4_name3": null, "adm4_pcode": null, "adm3_name": "Binikala", "adm3_name1": null, "adm3_name2": null, "adm3_name3": null, "adm3_pcode": "GN00800402", "adm2_name": "Macenta", "adm2_name1": null, "adm2_name2": null, "adm2_name3": null, "adm2_pcode": "GN008004", "adm1_name": "Nzerekore", "adm1_name1": null, "adm1_name2": null, "adm1_name3": null, "adm1_pcode": "GN008", "adm0_name": "Guinée", "adm0_name1": null, "adm0_name2": null, "adm0_name3": null, "adm0_pcode": "GN", "valid_on": "2016-03-04", "valid_to": null, "version": "v01", "lang": "fr", "lang1": null, "lang2": null, "lang3": null }, "geometry": { "type": "Point", "coordinates": [ -9.523704446999943, 8.784223500000166 ] } },
{ "type": "Feature", "properties": { "admin_level": 3, "name": "Albadariah", "name1": null, "name2": null, "name3": null, "x_coord": -10.04307898, "y_coord": 9.5543935, "adm4_name": null, "adm4_name1": null, "adm4_name2": null, "adm4_name3": null, "adm4_pcode": null, "adm3_name": "Albadariah", "adm3_name1": null, "adm3_name2": null, "adm3_name3": null, "adm3_pcode": "GN00300401", "adm2_name": "Kissidougou", "adm2_name1": null, "adm2_name2": null, "adm2_name3": null, "adm2_pcode": "GN003004", "adm1_name": "Faranah", "adm1_name1": null, "adm1_name2": null, "adm1_name3": null, "adm1_pcode": "GN003", "adm0_name": "Guinée", "adm0_name1": null, "adm0_name2": null, "adm0_name3": null, "adm0_pcode": "GN", "valid_on": "2016-03-04", "valid_to": null, "version": "v01", "lang": "fr", "lang1": null, "lang2": null, "lang3": null }, "geometry": { "type": "Point", "coordinates": [ -10.043078981999827, 9.5543935 ] } },
{ "type": "Feature", "properties": { "admin_level": 3, "name": "Balaki", "name1": null, "name2": null, "name3": null, "x_coord": -11.7900927, "y_coord": 12.1999345, "adm4_name": null, "adm4_name1": null, "adm4_name2": null, "adm4_name3": null, "adm4_pcode": null, "adm3_name": "Balaki", "adm3_name1": null, "adm3_name2": null, "adm3_name3": null, "adm3_pcode": "GN00600401", "adm2_name": "Mali", "adm2_name1": null, "adm2_name2": null, "adm2_name3": null, "adm2_pcode": "GN006004", "adm1_name": "Labe", "adm1_name1": null, "adm1_name2": null, "adm1_name3": null, "adm1_pcode": "GN006", "adm0_name": "Guinée", "adm0_name1": null, "adm0_name2": null, "adm0_name3": null, "adm0_pcode": "GN", "valid_on": "2016-03-04", "valid_to": null, "version": "v01", "lang": "fr", "lang1": null, "lang2": null, "lang3": null }, "geometry": { "type": "Point", "coordinates": [ -11.790092698999899, 12.19993450000004 ] } },
{ "type": "Feature", "properties": { "admin_level": 3, "name": "Balandougou", "name1": null, "name2": null, "name3": null, "x_coord": -9.06059509, "y_coord": 10.503341, "adm4_name": null, "adm4_name1": null, "adm4_name2": null, "adm4_name3": null, "adm4_pcode": null, "adm3_name": "Balandougou", "adm3_name1": null, "adm3_name2": null, "adm3_name3": null, "adm3_pcode": "GN00400101", "adm2_name": "Kankan", "adm2_name1": null, "adm2_name2": null, "adm2_name3": null, "adm2_pcode": "GN004001", "adm1_name": "Kankan", "adm1_name1": null, "adm1_name2": null, "adm1_name3": null, "adm1_pcode": "GN004", "adm0_name": "Guinée", "adm0_name1": null, "adm0_name2": null, "adm0_name3": null, "adm0_pcode": "GN", "valid_on": "2016-03-04", "valid_to": null, "version": "v01", "lang": "fr", "lang1": null, "lang2": null, "lang3": null }, "geometry": { "type": "Point", "coordinates": [ -9.060595086999967, 10.503341 ] } },
{ "type": "Feature", "properties": { "admin_level": 3, "name": "Balandougouba", "name1": null, "name2": null, "name3": null, "x_coord": -8.5734207, "y_coord": 11.3434565, "adm4_name": null, "adm4_name1": null, "adm4_name2": null, "adm4_name3": null, "adm4_pcode": null, "adm3_name": "Balandougouba", "adm3_name1": null, "adm3_name2": null, "adm3_name3": null, "adm3_pcode": "GN00400401", "adm2_name": "Mandiana", "adm2_name1": null, "adm2_name2": null, "adm2_name3": null, "adm2_pcode": "GN004004", "adm1_name": "Kankan", "adm1_name1": null, "adm1_name2": null, "adm1_name3": null, "adm1_pcode": "GN004", "adm0_name": "Guinée", "adm0_name1": null, "adm0_name2": null, "adm0_name3": null, "adm0_pcode": "GN", "valid_on": "2016-03-04", "valid_to": null, "version": "v01", "lang": "fr", "lang1": null, "lang2": null, "lang3": null }, "geometry": { "type": "Point", "coordinates": [ -8.573420700999975, 11.3434565 ] } },
{ "type": "Feature", "properties": { "admin_level": 3, "name": "Balato", "name1": null, "name2": null, "name3": null, "x_coord": -9.53831702, "y_coord": 10.7331395, "adm4_name": null, "adm4_name1": null, "adm4_name2": null, "adm4_name3": null, "adm4_pcode": null, "adm3_name": "Balato", "adm3_name1": null, "adm3_name2": null, "adm3_name3": null, "adm3_pcode": "GN00400302", "adm2_name": "Kouroussa", "adm2_name1": null, "adm2_name2": null, "adm2_name3": null, "adm2_pcode": "GN004003", "adm1_name": "Kankan", "adm1_name1": null, "adm1_name2": null, "adm1_name3": null, "adm1_pcode": "GN004", "adm0_name": "Guinée", "adm0_name1": null, "adm0_name2": null, "adm0_name3": null, "adm0_pcode": "GN", "valid_on": "2016-03-04", "valid_to": null, "version": "v01", "lang": "fr", "lang1": null, "lang2": null, "lang3": null }, "geometry": { "type": "Point", "coordinates": [ -9.538317020999898, 10.733139500000107 ] } },
{ "type": "Feature", "properties": { "admin_level": 3, "name": "Bangouya", "name1": null, "name2": null, "name3": null, "x_coord": -12.94460417, "y_coord": 10.377305, "adm4_name": null, "adm4_name1": null, "adm4_name2": null, "adm4_name3": null, "adm4_pcode": null, "adm3_name": "Bangouya", "adm3_name1": null, "adm3_name2": null, "adm3_name3": null, "adm3_pcode": "GN00500401", "adm2_name": "Kindia", "adm2_name1": null, "adm2_name2": null, "adm2_name3": null, "adm2_pcode": "GN005004", "adm1_name": "Kindia", "adm1_name1": null, "adm1_name2": null, "adm1_name3": null, "adm1_pcode": "GN005", "adm0_name": "Guinée", "adm0_name1": null, "adm0_name2": null, "adm0_name3": null, "adm0_pcode": "GN", "valid_on": "2016-03-04", "valid_to": null, "version": "v01", "lang": "fr", "lang1": null, "lang2": null, "lang3": null }, "geometry": { "type": "Point", "coordinates": [ -12.944604168999888, 10.377305 ] } },
{ "type": "Feature", "properties": { "admin_level": 3, "name": "Banguigny", "name1": null, "name2": null, "name3": null, "x_coord": -13.54246429, "y_coord": 10.6802615, "adm4_name": null, "adm4_name1": null, "adm4_name2": null, "adm4_name3": null, "adm4_pcode": null, "adm3_name": "Banguigny", "adm3_name1": null, "adm3_name2": null, "adm3_name3": null, "adm3_pcode": "GN00100502", "adm2_name": "Fria", "adm2_name1": null, "adm2_name2": null, "adm2_name3": null, "adm2_pcode": "GN001005", "adm1_name": "Boke", "adm1_name1": null, "adm1_name2": null, "adm1_name3": null, "adm1_pcode": "GN001", "adm0_name": "Guinée", "adm0_name1": null, "adm0_name2": null, "adm0_name3": null, "adm0_pcode": "GN", "valid_on": "2016-03-04", "valid_to": null, "version": "v01", "lang": "fr", "lang1": null, "lang2": null, "lang3": null }, "geometry": { "type": "Point", "coordinates": [ -13.54246428599987, 10.680261500000086 ] } },
{ "type": "Feature", "properties": { "admin_level": 3, "name": "Banie", "name1": null, "name2": null, "name3": null, "x_coord": -9.37758962, "y_coord": 7.46766, "adm4_name": null, "adm4_name1": null, "adm4_name2": null, "adm4_name3": null, "adm4_pcode": null, "adm3_name": "Banie", "adm3_name1": null, "adm3_name2": null, "adm3_name3": null, "adm3_pcode": "GN00800601", "adm2_name": "Yomou", "adm2_name1": null, "adm2_name2": null, "adm2_name3": null, "adm2_pcode": "GN008006", "adm1_name": "Nzerekore", "adm1_name1": null, "adm1_name2": null, "adm1_name3": null, "adm1_pcode": "GN008", "adm0_name": "Guinée", "adm0_name1": null, "adm0_name2": null, "adm0_name3": null, "adm0_pcode": "GN", "valid_on": "2016-03-04", "valid_to": null, "version": "v01", "lang": "fr", "lang1": null, "lang2": null, "lang3": null }, "geometry": { "type": "Point", "coordinates": [ -9.377589618999878, 7.46766 ] } },
{ "type": "Feature", "properties": { "admin_level": 3, "name": "Banko", "name1": null, "name2": null, "name3": null, "x_coord": -10.62780978, "y_coord": 10.6549845, "adm4_name": null, "adm4_name1": null, "adm4_name2": null, "adm4_name3": null, "adm4_pcode": null, "adm3_name": "Banko", "adm3_name1": null, "adm3_name2": null, "adm3_name3": null, "adm3_pcode": "GN00300102", "adm2_name": "Dabola", "adm2_name1": null, "adm2_name2": null, "adm2_name3": null, "adm2_pcode": "GN003001", "adm1_name": "Faranah", "adm1_name1": null, "adm1_name2": null, "adm1_name3": null, "adm1_pcode": "GN003", "adm0_name": "Guinée", "adm0_name1": null, "adm0_name2": null, "adm0_name3": null, "adm0_pcode": "GN", "valid_on": "2016-03-04", "valid_to": null, "version": "v01", "lang": "fr", "lang1": null, "lang2": null, "lang3": null }, "geometry": { "type": "Point", "coordinates": [ -10.627809774999889, 10.654984500000182 ] } },
{ "type": "Feature", "properties": { "admin_level": 3, "name": "Bankon", "name1": null, "name2": null, "name3": null, "x_coord": -8.87176624, "y_coord": 11.5462765, "adm4_name": null, "adm4_name1": null, "adm4_name2": null, "adm4_name3": null, "adm4_pcode": null, "adm3_name": "Bankon", "adm3_name1": null, "adm3_name2": null, "adm3_name3": null, "adm3_pcode": "GN00400501", "adm2_name": "Siguiri", "adm2_name1": null, "adm2_name2": null, "adm2_name3": null, "adm2_pcode": "GN004005", "adm1_name": "Kankan", "adm1_name1": null, "adm1_name2": null, "adm1_name3": null, "adm1_pcode": "GN004", "adm0_name": "Guinée", "adm0_name1": null, "adm0_name2": null, "adm0_name3": null, "adm0_pcode": "GN", "valid_on": "2016-03-04", "valid_to": null, "version": "v01", "lang": "fr", "lang1": null, "lang2": null, "lang3": null }, "geometry": { "type": "Point", "coordinates": [ -8.871766240999875, 11.546276500000033 ] } },
{ "type": "Feature", "properties": { "admin_level": 3, "name": "Bate Nafadji", "name1": null, "name2": null, "name3": null, "x_coord": -9.24079432, "y_coord": 10.8414655, "adm4_name": null, "adm4_name1": null, "adm4_name2": null, "adm4_name3": null, "adm4_pcode": null, "adm3_name": "Bate Nafadji", "adm3_name1": null, "adm3_name2": null, "adm3_name3": null, "adm3_pcode": "GN00400102", "adm2_name": "Kankan", "adm2_name1": null, "adm2_name2": null, "adm2_name3": null, "adm2_pcode": "GN004001", "adm1_name": "Kankan", "adm1_name1": null, "adm1_name2": null, "adm1_name3": null, "adm1_pcode": "GN004", "adm0_name": "Guinée", "adm0_name1": null, "adm0_name2": null, "adm0_name3": null, "adm0_pcode": "GN", "valid_on": "2016-03-04", "valid_to": null, "version": "v01", "lang": "fr", "lang1": null, "lang2": null, "lang3": null }, "geometry": { "type": "Point", "coordinates": [ -9.24079431499996, 10.841465500000083 ] } },
{ "type": "Feature", "properties": { "admin_level": 3, "name": "Youkounkoun", "name1": null, "name2": null, "name3": null, "x_coord": -13.10458372, "y_coord": 12.415565, "adm4_name": null, "adm4_name1": null, "adm4_name2": null, "adm4_name3": null, "adm4_pcode": null, "adm3_name": "Youkounkoun", "adm3_name1": null, "adm3_name2": null, "adm3_name3": null, "adm3_pcode": "GN00100407", "adm2_name": "Koundara", "adm2_name1": null, "adm2_name2": null, "adm2_name3": null, "adm2_pcode": "GN001004", "adm1_name": "Boke", "adm1_name1": null, "adm1_name2": null, "adm1_name3": null, "adm1_pcode": "GN001", "adm0_name": "Guinée", "adm0_name1": null, "adm0_name2": null, "adm0_name3": null, "adm0_pcode": "GN", "valid_on": "2016-03-04", "valid_to": null, "version": "v01", "lang": "fr", "lang1": null, "lang2": null, "lang3": null }, "geometry": { "type": "Point", "coordinates": [ -13.104583723999951, 12.415565 ] } },
{ "type": "Feature", "properties": { "admin_level": 3, "name": "Banora", "name1": null, "name2": null, "name3": null, "x_coord": -10.39323371, "y_coord": 11.7822085, "adm4_name": null, "adm4_name1": null, "adm4_name2": null, "adm4_name3": null, "adm4_pcode": null, "adm3_name": "Banora", "adm3_name1": null, "adm3_name2": null, "adm3_name3": null, "adm3_pcode": "GN00300201", "adm2_name": "Dinguiraye", "adm2_name1": null, "adm2_name2": null, "adm2_name3": null, "adm2_pcode": "GN003002", "adm1_name": "Faranah", "adm1_name1": null, "adm1_name2": null, "adm1_name3": null, "adm1_pcode": "GN003", "adm0_name": "Guinée", "adm0_name1": null, "adm0_name2": null, "adm0_name3": null, "adm0_pcode": "GN", "valid_on": "2016-03-04", "valid_to": null, "version": "v01", "lang": "fr", "lang1": null, "lang2": null, "lang3": null }, "geometry": { "type": "Point", "coordinates": [ -10.393233713999905, 11.782208500000024 ] } },
{ "type": "Feature", "properties": { "admin_level": 3, "name": "Bantignel", "name1": null, "name2": null, "name3": null, "x_coord": -12.29221025, "y_coord": 11.095898, "adm4_name": null, "adm4_name1": null, "adm4_name2": null, "adm4_name3": null, "adm4_pcode": null, "adm3_name": "Bantignel", "adm3_name1": null, "adm3_name2": null, "adm3_name3": null, "adm3_pcode": "GN00700301", "adm2_name": "Pita", "adm2_name1": null, "adm2_name2": null, "adm2_name3": null, "adm2_pcode": "GN007003", "adm1_name": "Mamou", "adm1_name1": null, "adm1_name2": null, "adm1_name3": null, "adm1_pcode": "GN007", "adm0_name": "Guinée", "adm0_name1": null, "adm0_name2": null, "adm0_name3": null, "adm0_pcode": "GN", "valid_on": "2016-03-04", "valid_to": null, "version": "v01", "lang": "fr", "lang1": null, "lang2": null, "lang3": null }, "geometry": { "type": "Point", "coordinates": [ -12.292210251999961, 11.095898 ] } },
{ "type": "Feature", "properties": { "admin_level": 3, "name": "Boke Ctre", "name1": null, "name2": null, "name3": null, "x_coord": -14.27191193, "y_coord": 10.89993, "adm4_name": null, "adm4_name1": null, "adm4_name2": null, "adm4_name3": null, "adm4_pcode": null, "adm3_name": "Boke Ctre", "adm3_name1": null, "adm3_name2": null, "adm3_name3": null, "adm3_pcode": "GN00100202", "adm2_name": "Boke", "adm2_name1": null, "adm2_name2": null, "adm2_name3": null, "adm2_pcode": "GN001002", "adm1_name": "Boke", "adm1_name1": null, "adm1_name2": null, "adm1_name3": null, "adm1_pcode": "GN001", "adm0_name": "Guinée", "adm0_name1": null, "adm0_name2": null, "adm0_name3": null, "adm0_pcode": "GN", "valid_on": "2016-03-04", "valid_to": null, "version": "v01", "lang": "fr", "lang1": null, "lang2": null, "lang3": null }, "geometry": { "type": "Point", "coordinates": [ -14.271911925999973, 10.89993 ] } },
{ "type": "Feature", "properties": { "admin_level": 3, "name": "Bardou", "name1": null, "name2": null, "name3": null, "x_coord": -9.85568323, "y_coord": 9.034879, "adm4_name": null, "adm4_name1": null, "adm4_name2": null, "adm4_name3": null, "adm4_pcode": null, "adm3_name": "Bardou", "adm3_name1": null, "adm3_name2": null, "adm3_name3": null, "adm3_pcode": "GN00300403", "adm2_name": "Kissidougou", "adm2_name1": null, "adm2_name2": null, "adm2_name3": null, "adm2_pcode": "GN003004", "adm1_name": "Faranah", "adm1_name1": null, "adm1_name2": null, "adm1_name3": null, "adm1_pcode": "GN003", "adm0_name": "Guinée", "adm0_name1": null, "adm0_name2": null, "adm0_name3": null, "adm0_pcode": "GN", "valid_on": "2016-03-04", "valid_to": null, "version": "v01", "lang": "fr", "lang1": null, "lang2": null, "lang3": null }, "geometry": { "type": "Point", "coordinates": [ -9.855683234999901, 9.034879 ] } },
{ "type": "Feature", "properties": { "admin_level": 3, "name": "Baro", "name1": null, "name2": null, "name3": null, "x_coord": -9.72440163, "y_coord": 10.441382, "adm4_name": null, "adm4_name1": null, "adm4_name2": null, "adm4_name3": null, "adm4_pcode": null, "adm3_name": "Baro", "adm3_name1": null, "adm3_name2": null, "adm3_name3": null, "adm3_pcode": "GN00400304", "adm2_name": "Kouroussa", "adm2_name1": null, "adm2_name2": null, "adm2_name3": null, "adm2_pcode": "GN004003", "adm1_name": "Kankan", "adm1_name1": null, "adm1_name2": null, "adm1_name3": null, "adm1_pcode": "GN004", "adm0_name": "Guinée", "adm0_name1": null, "adm0_name2": null, "adm0_name3": null, "adm0_pcode": "GN", "valid_on": "2016-03-04", "valid_to": null, "version": "v01", "lang": "fr", "lang1": null, "lang2": null, "lang3": null }, "geometry": { "type": "Point", "coordinates": [ -9.724401624999871, 10.441382000000146 ] } },
{ "type": "Feature", "properties": { "admin_level": 3, "name": "Beindou", "name1": null, "name2": null, "name3": null, "x_coord": -10.00903105, "y_coord": 9.089934, "adm4_name": null, "adm4_name1": null, "adm4_name2": null, "adm4_name3": null, "adm4_pcode": null, "adm3_name": "Beindou", "adm3_name1": null, "adm3_name2": null, "adm3_name3": null, "adm3_pcode": "GN00300404", "adm2_name": "Kissidougou", "adm2_name1": null, "adm2_name2": null, "adm2_name3": null, "adm2_pcode": "GN003004", "adm1_name": "Faranah", "adm1_name1": null, "adm1_name2": null, "adm1_name3": null, "adm1_pcode": "GN003", "adm0_name": "Guinée", "adm0_name1": null, "adm0_name2": null, "adm0_name3": null, "adm0_pcode": "GN", "valid_on": "2016-03-04", "valid_to": null, "version": "v01", "lang": "fr", "lang1": null, "lang2": null, "lang3": null }, "geometry": { "type": "Point", "coordinates": [ -10.009031048999873, 9.089934 ] } },
{ "type": "Feature", "properties": { "admin_level": 3, "name": "Beindou", "name1": null, "name2": null, "name3": null, "x_coord": -10.36930369, "y_coord": 10.311635, "adm4_name": null, "adm4_name1": null, "adm4_name2": null, "adm4_name3": null, "adm4_pcode": null, "adm3_name": "Beindou", "adm3_name1": null, "adm3_name2": null, "adm3_name3": null, "adm3_pcode": "GN00300302", "adm2_name": "Faranah", "adm2_name1": null, "adm2_name2": null, "adm2_name3": null, "adm2_pcode": "GN003003", "adm1_name": "Faranah", "adm1_name1": null, "adm1_name2": null, "adm1_name3": null, "adm1_pcode": "GN003", "adm0_name": "Guinée", "adm0_name1": null, "adm0_name2": null, "adm0_name3": null, "adm0_pcode": "GN", "valid_on": "2016-03-04", "valid_to": null, "version": "v01", "lang": "fr", "lang1": null, "lang2": null, "lang3": null }, "geometry": { "type": "Point", "coordinates": [ -10.369303694999928, 10.311635 ] } },
{ "type": "Feature", "properties": { "admin_level": 3, "name": "Benty", "name1": null, "name2": null, "name3": null, "x_coord": -13.15750826, "y_coord": 9.12243938, "adm4_name": null, "adm4_name1": null, "adm4_name2": null, "adm4_name3": null, "adm4_pcode": null, "adm3_name": "Benty", "adm3_name1": null, "adm3_name2": null, "adm3_name3": null, "adm3_pcode": "GN00500302", "adm2_name": "Forecariah", "adm2_name1": null, "adm2_name2": null, "adm2_name3": null, "adm2_pcode": "GN005003", "adm1_name": "Kindia", "adm1_name1": null, "adm1_name2": null, "adm1_name3": null, "adm1_pcode": "GN005", "adm0_name": "Guinée", "adm0_name1": null, "adm0_name2": null, "adm0_name3": null, "adm0_pcode": "GN", "valid_on": "2016-03-04", "valid_to": null, "version": "v01", "lang": "fr", "lang1": null, "lang2": null, "lang3": null }, "geometry": { "type": "Point", "coordinates": [ -13.157508255999971, 9.122439384000074 ] } },
{ "type": "Feature", "properties": { "admin_level": 3, "name": "Beyla Ctre", "name1": null, "name2": null, "name3": null, "x_coord": -8.66774651, "y_coord": 8.684313, "adm4_name": null, "adm4_name1": null, "adm4_name2": null, "adm4_name3": null, "adm4_pcode": null, "adm3_name": "Beyla Ctre", "adm3_name1": null, "adm3_name2": null, "adm3_name3": null, "adm3_pcode": "GN00800101", "adm2_name": "Beyla", "adm2_name1": null, "adm2_name2": null, "adm2_name3": null, "adm2_pcode": "GN008001", "adm1_name": "Nzerekore", "adm1_name1": null, "adm1_name2": null, "adm1_name3": null, "adm1_pcode": "GN008", "adm0_name": "Guinée", "adm0_name1": null, "adm0_name2": null, "adm0_name3": null, "adm0_pcode": "GN", "valid_on": "2016-03-04", "valid_to": null, "version": "v01", "lang": "fr", "lang1": null, "lang2": null, "lang3": null }, "geometry": { "type": "Point", "coordinates": [ -8.667746506999947, 8.684313 ] } },
{ "type": "Feature", "properties": { "admin_level": 3, "name": "Bheeta", "name1": null, "name2": null, "name3": null, "x_coord": -9.23530101, "y_coord": 7.44141, "adm4_name": null, "adm4_name1": null, "adm4_name2": null, "adm4_name3": null, "adm4_pcode": null, "adm3_name": "Bheeta", "adm3_name1": null, "adm3_name2": null, "adm3_name3": null, "adm3_pcode": "GN00800602", "adm2_name": "Yomou", "adm2_name1": null, "adm2_name2": null, "adm2_name3": null, "adm2_pcode": "GN008006", "adm1_name": "Nzerekore", "adm1_name1": null, "adm1_name2": null, "adm1_name3": null, "adm1_pcode": "GN008", "adm0_name": "Guinée", "adm0_name1": null, "adm0_name2": null, "adm0_name3": null, "adm0_pcode": "GN", "valid_on": "2016-03-04", "valid_to": null, "version": "v01", "lang": "fr", "lang1": null, "lang2": null, "lang3": null }, "geometry": { "type": "Point", "coordinates": [ -9.235301006999919, 7.441410000000189 ] } },
{ "type": "Feature", "properties": { "admin_level": 3, "name": "Bignamou", "name1": null, "name2": null, "name3": null, "x_coord": -9.12252278, "y_coord": 7.34518444, "adm4_name": null, "adm4_name1": null, "adm4_name2": null, "adm4_name3": null, "adm4_pcode": null, "adm3_name": "Bignamou", "adm3_name1": null, "adm3_name2": null, "adm3_name3": null, "adm3_pcode": "GN00800603", "adm2_name": "Yomou", "adm2_name1": null, "adm2_name2": null, "adm2_name3": null, "adm2_pcode": "GN008006", "adm1_name": "Nzerekore", "adm1_name1": null, "adm1_name2": null, "adm1_name3": null, "adm1_pcode": "GN008", "adm0_name": "Guinée", "adm0_name1": null, "adm0_name2": null, "adm0_name3": null, "adm0_pcode": "GN", "valid_on": "2016-03-04", "valid_to": null, "version": "v01", "lang": "fr", "lang1": null, "lang2": null, "lang3": null }, "geometry": { "type": "Point", "coordinates": [ -9.122522775999926, 7.345184443000164 ] } },
{ "type": "Feature", "properties": { "admin_level": 3, "name": "Bissikrima", "name1": null, "name2": null, "name3": null, "x_coord": -10.9051401, "y_coord": 10.949922, "adm4_name": null, "adm4_name1": null, "adm4_name2": null, "adm4_name3": null, "adm4_pcode": null, "adm3_name": "Bissikrima", "adm3_name1": null, "adm3_name2": null, "adm3_name3": null, "adm3_pcode": "GN00300103", "adm2_name": "Dabola", "adm2_name1": null, "adm2_name2": null, "adm2_name3": null, "adm2_pcode": "GN003001", "adm1_name": "Faranah", "adm1_name1": null, "adm1_name2": null, "adm1_name3": null, "adm1_pcode": "GN003", "adm0_name": "Guinée", "adm0_name1": null, "adm0_name2": null, "adm0_name3": null, "adm0_pcode": "GN", "valid_on": "2016-03-04", "valid_to": null, "version": "v01", "lang": "fr", "lang1": null, "lang2": null, "lang3": null }, "geometry": { "type": "Point", "coordinates": [ -10.905140096999958, 10.949922000000186 ] } },
{ "type": "Feature", "properties": { "admin_level": 3, "name": "Bodie", "name1": null, "name2": null, "name3": null, "x_coord": -12.02851585, "y_coord": 11.0412875, "adm4_name": null, "adm4_name1": null, "adm4_name2": null, "adm4_name3": null, "adm4_pcode": null, "adm3_name": "Bodie", "adm3_name1": null, "adm3_name2": null, "adm3_name3": null, "adm3_pcode": "GN00700101", "adm2_name": "Dalaba", "adm2_name1": null, "adm2_name2": null, "adm2_name3": null, "adm2_pcode": "GN007001", "adm1_name": "Mamou", "adm1_name1": null, "adm1_name2": null, "adm1_name3": null, "adm1_pcode": "GN007", "adm0_name": "Guinée", "adm0_name1": null, "adm0_name2": null, "adm0_name3": null, "adm0_pcode": "GN", "valid_on": "2016-03-04", "valid_to": null, "version": "v01", "lang": "fr", "lang1": null, "lang2": null, "lang3": null }, "geometry": { "type": "Point", "coordinates": [ -12.028515845999891, 11.041287500000124 ] } },
{ "type": "Feature", "properties": { "admin_level": 3, "name": "Boffa Ctre", "name1": null, "name2": null, "name3": null, "x_coord": -14.12869492, "y_coord": 10.19410822, "adm4_name": null, "adm4_name1": null, "adm4_name2": null, "adm4_name3": null, "adm4_pcode": null, "adm3_name": "Boffa Ctre", "adm3_name1": null, "adm3_name2": null, "adm3_name3": null, "adm3_pcode": "GN00100101", "adm2_name": "Boffa", "adm2_name1": null, "adm2_name2": null, "adm2_name3": null, "adm2_pcode": "GN001001", "adm1_name": "Boke", "adm1_name1": null, "adm1_name2": null, "adm1_name3": null, "adm1_pcode": "GN001", "adm0_name": "Guinée", "adm0_name1": null, "adm0_name2": null, "adm0_name3": null, "adm0_pcode": "GN", "valid_on": "2016-03-04", "valid_to": null, "version": "v01", "lang": "fr", "lang1": null, "lang2": null, "lang3": null }, "geometry": { "type": "Point", "coordinates": [ -14.128694920999976, 10.194108218000167 ] } },
{ "type": "Feature", "properties": { "admin_level": 3, "name": "Bofossou", "name1": null, "name2": null, "name3": null, "x_coord": -9.71704394, "y_coord": 8.6727585, "adm4_name": null, "adm4_name1": null, "adm4_name2": null, "adm4_name3": null, "adm4_pcode": null, "adm3_name": "Bofossou", "adm3_name1": null, "adm3_name2": null, "adm3_name3": null, "adm3_pcode": "GN00800403", "adm2_name": "Macenta", "adm2_name1": null, "adm2_name2": null, "adm2_name3": null, "adm2_pcode": "GN008004", "adm1_name": "Nzerekore", "adm1_name1": null, "adm1_name2": null, "adm1_name3": null, "adm1_pcode": "GN008", "adm0_name": "Guinée", "adm0_name1": null, "adm0_name2": null, "adm0_name3": null, "adm0_pcode": "GN", "valid_on": "2016-03-04", "valid_to": null, "version": "v01", "lang": "fr", "lang1": null, "lang2": null, "lang3": null }, "geometry": { "type": "Point", "coordinates": [ -9.717043935999925, 8.672758499999986 ] } },
{ "type": "Feature", "properties": { "admin_level": 3, "name": "Bolodou", "name1": null, "name2": null, "name3": null, "x_coord": -10.32882649, "y_coord": 8.821058, "adm4_name": null, "adm4_name1": null, "adm4_name2": null, "adm4_name3": null, "adm4_pcode": null, "adm3_name": "Bolodou", "adm3_name1": null, "adm3_name2": null, "adm3_name3": null, "adm3_pcode": "GN00800201", "adm2_name": "Gueckedou", "adm2_name1": null, "adm2_name2": null, "adm2_name3": null, "adm2_pcode": "GN008002", "adm1_name": "Nzerekore", "adm1_name1": null, "adm1_name2": null, "adm1_name3": null, "adm1_pcode": "GN008", "adm0_name": "Guinée", "adm0_name1": null, "adm0_name2": null, "adm0_name3": null, "adm0_pcode": "GN", "valid_on": "2016-03-04", "valid_to": null, "version": "v01", "lang": "fr", "lang1": null, "lang2": null, "lang3": null }, "geometry": { "type": "Point", "coordinates": [ -10.328826486999901, 8.821058 ] } },
{ "type": "Feature", "properties": { "admin_level": 3, "name": "Boola", "name1": null, "name2": null, "name3": null, "x_coord": -8.70548235, "y_coord": 8.405001, "adm4_name": null, "adm4_name1": null, "adm4_name2": null, "adm4_name3": null, "adm4_pcode": null, "adm3_name": "Boola", "adm3_name1": null, "adm3_name2": null, "adm3_name3": null, "adm3_pcode": "GN00800102", "adm2_name": "Beyla", "adm2_name1": null, "adm2_name2": null, "adm2_name3": null, "adm2_pcode": "GN008001", "adm1_name": "Nzerekore", "adm1_name1": null, "adm1_name2": null, "adm1_name3": null, "adm1_pcode": "GN008", "adm0_name": "Guinée", "adm0_name1": null, "adm0_name2": null, "adm0_name3": null, "adm0_pcode": "GN", "valid_on": "2016-03-04", "valid_to": null, "version": "v01", "lang": "fr", "lang1": null, "lang2": null, "lang3": null }, "geometry": { "type": "Point", "coordinates": [ -8.705482349999897, 8.405001 ] } },
{ "type": "Feature", "properties": { "admin_level": 3, "name": "Bossou", "name1": null, "name2": null, "name3": null, "x_coord": -8.48762612, "y_coord": 7.645942, "adm4_name": null, "adm4_name1": null, "adm4_name2": null, "adm4_name3": null, "adm4_pcode": null, "adm3_name": "Bossou", "adm3_name1": null, "adm3_name2": null, "adm3_name3": null, "adm3_pcode": "GN00800301", "adm2_name": "Lola", "adm2_name1": null, "adm2_name2": null, "adm2_name3": null, "adm2_pcode": "GN008003", "adm1_name": "Nzerekore", "adm1_name1": null, "adm1_name2": null, "adm1_name3": null, "adm1_pcode": "GN008", "adm0_name": "Guinée", "adm0_name1": null, "adm0_name2": null, "adm0_name3": null, "adm0_pcode": "GN", "valid_on": "2016-03-04", "valid_to": null, "version": "v01", "lang": "fr", "lang1": null, "lang2": null, "lang3": null }, "geometry": { "type": "Point", "coordinates": [ -8.487626123999974, 7.645942 ] } },
{ "type": "Feature", "properties": { "admin_level": 3, "name": "Boula", "name1": null, "name2": null, "name3": null, "x_coord": -8.39814866, "y_coord": 9.80538, "adm4_name": null, "adm4_name1": null, "adm4_name2": null, "adm4_name3": null, "adm4_pcode": null, "adm3_name": "Boula", "adm3_name1": null, "adm3_name2": null, "adm3_name3": null, "adm3_pcode": "GN00400103", "adm2_name": "Kankan", "adm2_name1": null, "adm2_name2": null, "adm2_name3": null, "adm2_pcode": "GN004001", "adm1_name": "Kankan", "adm1_name1": null, "adm1_name2": null, "adm1_name3": null, "adm1_pcode": "GN004", "adm0_name": "Guinée", "adm0_name1": null, "adm0_name2": null, "adm0_name3": null, "adm0_pcode": "GN", "valid_on": "2016-03-04", "valid_to": null, "version": "v01", "lang": "fr", "lang1": null, "lang2": null, "lang3": null }, "geometry": { "type": "Point", "coordinates": [ -8.398148654999829, 9.80538 ] } },
{ "type": "Feature", "properties": { "admin_level": 3, "name": "Damakania", "name1": null, "name2": null, "name3": null, "x_coord": -12.95934069, "y_coord": 10.033235, "adm4_name": null, "adm4_name1": null, "adm4_name2": null, "adm4_name3": null, "adm4_pcode": null, "adm3_name": "Damakania", "adm3_name1": null, "adm3_name2": null, "adm3_name3": null, "adm3_pcode": "GN00500402", "adm2_name": "Kindia", "adm2_name1": null, "adm2_name2": null, "adm2_name3": null, "adm2_pcode": "GN005004", "adm1_name": "Kindia", "adm1_name1": null, "adm1_name2": null, "adm1_name3": null, "adm1_pcode": "GN005", "adm0_name": "Guinée", "adm0_name1": null, "adm0_name2": null, "adm0_name3": null, "adm0_pcode": "GN", "valid_on": "2016-03-04", "valid_to": null, "version": "v01", "lang": "fr", "lang1": null, "lang2": null, "lang3": null }, "geometry": { "type": "Point", "coordinates": [ -12.959340693999877, 10.033235 ] } },
{ "type": "Feature", "properties": { "admin_level": 3, "name": "Bouliwel", "name1": null, "name2": null, "name3": null, "x_coord": -12.20343164, "y_coord": 10.6116575, "adm4_name": null, "adm4_name1": null, "adm4_name2": null, "adm4_name3": null, "adm4_pcode": null, "adm3_name": "Bouliwel", "adm3_name1": null, "adm3_name2": null, "adm3_name3": null, "adm3_pcode": "GN00700201", "adm2_name": "Mamou", "adm2_name1": null, "adm2_name2": null, "adm2_name3": null, "adm2_pcode": "GN007002", "adm1_name": "Mamou", "adm1_name1": null, "adm1_name2": null, "adm1_name3": null, "adm1_pcode": "GN007", "adm0_name": "Guinée", "adm0_name1": null, "adm0_name2": null, "adm0_name3": null, "adm0_pcode": "GN", "valid_on": "2016-03-04", "valid_to": null, "version": "v01", "lang": "fr", "lang1": null, "lang2": null, "lang3": null }, "geometry": { "type": "Point", "coordinates": [ -12.203431638999973, 10.611657500000149 ] } },
{ "type": "Feature", "properties": { "admin_level": 3, "name": "Garambe", "name1": null, "name2": null, "name3": null, "x_coord": -12.34417518, "y_coord": 11.2857505, "adm4_name": null, "adm4_name1": null, "adm4_name2": null, "adm4_name3": null, "adm4_pcode": null, "adm3_name": "Garambe", "adm3_name1": null, "adm3_name2": null, "adm3_name3": null, "adm3_pcode": "GN00600205", "adm2_name": "Labe", "adm2_name1": null, "adm2_name2": null, "adm2_name3": null, "adm2_pcode": "GN006002", "adm1_name": "Labe", "adm1_name1": null, "adm1_name2": null, "adm1_name3": null, "adm1_pcode": "GN006", "adm0_name": "Guinée", "adm0_name1": null, "adm0_name2": null, "adm0_name3": null, "adm0_pcode": "GN", "valid_on": "2016-03-04", "valid_to": null, "version": "v01", "lang": "fr", "lang1": null, "lang2": null, "lang3": null }, "geometry": { "type": "Point", "coordinates": [ -12.344175178999876, 11.285750500000063 ] } },
{ "type": "Feature", "properties": { "admin_level": 3, "name": "Bounouma", "name1": null, "name2": null, "name3": null, "x_coord": -8.79347959, "y_coord": 7.56174428, "adm4_name": null, "adm4_name1": null, "adm4_name2": null, "adm4_name3": null, "adm4_pcode": null, "adm3_name": "Bounouma", "adm3_name1": null, "adm3_name2": null, "adm3_name3": null, "adm3_pcode": "GN00800501", "adm2_name": "Nzerekore", "adm2_name1": null, "adm2_name2": null, "adm2_name3": null, "adm2_pcode": "GN008005", "adm1_name": "Nzerekore", "adm1_name1": null, "adm1_name2": null, "adm1_name3": null, "adm1_pcode": "GN008", "adm0_name": "Guinée", "adm0_name1": null, "adm0_name2": null, "adm0_name3": null, "adm0_pcode": "GN", "valid_on": "2016-03-04", "valid_to": null, "version": "v01", "lang": "fr", "lang1": null, "lang2": null, "lang3": null }, "geometry": { "type": "Point", "coordinates": [ -8.793479592999915, 7.561744281000131 ] } },
{ "type": "Feature", "properties": { "admin_level": 3, "name": "Bowe", "name1": null, "name2": null, "name3": null, "x_coord": -9.18605535, "y_coord": 7.7769075, "adm4_name": null, "adm4_name1": null, "adm4_name2": null, "adm4_name3": null, "adm4_pcode": null, "adm3_name": "Bowe", "adm3_name1": null, "adm3_name2": null, "adm3_name3": null, "adm3_pcode": "GN00800604", "adm2_name": "Yomou", "adm2_name1": null, "adm2_name2": null, "adm2_name3": null, "adm2_pcode": "GN008006", "adm1_name": "Nzerekore", "adm1_name1": null, "adm1_name2": null, "adm1_name3": null, "adm1_pcode": "GN008", "adm0_name": "Guinée", "adm0_name1": null, "adm0_name2": null, "adm0_name3": null, "adm0_pcode": "GN", "valid_on": "2016-03-04", "valid_to": null, "version": "v01", "lang": "fr", "lang1": null, "lang2": null, "lang3": null }, "geometry": { "type": "Point", "coordinates": [ -9.186055344999943, 7.77690750000005 ] } },
{ "type": "Feature", "properties": { "admin_level": 3, "name": "Brouwal Tape", "name1": null, "name2": null, "name3": null, "x_coord": -12.40437807, "y_coord": 10.991575, "adm4_name": null, "adm4_name1": null, "adm4_name2": null, "adm4_name3": null, "adm4_pcode": null, "adm3_name": "Brouwal Tape", "adm3_name1": null, "adm3_name2": null, "adm3_name3": null, "adm3_pcode": "GN00700302", "adm2_name": "Pita", "adm2_name1": null, "adm2_name2": null, "adm2_name3": null, "adm2_pcode": "GN007003", "adm1_name": "Mamou", "adm1_name1": null, "adm1_name2": null, "adm1_name3": null, "adm1_pcode": "GN007", "adm0_name": "Guinée", "adm0_name1": null, "adm0_name2": null, "adm0_name3": null, "adm0_pcode": "GN", "valid_on": "2016-03-04", "valid_to": null, "version": "v01", "lang": "fr", "lang1": null, "lang2": null, "lang3": null }, "geometry": { "type": "Point", "coordinates": [ -12.404378072999918, 10.991575 ] } },
{ "type": "Feature", "properties": { "admin_level": 3, "name": "Damaro", "name1": null, "name2": null, "name3": null, "x_coord": -8.82013116, "y_coord": 9.0958585, "adm4_name": null, "adm4_name1": null, "adm4_name2": null, "adm4_name3": null, "adm4_pcode": null, "adm3_name": "Damaro", "adm3_name1": null, "adm3_name2": null, "adm3_name3": null, "adm3_pcode": "GN00400202", "adm2_name": "Kerouane", "adm2_name1": null, "adm2_name2": null, "adm2_name3": null, "adm2_pcode": "GN004002", "adm1_name": "Kankan", "adm1_name1": null, "adm1_name2": null, "adm1_name3": null, "adm1_pcode": "GN004", "adm0_name": "Guinée", "adm0_name1": null, "adm0_name2": null, "adm0_name3": null, "adm0_pcode": "GN", "valid_on": "2016-03-04", "valid_to": null, "version": "v01", "lang": "fr", "lang1": null, "lang2": null, "lang3": null }, "geometry": { "type": "Point", "coordinates": [ -8.820131154999899, 9.095858500000077 ] } },
{ "type": "Feature", "properties": { "admin_level": 3, "name": "Daralabe", "name1": null, "name2": null, "name3": null, "x_coord": -12.32614894, "y_coord": 11.232343, "adm4_name": null, "adm4_name1": null, "adm4_name2": null, "adm4_name3": null, "adm4_pcode": null, "adm3_name": "Daralabe", "adm3_name1": null, "adm3_name2": null, "adm3_name3": null, "adm3_pcode": "GN00600202", "adm2_name": "Labe", "adm2_name1": null, "adm2_name2": null, "adm2_name3": null, "adm2_pcode": "GN006002", "adm1_name": "Labe", "adm1_name1": null, "adm1_name2": null, "adm1_name3": null, "adm1_pcode": "GN006", "adm0_name": "Guinée", "adm0_name1": null, "adm0_name2": null, "adm0_name3": null, "adm0_pcode": "GN", "valid_on": "2016-03-04", "valid_to": null, "version": "v01", "lang": "fr", "lang1": null, "lang2": null, "lang3": null }, "geometry": { "type": "Point", "coordinates": [ -12.326148936999914, 11.232343000000185 ] } },
{ "type": "Feature", "properties": { "admin_level": 3, "name": "Dogomet", "name1": null, "name2": null, "name3": null, "x_coord": -11.39640616, "y_coord": 10.779574, "adm4_name": null, "adm4_name1": null, "adm4_name2": null, "adm4_name3": null, "adm4_pcode": null, "adm3_name": "Dogomet", "adm3_name1": null, "adm3_name2": null, "adm3_name3": null, "adm3_pcode": "GN00300105", "adm2_name": "Dabola", "adm2_name1": null, "adm2_name2": null, "adm2_name3": null, "adm2_pcode": "GN003001", "adm1_name": "Faranah", "adm1_name1": null, "adm1_name2": null, "adm1_name3": null, "adm1_pcode": "GN003", "adm0_name": "Guinée", "adm0_name1": null, "adm0_name2": null, "adm0_name3": null, "adm0_pcode": "GN", "valid_on": "2016-03-04", "valid_to": null, "version": "v01", "lang": "fr", "lang1": null, "lang2": null, "lang3": null }, "geometry": { "type": "Point", "coordinates": [ -11.396406162999938, 10.779574 ] } },
{ "type": "Feature", "properties": { "admin_level": 3, "name": "Cissela", "name1": null, "name2": null, "name3": null, "x_coord": -10.66250964, "y_coord": 10.949922, "adm4_name": null, "adm4_name1": null, "adm4_name2": null, "adm4_name3": null, "adm4_pcode": null, "adm3_name": "Cissela", "adm3_name1": null, "adm3_name2": null, "adm3_name3": null, "adm3_pcode": "GN00400305", "adm2_name": "Kouroussa", "adm2_name1": null, "adm2_name2": null, "adm2_name3": null, "adm2_pcode": "GN004003", "adm1_name": "Kankan", "adm1_name1": null, "adm1_name2": null, "adm1_name3": null, "adm1_pcode": "GN004", "adm0_name": "Guinée", "adm0_name1": null, "adm0_name2": null, "adm0_name3": null, "adm0_pcode": "GN", "valid_on": "2016-03-04", "valid_to": null, "version": "v01", "lang": "fr", "lang1": null, "lang2": null, "lang3": null }, "geometry": { "type": "Point", "coordinates": [ -10.662509641999918, 10.949922000000186 ] } },
{ "type": "Feature", "properties": { "admin_level": 3, "name": "Dabiss", "name1": null, "name2": null, "name3": null, "x_coord": -14.28149643, "y_coord": 11.341495, "adm4_name": null, "adm4_name1": null, "adm4_name2": null, "adm4_name3": null, "adm4_pcode": null, "adm3_name": "Dabiss", "adm3_name1": null, "adm3_name2": null, "adm3_name3": null, "adm3_pcode": "GN00100203", "adm2_name": "Boke", "adm2_name1": null, "adm2_name2": null, "adm2_name3": null, "adm2_pcode": "GN001002", "adm1_name": "Boke", "adm1_name1": null, "adm1_name2": null, "adm1_name3": null, "adm1_pcode": "GN001", "adm0_name": "Guinée", "adm0_name1": null, "adm0_name2": null, "adm0_name3": null, "adm0_pcode": "GN", "valid_on": "2016-03-04", "valid_to": null, "version": "v01", "lang": "fr", "lang1": null, "lang2": null, "lang3": null }, "geometry": { "type": "Point", "coordinates": [ -14.281496428999958, 11.341495 ] } },
{ "type": "Feature", "properties": { "admin_level": 3, "name": "Dabola Ctre", "name1": null, "name2": null, "name3": null, "x_coord": -11.08670881, "y_coord": 10.7902275, "adm4_name": null, "adm4_name1": null, "adm4_name2": null, "adm4_name3": null, "adm4_pcode": null, "adm3_name": "Dabola Ctre", "adm3_name1": null, "adm3_name2": null, "adm3_name3": null, "adm3_pcode": "GN00300104", "adm2_name": "Dabola", "adm2_name1": null, "adm2_name2": null, "adm2_name3": null, "adm2_pcode": "GN003001", "adm1_name": "Faranah", "adm1_name1": null, "adm1_name2": null, "adm1_name3": null, "adm1_pcode": "GN003", "adm0_name": "Guinée", "adm0_name1": null, "adm0_name2": null, "adm0_name3": null, "adm0_pcode": "GN", "valid_on": "2016-03-04", "valid_to": null, "version": "v01", "lang": "fr", "lang1": null, "lang2": null, "lang3": null }, "geometry": { "type": "Point", "coordinates": [ -11.086708812999916, 10.790227500000071 ] } },
{ "type": "Feature", "properties": { "admin_level": 3, "name": "Dalaba Ctre", "name1": null, "name2": null, "name3": null, "x_coord": -12.28269875, "y_coord": 10.7114575, "adm4_name": null, "adm4_name1": null, "adm4_name2": null, "adm4_name3": null, "adm4_pcode": null, "adm3_name": "Dalaba Ctre", "adm3_name1": null, "adm3_name2": null, "adm3_name3": null, "adm3_pcode": "GN00700102", "adm2_name": "Dalaba", "adm2_name1": null, "adm2_name2": null, "adm2_name3": null, "adm2_pcode": "GN007001", "adm1_name": "Mamou", "adm1_name1": null, "adm1_name2": null, "adm1_name3": null, "adm1_pcode": "GN007", "adm0_name": "Guinée", "adm0_name1": null, "adm0_name2": null, "adm0_name3": null, "adm0_pcode": "GN", "valid_on": "2016-03-04", "valid_to": null, "version": "v01", "lang": "fr", "lang1": null, "lang2": null, "lang3": null }, "geometry": { "type": "Point", "coordinates": [ -12.282698749999895, 10.711457500000051 ] } },
{ "type": "Feature", "properties": { "admin_level": 3, "name": "Dalein", "name1": null, "name2": null, "name3": null, "x_coord": -12.2881769, "y_coord": 11.555075, "adm4_name": null, "adm4_name1": null, "adm4_name2": null, "adm4_name3": null, "adm4_pcode": null, "adm3_name": "Dalein", "adm3_name1": null, "adm3_name2": null, "adm3_name3": null, "adm3_pcode": "GN00600201", "adm2_name": "Labe", "adm2_name1": null, "adm2_name2": null, "adm2_name3": null, "adm2_pcode": "GN006002", "adm1_name": "Labe", "adm1_name1": null, "adm1_name2": null, "adm1_name3": null, "adm1_pcode": "GN006", "adm0_name": "Guinée", "adm0_name1": null, "adm0_name2": null, "adm0_name3": null, "adm0_pcode": "GN", "valid_on": "2016-03-04", "valid_to": null, "version": "v01", "lang": "fr", "lang1": null, "lang2": null, "lang3": null }, "geometry": { "type": "Point", "coordinates": [ -12.288176896999914, 11.555075 ] } },
{ "type": "Feature", "properties": { "admin_level": 3, "name": "Daro", "name1": null, "name2": null, "name3": null, "x_coord": -9.56672579, "y_coord": 8.48440062, "adm4_name": null, "adm4_name1": null, "adm4_name2": null, "adm4_name3": null, "adm4_pcode": null, "adm3_name": "Daro", "adm3_name1": null, "adm3_name2": null, "adm3_name3": null, "adm3_pcode": "GN00800404", "adm2_name": "Macenta", "adm2_name1": null, "adm2_name2": null, "adm2_name3": null, "adm2_pcode": "GN008004", "adm1_name": "Nzerekore", "adm1_name1": null, "adm1_name2": null, "adm1_name3": null, "adm1_pcode": "GN008", "adm0_name": "Guinée", "adm0_name1": null, "adm0_name2": null, "adm0_name3": null, "adm0_pcode": "GN", "valid_on": "2016-03-04", "valid_to": null, "version": "v01", "lang": "fr", "lang1": null, "lang2": null, "lang3": null }, "geometry": { "type": "Point", "coordinates": [ -9.566725786999882, 8.48440062300017 ] } },
{ "type": "Feature", "properties": { "admin_level": 3, "name": "Dialakoro", "name1": null, "name2": null, "name3": null, "x_coord": -11.0612917, "y_coord": 11.0148185, "adm4_name": null, "adm4_name1": null, "adm4_name2": null, "adm4_name3": null, "adm4_pcode": null, "adm3_name": "Dialakoro", "adm3_name1": null, "adm3_name2": null, "adm3_name3": null, "adm3_pcode": "GN00300202", "adm2_name": "Dinguiraye", "adm2_name1": null, "adm2_name2": null, "adm2_name3": null, "adm2_pcode": "GN003002", "adm1_name": "Faranah", "adm1_name1": null, "adm1_name2": null, "adm1_name3": null, "adm1_pcode": "GN003", "adm0_name": "Guinée", "adm0_name1": null, "adm0_name2": null, "adm0_name3": null, "adm0_pcode": "GN", "valid_on": "2016-03-04", "valid_to": null, "version": "v01", "lang": "fr", "lang1": null, "lang2": null, "lang3": null }, "geometry": { "type": "Point", "coordinates": [ -11.061291702999938, 11.01481850000016 ] } },
{ "type": "Feature", "properties": { "admin_level": 3, "name": "Dialokoro", "name1": null, "name2": null, "name3": null, "x_coord": -8.79697734, "y_coord": 11.3840145, "adm4_name": null, "adm4_name1": null, "adm4_name2": null, "adm4_name3": null, "adm4_pcode": null, "adm3_name": "Dialokoro", "adm3_name1": null, "adm3_name2": null, "adm3_name3": null, "adm3_pcode": "GN00400402", "adm2_name": "Mandiana", "adm2_name1": null, "adm2_name2": null, "adm2_name3": null, "adm2_pcode": "GN004004", "adm1_name": "Kankan", "adm1_name1": null, "adm1_name2": null, "adm1_name3": null, "adm1_pcode": "GN004", "adm0_name": "Guinée", "adm0_name1": null, "adm0_name2": null, "adm0_name3": null, "adm0_pcode": "GN", "valid_on": "2016-03-04", "valid_to": null, "version": "v01", "lang": "fr", "lang1": null, "lang2": null, "lang3": null }, "geometry": { "type": "Point", "coordinates": [ -8.796977344999959, 11.384014500000092 ] } },
{ "type": "Feature", "properties": { "admin_level": 3, "name": "Diari", "name1": null, "name2": null, "name3": null, "x_coord": -12.52271568, "y_coord": 11.368872, "adm4_name": null, "adm4_name1": null, "adm4_name2": null, "adm4_name3": null, "adm4_pcode": null, "adm3_name": "Diari", "adm3_name1": null, "adm3_name2": null, "adm3_name3": null, "adm3_pcode": "GN00600203", "adm2_name": "Labe", "adm2_name1": null, "adm2_name2": null, "adm2_name3": null, "adm2_pcode": "GN006002", "adm1_name": "Labe", "adm1_name1": null, "adm1_name2": null, "adm1_name3": null, "adm1_pcode": "GN006", "adm0_name": "Guinée", "adm0_name1": null, "adm0_name2": null, "adm0_name3": null, "adm0_pcode": "GN", "valid_on": "2016-03-04", "valid_to": null, "version": "v01", "lang": "fr", "lang1": null, "lang2": null, "lang3": null }, "geometry": { "type": "Point", "coordinates": [ -12.522715681999955, 11.368872 ] } },
{ "type": "Feature", "properties": { "admin_level": 3, "name": "Diassodou", "name1": null, "name2": null, "name3": null, "x_coord": -8.35184268, "y_coord": 9.14974, "adm4_name": null, "adm4_name1": null, "adm4_name2": null, "adm4_name3": null, "adm4_pcode": null, "adm3_name": "Diassodou", "adm3_name1": null, "adm3_name2": null, "adm3_name3": null, "adm3_pcode": "GN00800104", "adm2_name": "Beyla", "adm2_name1": null, "adm2_name2": null, "adm2_name3": null, "adm2_pcode": "GN008001", "adm1_name": "Nzerekore", "adm1_name1": null, "adm1_name2": null, "adm1_name3": null, "adm1_pcode": "GN008", "adm0_name": "Guinée", "adm0_name1": null, "adm0_name2": null, "adm0_name3": null, "adm0_pcode": "GN", "valid_on": "2016-03-04", "valid_to": null, "version": "v01", "lang": "fr", "lang1": null, "lang2": null, "lang3": null }, "geometry": { "type": "Point", "coordinates": [ -8.35184268099988, 9.149740000000122 ] } },
{ "type": "Feature", "properties": { "admin_level": 3, "name": "Diatifere", "name1": null, "name2": null, "name3": null, "x_coord": -10.71354703, "y_coord": 11.793689, "adm4_name": null, "adm4_name1": null, "adm4_name2": null, "adm4_name3": null, "adm4_pcode": null, "adm3_name": "Diatifere", "adm3_name1": null, "adm3_name2": null, "adm3_name3": null, "adm3_pcode": "GN00300203", "adm2_name": "Dinguiraye", "adm2_name1": null, "adm2_name2": null, "adm2_name3": null, "adm2_pcode": "GN003002", "adm1_name": "Faranah", "adm1_name1": null, "adm1_name2": null, "adm1_name3": null, "adm1_pcode": "GN003", "adm0_name": "Guinée", "adm0_name1": null, "adm0_name2": null, "adm0_name3": null, "adm0_pcode": "GN", "valid_on": "2016-03-04", "valid_to": null, "version": "v01", "lang": "fr", "lang1": null, "lang2": null, "lang3": null }, "geometry": { "type": "Point", "coordinates": [ -10.713547026999947, 11.793689 ] } },
{ "type": "Feature", "properties": { "admin_level": 3, "name": "Diecke", "name1": null, "name2": null, "name3": null, "x_coord": -8.93494895, "y_coord": 7.3822205, "adm4_name": null, "adm4_name1": null, "adm4_name2": null, "adm4_name3": null, "adm4_pcode": null, "adm3_name": "Diecke", "adm3_name1": null, "adm3_name2": null, "adm3_name3": null, "adm3_pcode": "GN00800605", "adm2_name": "Yomou", "adm2_name1": null, "adm2_name2": null, "adm2_name3": null, "adm2_pcode": "GN008006", "adm1_name": "Nzerekore", "adm1_name1": null, "adm1_name2": null, "adm1_name3": null, "adm1_pcode": "GN008", "adm0_name": "Guinée", "adm0_name1": null, "adm0_name2": null, "adm0_name3": null, "adm0_pcode": "GN", "valid_on": "2016-03-04", "valid_to": null, "version": "v01", "lang": "fr", "lang1": null, "lang2": null, "lang3": null }, "geometry": { "type": "Point", "coordinates": [ -8.934948954999925, 7.382220500000074 ] } },
{ "type": "Feature", "properties": { "admin_level": 3, "name": "Dinguiraye Ctre", "name1": null, "name2": null, "name3": null, "x_coord": -10.60666152, "y_coord": 11.3616305, "adm4_name": null, "adm4_name1": null, "adm4_name2": null, "adm4_name3": null, "adm4_pcode": null, "adm3_name": "Dinguiraye Ctre", "adm3_name1": null, "adm3_name2": null, "adm3_name3": null, "adm3_pcode": "GN00300204", "adm2_name": "Dinguiraye", "adm2_name1": null, "adm2_name2": null, "adm2_name3": null, "adm2_pcode": "GN003002", "adm1_name": "Faranah", "adm1_name1": null, "adm1_name2": null, "adm1_name3": null, "adm1_pcode": "GN003", "adm0_name": "Guinée", "adm0_name1": null, "adm0_name2": null, "adm0_name3": null, "adm0_pcode": "GN", "valid_on": "2016-03-04", "valid_to": null, "version": "v01", "lang": "fr", "lang1": null, "lang2": null, "lang3": null }, "geometry": { "type": "Point", "coordinates": [ -10.606661519999875, 11.361630500000047 ] } },
{ "type": "Feature", "properties": { "admin_level": 3, "name": "Dionfo", "name1": null, "name2": null, "name3": null, "x_coord": -12.07332649, "y_coord": 11.3350515, "adm4_name": null, "adm4_name1": null, "adm4_name2": null, "adm4_name3": null, "adm4_pcode": null, "adm3_name": "Dionfo", "adm3_name1": null, "adm3_name2": null, "adm3_name3": null, "adm3_pcode": "GN00600204", "adm2_name": "Labe", "adm2_name1": null, "adm2_name2": null, "adm2_name3": null, "adm2_pcode": "GN006002", "adm1_name": "Labe", "adm1_name1": null, "adm1_name2": null, "adm1_name3": null, "adm1_pcode": "GN006", "adm0_name": "Guinée", "adm0_name1": null, "adm0_name2": null, "adm0_name3": null, "adm0_pcode": "GN", "valid_on": "2016-03-04", "valid_to": null, "version": "v01", "lang": "fr", "lang1": null, "lang2": null, "lang3": null }, "geometry": { "type": "Point", "coordinates": [ -12.07332648799985, 11.33505150000002 ] } },
{ "type": "Feature", "properties": { "admin_level": 3, "name": "Diontou", "name1": null, "name2": null, "name3": null, "x_coord": -12.51593626, "y_coord": 11.494926, "adm4_name": null, "adm4_name1": null, "adm4_name2": null, "adm4_name3": null, "adm4_pcode": null, "adm3_name": "Diontou", "adm3_name1": null, "adm3_name2": null, "adm3_name3": null, "adm3_pcode": "GN00600302", "adm2_name": "Lelouma", "adm2_name1": null, "adm2_name2": null, "adm2_name3": null, "adm2_pcode": "GN006003", "adm1_name": "Labe", "adm1_name1": null, "adm1_name2": null, "adm1_name3": null, "adm1_pcode": "GN006", "adm0_name": "Guinée", "adm0_name1": null, "adm0_name2": null, "adm0_name3": null, "adm0_pcode": "GN", "valid_on": "2016-03-04", "valid_to": null, "version": "v01", "lang": "fr", "lang1": null, "lang2": null, "lang3": null }, "geometry": { "type": "Point", "coordinates": [ -12.51593626399989, 11.494926000000135 ] } },
{ "type": "Feature", "properties": { "admin_level": 3, "name": "Ditinn", "name1": null, "name2": null, "name3": null, "x_coord": -12.13962798, "y_coord": 10.885251, "adm4_name": null, "adm4_name1": null, "adm4_name2": null, "adm4_name3": null, "adm4_pcode": null, "adm3_name": "Ditinn", "adm3_name1": null, "adm3_name2": null, "adm3_name3": null, "adm3_pcode": "GN00700103", "adm2_name": "Dalaba", "adm2_name1": null, "adm2_name2": null, "adm2_name3": null, "adm2_pcode": "GN007001", "adm1_name": "Mamou", "adm1_name1": null, "adm1_name2": null, "adm1_name3": null, "adm1_pcode": "GN007", "adm0_name": "Guinée", "adm0_name1": null, "adm0_name2": null, "adm0_name3": null, "adm0_pcode": "GN", "valid_on": "2016-03-04", "valid_to": null, "version": "v01", "lang": "fr", "lang1": null, "lang2": null, "lang3": null }, "geometry": { "type": "Point", "coordinates": [ -12.139627982999912, 10.885251 ] } },
{ "type": "Feature", "properties": { "admin_level": 3, "name": "Doko", "name1": null, "name2": null, "name3": null, "x_coord": -8.97616305, "y_coord": 11.7668755, "adm4_name": null, "adm4_name1": null, "adm4_name2": null, "adm4_name3": null, "adm4_pcode": null, "adm3_name": "Doko", "adm3_name1": null, "adm3_name2": null, "adm3_name3": null, "adm3_pcode": "GN00400502", "adm2_name": "Siguiri", "adm2_name1": null, "adm2_name2": null, "adm2_name3": null, "adm2_pcode": "GN004005", "adm1_name": "Kankan", "adm1_name1": null, "adm1_name2": null, "adm1_name3": null, "adm1_pcode": "GN004", "adm0_name": "Guinée", "adm0_name1": null, "adm0_name2": null, "adm0_name3": null, "adm0_pcode": "GN", "valid_on": "2016-03-04", "valid_to": null, "version": "v01", "lang": "fr", "lang1": null, "lang2": null, "lang3": null }, "geometry": { "type": "Point", "coordinates": [ -8.976163053999926, 11.766875500000026 ] } },
{ "type": "Feature", "properties": { "admin_level": 3, "name": "Donghol Sigon", "name1": null, "name2": null, "name3": null, "x_coord": -12.18000845, "y_coord": 11.7898675, "adm4_name": null, "adm4_name1": null, "adm4_name2": null, "adm4_name3": null, "adm4_pcode": null, "adm3_name": "Donghol Sigon", "adm3_name1": null, "adm3_name2": null, "adm3_name3": null, "adm3_pcode": "GN00600402", "adm2_name": "Mali", "adm2_name1": null, "adm2_name2": null, "adm2_name3": null, "adm2_pcode": "GN006004", "adm1_name": "Labe", "adm1_name1": null, "adm1_name2": null, "adm1_name3": null, "adm1_pcode": "GN006", "adm0_name": "Guinée", "adm0_name1": null, "adm0_name2": null, "adm0_name3": null, "adm0_pcode": "GN", "valid_on": "2016-03-04", "valid_to": null, "version": "v01", "lang": "fr", "lang1": null, "lang2": null, "lang3": null }, "geometry": { "type": "Point", "coordinates": [ -12.180008450999935, 11.789867500000071 ] } },
{ "type": "Feature", "properties": { "admin_level": 3, "name": "Donghol Touma", "name1": null, "name2": null, "name3": null, "x_coord": -12.68793386, "y_coord": 10.969907, "adm4_name": null, "adm4_name1": null, "adm4_name2": null, "adm4_name3": null, "adm4_pcode": null, "adm3_name": "Donghol Touma", "adm3_name1": null, "adm3_name2": null, "adm3_name3": null, "adm3_pcode": "GN00700303", "adm2_name": "Pita", "adm2_name1": null, "adm2_name2": null, "adm2_name3": null, "adm2_pcode": "GN007003", "adm1_name": "Mamou", "adm1_name1": null, "adm1_name2": null, "adm1_name3": null, "adm1_pcode": "GN007", "adm0_name": "Guinée", "adm0_name1": null, "adm0_name2": null, "adm0_name3": null, "adm0_pcode": "GN", "valid_on": "2016-03-04", "valid_to": null, "version": "v01", "lang": "fr", "lang1": null, "lang2": null, "lang3": null }, "geometry": { "type": "Point", "coordinates": [ -12.687933856999962, 10.969907000000148 ] } },
{ "type": "Feature", "properties": { "admin_level": 3, "name": "Douako", "name1": null, "name2": null, "name3": null, "x_coord": -10.07026962, "y_coord": 9.8044965, "adm4_name": null, "adm4_name1": null, "adm4_name2": null, "adm4_name3": null, "adm4_pcode": null, "adm3_name": "Douako", "adm3_name1": null, "adm3_name2": null, "adm3_name3": null, "adm3_pcode": "GN00400306", "adm2_name": "Kouroussa", "adm2_name1": null, "adm2_name2": null, "adm2_name3": null, "adm2_pcode": "GN004003", "adm1_name": "Kankan", "adm1_name1": null, "adm1_name2": null, "adm1_name3": null, "adm1_pcode": "GN004", "adm0_name": "Guinée", "adm0_name1": null, "adm0_name2": null, "adm0_name3": null, "adm0_pcode": "GN", "valid_on": "2016-03-04", "valid_to": null, "version": "v01", "lang": "fr", "lang1": null, "lang2": null, "lang3": null }, "geometry": { "type": "Point", "coordinates": [ -10.07026961999992, 9.804496500000141 ] } },
{ "type": "Feature", "properties": { "admin_level": 3, "name": "Dougountouny", "name1": null, "name2": null, "name3": null, "x_coord": -12.5448741, "y_coord": 11.84957, "adm4_name": null, "adm4_name1": null, "adm4_name2": null, "adm4_name3": null, "adm4_pcode": null, "adm3_name": "Dougountouny", "adm3_name1": null, "adm3_name2": null, "adm3_name3": null, "adm3_pcode": "GN00600403", "adm2_name": "Mali", "adm2_name1": null, "adm2_name2": null, "adm2_name3": null, "adm2_pcode": "GN006004", "adm1_name": "Labe", "adm1_name1": null, "adm1_name2": null, "adm1_name3": null, "adm1_pcode": "GN006", "adm0_name": "Guinée", "adm0_name1": null, "adm0_name2": null, "adm0_name3": null, "adm0_pcode": "GN", "valid_on": "2016-03-04", "valid_to": null, "version": "v01", "lang": "fr", "lang1": null, "lang2": null, "lang3": null }, "geometry": { "type": "Point", "coordinates": [ -12.544874094999955, 11.84957 ] } },
{ "type": "Feature", "properties": { "admin_level": 3, "name": "Dounet", "name1": null, "name2": null, "name3": null, "x_coord": -11.94895821, "y_coord": 10.5138125, "adm4_name": null, "adm4_name1": null, "adm4_name2": null, "adm4_name3": null, "adm4_pcode": null, "adm3_name": "Dounet", "adm3_name1": null, "adm3_name2": null, "adm3_name3": null, "adm3_pcode": "GN00700202", "adm2_name": "Mamou", "adm2_name1": null, "adm2_name2": null, "adm2_name3": null, "adm2_pcode": "GN007002", "adm1_name": "Mamou", "adm1_name1": null, "adm1_name2": null, "adm1_name3": null, "adm1_pcode": "GN007", "adm0_name": "Guinée", "adm0_name1": null, "adm0_name2": null, "adm0_name3": null, "adm0_pcode": "GN", "valid_on": "2016-03-04", "valid_to": null, "version": "v01", "lang": "fr", "lang1": null, "lang2": null, "lang3": null }, "geometry": { "type": "Point", "coordinates": [ -11.948958211999923, 10.513812500000142 ] } },
{ "type": "Feature", "properties": { "admin_level": 3, "name": "Douprou", "name1": null, "name2": null, "name3": null, "x_coord": -14.36616538, "y_coord": 10.23642021, "adm4_name": null, "adm4_name1": null, "adm4_name2": null, "adm4_name3": null, "adm4_pcode": null, "adm3_name": "Douprou", "adm3_name1": null, "adm3_name2": null, "adm3_name3": null, "adm3_pcode": "GN00100102", "adm2_name": "Boffa", "adm2_name1": null, "adm2_name2": null, "adm2_name3": null, "adm2_pcode": "GN001001", "adm1_name": "Boke", "adm1_name1": null, "adm1_name2": null, "adm1_name3": null, "adm1_pcode": "GN001", "adm0_name": "Guinée", "adm0_name1": null, "adm0_name2": null, "adm0_name3": null, "adm0_pcode": "GN", "valid_on": "2016-03-04", "valid_to": null, "version": "v01", "lang": "fr", "lang1": null, "lang2": null, "lang3": null }, "geometry": { "type": "Point", "coordinates": [ -14.366165383999885, 10.236420208000027 ] } },
{ "type": "Feature", "properties": { "admin_level": 3, "name": "Doura", "name1": null, "name2": null, "name3": null, "x_coord": -9.67264733, "y_coord": 10.87277, "adm4_name": null, "adm4_name1": null, "adm4_name2": null, "adm4_name3": null, "adm4_pcode": null, "adm3_name": "Doura", "adm3_name1": null, "adm3_name2": null, "adm3_name3": null, "adm3_pcode": "GN00400307", "adm2_name": "Kouroussa", "adm2_name1": null, "adm2_name2": null, "adm2_name3": null, "adm2_pcode": "GN004003", "adm1_name": "Kankan", "adm1_name1": null, "adm1_name2": null, "adm1_name3": null, "adm1_pcode": "GN004", "adm0_name": "Guinée", "adm0_name1": null, "adm0_name2": null, "adm0_name3": null, "adm0_pcode": "GN", "valid_on": "2016-03-04", "valid_to": null, "version": "v01", "lang": "fr", "lang1": null, "lang2": null, "lang3": null }, "geometry": { "type": "Point", "coordinates": [ -9.67264733199994, 10.872770000000116 ] } },
{ "type": "Feature", "properties": { "admin_level": 3, "name": "Dubreka Ctre", "name1": null, "name2": null, "name3": null, "x_coord": -13.47489647, "y_coord": 9.81365, "adm4_name": null, "adm4_name1": null, "adm4_name2": null, "adm4_name3": null, "adm4_pcode": null, "adm3_name": "Dubreka Ctre", "adm3_name1": null, "adm3_name2": null, "adm3_name3": null, "adm3_pcode": "GN00500202", "adm2_name": "Dubreka", "adm2_name1": null, "adm2_name2": null, "adm2_name3": null, "adm2_pcode": "GN005002", "adm1_name": "Kindia", "adm1_name1": null, "adm1_name2": null, "adm1_name3": null, "adm1_pcode": "GN005", "adm0_name": "Guinée", "adm0_name1": null, "adm0_name2": null, "adm0_name3": null, "adm0_pcode": "GN", "valid_on": "2016-03-04", "valid_to": null, "version": "v01", "lang": "fr", "lang1": null, "lang2": null, "lang3": null }, "geometry": { "type": "Point", "coordinates": [ -13.474896466999837, 9.81365 ] } },
{ "type": "Feature", "properties": { "admin_level": 3, "name": "Fafaya", "name1": null, "name2": null, "name3": null, "x_coord": -11.73105701, "y_coord": 11.7870385, "adm4_name": null, "adm4_name1": null, "adm4_name2": null, "adm4_name3": null, "adm4_pcode": null, "adm3_name": "Fafaya", "adm3_name1": null, "adm3_name2": null, "adm3_name3": null, "adm3_pcode": "GN00600101", "adm2_name": "Koubia", "adm2_name1": null, "adm2_name2": null, "adm2_name3": null, "adm2_pcode": "GN006001", "adm1_name": "Labe", "adm1_name1": null, "adm1_name2": null, "adm1_name3": null, "adm1_pcode": "GN006", "adm0_name": "Guinée", "adm0_name1": null, "adm0_name2": null, "adm0_name3": null, "adm0_pcode": "GN", "valid_on": "2016-03-04", "valid_to": null, "version": "v01", "lang": "fr", "lang1": null, "lang2": null, "lang3": null }, "geometry": { "type": "Point", "coordinates": [ -11.731057005999901, 11.787038500000165 ] } },
{ "type": "Feature", "properties": { "admin_level": 3, "name": "Falessade", "name1": null, "name2": null, "name3": null, "x_coord": -13.29039016, "y_coord": 10.1012, "adm4_name": null, "adm4_name1": null, "adm4_name2": null, "adm4_name3": null, "adm4_pcode": null, "adm3_name": "Falessade", "adm3_name1": null, "adm3_name2": null, "adm3_name3": null, "adm3_pcode": "GN00500203", "adm2_name": "Dubreka", "adm2_name1": null, "adm2_name2": null, "adm2_name3": null, "adm2_pcode": "GN005002", "adm1_name": "Kindia", "adm1_name1": null, "adm1_name2": null, "adm1_name3": null, "adm1_pcode": "GN005", "adm0_name": "Guinée", "adm0_name1": null, "adm0_name2": null, "adm0_name3": null, "adm0_pcode": "GN", "valid_on": "2016-03-04", "valid_to": null, "version": "v01", "lang": "fr", "lang1": null, "lang2": null, "lang3": null }, "geometry": { "type": "Point", "coordinates": [ -13.29039015799998, 10.1012 ] } },
{ "type": "Feature", "properties": { "admin_level": 3, "name": "Gberedou Baranama", "name1": null, "name2": null, "name3": null, "x_coord": -9.54128689, "y_coord": 10.439394, "adm4_name": null, "adm4_name1": null, "adm4_name2": null, "adm4_name3": null, "adm4_pcode": null, "adm3_name": "Gberedou Baranama", "adm3_name1": null, "adm3_name2": null, "adm3_name3": null, "adm3_pcode": "GN00400104", "adm2_name": "Kankan", "adm2_name1": null, "adm2_name2": null, "adm2_name3": null, "adm2_pcode": "GN004001", "adm1_name": "Kankan", "adm1_name1": null, "adm1_name2": null, "adm1_name3": null, "adm1_pcode": "GN004", "adm0_name": "Guinée", "adm0_name1": null, "adm0_name2": null, "adm0_name3": null, "adm0_pcode": "GN", "valid_on": "2016-03-04", "valid_to": null, "version": "v01", "lang": "fr", "lang1": null, "lang2": null, "lang3": null }, "geometry": { "type": "Point", "coordinates": [ -9.54128689099997, 10.439394000000107 ] } },
{ "type": "Feature", "properties": { "admin_level": 3, "name": "Fangamadou", "name1": null, "name2": null, "name3": null, "x_coord": -10.58844576, "y_coord": 8.44308791, "adm4_name": null, "adm4_name1": null, "adm4_name2": null, "adm4_name3": null, "adm4_pcode": null, "adm3_name": "Fangamadou", "adm3_name1": null, "adm3_name2": null, "adm3_name3": null, "adm3_pcode": "GN00800202", "adm2_name": "Gueckedou", "adm2_name1": null, "adm2_name2": null, "adm2_name3": null, "adm2_pcode": "GN008002", "adm1_name": "Nzerekore", "adm1_name1": null, "adm1_name2": null, "adm1_name3": null, "adm1_pcode": "GN008", "adm0_name": "Guinée", "adm0_name1": null, "adm0_name2": null, "adm0_name3": null, "adm0_pcode": "GN", "valid_on": "2016-03-04", "valid_to": null, "version": "v01", "lang": "fr", "lang1": null, "lang2": null, "lang3": null }, "geometry": { "type": "Point", "coordinates": [ -10.588445762999925, 8.443087908999985 ] } },
{ "type": "Feature", "properties": { "admin_level": 3, "name": "Faralako", "name1": null, "name2": null, "name3": null, "x_coord": -8.50830367, "y_coord": 10.663028, "adm4_name": null, "adm4_name1": null, "adm4_name2": null, "adm4_name3": null, "adm4_pcode": null, "adm3_name": "Faralako", "adm3_name1": null, "adm3_name2": null, "adm3_name3": null, "adm3_pcode": "GN00400403", "adm2_name": "Mandiana", "adm2_name1": null, "adm2_name2": null, "adm2_name3": null, "adm2_pcode": "GN004004", "adm1_name": "Kankan", "adm1_name1": null, "adm1_name2": null, "adm1_name3": null, "adm1_pcode": "GN004", "adm0_name": "Guinée", "adm0_name1": null, "adm0_name2": null, "adm0_name3": null, "adm0_pcode": "GN", "valid_on": "2016-03-04", "valid_to": null, "version": "v01", "lang": "fr", "lang1": null, "lang2": null, "lang3": null }, "geometry": { "type": "Point", "coordinates": [ -8.508303669999975, 10.663028000000111 ] } },
{ "type": "Feature", "properties": { "admin_level": 3, "name": "Faranah Ctre", "name1": null, "name2": null, "name3": null, "x_coord": -10.72676297, "y_coord": 10.056966, "adm4_name": null, "adm4_name1": null, "adm4_name2": null, "adm4_name3": null, "adm4_pcode": null, "adm3_name": "Faranah Ctre", "adm3_name1": null, "adm3_name2": null, "adm3_name3": null, "adm3_pcode": "GN00300303", "adm2_name": "Faranah", "adm2_name1": null, "adm2_name2": null, "adm2_name3": null, "adm2_pcode": "GN003003", "adm1_name": "Faranah", "adm1_name1": null, "adm1_name2": null, "adm1_name3": null, "adm1_pcode": "GN003", "adm0_name": "Guinée", "adm0_name1": null, "adm0_name2": null, "adm0_name3": null, "adm0_pcode": "GN", "valid_on": "2016-03-04", "valid_to": null, "version": "v01", "lang": "fr", "lang1": null, "lang2": null, "lang3": null }, "geometry": { "type": "Point", "coordinates": [ -10.726762973999939, 10.056966000000159 ] } },
{ "type": "Feature", "properties": { "admin_level": 3, "name": "Farmoriah", "name1": null, "name2": null, "name3": null, "x_coord": -13.09412826, "y_coord": 9.26118804, "adm4_name": null, "adm4_name1": null, "adm4_name2": null, "adm4_name3": null, "adm4_pcode": null, "adm3_name": "Farmoriah", "adm3_name1": null, "adm3_name2": null, "adm3_name3": null, "adm3_pcode": "GN00500303", "adm2_name": "Forecariah", "adm2_name1": null, "adm2_name2": null, "adm2_name3": null, "adm2_pcode": "GN005003", "adm1_name": "Kindia", "adm1_name1": null, "adm1_name2": null, "adm1_name3": null, "adm1_pcode": "GN005", "adm0_name": "Guinée", "adm0_name1": null, "adm0_name2": null, "adm0_name3": null, "adm0_pcode": "GN", "valid_on": "2016-03-04", "valid_to": null, "version": "v01", "lang": "fr", "lang1": null, "lang2": null, "lang3": null }, "geometry": { "type": "Point", "coordinates": [ -13.094128257999955, 9.261188044000164 ] } },
{ "type": "Feature", "properties": { "admin_level": 3, "name": "Fassankoni", "name1": null, "name2": null, "name3": null, "x_coord": -9.31316519, "y_coord": 8.061556, "adm4_name": null, "adm4_name1": null, "adm4_name2": null, "adm4_name3": null, "adm4_pcode": null, "adm3_name": "Fassankoni", "adm3_name1": null, "adm3_name2": null, "adm3_name3": null, "adm3_pcode": "GN00800405", "adm2_name": "Macenta", "adm2_name1": null, "adm2_name2": null, "adm2_name3": null, "adm2_pcode": "GN008004", "adm1_name": "Nzerekore", "adm1_name1": null, "adm1_name2": null, "adm1_name3": null, "adm1_pcode": "GN008", "adm0_name": "Guinée", "adm0_name1": null, "adm0_name2": null, "adm0_name3": null, "adm0_pcode": "GN", "valid_on": "2016-03-04", "valid_to": null, "version": "v01", "lang": "fr", "lang1": null, "lang2": null, "lang3": null }, "geometry": { "type": "Point", "coordinates": [ -9.313165187999971, 8.061556000000166 ] } },
{ "type": "Feature", "properties": { "admin_level": 3, "name": "Fatako", "name1": null, "name2": null, "name3": null, "x_coord": -11.88374242, "y_coord": 11.220833, "adm4_name": null, "adm4_name1": null, "adm4_name2": null, "adm4_name3": null, "adm4_pcode": null, "adm3_name": "Fatako", "adm3_name1": null, "adm3_name2": null, "adm3_name3": null, "adm3_pcode": "GN00600501", "adm2_name": "Tougue", "adm2_name1": null, "adm2_name2": null, "adm2_name3": null, "adm2_pcode": "GN006005", "adm1_name": "Labe", "adm1_name1": null, "adm1_name2": null, "adm1_name3": null, "adm1_pcode": "GN006", "adm0_name": "Guinée", "adm0_name1": null, "adm0_name2": null, "adm0_name3": null, "adm0_pcode": "GN", "valid_on": "2016-03-04", "valid_to": null, "version": "v01", "lang": "fr", "lang1": null, "lang2": null, "lang3": null }, "geometry": { "type": "Point", "coordinates": [ -11.883742416999894, 11.220833000000141 ] } },
{ "type": "Feature", "properties": { "admin_level": 3, "name": "Gayah", "name1": null, "name2": null, "name3": null, "x_coord": -12.41275038, "y_coord": 11.968262, "adm4_name": null, "adm4_name1": null, "adm4_name2": null, "adm4_name3": null, "adm4_pcode": null, "adm3_name": "Gayah", "adm3_name1": null, "adm3_name2": null, "adm3_name3": null, "adm3_pcode": "GN00600405", "adm2_name": "Mali", "adm2_name1": null, "adm2_name2": null, "adm2_name3": null, "adm2_pcode": "GN006004", "adm1_name": "Labe", "adm1_name1": null, "adm1_name2": null, "adm1_name3": null, "adm1_pcode": "GN006", "adm0_name": "Guinée", "adm0_name1": null, "adm0_name2": null, "adm0_name3": null, "adm0_pcode": "GN", "valid_on": "2016-03-04", "valid_to": null, "version": "v01", "lang": "fr", "lang1": null, "lang2": null, "lang3": null }, "geometry": { "type": "Point", "coordinates": [ -12.412750377999885, 11.968262 ] } },
{ "type": "Feature", "properties": { "admin_level": 3, "name": "Fello Koundoua", "name1": null, "name2": null, "name3": null, "x_coord": -11.26136059, "y_coord": 11.8792255, "adm4_name": null, "adm4_name1": null, "adm4_name2": null, "adm4_name3": null, "adm4_pcode": null, "adm3_name": "Fello Koundoua", "adm3_name1": null, "adm3_name2": null, "adm3_name3": null, "adm3_pcode": "GN00600502", "adm2_name": "Tougue", "adm2_name1": null, "adm2_name2": null, "adm2_name3": null, "adm2_pcode": "GN006005", "adm1_name": "Labe", "adm1_name1": null, "adm1_name2": null, "adm1_name3": null, "adm1_pcode": "GN006", "adm0_name": "Guinée", "adm0_name1": null, "adm0_name2": null, "adm0_name3": null, "adm0_pcode": "GN", "valid_on": "2016-03-04", "valid_to": null, "version": "v01", "lang": "fr", "lang1": null, "lang2": null, "lang3": null }, "geometry": { "type": "Point", "coordinates": [ -11.261360588999935, 11.879225500000075 ] } },
{ "type": "Feature", "properties": { "admin_level": 3, "name": "Fermessadou", "name1": null, "name2": null, "name3": null, "x_coord": -10.18941565, "y_coord": 9.140679, "adm4_name": null, "adm4_name1": null, "adm4_name2": null, "adm4_name3": null, "adm4_pcode": null, "adm3_name": "Fermessadou", "adm3_name1": null, "adm3_name2": null, "adm3_name3": null, "adm3_pcode": "GN00300405", "adm2_name": "Kissidougou", "adm2_name1": null, "adm2_name2": null, "adm2_name3": null, "adm2_pcode": "GN003004", "adm1_name": "Faranah", "adm1_name1": null, "adm1_name2": null, "adm1_name3": null, "adm1_pcode": "GN003", "adm0_name": "Guinée", "adm0_name1": null, "adm0_name2": null, "adm0_name3": null, "adm0_pcode": "GN", "valid_on": "2016-03-04", "valid_to": null, "version": "v01", "lang": "fr", "lang1": null, "lang2": null, "lang3": null }, "geometry": { "type": "Point", "coordinates": [ -10.189415650999933, 9.140679 ] } },
{ "type": "Feature", "properties": { "admin_level": 3, "name": "Firawa", "name1": null, "name2": null, "name3": null, "x_coord": -9.83670723, "y_coord": 9.240351, "adm4_name": null, "adm4_name1": null, "adm4_name2": null, "adm4_name3": null, "adm4_pcode": null, "adm3_name": "Firawa", "adm3_name1": null, "adm3_name2": null, "adm3_name3": null, "adm3_pcode": "GN00300406", "adm2_name": "Kissidougou", "adm2_name1": null, "adm2_name2": null, "adm2_name3": null, "adm2_pcode": "GN003004", "adm1_name": "Faranah", "adm1_name1": null, "adm1_name2": null, "adm1_name3": null, "adm1_pcode": "GN003", "adm0_name": "Guinée", "adm0_name1": null, "adm0_name2": null, "adm0_name3": null, "adm0_pcode": "GN", "valid_on": "2016-03-04", "valid_to": null, "version": "v01", "lang": "fr", "lang1": null, "lang2": null, "lang3": null }, "geometry": { "type": "Point", "coordinates": [ -9.83670722599993, 9.240351 ] } },
{ "type": "Feature", "properties": { "admin_level": 3, "name": "Forecariah Ctre", "name1": null, "name2": null, "name3": null, "x_coord": -13.09106245, "y_coord": 9.4254325, "adm4_name": null, "adm4_name1": null, "adm4_name2": null, "adm4_name3": null, "adm4_pcode": null, "adm3_name": "Forecariah Ctre", "adm3_name1": null, "adm3_name2": null, "adm3_name3": null, "adm3_pcode": "GN00500304", "adm2_name": "Forecariah", "adm2_name1": null, "adm2_name2": null, "adm2_name3": null, "adm2_pcode": "GN005003", "adm1_name": "Kindia", "adm1_name1": null, "adm1_name2": null, "adm1_name3": null, "adm1_pcode": "GN005", "adm0_name": "Guinée", "adm0_name1": null, "adm0_name2": null, "adm0_name3": null, "adm0_pcode": "GN", "valid_on": "2016-03-04", "valid_to": null, "version": "v01", "lang": "fr", "lang1": null, "lang2": null, "lang3": null }, "geometry": { "type": "Point", "coordinates": [ -13.091062450999971, 9.425432500000113 ] } },
{ "type": "Feature", "properties": { "admin_level": 3, "name": "Fouala", "name1": null, "name2": null, "name3": null, "x_coord": -8.33536708, "y_coord": 8.974077, "adm4_name": null, "adm4_name1": null, "adm4_name2": null, "adm4_name3": null, "adm4_pcode": null, "adm3_name": "Fouala", "adm3_name1": null, "adm3_name2": null, "adm3_name3": null, "adm3_pcode": "GN00800105", "adm2_name": "Beyla", "adm2_name1": null, "adm2_name2": null, "adm2_name3": null, "adm2_pcode": "GN008001", "adm1_name": "Nzerekore", "adm1_name1": null, "adm1_name2": null, "adm1_name3": null, "adm1_pcode": "GN008", "adm0_name": "Guinée", "adm0_name1": null, "adm0_name2": null, "adm0_name3": null, "adm0_pcode": "GN", "valid_on": "2016-03-04", "valid_to": null, "version": "v01", "lang": "fr", "lang1": null, "lang2": null, "lang3": null }, "geometry": { "type": "Point", "coordinates": [ -8.335367077999933, 8.974077 ] } },
{ "type": "Feature", "properties": { "admin_level": 3, "name": "Fougou", "name1": null, "name2": null, "name3": null, "x_coord": -12.33595818, "y_coord": 11.8964955, "adm4_name": null, "adm4_name1": null, "adm4_name2": null, "adm4_name3": null, "adm4_pcode": null, "adm3_name": "Fougou", "adm3_name1": null, "adm3_name2": null, "adm3_name3": null, "adm3_pcode": "GN00600404", "adm2_name": "Mali", "adm2_name1": null, "adm2_name2": null, "adm2_name3": null, "adm2_pcode": "GN006004", "adm1_name": "Labe", "adm1_name1": null, "adm1_name2": null, "adm1_name3": null, "adm1_pcode": "GN006", "adm0_name": "Guinée", "adm0_name1": null, "adm0_name2": null, "adm0_name3": null, "adm0_pcode": "GN", "valid_on": "2016-03-04", "valid_to": null, "version": "v01", "lang": "fr", "lang1": null, "lang2": null, "lang3": null }, "geometry": { "type": "Point", "coordinates": [ -12.335958178999931, 11.896495500000071 ] } },
{ "type": "Feature", "properties": { "admin_level": 3, "name": "Gbakedou", "name1": null, "name2": null, "name3": null, "x_coord": -8.34671231, "y_coord": 8.731124, "adm4_name": null, "adm4_name1": null, "adm4_name2": null, "adm4_name3": null, "adm4_pcode": null, "adm3_name": "Gbakedou", "adm3_name1": null, "adm3_name2": null, "adm3_name3": null, "adm3_pcode": "GN00800106", "adm2_name": "Beyla", "adm2_name1": null, "adm2_name2": null, "adm2_name3": null, "adm2_pcode": "GN008001", "adm1_name": "Nzerekore", "adm1_name1": null, "adm1_name2": null, "adm1_name3": null, "adm1_pcode": "GN008", "adm0_name": "Guinée", "adm0_name1": null, "adm0_name2": null, "adm0_name3": null, "adm0_pcode": "GN", "valid_on": "2016-03-04", "valid_to": null, "version": "v01", "lang": "fr", "lang1": null, "lang2": null, "lang3": null }, "geometry": { "type": "Point", "coordinates": [ -8.346712311999852, 8.731124 ] } },
{ "type": "Feature", "properties": { "admin_level": 3, "name": "Gbangbadou", "name1": null, "name2": null, "name3": null, "x_coord": -9.99337074, "y_coord": 9.303067, "adm4_name": null, "adm4_name1": null, "adm4_name2": null, "adm4_name3": null, "adm4_pcode": null, "adm3_name": "Gbangbadou", "adm3_name1": null, "adm3_name2": null, "adm3_name3": null, "adm3_pcode": "GN00300407", "adm2_name": "Kissidougou", "adm2_name1": null, "adm2_name2": null, "adm2_name3": null, "adm2_pcode": "GN003004", "adm1_name": "Faranah", "adm1_name1": null, "adm1_name2": null, "adm1_name3": null, "adm1_pcode": "GN003", "adm0_name": "Guinée", "adm0_name1": null, "adm0_name2": null, "adm0_name3": null, "adm0_pcode": "GN", "valid_on": "2016-03-04", "valid_to": null, "version": "v01", "lang": "fr", "lang1": null, "lang2": null, "lang3": null }, "geometry": { "type": "Point", "coordinates": [ -9.993370736999907, 9.303067000000112 ] } },
{ "type": "Feature", "properties": { "admin_level": 3, "name": "Foulamory", "name1": null, "name2": null, "name3": null, "x_coord": -13.64810512, "y_coord": 12.14682809, "adm4_name": null, "adm4_name1": null, "adm4_name2": null, "adm4_name3": null, "adm4_pcode": null, "adm3_name": "Foulamory", "adm3_name1": null, "adm3_name2": null, "adm3_name3": null, "adm3_pcode": "GN00100301", "adm2_name": "Gaoual", "adm2_name1": null, "adm2_name2": null, "adm2_name3": null, "adm2_pcode": "GN001003", "adm1_name": "Boke", "adm1_name1": null, "adm1_name2": null, "adm1_name3": null, "adm1_pcode": "GN001", "adm0_name": "Guinée", "adm0_name1": null, "adm0_name2": null, "adm0_name3": null, "adm0_pcode": "GN", "valid_on": "2016-03-04", "valid_to": null, "version": "v01", "lang": "fr", "lang1": null, "lang2": null, "lang3": null }, "geometry": { "type": "Point", "coordinates": [ -13.648105120999958, 12.14682808900011 ] } },
{ "type": "Feature", "properties": { "admin_level": 3, "name": "Foumbadou", "name1": null, "name2": null, "name3": null, "x_coord": -8.35533012, "y_coord": 8.29128319, "adm4_name": null, "adm4_name1": null, "adm4_name2": null, "adm4_name3": null, "adm4_pcode": null, "adm3_name": "Foumbadou", "adm3_name1": null, "adm3_name2": null, "adm3_name3": null, "adm3_pcode": "GN00800302", "adm2_name": "Lola", "adm2_name1": null, "adm2_name2": null, "adm2_name3": null, "adm2_pcode": "GN008003", "adm1_name": "Nzerekore", "adm1_name1": null, "adm1_name2": null, "adm1_name3": null, "adm1_pcode": "GN008", "adm0_name": "Guinée", "adm0_name1": null, "adm0_name2": null, "adm0_name3": null, "adm0_pcode": "GN", "valid_on": "2016-03-04", "valid_to": null, "version": "v01", "lang": "fr", "lang1": null, "lang2": null, "lang3": null }, "geometry": { "type": "Point", "coordinates": [ -8.355330116999937, 8.291283187999966 ] } },
{ "type": "Feature", "properties": { "admin_level": 3, "name": "Franwalia", "name1": null, "name2": null, "name3": null, "x_coord": -9.44271145, "y_coord": 11.7954795, "adm4_name": null, "adm4_name1": null, "adm4_name2": null, "adm4_name3": null, "adm4_pcode": null, "adm3_name": "Franwalia", "adm3_name1": null, "adm3_name2": null, "adm3_name3": null, "adm3_pcode": "GN00400503", "adm2_name": "Siguiri", "adm2_name1": null, "adm2_name2": null, "adm2_name3": null, "adm2_pcode": "GN004005", "adm1_name": "Kankan", "adm1_name1": null, "adm1_name2": null, "adm1_name3": null, "adm1_pcode": "GN004", "adm0_name": "Guinée", "adm0_name1": null, "adm0_name2": null, "adm0_name3": null, "adm0_pcode": "GN", "valid_on": "2016-03-04", "valid_to": null, "version": "v01", "lang": "fr", "lang1": null, "lang2": null, "lang3": null }, "geometry": { "type": "Point", "coordinates": [ -9.442711453999948, 11.795479500000113 ] } },
{ "type": "Feature", "properties": { "admin_level": 3, "name": "Fria Ctre", "name1": null, "name2": null, "name3": null, "x_coord": -13.58385788, "y_coord": 10.40743, "adm4_name": null, "adm4_name1": null, "adm4_name2": null, "adm4_name3": null, "adm4_pcode": null, "adm3_name": "Fria Ctre", "adm3_name1": null, "adm3_name2": null, "adm3_name3": null, "adm3_pcode": "GN00100503", "adm2_name": "Fria", "adm2_name1": null, "adm2_name2": null, "adm2_name3": null, "adm2_pcode": "GN001005", "adm1_name": "Boke", "adm1_name1": null, "adm1_name2": null, "adm1_name3": null, "adm1_pcode": "GN001", "adm0_name": "Guinée", "adm0_name1": null, "adm0_name2": null, "adm0_name3": null, "adm0_pcode": "GN", "valid_on": "2016-03-04", "valid_to": null, "version": "v01", "lang": "fr", "lang1": null, "lang2": null, "lang3": null }, "geometry": { "type": "Point", "coordinates": [ -13.583857879999982, 10.40743 ] } },
{ "type": "Feature", "properties": { "admin_level": 3, "name": "Friguiagbe", "name1": null, "name2": null, "name3": null, "x_coord": -12.96060984, "y_coord": 9.83633, "adm4_name": null, "adm4_name1": null, "adm4_name2": null, "adm4_name3": null, "adm4_pcode": null, "adm3_name": "Friguiagbe", "adm3_name1": null, "adm3_name2": null, "adm3_name3": null, "adm3_pcode": "GN00500403", "adm2_name": "Kindia", "adm2_name1": null, "adm2_name2": null, "adm2_name3": null, "adm2_pcode": "GN005004", "adm1_name": "Kindia", "adm1_name1": null, "adm1_name2": null, "adm1_name3": null, "adm1_pcode": "GN005", "adm0_name": "Guinée", "adm0_name1": null, "adm0_name2": null, "adm0_name3": null, "adm0_pcode": "GN", "valid_on": "2016-03-04", "valid_to": null, "version": "v01", "lang": "fr", "lang1": null, "lang2": null, "lang3": null }, "geometry": { "type": "Point", "coordinates": [ -12.96060984199994, 9.83633 ] } },
{ "type": "Feature", "properties": { "admin_level": 3, "name": "Gadha Woundou", "name1": null, "name2": null, "name3": null, "x_coord": -11.51908405, "y_coord": 11.9979095, "adm4_name": null, "adm4_name1": null, "adm4_name2": null, "adm4_name3": null, "adm4_pcode": null, "adm3_name": "Gadha Woundou", "adm3_name1": null, "adm3_name2": null, "adm3_name3": null, "adm3_pcode": "GN00600102", "adm2_name": "Koubia", "adm2_name1": null, "adm2_name2": null, "adm2_name3": null, "adm2_pcode": "GN006001", "adm1_name": "Labe", "adm1_name1": null, "adm1_name2": null, "adm1_name3": null, "adm1_pcode": "GN006", "adm0_name": "Guinée", "adm0_name1": null, "adm0_name2": null, "adm0_name3": null, "adm0_pcode": "GN", "valid_on": "2016-03-04", "valid_to": null, "version": "v01", "lang": "fr", "lang1": null, "lang2": null, "lang3": null }, "geometry": { "type": "Point", "coordinates": [ -11.519084048999957, 11.997909500000162 ] } },
{ "type": "Feature", "properties": { "admin_level": 3, "name": "Gagnakaly", "name1": null, "name2": null, "name3": null, "x_coord": -10.97980233, "y_coord": 11.7963575, "adm4_name": null, "adm4_name1": null, "adm4_name2": null, "adm4_name3": null, "adm4_pcode": null, "adm3_name": "Gagnakaly", "adm3_name1": null, "adm3_name2": null, "adm3_name3": null, "adm3_pcode": "GN00300205", "adm2_name": "Dinguiraye", "adm2_name1": null, "adm2_name2": null, "adm2_name3": null, "adm2_pcode": "GN003002", "adm1_name": "Faranah", "adm1_name1": null, "adm1_name2": null, "adm1_name3": null, "adm1_pcode": "GN003", "adm0_name": "Guinée", "adm0_name1": null, "adm0_name2": null, "adm0_name3": null, "adm0_pcode": "GN", "valid_on": "2016-03-04", "valid_to": null, "version": "v01", "lang": "fr", "lang1": null, "lang2": null, "lang3": null }, "geometry": { "type": "Point", "coordinates": [ -10.979802329999814, 11.796357500000113 ] } },
{ "type": "Feature", "properties": { "admin_level": 3, "name": "Gama Berema", "name1": null, "name2": null, "name3": null, "x_coord": -8.2639945, "y_coord": 7.8938155, "adm4_name": null, "adm4_name1": null, "adm4_name2": null, "adm4_name3": null, "adm4_pcode": null, "adm3_name": "Gama Berema", "adm3_name1": null, "adm3_name2": null, "adm3_name3": null, "adm3_pcode": "GN00800303", "adm2_name": "Lola", "adm2_name1": null, "adm2_name2": null, "adm2_name3": null, "adm2_pcode": "GN008003", "adm1_name": "Nzerekore", "adm1_name1": null, "adm1_name2": null, "adm1_name3": null, "adm1_pcode": "GN008", "adm0_name": "Guinée", "adm0_name1": null, "adm0_name2": null, "adm0_name3": null, "adm0_pcode": "GN", "valid_on": "2016-03-04", "valid_to": null, "version": "v01", "lang": "fr", "lang1": null, "lang2": null, "lang3": null }, "geometry": { "type": "Point", "coordinates": [ -8.263994499999967, 7.89381550000013 ] } },
{ "type": "Feature", "properties": { "admin_level": 3, "name": "Gaoual Ctre", "name1": null, "name2": null, "name3": null, "x_coord": -13.21661481, "y_coord": 11.7525945, "adm4_name": null, "adm4_name1": null, "adm4_name2": null, "adm4_name3": null, "adm4_pcode": null, "adm3_name": "Gaoual Ctre", "adm3_name1": null, "adm3_name2": null, "adm3_name3": null, "adm3_pcode": "GN00100302", "adm2_name": "Gaoual", "adm2_name1": null, "adm2_name2": null, "adm2_name3": null, "adm2_pcode": "GN001003", "adm1_name": "Boke", "adm1_name1": null, "adm1_name2": null, "adm1_name3": null, "adm1_pcode": "GN001", "adm0_name": "Guinée", "adm0_name1": null, "adm0_name2": null, "adm0_name3": null, "adm0_pcode": "GN", "valid_on": "2016-03-04", "valid_to": null, "version": "v01", "lang": "fr", "lang1": null, "lang2": null, "lang3": null }, "geometry": { "type": "Point", "coordinates": [ -13.216614808999964, 11.752594500000043 ] } },
{ "type": "Feature", "properties": { "admin_level": 3, "name": "Gbessoba", "name1": null, "name2": null, "name3": null, "x_coord": -7.98350794, "y_coord": 8.685547, "adm4_name": null, "adm4_name1": null, "adm4_name2": null, "adm4_name3": null, "adm4_pcode": null, "adm3_name": "Gbessoba", "adm3_name1": null, "adm3_name2": null, "adm3_name3": null, "adm3_pcode": "GN00800107", "adm2_name": "Beyla", "adm2_name1": null, "adm2_name2": null, "adm2_name3": null, "adm2_pcode": "GN008001", "adm1_name": "Nzerekore", "adm1_name1": null, "adm1_name2": null, "adm1_name3": null, "adm1_pcode": "GN008", "adm0_name": "Guinée", "adm0_name1": null, "adm0_name2": null, "adm0_name3": null, "adm0_pcode": "GN", "valid_on": "2016-03-04", "valid_to": null, "version": "v01", "lang": "fr", "lang1": null, "lang2": null, "lang3": null }, "geometry": { "type": "Point", "coordinates": [ -7.98350794299995, 8.685547000000156 ] } },
{ "type": "Feature", "properties": { "admin_level": 3, "name": "Gnaleah", "name1": null, "name2": null, "name3": null, "x_coord": -10.51024065, "y_coord": 9.9521975, "adm4_name": null, "adm4_name1": null, "adm4_name2": null, "adm4_name3": null, "adm4_pcode": null, "adm3_name": "Gnaleah", "adm3_name1": null, "adm3_name2": null, "adm3_name3": null, "adm3_pcode": "GN00300304", "adm2_name": "Faranah", "adm2_name1": null, "adm2_name2": null, "adm2_name3": null, "adm2_pcode": "GN003003", "adm1_name": "Faranah", "adm1_name1": null, "adm1_name2": null, "adm1_name3": null, "adm1_pcode": "GN003", "adm0_name": "Guinée", "adm0_name1": null, "adm0_name2": null, "adm0_name3": null, "adm0_pcode": "GN", "valid_on": "2016-03-04", "valid_to": null, "version": "v01", "lang": "fr", "lang1": null, "lang2": null, "lang3": null }, "geometry": { "type": "Point", "coordinates": [ -10.510240644999953, 9.952197500000182 ] } },
{ "type": "Feature", "properties": { "admin_level": 3, "name": "Gongoret", "name1": null, "name2": null, "name3": null, "x_coord": -12.5054374, "y_coord": 10.730291, "adm4_name": null, "adm4_name1": null, "adm4_name2": null, "adm4_name3": null, "adm4_pcode": null, "adm3_name": "Gongoret", "adm3_name1": null, "adm3_name2": null, "adm3_name3": null, "adm3_pcode": "GN00700304", "adm2_name": "Pita", "adm2_name1": null, "adm2_name2": null, "adm2_name3": null, "adm2_pcode": "GN007003", "adm1_name": "Mamou", "adm1_name1": null, "adm1_name2": null, "adm1_name3": null, "adm1_pcode": "GN007", "adm0_name": "Guinée", "adm0_name1": null, "adm0_name2": null, "adm0_name3": null, "adm0_pcode": "GN", "valid_on": "2016-03-04", "valid_to": null, "version": "v01", "lang": "fr", "lang1": null, "lang2": null, "lang3": null }, "geometry": { "type": "Point", "coordinates": [ -12.505437396999866, 10.730291000000136 ] } },
{ "type": "Feature", "properties": { "admin_level": 3, "name": "Gongoret", "name1": null, "name2": null, "name3": null, "x_coord": -11.95238492, "y_coord": 10.7706395, "adm4_name": null, "adm4_name1": null, "adm4_name2": null, "adm4_name3": null, "adm4_pcode": null, "adm3_name": "Gongoret", "adm3_name1": null, "adm3_name2": null, "adm3_name3": null, "adm3_pcode": "GN00700203", "adm2_name": "Mamou", "adm2_name1": null, "adm2_name2": null, "adm2_name3": null, "adm2_pcode": "GN007002", "adm1_name": "Mamou", "adm1_name1": null, "adm1_name2": null, "adm1_name3": null, "adm1_pcode": "GN007", "adm0_name": "Guinée", "adm0_name1": null, "adm0_name2": null, "adm0_name3": null, "adm0_pcode": "GN", "valid_on": "2016-03-04", "valid_to": null, "version": "v01", "lang": "fr", "lang1": null, "lang2": null, "lang3": null }, "geometry": { "type": "Point", "coordinates": [ -11.952384915999914, 10.770639500000073 ] } },
{ "type": "Feature", "properties": { "admin_level": 3, "name": "Gouecke", "name1": null, "name2": null, "name3": null, "x_coord": -8.77749861, "y_coord": 7.98741, "adm4_name": null, "adm4_name1": null, "adm4_name2": null, "adm4_name3": null, "adm4_pcode": null, "adm3_name": "Gouecke", "adm3_name1": null, "adm3_name2": null, "adm3_name3": null, "adm3_pcode": "GN00800502", "adm2_name": "Nzerekore", "adm2_name1": null, "adm2_name2": null, "adm2_name3": null, "adm2_pcode": "GN008005", "adm1_name": "Nzerekore", "adm1_name1": null, "adm1_name2": null, "adm1_name3": null, "adm1_pcode": "GN008", "adm0_name": "Guinée", "adm0_name1": null, "adm0_name2": null, "adm0_name3": null, "adm0_pcode": "GN", "valid_on": "2016-03-04", "valid_to": null, "version": "v01", "lang": "fr", "lang1": null, "lang2": null, "lang3": null }, "geometry": { "type": "Point", "coordinates": [ -8.777498610999942, 7.987410000000125 ] } },
{ "type": "Feature", "properties": { "admin_level": 3, "name": "Heremakono", "name1": null, "name2": null, "name3": null, "x_coord": -10.94166358, "y_coord": 9.925286, "adm4_name": null, "adm4_name1": null, "adm4_name2": null, "adm4_name3": null, "adm4_pcode": null, "adm3_name": "Heremakono", "adm3_name1": null, "adm3_name2": null, "adm3_name3": null, "adm3_pcode": "GN00300305", "adm2_name": "Faranah", "adm2_name1": null, "adm2_name2": null, "adm2_name3": null, "adm2_pcode": "GN003003", "adm1_name": "Faranah", "adm1_name1": null, "adm1_name2": null, "adm1_name3": null, "adm1_pcode": "GN003", "adm0_name": "Guinée", "adm0_name1": null, "adm0_name2": null, "adm0_name3": null, "adm0_pcode": "GN", "valid_on": "2016-03-04", "valid_to": null, "version": "v01", "lang": "fr", "lang1": null, "lang2": null, "lang3": null }, "geometry": { "type": "Point", "coordinates": [ -10.941663583999969, 9.925286001000075 ] } },
{ "type": "Feature", "properties": { "admin_level": 3, "name": "Gueasso", "name1": null, "name2": null, "name3": null, "x_coord": -8.17949518, "y_coord": 8.09621555, "adm4_name": null, "adm4_name1": null, "adm4_name2": null, "adm4_name3": null, "adm4_pcode": null, "adm3_name": "Gueasso", "adm3_name1": null, "adm3_name2": null, "adm3_name3": null, "adm3_pcode": "GN00800304", "adm2_name": "Lola", "adm2_name1": null, "adm2_name2": null, "adm2_name3": null, "adm2_pcode": "GN008003", "adm1_name": "Nzerekore", "adm1_name1": null, "adm1_name2": null, "adm1_name3": null, "adm1_pcode": "GN008", "adm0_name": "Guinée", "adm0_name1": null, "adm0_name2": null, "adm0_name3": null, "adm0_pcode": "GN", "valid_on": "2016-03-04", "valid_to": null, "version": "v01", "lang": "fr", "lang1": null, "lang2": null, "lang3": null }, "geometry": { "type": "Point", "coordinates": [ -8.179495174999943, 8.096215549000078 ] } },
{ "type": "Feature", "properties": { "admin_level": 3, "name": "Gueckedou Ctre", "name1": null, "name2": null, "name3": null, "x_coord": -10.11238424, "y_coord": 8.5817435, "adm4_name": null, "adm4_name1": null, "adm4_name2": null, "adm4_name3": null, "adm4_pcode": null, "adm3_name": "Gueckedou Ctre", "adm3_name1": null, "adm3_name2": null, "adm3_name3": null, "adm3_pcode": "GN00800203", "adm2_name": "Gueckedou", "adm2_name1": null, "adm2_name2": null, "adm2_name3": null, "adm2_pcode": "GN008002", "adm1_name": "Nzerekore", "adm1_name1": null, "adm1_name2": null, "adm1_name3": null, "adm1_pcode": "GN008", "adm0_name": "Guinée", "adm0_name1": null, "adm0_name2": null, "adm0_name3": null, "adm0_pcode": "GN", "valid_on": "2016-03-04", "valid_to": null, "version": "v01", "lang": "fr", "lang1": null, "lang2": null, "lang3": null }, "geometry": { "type": "Point", "coordinates": [ -10.112384241999905, 8.581743500000073 ] } },
{ "type": "Feature", "properties": { "admin_level": 3, "name": "Guendembou", "name1": null, "name2": null, "name3": null, "x_coord": -10.02917155, "y_coord": 8.7942335, "adm4_name": null, "adm4_name1": null, "adm4_name2": null, "adm4_name3": null, "adm4_pcode": null, "adm3_name": "Guendembou", "adm3_name1": null, "adm3_name2": null, "adm3_name3": null, "adm3_pcode": "GN00800204", "adm2_name": "Gueckedou", "adm2_name1": null, "adm2_name2": null, "adm2_name3": null, "adm2_pcode": "GN008002", "adm1_name": "Nzerekore", "adm1_name1": null, "adm1_name2": null, "adm1_name3": null, "adm1_pcode": "GN008", "adm0_name": "Guinée", "adm0_name1": null, "adm0_name2": null, "adm0_name3": null, "adm0_pcode": "GN", "valid_on": "2016-03-04", "valid_to": null, "version": "v01", "lang": "fr", "lang1": null, "lang2": null, "lang3": null }, "geometry": { "type": "Point", "coordinates": [ -10.02917154599993, 8.794233500000075 ] } },
{ "type": "Feature", "properties": { "admin_level": 3, "name": "Guinguan", "name1": null, "name2": null, "name3": null, "x_coord": -12.97771271, "y_coord": 12.2695555, "adm4_name": null, "adm4_name1": null, "adm4_name2": null, "adm4_name3": null, "adm4_pcode": null, "adm3_name": "Guinguan", "adm3_name1": null, "adm3_name2": null, "adm3_name3": null, "adm3_pcode": "GN00100401", "adm2_name": "Koundara", "adm2_name1": null, "adm2_name2": null, "adm2_name3": null, "adm2_pcode": "GN001004", "adm1_name": "Boke", "adm1_name1": null, "adm1_name2": null, "adm1_name3": null, "adm1_pcode": "GN001", "adm0_name": "Guinée", "adm0_name1": null, "adm0_name2": null, "adm0_name3": null, "adm0_pcode": "GN", "valid_on": "2016-03-04", "valid_to": null, "version": "v01", "lang": "fr", "lang1": null, "lang2": null, "lang3": null }, "geometry": { "type": "Point", "coordinates": [ -12.97771271299996, 12.269555499999967 ] } },
{ "type": "Feature", "properties": { "admin_level": 3, "name": "Hafia", "name1": null, "name2": null, "name3": null, "x_coord": -12.43267122, "y_coord": 11.217137, "adm4_name": null, "adm4_name1": null, "adm4_name2": null, "adm4_name3": null, "adm4_pcode": null, "adm3_name": "Hafia", "adm3_name1": null, "adm3_name2": null, "adm3_name3": null, "adm3_pcode": "GN00600206", "adm2_name": "Labe", "adm2_name1": null, "adm2_name2": null, "adm2_name3": null, "adm2_pcode": "GN006002", "adm1_name": "Labe", "adm1_name1": null, "adm1_name2": null, "adm1_name3": null, "adm1_pcode": "GN006", "adm0_name": "Guinée", "adm0_name1": null, "adm0_name2": null, "adm0_name3": null, "adm0_pcode": "GN", "valid_on": "2016-03-04", "valid_to": null, "version": "v01", "lang": "fr", "lang1": null, "lang2": null, "lang3": null }, "geometry": { "type": "Point", "coordinates": [ -12.432671223999932, 11.217137 ] } },
{ "type": "Feature", "properties": { "admin_level": 3, "name": "Herico", "name1": null, "name2": null, "name3": null, "x_coord": -12.87423074, "y_coord": 11.193228, "adm4_name": null, "adm4_name1": null, "adm4_name2": null, "adm4_name3": null, "adm4_pcode": null, "adm3_name": "Herico", "adm3_name1": null, "adm3_name2": null, "adm3_name3": null, "adm3_pcode": "GN00600303", "adm2_name": "Lelouma", "adm2_name1": null, "adm2_name2": null, "adm2_name3": null, "adm2_pcode": "GN006003", "adm1_name": "Labe", "adm1_name1": null, "adm1_name2": null, "adm1_name3": null, "adm1_pcode": "GN006", "adm0_name": "Guinée", "adm0_name1": null, "adm0_name2": null, "adm0_name3": null, "adm0_pcode": "GN", "valid_on": "2016-03-04", "valid_to": null, "version": "v01", "lang": "fr", "lang1": null, "lang2": null, "lang3": null }, "geometry": { "type": "Point", "coordinates": [ -12.87423073899987, 11.193228000000147 ] } },
{ "type": "Feature", "properties": { "admin_level": 3, "name": "Hidayatou", "name1": null, "name2": null, "name3": null, "x_coord": -12.12605829, "y_coord": 11.9980875, "adm4_name": null, "adm4_name1": null, "adm4_name2": null, "adm4_name3": null, "adm4_pcode": null, "adm3_name": "Hidayatou", "adm3_name1": null, "adm3_name2": null, "adm3_name3": null, "adm3_pcode": "GN00600406", "adm2_name": "Mali", "adm2_name1": null, "adm2_name2": null, "adm2_name3": null, "adm2_pcode": "GN006004", "adm1_name": "Labe", "adm1_name1": null, "adm1_name2": null, "adm1_name3": null, "adm1_pcode": "GN006", "adm0_name": "Guinée", "adm0_name1": null, "adm0_name2": null, "adm0_name3": null, "adm0_pcode": "GN", "valid_on": "2016-03-04", "valid_to": null, "version": "v01", "lang": "fr", "lang1": null, "lang2": null, "lang3": null }, "geometry": { "type": "Point", "coordinates": [ -12.126058287999967, 11.998087500000111 ] } },
{ "type": "Feature", "properties": { "admin_level": 3, "name": "Kaala", "name1": null, "name2": null, "name3": null, "x_coord": -12.16862702, "y_coord": 10.8181175, "adm4_name": null, "adm4_name1": null, "adm4_name2": null, "adm4_name3": null, "adm4_pcode": null, "adm3_name": "Kaala", "adm3_name1": null, "adm3_name2": null, "adm3_name3": null, "adm3_pcode": "GN00700104", "adm2_name": "Dalaba", "adm2_name1": null, "adm2_name2": null, "adm2_name3": null, "adm2_pcode": "GN007001", "adm1_name": "Mamou", "adm1_name1": null, "adm1_name2": null, "adm1_name3": null, "adm1_pcode": "GN007", "adm0_name": "Guinée", "adm0_name1": null, "adm0_name2": null, "adm0_name3": null, "adm0_pcode": "GN", "valid_on": "2016-03-04", "valid_to": null, "version": "v01", "lang": "fr", "lang1": null, "lang2": null, "lang3": null }, "geometry": { "type": "Point", "coordinates": [ -12.168627019999974, 10.818117500000028 ] } },
{ "type": "Feature", "properties": { "admin_level": 3, "name": "Kaalan", "name1": null, "name2": null, "name3": null, "x_coord": -12.1671839, "y_coord": 11.323476, "adm4_name": null, "adm4_name1": null, "adm4_name2": null, "adm4_name3": null, "adm4_pcode": null, "adm3_name": "Kaalan", "adm3_name1": null, "adm3_name2": null, "adm3_name3": null, "adm3_pcode": "GN00600207", "adm2_name": "Labe", "adm2_name1": null, "adm2_name2": null, "adm2_name3": null, "adm2_pcode": "GN006002", "adm1_name": "Labe", "adm1_name1": null, "adm1_name2": null, "adm1_name3": null, "adm1_pcode": "GN006", "adm0_name": "Guinée", "adm0_name1": null, "adm0_name2": null, "adm0_name3": null, "adm0_pcode": "GN", "valid_on": "2016-03-04", "valid_to": null, "version": "v01", "lang": "fr", "lang1": null, "lang2": null, "lang3": null }, "geometry": { "type": "Point", "coordinates": [ -12.167183903999955, 11.323476 ] } },
{ "type": "Feature", "properties": { "admin_level": 3, "name": "Kaback", "name1": null, "name2": null, "name3": null, "x_coord": -13.36812243, "y_coord": 9.34288825, "adm4_name": null, "adm4_name1": null, "adm4_name2": null, "adm4_name3": null, "adm4_pcode": null, "adm3_name": "Kaback", "adm3_name1": null, "adm3_name2": null, "adm3_name3": null, "adm3_pcode": "GN00500305", "adm2_name": "Forecariah", "adm2_name1": null, "adm2_name2": null, "adm2_name3": null, "adm2_pcode": "GN005003", "adm1_name": "Kindia", "adm1_name1": null, "adm1_name2": null, "adm1_name3": null, "adm1_pcode": "GN005", "adm0_name": "Guinée", "adm0_name1": null, "adm0_name2": null, "adm0_name3": null, "adm0_pcode": "GN", "valid_on": "2016-03-04", "valid_to": null, "version": "v01", "lang": "fr", "lang1": null, "lang2": null, "lang3": null }, "geometry": { "type": "Point", "coordinates": [ -13.36812243299994, 9.342888253000012 ] } },
{ "type": "Feature", "properties": { "admin_level": 3, "name": "Kakony", "name1": null, "name2": null, "name3": null, "x_coord": -13.11686392, "y_coord": 11.3794505, "adm4_name": null, "adm4_name1": null, "adm4_name2": null, "adm4_name3": null, "adm4_pcode": null, "adm3_name": "Kakony", "adm3_name1": null, "adm3_name2": null, "adm3_name3": null, "adm3_pcode": "GN00100303", "adm2_name": "Gaoual", "adm2_name1": null, "adm2_name2": null, "adm2_name3": null, "adm2_pcode": "GN001003", "adm1_name": "Boke", "adm1_name1": null, "adm1_name2": null, "adm1_name3": null, "adm1_pcode": "GN001", "adm0_name": "Guinée", "adm0_name1": null, "adm0_name2": null, "adm0_name3": null, "adm0_pcode": "GN", "valid_on": "2016-03-04", "valid_to": null, "version": "v01", "lang": "fr", "lang1": null, "lang2": null, "lang3": null }, "geometry": { "type": "Point", "coordinates": [ -13.116863915999943, 11.379450500000132 ] } },
{ "type": "Feature", "properties": { "admin_level": 3, "name": "Kankama", "name1": null, "name2": null, "name3": null, "x_coord": -11.05811204, "y_coord": 10.9252785, "adm4_name": null, "adm4_name1": null, "adm4_name2": null, "adm4_name3": null, "adm4_pcode": null, "adm3_name": "Kankama", "adm3_name1": null, "adm3_name2": null, "adm3_name3": null, "adm3_pcode": "GN00300106", "adm2_name": "Dabola", "adm2_name1": null, "adm2_name2": null, "adm2_name3": null, "adm2_pcode": "GN003001", "adm1_name": "Faranah", "adm1_name1": null, "adm1_name2": null, "adm1_name3": null, "adm1_pcode": "GN003", "adm0_name": "Guinée", "adm0_name1": null, "adm0_name2": null, "adm0_name3": null, "adm0_pcode": "GN", "valid_on": "2016-03-04", "valid_to": null, "version": "v01", "lang": "fr", "lang1": null, "lang2": null, "lang3": null }, "geometry": { "type": "Point", "coordinates": [ -11.058112038999923, 10.925278500000047 ] } },
{ "type": "Feature", "properties": { "admin_level": 3, "name": "Kankan Ctre", "name1": null, "name2": null, "name3": null, "x_coord": -9.2682217, "y_coord": 10.3714135, "adm4_name": null, "adm4_name1": null, "adm4_name2": null, "adm4_name3": null, "adm4_pcode": null, "adm3_name": "Kankan Ctre", "adm3_name1": null, "adm3_name2": null, "adm3_name3": null, "adm3_pcode": "GN00400105", "adm2_name": "Kankan", "adm2_name1": null, "adm2_name2": null, "adm2_name3": null, "adm2_pcode": "GN004001", "adm1_name": "Kankan", "adm1_name1": null, "adm1_name2": null, "adm1_name3": null, "adm1_pcode": "GN004", "adm0_name": "Guinée", "adm0_name1": null, "adm0_name2": null, "adm0_name3": null, "adm0_pcode": "GN", "valid_on": "2016-03-04", "valid_to": null, "version": "v01", "lang": "fr", "lang1": null, "lang2": null, "lang3": null }, "geometry": { "type": "Point", "coordinates": [ -9.268221703999927, 10.371413500000074 ] } },
{ "type": "Feature", "properties": { "admin_level": 3, "name": "Kaliah", "name1": null, "name2": null, "name3": null, "x_coord": -13.19260049, "y_coord": 9.31295477, "adm4_name": null, "adm4_name1": null, "adm4_name2": null, "adm4_name3": null, "adm4_pcode": null, "adm3_name": "Kaliah", "adm3_name1": null, "adm3_name2": null, "adm3_name3": null, "adm3_pcode": "GN00500307", "adm2_name": "Forecariah", "adm2_name1": null, "adm2_name2": null, "adm2_name3": null, "adm2_pcode": "GN005003", "adm1_name": "Kindia", "adm1_name1": null, "adm1_name2": null, "adm1_name3": null, "adm1_pcode": "GN005", "adm0_name": "Guinée", "adm0_name1": null, "adm0_name2": null, "adm0_name3": null, "adm0_pcode": "GN", "valid_on": "2016-03-04", "valid_to": null, "version": "v01", "lang": "fr", "lang1": null, "lang2": null, "lang3": null }, "geometry": { "type": "Point", "coordinates": [ -13.192600484999957, 9.312954773000115 ] } },
{ "type": "Feature", "properties": { "admin_level": 3, "name": "Kalinko", "name1": null, "name2": null, "name3": null, "x_coord": -11.18506281, "y_coord": 11.2514775, "adm4_name": null, "adm4_name1": null, "adm4_name2": null, "adm4_name3": null, "adm4_pcode": null, "adm3_name": "Kalinko", "adm3_name1": null, "adm3_name2": null, "adm3_name3": null, "adm3_pcode": "GN00300206", "adm2_name": "Dinguiraye", "adm2_name1": null, "adm2_name2": null, "adm2_name3": null, "adm2_pcode": "GN003002", "adm1_name": "Faranah", "adm1_name1": null, "adm1_name2": null, "adm1_name3": null, "adm1_pcode": "GN003", "adm0_name": "Guinée", "adm0_name1": null, "adm0_name2": null, "adm0_name3": null, "adm0_pcode": "GN", "valid_on": "2016-03-04", "valid_to": null, "version": "v01", "lang": "fr", "lang1": null, "lang2": null, "lang3": null }, "geometry": { "type": "Point", "coordinates": [ -11.185062807999941, 11.251477500000078 ] } },
{ "type": "Feature", "properties": { "admin_level": 3, "name": "Kamabi", "name1": null, "name2": null, "name3": null, "x_coord": -13.27283793, "y_coord": 12.262521, "adm4_name": null, "adm4_name1": null, "adm4_name2": null, "adm4_name3": null, "adm4_pcode": null, "adm3_name": "Kamabi", "adm3_name1": null, "adm3_name2": null, "adm3_name3": null, "adm3_pcode": "GN00100402", "adm2_name": "Koundara", "adm2_name1": null, "adm2_name2": null, "adm2_name3": null, "adm2_pcode": "GN001004", "adm1_name": "Boke", "adm1_name1": null, "adm1_name2": null, "adm1_name3": null, "adm1_pcode": "GN001", "adm0_name": "Guinée", "adm0_name1": null, "adm0_name2": null, "adm0_name3": null, "adm0_pcode": "GN", "valid_on": "2016-03-04", "valid_to": null, "version": "v01", "lang": "fr", "lang1": null, "lang2": null, "lang3": null }, "geometry": { "type": "Point", "coordinates": [ -13.272837925999966, 12.262521 ] } },
{ "type": "Feature", "properties": { "admin_level": 3, "name": "Kamsar", "name1": null, "name2": null, "name3": null, "x_coord": -14.54466747, "y_coord": 10.63394248, "adm4_name": null, "adm4_name1": null, "adm4_name2": null, "adm4_name3": null, "adm4_pcode": null, "adm3_name": "Kamsar", "adm3_name1": null, "adm3_name2": null, "adm3_name3": null, "adm3_pcode": "GN00100204", "adm2_name": "Boke", "adm2_name1": null, "adm2_name2": null, "adm2_name3": null, "adm2_pcode": "GN001002", "adm1_name": "Boke", "adm1_name1": null, "adm1_name2": null, "adm1_name3": null, "adm1_pcode": "GN001", "adm0_name": "Guinée", "adm0_name1": null, "adm0_name2": null, "adm0_name3": null, "adm0_pcode": "GN", "valid_on": "2016-03-04", "valid_to": null, "version": "v01", "lang": "fr", "lang1": null, "lang2": null, "lang3": null }, "geometry": { "type": "Point", "coordinates": [ -14.544667464999975, 10.633942484000158 ] } },
{ "type": "Feature", "properties": { "admin_level": 3, "name": "Kankalabe", "name1": null, "name2": null, "name3": null, "x_coord": -12.04060156, "y_coord": 11.1289865, "adm4_name": null, "adm4_name1": null, "adm4_name2": null, "adm4_name3": null, "adm4_pcode": null, "adm3_name": "Kankalabe", "adm3_name1": null, "adm3_name2": null, "adm3_name3": null, "adm3_pcode": "GN00700105", "adm2_name": "Dalaba", "adm2_name1": null, "adm2_name2": null, "adm2_name3": null, "adm2_pcode": "GN007001", "adm1_name": "Mamou", "adm1_name1": null, "adm1_name2": null, "adm1_name3": null, "adm1_pcode": "GN007", "adm0_name": "Guinée", "adm0_name1": null, "adm0_name2": null, "adm0_name3": null, "adm0_pcode": "GN", "valid_on": "2016-03-04", "valid_to": null, "version": "v01", "lang": "fr", "lang1": null, "lang2": null, "lang3": null }, "geometry": { "type": "Point", "coordinates": [ -12.040601564999974, 11.128986500000167 ] } },
{ "type": "Feature", "properties": { "admin_level": 3, "name": "Kansangui", "name1": null, "name2": null, "name3": null, "x_coord": -11.57850222, "y_coord": 11.201946, "adm4_name": null, "adm4_name1": null, "adm4_name2": null, "adm4_name3": null, "adm4_pcode": null, "adm3_name": "Kansangui", "adm3_name1": null, "adm3_name2": null, "adm3_name3": null, "adm3_pcode": "GN00600503", "adm2_name": "Tougue", "adm2_name1": null, "adm2_name2": null, "adm2_name3": null, "adm2_pcode": "GN006005", "adm1_name": "Labe", "adm1_name1": null, "adm1_name2": null, "adm1_name3": null, "adm1_pcode": "GN006", "adm0_name": "Guinée", "adm0_name1": null, "adm0_name2": null, "adm0_name3": null, "adm0_pcode": "GN", "valid_on": "2016-03-04", "valid_to": null, "version": "v01", "lang": "fr", "lang1": null, "lang2": null, "lang3": null }, "geometry": { "type": "Point", "coordinates": [ -11.578502218999915, 11.201946 ] } },
{ "type": "Feature", "properties": { "admin_level": 3, "name": "Kantoumanina", "name1": null, "name2": null, "name3": null, "x_coord": -8.73128711, "y_coord": 10.4126655, "adm4_name": null, "adm4_name1": null, "adm4_name2": null, "adm4_name3": null, "adm4_pcode": null, "adm3_name": "Kantoumanina", "adm3_name1": null, "adm3_name2": null, "adm3_name3": null, "adm3_pcode": "GN00400404", "adm2_name": "Mandiana", "adm2_name1": null, "adm2_name2": null, "adm2_name3": null, "adm2_pcode": "GN004004", "adm1_name": "Kankan", "adm1_name1": null, "adm1_name2": null, "adm1_name3": null, "adm1_pcode": "GN004", "adm0_name": "Guinée", "adm0_name1": null, "adm0_name2": null, "adm0_name3": null, "adm0_pcode": "GN", "valid_on": "2016-03-04", "valid_to": null, "version": "v01", "lang": "fr", "lang1": null, "lang2": null, "lang3": null }, "geometry": { "type": "Point", "coordinates": [ -8.731287104999922, 10.412665500000173 ] } },
{ "type": "Feature", "properties": { "admin_level": 3, "name": "Karala", "name1": null, "name2": null, "name3": null, "x_coord": -8.38639782, "y_coord": 9.4086815, "adm4_name": null, "adm4_name1": null, "adm4_name2": null, "adm4_name3": null, "adm4_pcode": null, "adm3_name": "Karala", "adm3_name1": null, "adm3_name2": null, "adm3_name3": null, "adm3_pcode": "GN00800108", "adm2_name": "Beyla", "adm2_name1": null, "adm2_name2": null, "adm2_name3": null, "adm2_pcode": "GN008001", "adm1_name": "Nzerekore", "adm1_name1": null, "adm1_name2": null, "adm1_name3": null, "adm1_pcode": "GN008", "adm0_name": "Guinée", "adm0_name1": null, "adm0_name2": null, "adm0_name3": null, "adm0_pcode": "GN", "valid_on": "2016-03-04", "valid_to": null, "version": "v01", "lang": "fr", "lang1": null, "lang2": null, "lang3": null }, "geometry": { "type": "Point", "coordinates": [ -8.386397818999853, 9.408681500000057 ] } },
{ "type": "Feature", "properties": { "admin_level": 3, "name": "Karifamoriah", "name1": null, "name2": null, "name3": null, "x_coord": -9.34592603, "y_coord": 10.529429, "adm4_name": null, "adm4_name1": null, "adm4_name2": null, "adm4_name3": null, "adm4_pcode": null, "adm3_name": "Karifamoriah", "adm3_name1": null, "adm3_name2": null, "adm3_name3": null, "adm3_pcode": "GN00400106", "adm2_name": "Kankan", "adm2_name1": null, "adm2_name2": null, "adm2_name3": null, "adm2_pcode": "GN004001", "adm1_name": "Kankan", "adm1_name1": null, "adm1_name2": null, "adm1_name3": null, "adm1_pcode": "GN004", "adm0_name": "Guinée", "adm0_name1": null, "adm0_name2": null, "adm0_name3": null, "adm0_pcode": "GN", "valid_on": "2016-03-04", "valid_to": null, "version": "v01", "lang": "fr", "lang1": null, "lang2": null, "lang3": null }, "geometry": { "type": "Point", "coordinates": [ -9.345926024999869, 10.529429000000164 ] } },
{ "type": "Feature", "properties": { "admin_level": 3, "name": "Kassadou", "name1": null, "name2": null, "name3": null, "x_coord": -10.44642847, "y_coord": 8.92946018, "adm4_name": null, "adm4_name1": null, "adm4_name2": null, "adm4_name3": null, "adm4_pcode": null, "adm3_name": "Kassadou", "adm3_name1": null, "adm3_name2": null, "adm3_name3": null, "adm3_pcode": "GN00800205", "adm2_name": "Gueckedou", "adm2_name1": null, "adm2_name2": null, "adm2_name3": null, "adm2_pcode": "GN008002", "adm1_name": "Nzerekore", "adm1_name1": null, "adm1_name2": null, "adm1_name3": null, "adm1_pcode": "GN008", "adm0_name": "Guinée", "adm0_name1": null, "adm0_name2": null, "adm0_name3": null, "adm0_pcode": "GN", "valid_on": "2016-03-04", "valid_to": null, "version": "v01", "lang": "fr", "lang1": null, "lang2": null, "lang3": null }, "geometry": { "type": "Point", "coordinates": [ -10.44642847199998, 8.929460177000124 ] } },
{ "type": "Feature", "properties": { "admin_level": 3, "name": "Kebali", "name1": null, "name2": null, "name3": null, "x_coord": -12.23624231, "y_coord": 11.0011785, "adm4_name": null, "adm4_name1": null, "adm4_name2": null, "adm4_name3": null, "adm4_pcode": null, "adm3_name": "Kebali", "adm3_name1": null, "adm3_name2": null, "adm3_name3": null, "adm3_pcode": "GN00700106", "adm2_name": "Dalaba", "adm2_name1": null, "adm2_name2": null, "adm2_name3": null, "adm2_pcode": "GN007001", "adm1_name": "Mamou", "adm1_name1": null, "adm1_name2": null, "adm1_name3": null, "adm1_pcode": "GN007", "adm0_name": "Guinée", "adm0_name1": null, "adm0_name2": null, "adm0_name3": null, "adm0_pcode": "GN", "valid_on": "2016-03-04", "valid_to": null, "version": "v01", "lang": "fr", "lang1": null, "lang2": null, "lang3": null }, "geometry": { "type": "Point", "coordinates": [ -12.236242311999945, 11.001178500000094 ] } },
{ "type": "Feature", "properties": { "admin_level": 3, "name": "Kegneko", "name1": null, "name2": null, "name3": null, "x_coord": -11.64363677, "y_coord": 10.409352, "adm4_name": null, "adm4_name1": null, "adm4_name2": null, "adm4_name3": null, "adm4_pcode": null, "adm3_name": "Kegneko", "adm3_name1": null, "adm3_name2": null, "adm3_name3": null, "adm3_pcode": "GN00700204", "adm2_name": "Mamou", "adm2_name1": null, "adm2_name2": null, "adm2_name3": null, "adm2_pcode": "GN007002", "adm1_name": "Mamou", "adm1_name1": null, "adm1_name2": null, "adm1_name3": null, "adm1_pcode": "GN007", "adm0_name": "Guinée", "adm0_name1": null, "adm0_name2": null, "adm0_name3": null, "adm0_pcode": "GN", "valid_on": "2016-03-04", "valid_to": null, "version": "v01", "lang": "fr", "lang1": null, "lang2": null, "lang3": null }, "geometry": { "type": "Point", "coordinates": [ -11.643636766999975, 10.409352 ] } },
{ "type": "Feature", "properties": { "admin_level": 3, "name": "Kerouane Ctre", "name1": null, "name2": null, "name3": null, "x_coord": -9.0485211, "y_coord": 9.361473, "adm4_name": null, "adm4_name1": null, "adm4_name2": null, "adm4_name3": null, "adm4_pcode": null, "adm3_name": "Kerouane Ctre", "adm3_name1": null, "adm3_name2": null, "adm3_name3": null, "adm3_pcode": "GN00400203", "adm2_name": "Kerouane", "adm2_name1": null, "adm2_name2": null, "adm2_name3": null, "adm2_pcode": "GN004002", "adm1_name": "Kankan", "adm1_name1": null, "adm1_name2": null, "adm1_name3": null, "adm1_pcode": "GN004", "adm0_name": "Guinée", "adm0_name1": null, "adm0_name2": null, "adm0_name3": null, "adm0_pcode": "GN", "valid_on": "2016-03-04", "valid_to": null, "version": "v01", "lang": "fr", "lang1": null, "lang2": null, "lang3": null }, "geometry": { "type": "Point", "coordinates": [ -9.048521097999981, 9.361473 ] } },
{ "type": "Feature", "properties": { "admin_level": 3, "name": "Khorira", "name1": null, "name2": null, "name3": null, "x_coord": -13.49638529, "y_coord": 9.9584075, "adm4_name": null, "adm4_name1": null, "adm4_name2": null, "adm4_name3": null, "adm4_pcode": null, "adm3_name": "Khorira", "adm3_name1": null, "adm3_name2": null, "adm3_name3": null, "adm3_pcode": "GN00500204", "adm2_name": "Dubreka", "adm2_name1": null, "adm2_name2": null, "adm2_name3": null, "adm2_pcode": "GN005002", "adm1_name": "Kindia", "adm1_name1": null, "adm1_name2": null, "adm1_name3": null, "adm1_pcode": "GN005", "adm0_name": "Guinée", "adm0_name1": null, "adm0_name2": null, "adm0_name3": null, "adm0_pcode": "GN", "valid_on": "2016-03-04", "valid_to": null, "version": "v01", "lang": "fr", "lang1": null, "lang2": null, "lang3": null }, "geometry": { "type": "Point", "coordinates": [ -13.496385293999936, 9.958407500000078 ] } },
{ "type": "Feature", "properties": { "admin_level": 3, "name": "Kindia Ctre", "name1": null, "name2": null, "name3": null, "x_coord": -12.76699383, "y_coord": 9.98855, "adm4_name": null, "adm4_name1": null, "adm4_name2": null, "adm4_name3": null, "adm4_pcode": null, "adm3_name": "Kindia Ctre", "adm3_name1": null, "adm3_name2": null, "adm3_name3": null, "adm3_pcode": "GN00500404", "adm2_name": "Kindia", "adm2_name1": null, "adm2_name2": null, "adm2_name3": null, "adm2_pcode": "GN005004", "adm1_name": "Kindia", "adm1_name1": null, "adm1_name2": null, "adm1_name3": null, "adm1_pcode": "GN005", "adm0_name": "Guinée", "adm0_name1": null, "adm0_name2": null, "adm0_name3": null, "adm0_pcode": "GN", "valid_on": "2016-03-04", "valid_to": null, "version": "v01", "lang": "fr", "lang1": null, "lang2": null, "lang3": null }, "geometry": { "type": "Point", "coordinates": [ -12.766993832999958, 9.98855 ] } },
{ "type": "Feature", "properties": { "admin_level": 3, "name": "Kokota", "name1": null, "name2": null, "name3": null, "x_coord": -8.47315238, "y_coord": 7.9135155, "adm4_name": null, "adm4_name1": null, "adm4_name2": null, "adm4_name3": null, "adm4_pcode": null, "adm3_name": "Kokota", "adm3_name1": null, "adm3_name2": null, "adm3_name3": null, "adm3_pcode": "GN00800305", "adm2_name": "Lola", "adm2_name1": null, "adm2_name2": null, "adm2_name3": null, "adm2_pcode": "GN008003", "adm1_name": "Nzerekore", "adm1_name1": null, "adm1_name2": null, "adm1_name3": null, "adm1_pcode": "GN008", "adm0_name": "Guinée", "adm0_name1": null, "adm0_name2": null, "adm0_name3": null, "adm0_pcode": "GN", "valid_on": "2016-03-04", "valid_to": null, "version": "v01", "lang": "fr", "lang1": null, "lang2": null, "lang3": null }, "geometry": { "type": "Point", "coordinates": [ -8.473152379999874, 7.91351550000013 ] } },
{ "type": "Feature", "properties": { "admin_level": 3, "name": "Kindoye", "name1": null, "name2": null, "name3": null, "x_coord": -11.34010651, "y_coord": 10.5151445, "adm4_name": null, "adm4_name1": null, "adm4_name2": null, "adm4_name3": null, "adm4_pcode": null, "adm3_name": "Kindoye", "adm3_name1": null, "adm3_name2": null, "adm3_name3": null, "adm3_pcode": "GN00300107", "adm2_name": "Dabola", "adm2_name1": null, "adm2_name2": null, "adm2_name3": null, "adm2_pcode": "GN003001", "adm1_name": "Faranah", "adm1_name1": null, "adm1_name2": null, "adm1_name3": null, "adm1_pcode": "GN003", "adm0_name": "Guinée", "adm0_name1": null, "adm0_name2": null, "adm0_name3": null, "adm0_pcode": "GN", "valid_on": "2016-03-04", "valid_to": null, "version": "v01", "lang": "fr", "lang1": null, "lang2": null, "lang3": null }, "geometry": { "type": "Point", "coordinates": [ -11.34010650599987, 10.515144500000076 ] } },
{ "type": "Feature", "properties": { "admin_level": 3, "name": "Kiniebakoura", "name1": null, "name2": null, "name3": null, "x_coord": -9.18651378, "y_coord": 11.235558, "adm4_name": null, "adm4_name1": null, "adm4_name2": null, "adm4_name3": null, "adm4_pcode": null, "adm3_name": "Kiniebakoura", "adm3_name1": null, "adm3_name2": null, "adm3_name3": null, "adm3_pcode": "GN00400504", "adm2_name": "Siguiri", "adm2_name1": null, "adm2_name2": null, "adm2_name3": null, "adm2_pcode": "GN004005", "adm1_name": "Kankan", "adm1_name1": null, "adm1_name2": null, "adm1_name3": null, "adm1_pcode": "GN004", "adm0_name": "Guinée", "adm0_name1": null, "adm0_name2": null, "adm0_name3": null, "adm0_pcode": "GN", "valid_on": "2016-03-04", "valid_to": null, "version": "v01", "lang": "fr", "lang1": null, "lang2": null, "lang3": null }, "geometry": { "type": "Point", "coordinates": [ -9.186513782999953, 11.235558 ] } },
{ "type": "Feature", "properties": { "admin_level": 3, "name": "Kinieran", "name1": null, "name2": null, "name3": null, "x_coord": -8.86049703, "y_coord": 11.127762, "adm4_name": null, "adm4_name1": null, "adm4_name2": null, "adm4_name3": null, "adm4_pcode": null, "adm3_name": "Kinieran", "adm3_name1": null, "adm3_name2": null, "adm3_name3": null, "adm3_pcode": "GN00400405", "adm2_name": "Mandiana", "adm2_name1": null, "adm2_name2": null, "adm2_name3": null, "adm2_pcode": "GN004004", "adm1_name": "Kankan", "adm1_name1": null, "adm1_name2": null, "adm1_name3": null, "adm1_pcode": "GN004", "adm0_name": "Guinée", "adm0_name1": null, "adm0_name2": null, "adm0_name3": null, "adm0_pcode": "GN", "valid_on": "2016-03-04", "valid_to": null, "version": "v01", "lang": "fr", "lang1": null, "lang2": null, "lang3": null }, "geometry": { "type": "Point", "coordinates": [ -8.860497031999955, 11.127762 ] } },
{ "type": "Feature", "properties": { "admin_level": 3, "name": "Kiniero", "name1": null, "name2": null, "name3": null, "x_coord": -9.95697154, "y_coord": 10.429786, "adm4_name": null, "adm4_name1": null, "adm4_name2": null, "adm4_name3": null, "adm4_pcode": null, "adm3_name": "Kiniero", "adm3_name1": null, "adm3_name2": null, "adm3_name3": null, "adm3_pcode": "GN00400308", "adm2_name": "Kouroussa", "adm2_name1": null, "adm2_name2": null, "adm2_name3": null, "adm2_pcode": "GN004003", "adm1_name": "Kankan", "adm1_name1": null, "adm1_name2": null, "adm1_name3": null, "adm1_pcode": "GN004", "adm0_name": "Guinée", "adm0_name1": null, "adm0_name2": null, "adm0_name3": null, "adm0_pcode": "GN", "valid_on": "2016-03-04", "valid_to": null, "version": "v01", "lang": "fr", "lang1": null, "lang2": null, "lang3": null }, "geometry": { "type": "Point", "coordinates": [ -9.956971540999973, 10.429786 ] } },
{ "type": "Feature", "properties": { "admin_level": 3, "name": "Kobela", "name1": null, "name2": null, "name3": null, "x_coord": -9.06966611, "y_coord": 7.913657, "adm4_name": null, "adm4_name1": null, "adm4_name2": null, "adm4_name3": null, "adm4_pcode": null, "adm3_name": "Kobela", "adm3_name1": null, "adm3_name2": null, "adm3_name3": null, "adm3_pcode": "GN00800503", "adm2_name": "Nzerekore", "adm2_name1": null, "adm2_name2": null, "adm2_name3": null, "adm2_pcode": "GN008005", "adm1_name": "Nzerekore", "adm1_name1": null, "adm1_name2": null, "adm1_name3": null, "adm1_pcode": "GN008", "adm0_name": "Guinée", "adm0_name1": null, "adm0_name2": null, "adm0_name3": null, "adm0_pcode": "GN", "valid_on": "2016-03-04", "valid_to": null, "version": "v01", "lang": "fr", "lang1": null, "lang2": null, "lang3": null }, "geometry": { "type": "Point", "coordinates": [ -9.069666106999932, 7.913657000000114 ] } },
{ "type": "Feature", "properties": { "admin_level": 3, "name": "Kolaboui", "name1": null, "name2": null, "name3": null, "x_coord": -14.39925859, "y_coord": 10.79333, "adm4_name": null, "adm4_name1": null, "adm4_name2": null, "adm4_name3": null, "adm4_pcode": null, "adm3_name": "Kolaboui", "adm3_name1": null, "adm3_name2": null, "adm3_name3": null, "adm3_pcode": "GN00100206", "adm2_name": "Boke", "adm2_name1": null, "adm2_name2": null, "adm2_name3": null, "adm2_pcode": "GN001002", "adm1_name": "Boke", "adm1_name1": null, "adm1_name2": null, "adm1_name3": null, "adm1_pcode": "GN001", "adm0_name": "Guinée", "adm0_name1": null, "adm0_name2": null, "adm0_name3": null, "adm0_pcode": "GN", "valid_on": "2016-03-04", "valid_to": null, "version": "v01", "lang": "fr", "lang1": null, "lang2": null, "lang3": null }, "geometry": { "type": "Point", "coordinates": [ -14.399258593999946, 10.79333 ] } },
{ "type": "Feature", "properties": { "admin_level": 3, "name": "Kolangui", "name1": null, "name2": null, "name3": null, "x_coord": -11.76855322, "y_coord": 11.0923375, "adm4_name": null, "adm4_name1": null, "adm4_name2": null, "adm4_name3": null, "adm4_pcode": null, "adm3_name": "Kolangui", "adm3_name1": null, "adm3_name2": null, "adm3_name3": null, "adm3_pcode": "GN00600505", "adm2_name": "Tougue", "adm2_name1": null, "adm2_name2": null, "adm2_name3": null, "adm2_pcode": "GN006005", "adm1_name": "Labe", "adm1_name1": null, "adm1_name2": null, "adm1_name3": null, "adm1_pcode": "GN006", "adm0_name": "Guinée", "adm0_name1": null, "adm0_name2": null, "adm0_name3": null, "adm0_pcode": "GN", "valid_on": "2016-03-04", "valid_to": null, "version": "v01", "lang": "fr", "lang1": null, "lang2": null, "lang3": null }, "geometry": { "type": "Point", "coordinates": [ -11.76855322199998, 11.092337500000042 ] } },
{ "type": "Feature", "properties": { "admin_level": 3, "name": "Kintinian", "name1": null, "name2": null, "name3": null, "x_coord": -9.60304524, "y_coord": 11.546447, "adm4_name": null, "adm4_name1": null, "adm4_name2": null, "adm4_name3": null, "adm4_pcode": null, "adm3_name": "Kintinian", "adm3_name1": null, "adm3_name2": null, "adm3_name3": null, "adm3_pcode": "GN00400505", "adm2_name": "Siguiri", "adm2_name1": null, "adm2_name2": null, "adm2_name3": null, "adm2_pcode": "GN004005", "adm1_name": "Kankan", "adm1_name1": null, "adm1_name2": null, "adm1_name3": null, "adm1_pcode": "GN004", "adm0_name": "Guinée", "adm0_name1": null, "adm0_name2": null, "adm0_name3": null, "adm0_pcode": "GN", "valid_on": "2016-03-04", "valid_to": null, "version": "v01", "lang": "fr", "lang1": null, "lang2": null, "lang3": null }, "geometry": { "type": "Point", "coordinates": [ -9.603045239999915, 11.546447 ] } },
{ "type": "Feature", "properties": { "admin_level": 3, "name": "Kissidougou Ctre", "name1": null, "name2": null, "name3": null, "x_coord": -10.13319434, "y_coord": 9.244837, "adm4_name": null, "adm4_name1": null, "adm4_name2": null, "adm4_name3": null, "adm4_pcode": null, "adm3_name": "Kissidougou Ctre", "adm3_name1": null, "adm3_name2": null, "adm3_name3": null, "adm3_pcode": "GN00300408", "adm2_name": "Kissidougou", "adm2_name1": null, "adm2_name2": null, "adm2_name3": null, "adm2_pcode": "GN003004", "adm1_name": "Faranah", "adm1_name1": null, "adm1_name2": null, "adm1_name3": null, "adm1_pcode": "GN003", "adm0_name": "Guinée", "adm0_name1": null, "adm0_name2": null, "adm0_name3": null, "adm0_pcode": "GN", "valid_on": "2016-03-04", "valid_to": null, "version": "v01", "lang": "fr", "lang1": null, "lang2": null, "lang3": null }, "geometry": { "type": "Point", "coordinates": [ -10.133194339999932, 9.244837000000132 ] } },
{ "type": "Feature", "properties": { "admin_level": 3, "name": "Koba", "name1": null, "name2": null, "name3": null, "x_coord": -12.38543159, "y_coord": 10.611855, "adm4_name": null, "adm4_name1": null, "adm4_name2": null, "adm4_name3": null, "adm4_pcode": null, "adm3_name": "Koba", "adm3_name1": null, "adm3_name2": null, "adm3_name3": null, "adm3_pcode": "GN00700107", "adm2_name": "Dalaba", "adm2_name1": null, "adm2_name2": null, "adm2_name3": null, "adm2_pcode": "GN007001", "adm1_name": "Mamou", "adm1_name1": null, "adm1_name2": null, "adm1_name3": null, "adm1_pcode": "GN007", "adm0_name": "Guinée", "adm0_name1": null, "adm0_name2": null, "adm0_name3": null, "adm0_pcode": "GN", "valid_on": "2016-03-04", "valid_to": null, "version": "v01", "lang": "fr", "lang1": null, "lang2": null, "lang3": null }, "geometry": { "type": "Point", "coordinates": [ -12.385431587999847, 10.611855000000162 ] } },
{ "type": "Feature", "properties": { "admin_level": 3, "name": "Koba Tatema", "name1": null, "name2": null, "name3": null, "x_coord": -13.85006911, "y_coord": 9.97276497, "adm4_name": null, "adm4_name1": null, "adm4_name2": null, "adm4_name3": null, "adm4_pcode": null, "adm3_name": "Koba Tatema", "adm3_name1": null, "adm3_name2": null, "adm3_name3": null, "adm3_pcode": "GN00100103", "adm2_name": "Boffa", "adm2_name1": null, "adm2_name2": null, "adm2_name3": null, "adm2_pcode": "GN001001", "adm1_name": "Boke", "adm1_name1": null, "adm1_name2": null, "adm1_name3": null, "adm1_pcode": "GN001", "adm0_name": "Guinée", "adm0_name1": null, "adm0_name2": null, "adm0_name3": null, "adm0_pcode": "GN", "valid_on": "2016-03-04", "valid_to": null, "version": "v01", "lang": "fr", "lang1": null, "lang2": null, "lang3": null }, "geometry": { "type": "Point", "coordinates": [ -13.850069108999833, 9.972764965000067 ] } },
{ "type": "Feature", "properties": { "admin_level": 3, "name": "Kobikoro", "name1": null, "name2": null, "name3": null, "x_coord": -10.58049848, "y_coord": 9.1687305, "adm4_name": null, "adm4_name1": null, "adm4_name2": null, "adm4_name3": null, "adm4_pcode": null, "adm3_name": "Kobikoro", "adm3_name1": null, "adm3_name2": null, "adm3_name3": null, "adm3_pcode": "GN00300306", "adm2_name": "Faranah", "adm2_name1": null, "adm2_name2": null, "adm2_name3": null, "adm2_pcode": "GN003003", "adm1_name": "Faranah", "adm1_name1": null, "adm1_name2": null, "adm1_name3": null, "adm1_pcode": "GN003", "adm0_name": "Guinée", "adm0_name1": null, "adm0_name2": null, "adm0_name3": null, "adm0_pcode": "GN", "valid_on": "2016-03-04", "valid_to": null, "version": "v01", "lang": "fr", "lang1": null, "lang2": null, "lang3": null }, "geometry": { "type": "Point", "coordinates": [ -10.580498479999903, 9.168730500000038 ] } },
{ "type": "Feature", "properties": { "admin_level": 3, "name": "Koin", "name1": null, "name2": null, "name3": null, "x_coord": -11.71042651, "y_coord": 11.2313675, "adm4_name": null, "adm4_name1": null, "adm4_name2": null, "adm4_name3": null, "adm4_pcode": null, "adm3_name": "Koin", "adm3_name1": null, "adm3_name2": null, "adm3_name3": null, "adm3_pcode": "GN00600504", "adm2_name": "Tougue", "adm2_name1": null, "adm2_name2": null, "adm2_name3": null, "adm2_pcode": "GN006005", "adm1_name": "Labe", "adm1_name1": null, "adm1_name2": null, "adm1_name3": null, "adm1_pcode": "GN006", "adm0_name": "Guinée", "adm0_name1": null, "adm0_name2": null, "adm0_name3": null, "adm0_pcode": "GN", "valid_on": "2016-03-04", "valid_to": null, "version": "v01", "lang": "fr", "lang1": null, "lang2": null, "lang3": null }, "geometry": { "type": "Point", "coordinates": [ -11.710426512999845, 11.23136750000009 ] } },
{ "type": "Feature", "properties": { "admin_level": 3, "name": "Kolente", "name1": null, "name2": null, "name3": null, "x_coord": -12.70901368, "y_coord": 10.148945, "adm4_name": null, "adm4_name1": null, "adm4_name2": null, "adm4_name3": null, "adm4_pcode": null, "adm3_name": "Kolente", "adm3_name1": null, "adm3_name2": null, "adm3_name3": null, "adm3_pcode": "GN00500405", "adm2_name": "Kindia", "adm2_name1": null, "adm2_name2": null, "adm2_name3": null, "adm2_pcode": "GN005004", "adm1_name": "Kindia", "adm1_name1": null, "adm1_name2": null, "adm1_name3": null, "adm1_pcode": "GN005", "adm0_name": "Guinée", "adm0_name1": null, "adm0_name2": null, "adm0_name3": null, "adm0_pcode": "GN", "valid_on": "2016-03-04", "valid_to": null, "version": "v01", "lang": "fr", "lang1": null, "lang2": null, "lang3": null }, "geometry": { "type": "Point", "coordinates": [ -12.70901367599987, 10.148945 ] } },
{ "type": "Feature", "properties": { "admin_level": 3, "name": "Kolia", "name1": null, "name2": null, "name3": null, "x_coord": -14.03096213, "y_coord": 10.583655, "adm4_name": null, "adm4_name1": null, "adm4_name2": null, "adm4_name3": null, "adm4_pcode": null, "adm3_name": "Kolia", "adm3_name1": null, "adm3_name2": null, "adm3_name3": null, "adm3_pcode": "GN00100104", "adm2_name": "Boffa", "adm2_name1": null, "adm2_name2": null, "adm2_name3": null, "adm2_pcode": "GN001001", "adm1_name": "Boke", "adm1_name1": null, "adm1_name2": null, "adm1_name3": null, "adm1_pcode": "GN001", "adm0_name": "Guinée", "adm0_name1": null, "adm0_name2": null, "adm0_name3": null, "adm0_pcode": "GN", "valid_on": "2016-03-04", "valid_to": null, "version": "v01", "lang": "fr", "lang1": null, "lang2": null, "lang3": null }, "geometry": { "type": "Point", "coordinates": [ -14.030962132999946, 10.583655 ] } },
{ "type": "Feature", "properties": { "admin_level": 3, "name": "Kolet", "name1": null, "name2": null, "name3": null, "x_coord": -11.37768403, "y_coord": 11.442751, "adm4_name": null, "adm4_name1": null, "adm4_name2": null, "adm4_name3": null, "adm4_pcode": null, "adm3_name": "Kolet", "adm3_name1": null, "adm3_name2": null, "adm3_name3": null, "adm3_pcode": "GN00600506", "adm2_name": "Tougue", "adm2_name1": null, "adm2_name2": null, "adm2_name3": null, "adm2_pcode": "GN006005", "adm1_name": "Labe", "adm1_name1": null, "adm1_name2": null, "adm1_name3": null, "adm1_pcode": "GN006", "adm0_name": "Guinée", "adm0_name1": null, "adm0_name2": null, "adm0_name3": null, "adm0_pcode": "GN", "valid_on": "2016-03-04", "valid_to": null, "version": "v01", "lang": "fr", "lang1": null, "lang2": null, "lang3": null }, "geometry": { "type": "Point", "coordinates": [ -11.377684024999894, 11.442751 ] } },
{ "type": "Feature", "properties": { "admin_level": 3, "name": "Komodou", "name1": null, "name2": null, "name3": null, "x_coord": -8.99695297, "y_coord": 9.694615, "adm4_name": null, "adm4_name1": null, "adm4_name2": null, "adm4_name3": null, "adm4_pcode": null, "adm3_name": "Komodou", "adm3_name1": null, "adm3_name2": null, "adm3_name3": null, "adm3_pcode": "GN00400204", "adm2_name": "Kerouane", "adm2_name1": null, "adm2_name2": null, "adm2_name3": null, "adm2_pcode": "GN004002", "adm1_name": "Kankan", "adm1_name1": null, "adm1_name2": null, "adm1_name3": null, "adm1_pcode": "GN004", "adm0_name": "Guinée", "adm0_name1": null, "adm0_name2": null, "adm0_name3": null, "adm0_pcode": "GN", "valid_on": "2016-03-04", "valid_to": null, "version": "v01", "lang": "fr", "lang1": null, "lang2": null, "lang3": null }, "geometry": { "type": "Point", "coordinates": [ -8.996952971999974, 9.694615 ] } },
{ "type": "Feature", "properties": { "admin_level": 3, "name": "Konsankoro", "name1": null, "name2": null, "name3": null, "x_coord": -8.88192088, "y_coord": 8.951755, "adm4_name": null, "adm4_name1": null, "adm4_name2": null, "adm4_name3": null, "adm4_pcode": null, "adm3_name": "Konsankoro", "adm3_name1": null, "adm3_name2": null, "adm3_name3": null, "adm3_pcode": "GN00400205", "adm2_name": "Kerouane", "adm2_name1": null, "adm2_name2": null, "adm2_name3": null, "adm2_pcode": "GN004002", "adm1_name": "Kankan", "adm1_name1": null, "adm1_name2": null, "adm1_name3": null, "adm1_pcode": "GN004", "adm0_name": "Guinée", "adm0_name1": null, "adm0_name2": null, "adm0_name3": null, "adm0_pcode": "GN", "valid_on": "2016-03-04", "valid_to": null, "version": "v01", "lang": "fr", "lang1": null, "lang2": null, "lang3": null }, "geometry": { "type": "Point", "coordinates": [ -8.881920880999871, 8.951755000000162 ] } },
{ "type": "Feature", "properties": { "admin_level": 3, "name": "Korbe", "name1": null, "name2": null, "name3": null, "x_coord": -12.61233043, "y_coord": 11.492182, "adm4_name": null, "adm4_name1": null, "adm4_name2": null, "adm4_name3": null, "adm4_pcode": null, "adm3_name": "Korbe", "adm3_name1": null, "adm3_name2": null, "adm3_name3": null, "adm3_pcode": "GN00600304", "adm2_name": "Lelouma", "adm2_name1": null, "adm2_name2": null, "adm2_name3": null, "adm2_pcode": "GN006003", "adm1_name": "Labe", "adm1_name1": null, "adm1_name2": null, "adm1_name3": null, "adm1_pcode": "GN006", "adm0_name": "Guinée", "adm0_name1": null, "adm0_name2": null, "adm0_name3": null, "adm0_pcode": "GN", "valid_on": "2016-03-04", "valid_to": null, "version": "v01", "lang": "fr", "lang1": null, "lang2": null, "lang3": null }, "geometry": { "type": "Point", "coordinates": [ -12.61233042899994, 11.492182 ] } },
{ "type": "Feature", "properties": { "admin_level": 3, "name": "Komola Khoura", "name1": null, "name2": null, "name3": null, "x_coord": -10.29929393, "y_coord": 11.1595185, "adm4_name": null, "adm4_name1": null, "adm4_name2": null, "adm4_name3": null, "adm4_pcode": null, "adm3_name": "Komola Khoura", "adm3_name1": null, "adm3_name2": null, "adm3_name3": null, "adm3_pcode": "GN00400309", "adm2_name": "Kouroussa", "adm2_name1": null, "adm2_name2": null, "adm2_name3": null, "adm2_pcode": "GN004003", "adm1_name": "Kankan", "adm1_name1": null, "adm1_name2": null, "adm1_name3": null, "adm1_pcode": "GN004", "adm0_name": "Guinée", "adm0_name1": null, "adm0_name2": null, "adm0_name3": null, "adm0_pcode": "GN", "valid_on": "2016-03-04", "valid_to": null, "version": "v01", "lang": "fr", "lang1": null, "lang2": null, "lang3": null }, "geometry": { "type": "Point", "coordinates": [ -10.299293926999837, 11.159518500000047 ] } },
{ "type": "Feature", "properties": { "admin_level": 3, "name": "Konah", "name1": null, "name2": null, "name3": null, "x_coord": -11.7987754, "y_coord": 11.5128745, "adm4_name": null, "adm4_name1": null, "adm4_name2": null, "adm4_name3": null, "adm4_pcode": null, "adm3_name": "Konah", "adm3_name1": null, "adm3_name2": null, "adm3_name3": null, "adm3_pcode": "GN00600507", "adm2_name": "Tougue", "adm2_name1": null, "adm2_name2": null, "adm2_name3": null, "adm2_pcode": "GN006005", "adm1_name": "Labe", "adm1_name1": null, "adm1_name2": null, "adm1_name3": null, "adm1_pcode": "GN006", "adm0_name": "Guinée", "adm0_name1": null, "adm0_name2": null, "adm0_name3": null, "adm0_pcode": "GN", "valid_on": "2016-03-04", "valid_to": null, "version": "v01", "lang": "fr", "lang1": null, "lang2": null, "lang3": null }, "geometry": { "type": "Point", "coordinates": [ -11.798775397999975, 11.512874500000123 ] } },
{ "type": "Feature", "properties": { "admin_level": 3, "name": "Kondiadou", "name1": null, "name2": null, "name3": null, "x_coord": -9.89373691, "y_coord": 8.9027805, "adm4_name": null, "adm4_name1": null, "adm4_name2": null, "adm4_name3": null, "adm4_pcode": null, "adm3_name": "Kondiadou", "adm3_name1": null, "adm3_name2": null, "adm3_name3": null, "adm3_pcode": "GN00300409", "adm2_name": "Kissidougou", "adm2_name1": null, "adm2_name2": null, "adm2_name3": null, "adm2_pcode": "GN003004", "adm1_name": "Faranah", "adm1_name1": null, "adm1_name2": null, "adm1_name3": null, "adm1_pcode": "GN003", "adm0_name": "Guinée", "adm0_name1": null, "adm0_name2": null, "adm0_name3": null, "adm0_pcode": "GN", "valid_on": "2016-03-04", "valid_to": null, "version": "v01", "lang": "fr", "lang1": null, "lang2": null, "lang3": null }, "geometry": { "type": "Point", "coordinates": [ -9.893736912999884, 8.902780500000063 ] } },
{ "type": "Feature", "properties": { "admin_level": 3, "name": "Konendou", "name1": null, "name2": null, "name3": null, "x_coord": -10.84396787, "y_coord": 10.632403, "adm4_name": null, "adm4_name1": null, "adm4_name2": null, "adm4_name3": null, "adm4_pcode": null, "adm3_name": "Konendou", "adm3_name1": null, "adm3_name2": null, "adm3_name3": null, "adm3_pcode": "GN00300108", "adm2_name": "Dabola", "adm2_name1": null, "adm2_name2": null, "adm2_name3": null, "adm2_pcode": "GN003001", "adm1_name": "Faranah", "adm1_name1": null, "adm1_name2": null, "adm1_name3": null, "adm1_pcode": "GN003", "adm0_name": "Guinée", "adm0_name1": null, "adm0_name2": null, "adm0_name3": null, "adm0_pcode": "GN", "valid_on": "2016-03-04", "valid_to": null, "version": "v01", "lang": "fr", "lang1": null, "lang2": null, "lang3": null }, "geometry": { "type": "Point", "coordinates": [ -10.84396787299994, 10.632403000000124 ] } },
{ "type": "Feature", "properties": { "admin_level": 3, "name": "Labe Ctre", "name1": null, "name2": null, "name3": null, "x_coord": -12.29841596, "y_coord": 11.3188295, "adm4_name": null, "adm4_name1": null, "adm4_name2": null, "adm4_name3": null, "adm4_pcode": null, "adm3_name": "Labe Ctre", "adm3_name1": null, "adm3_name2": null, "adm3_name3": null, "adm3_pcode": "GN00600209", "adm2_name": "Labe", "adm2_name1": null, "adm2_name2": null, "adm2_name3": null, "adm2_pcode": "GN006002", "adm1_name": "Labe", "adm1_name1": null, "adm1_name2": null, "adm1_name3": null, "adm1_pcode": "GN006", "adm0_name": "Guinée", "adm0_name1": null, "adm0_name2": null, "adm0_name3": null, "adm0_pcode": "GN", "valid_on": "2016-03-04", "valid_to": null, "version": "v01", "lang": "fr", "lang1": null, "lang2": null, "lang3": null }, "geometry": { "type": "Point", "coordinates": [ -12.298415959999886, 11.318829500000049 ] } },
{ "type": "Feature", "properties": { "admin_level": 3, "name": "Koropara", "name1": null, "name2": null, "name3": null, "x_coord": -8.69750377, "y_coord": 8.245445, "adm4_name": null, "adm4_name1": null, "adm4_name2": null, "adm4_name3": null, "adm4_pcode": null, "adm3_name": "Koropara", "adm3_name1": null, "adm3_name2": null, "adm3_name3": null, "adm3_pcode": "GN00800504", "adm2_name": "Nzerekore", "adm2_name1": null, "adm2_name2": null, "adm2_name3": null, "adm2_pcode": "GN008005", "adm1_name": "Nzerekore", "adm1_name1": null, "adm1_name2": null, "adm1_name3": null, "adm1_pcode": "GN008", "adm0_name": "Guinée", "adm0_name1": null, "adm0_name2": null, "adm0_name3": null, "adm0_pcode": "GN", "valid_on": "2016-03-04", "valid_to": null, "version": "v01", "lang": "fr", "lang1": null, "lang2": null, "lang3": null }, "geometry": { "type": "Point", "coordinates": [ -8.697503767999933, 8.245445000000188 ] } },
{ "type": "Feature", "properties": { "admin_level": 3, "name": "Kouankan", "name1": null, "name2": null, "name3": null, "x_coord": -9.02454512, "y_coord": 8.5105025, "adm4_name": null, "adm4_name1": null, "adm4_name2": null, "adm4_name3": null, "adm4_pcode": null, "adm3_name": "Kouankan", "adm3_name1": null, "adm3_name2": null, "adm3_name3": null, "adm3_pcode": "GN00800406", "adm2_name": "Macenta", "adm2_name1": null, "adm2_name2": null, "adm2_name3": null, "adm2_pcode": "GN008004", "adm1_name": "Nzerekore", "adm1_name1": null, "adm1_name2": null, "adm1_name3": null, "adm1_pcode": "GN008", "adm0_name": "Guinée", "adm0_name1": null, "adm0_name2": null, "adm0_name3": null, "adm0_pcode": "GN", "valid_on": "2016-03-04", "valid_to": null, "version": "v01", "lang": "fr", "lang1": null, "lang2": null, "lang3": null }, "geometry": { "type": "Point", "coordinates": [ -9.024545119999971, 8.510502500000086 ] } },
{ "type": "Feature", "properties": { "admin_level": 3, "name": "Koubia Ctre", "name1": null, "name2": null, "name3": null, "x_coord": -11.8598239, "y_coord": 11.649008, "adm4_name": null, "adm4_name1": null, "adm4_name2": null, "adm4_name3": null, "adm4_pcode": null, "adm3_name": "Koubia Ctre", "adm3_name1": null, "adm3_name2": null, "adm3_name3": null, "adm3_pcode": "GN00600103", "adm2_name": "Koubia", "adm2_name1": null, "adm2_name2": null, "adm2_name3": null, "adm2_pcode": "GN006001", "adm1_name": "Labe", "adm1_name1": null, "adm1_name2": null, "adm1_name3": null, "adm1_pcode": "GN006", "adm0_name": "Guinée", "adm0_name1": null, "adm0_name2": null, "adm0_name3": null, "adm0_pcode": "GN", "valid_on": "2016-03-04", "valid_to": null, "version": "v01", "lang": "fr", "lang1": null, "lang2": null, "lang3": null }, "geometry": { "type": "Point", "coordinates": [ -11.859823902999892, 11.649008 ] } },
{ "type": "Feature", "properties": { "admin_level": 3, "name": "Koule", "name1": null, "name2": null, "name3": null, "x_coord": -9.0025078, "y_coord": 8.0388665, "adm4_name": null, "adm4_name1": null, "adm4_name2": null, "adm4_name3": null, "adm4_pcode": null, "adm3_name": "Koule", "adm3_name1": null, "adm3_name2": null, "adm3_name3": null, "adm3_pcode": "GN00800505", "adm2_name": "Nzerekore", "adm2_name1": null, "adm2_name2": null, "adm2_name3": null, "adm2_pcode": "GN008005", "adm1_name": "Nzerekore", "adm1_name1": null, "adm1_name2": null, "adm1_name3": null, "adm1_pcode": "GN008", "adm0_name": "Guinée", "adm0_name1": null, "adm0_name2": null, "adm0_name3": null, "adm0_pcode": "GN", "valid_on": "2016-03-04", "valid_to": null, "version": "v01", "lang": "fr", "lang1": null, "lang2": null, "lang3": null }, "geometry": { "type": "Point", "coordinates": [ -9.002507798999943, 8.038866500000097 ] } },
{ "type": "Feature", "properties": { "admin_level": 3, "name": "Koumana", "name1": null, "name2": null, "name3": null, "x_coord": -9.74134673, "y_coord": 10.760813, "adm4_name": null, "adm4_name1": null, "adm4_name2": null, "adm4_name3": null, "adm4_pcode": null, "adm3_name": "Koumana", "adm3_name1": null, "adm3_name2": null, "adm3_name3": null, "adm3_pcode": "GN00400310", "adm2_name": "Kouroussa", "adm2_name1": null, "adm2_name2": null, "adm2_name3": null, "adm2_pcode": "GN004003", "adm1_name": "Kankan", "adm1_name1": null, "adm1_name2": null, "adm1_name3": null, "adm1_pcode": "GN004", "adm0_name": "Guinée", "adm0_name1": null, "adm0_name2": null, "adm0_name3": null, "adm0_pcode": "GN", "valid_on": "2016-03-04", "valid_to": null, "version": "v01", "lang": "fr", "lang1": null, "lang2": null, "lang3": null }, "geometry": { "type": "Point", "coordinates": [ -9.741346732999943, 10.760813 ] } },
{ "type": "Feature", "properties": { "admin_level": 3, "name": "Lafou", "name1": null, "name2": null, "name3": null, "x_coord": -12.4439785, "y_coord": 11.6189705, "adm4_name": null, "adm4_name1": null, "adm4_name2": null, "adm4_name3": null, "adm4_pcode": null, "adm3_name": "Lafou", "adm3_name1": null, "adm3_name2": null, "adm3_name3": null, "adm3_pcode": "GN00600305", "adm2_name": "Lelouma", "adm2_name1": null, "adm2_name2": null, "adm2_name3": null, "adm2_pcode": "GN006003", "adm1_name": "Labe", "adm1_name1": null, "adm1_name2": null, "adm1_name3": null, "adm1_pcode": "GN006", "adm0_name": "Guinée", "adm0_name1": null, "adm0_name2": null, "adm0_name3": null, "adm0_pcode": "GN", "valid_on": "2016-03-04", "valid_to": null, "version": "v01", "lang": "fr", "lang1": null, "lang2": null, "lang3": null }, "geometry": { "type": "Point", "coordinates": [ -12.443978501999823, 11.61897050000016 ] } },
{ "type": "Feature", "properties": { "admin_level": 3, "name": "Laine", "name1": null, "name2": null, "name3": null, "x_coord": -8.44037059, "y_coord": 8.03799, "adm4_name": null, "adm4_name1": null, "adm4_name2": null, "adm4_name3": null, "adm4_pcode": null, "adm3_name": "Laine", "adm3_name1": null, "adm3_name2": null, "adm3_name3": null, "adm3_pcode": "GN00800306", "adm2_name": "Lola", "adm2_name1": null, "adm2_name2": null, "adm2_name3": null, "adm2_pcode": "GN008003", "adm1_name": "Nzerekore", "adm1_name1": null, "adm1_name2": null, "adm1_name3": null, "adm1_pcode": "GN008", "adm0_name": "Guinée", "adm0_name1": null, "adm0_name2": null, "adm0_name3": null, "adm0_pcode": "GN", "valid_on": "2016-03-04", "valid_to": null, "version": "v01", "lang": "fr", "lang1": null, "lang2": null, "lang3": null }, "geometry": { "type": "Point", "coordinates": [ -8.440370587999894, 8.03799 ] } },
{ "type": "Feature", "properties": { "admin_level": 3, "name": "Koumandou", "name1": null, "name2": null, "name3": null, "x_coord": -7.97515556, "y_coord": 9.209396, "adm4_name": null, "adm4_name1": null, "adm4_name2": null, "adm4_name3": null, "adm4_pcode": null, "adm3_name": "Koumandou", "adm3_name1": null, "adm3_name2": null, "adm3_name3": null, "adm3_pcode": "GN00800109", "adm2_name": "Beyla", "adm2_name1": null, "adm2_name2": null, "adm2_name3": null, "adm2_pcode": "GN008001", "adm1_name": "Nzerekore", "adm1_name1": null, "adm1_name2": null, "adm1_name3": null, "adm1_pcode": "GN008", "adm0_name": "Guinée", "adm0_name1": null, "adm0_name2": null, "adm0_name3": null, "adm0_pcode": "GN", "valid_on": "2016-03-04", "valid_to": null, "version": "v01", "lang": "fr", "lang1": null, "lang2": null, "lang3": null }, "geometry": { "type": "Point", "coordinates": [ -7.975155563999976, 9.20939600000014 ] } },
{ "type": "Feature", "properties": { "admin_level": 3, "name": "Koundou", "name1": null, "name2": null, "name3": null, "x_coord": -10.41037063, "y_coord": 8.6328665, "adm4_name": null, "adm4_name1": null, "adm4_name2": null, "adm4_name3": null, "adm4_pcode": null, "adm3_name": "Koundou", "adm3_name1": null, "adm3_name2": null, "adm3_name3": null, "adm3_pcode": "GN00800206", "adm2_name": "Gueckedou", "adm2_name1": null, "adm2_name2": null, "adm2_name3": null, "adm2_pcode": "GN008002", "adm1_name": "Nzerekore", "adm1_name1": null, "adm1_name2": null, "adm1_name3": null, "adm1_pcode": "GN008", "adm0_name": "Guinée", "adm0_name1": null, "adm0_name2": null, "adm0_name3": null, "adm0_pcode": "GN", "valid_on": "2016-03-04", "valid_to": null, "version": "v01", "lang": "fr", "lang1": null, "lang2": null, "lang3": null }, "geometry": { "type": "Point", "coordinates": [ -10.41037062699985, 8.632866500000148 ] } },
{ "type": "Feature", "properties": { "admin_level": 3, "name": "Koumban", "name1": null, "name2": null, "name3": null, "x_coord": -9.53207799, "y_coord": 10.2355215, "adm4_name": null, "adm4_name1": null, "adm4_name2": null, "adm4_name3": null, "adm4_pcode": null, "adm3_name": "Koumban", "adm3_name1": null, "adm3_name2": null, "adm3_name3": null, "adm3_pcode": "GN00400107", "adm2_name": "Kankan", "adm2_name1": null, "adm2_name2": null, "adm2_name3": null, "adm2_pcode": "GN004001", "adm1_name": "Kankan", "adm1_name1": null, "adm1_name2": null, "adm1_name3": null, "adm1_pcode": "GN004", "adm0_name": "Guinée", "adm0_name1": null, "adm0_name2": null, "adm0_name3": null, "adm0_pcode": "GN", "valid_on": "2016-03-04", "valid_to": null, "version": "v01", "lang": "fr", "lang1": null, "lang2": null, "lang3": null }, "geometry": { "type": "Point", "coordinates": [ -9.532077991999813, 10.235521500000118 ] } },
{ "type": "Feature", "properties": { "admin_level": 3, "name": "Lansanaya", "name1": null, "name2": null, "name3": null, "x_coord": -10.94441224, "y_coord": 11.386677, "adm4_name": null, "adm4_name1": null, "adm4_name2": null, "adm4_name3": null, "adm4_pcode": null, "adm3_name": "Lansanaya", "adm3_name1": null, "adm3_name2": null, "adm3_name3": null, "adm3_pcode": "GN00300207", "adm2_name": "Dinguiraye", "adm2_name1": null, "adm2_name2": null, "adm2_name3": null, "adm2_pcode": "GN003002", "adm1_name": "Faranah", "adm1_name1": null, "adm1_name2": null, "adm1_name3": null, "adm1_pcode": "GN003", "adm0_name": "Guinée", "adm0_name1": null, "adm0_name2": null, "adm0_name3": null, "adm0_pcode": "GN", "valid_on": "2016-03-04", "valid_to": null, "version": "v01", "lang": "fr", "lang1": null, "lang2": null, "lang3": null }, "geometry": { "type": "Point", "coordinates": [ -10.944412240999952, 11.386677000000134 ] } },
{ "type": "Feature", "properties": { "admin_level": 3, "name": "Lebekeren", "name1": null, "name2": null, "name3": null, "x_coord": -12.33972507, "y_coord": 12.2265545, "adm4_name": null, "adm4_name1": null, "adm4_name2": null, "adm4_name3": null, "adm4_pcode": null, "adm3_name": "Lebekeren", "adm3_name1": null, "adm3_name2": null, "adm3_name3": null, "adm3_pcode": "GN00600407", "adm2_name": "Mali", "adm2_name1": null, "adm2_name2": null, "adm2_name3": null, "adm2_pcode": "GN006004", "adm1_name": "Labe", "adm1_name1": null, "adm1_name2": null, "adm1_name3": null, "adm1_pcode": "GN006", "adm0_name": "Guinée", "adm0_name1": null, "adm0_name2": null, "adm0_name3": null, "adm0_pcode": "GN", "valid_on": "2016-03-04", "valid_to": null, "version": "v01", "lang": "fr", "lang1": null, "lang2": null, "lang3": null }, "geometry": { "type": "Point", "coordinates": [ -12.339725066999847, 12.226554500000134 ] } },
{ "type": "Feature", "properties": { "admin_level": 3, "name": "Koumbia", "name1": null, "name2": null, "name3": null, "x_coord": -13.47032031, "y_coord": 11.70740593, "adm4_name": null, "adm4_name1": null, "adm4_name2": null, "adm4_name3": null, "adm4_pcode": null, "adm3_name": "Koumbia", "adm3_name1": null, "adm3_name2": null, "adm3_name3": null, "adm3_pcode": "GN00100304", "adm2_name": "Gaoual", "adm2_name1": null, "adm2_name2": null, "adm2_name3": null, "adm2_pcode": "GN001003", "adm1_name": "Boke", "adm1_name1": null, "adm1_name2": null, "adm1_name3": null, "adm1_pcode": "GN001", "adm0_name": "Guinée", "adm0_name1": null, "adm0_name2": null, "adm0_name3": null, "adm0_pcode": "GN", "valid_on": "2016-03-04", "valid_to": null, "version": "v01", "lang": "fr", "lang1": null, "lang2": null, "lang3": null }, "geometry": { "type": "Point", "coordinates": [ -13.470320308999931, 11.707405929000117 ] } },
{ "type": "Feature", "properties": { "admin_level": 3, "name": "Koundara Ctre", "name1": null, "name2": null, "name3": null, "x_coord": -13.26979173, "y_coord": 12.4863725, "adm4_name": null, "adm4_name1": null, "adm4_name2": null, "adm4_name3": null, "adm4_pcode": null, "adm3_name": "Koundara Ctre", "adm3_name1": null, "adm3_name2": null, "adm3_name3": null, "adm3_pcode": "GN00100403", "adm2_name": "Koundara", "adm2_name1": null, "adm2_name2": null, "adm2_name3": null, "adm2_pcode": "GN001004", "adm1_name": "Boke", "adm1_name1": null, "adm1_name2": null, "adm1_name3": null, "adm1_pcode": "GN001", "adm0_name": "Guinée", "adm0_name1": null, "adm0_name2": null, "adm0_name3": null, "adm0_pcode": "GN", "valid_on": "2016-03-04", "valid_to": null, "version": "v01", "lang": "fr", "lang1": null, "lang2": null, "lang3": null }, "geometry": { "type": "Point", "coordinates": [ -13.26979172599988, 12.486372500000073 ] } },
{ "type": "Feature", "properties": { "admin_level": 3, "name": "Koundian", "name1": null, "name2": null, "name3": null, "x_coord": -8.96999203, "y_coord": 10.837908, "adm4_name": null, "adm4_name1": null, "adm4_name2": null, "adm4_name3": null, "adm4_pcode": null, "adm3_name": "Koundian", "adm3_name1": null, "adm3_name2": null, "adm3_name3": null, "adm3_pcode": "GN00400406", "adm2_name": "Mandiana", "adm2_name1": null, "adm2_name2": null, "adm2_name3": null, "adm2_pcode": "GN004004", "adm1_name": "Kankan", "adm1_name1": null, "adm1_name2": null, "adm1_name3": null, "adm1_pcode": "GN004", "adm0_name": "Guinée", "adm0_name1": null, "adm0_name2": null, "adm0_name3": null, "adm0_pcode": "GN", "valid_on": "2016-03-04", "valid_to": null, "version": "v01", "lang": "fr", "lang1": null, "lang2": null, "lang3": null }, "geometry": { "type": "Point", "coordinates": [ -8.969992024999954, 10.837908 ] } },
{ "type": "Feature", "properties": { "admin_level": 3, "name": "Koundianakoro", "name1": null, "name2": null, "name3": null, "x_coord": -8.67068234, "y_coord": 11.1791645, "adm4_name": null, "adm4_name1": null, "adm4_name2": null, "adm4_name3": null, "adm4_pcode": null, "adm3_name": "Koundianakoro", "adm3_name1": null, "adm3_name2": null, "adm3_name3": null, "adm3_pcode": "GN00400407", "adm2_name": "Mandiana", "adm2_name1": null, "adm2_name2": null, "adm2_name3": null, "adm2_pcode": "GN004004", "adm1_name": "Kankan", "adm1_name1": null, "adm1_name2": null, "adm1_name3": null, "adm1_pcode": "GN004", "adm0_name": "Guinée", "adm0_name1": null, "adm0_name2": null, "adm0_name3": null, "adm0_pcode": "GN", "valid_on": "2016-03-04", "valid_to": null, "version": "v01", "lang": "fr", "lang1": null, "lang2": null, "lang3": null }, "geometry": { "type": "Point", "coordinates": [ -8.670682335999913, 11.179164501000116 ] } },
{ "type": "Feature", "properties": { "admin_level": 3, "name": "Maneah", "name1": null, "name2": null, "name3": null, "x_coord": -13.44905226, "y_coord": 9.70672, "adm4_name": null, "adm4_name1": null, "adm4_name2": null, "adm4_name3": null, "adm4_pcode": null, "adm3_name": "Maneah", "adm3_name1": null, "adm3_name2": null, "adm3_name3": null, "adm3_pcode": "GN00500103", "adm2_name": "Coyah", "adm2_name1": null, "adm2_name2": null, "adm2_name3": null, "adm2_pcode": "GN005001", "adm1_name": "Kindia", "adm1_name1": null, "adm1_name2": null, "adm1_name3": null, "adm1_pcode": "GN005", "adm0_name": "Guinée", "adm0_name1": null, "adm0_name2": null, "adm0_name3": null, "adm0_pcode": "GN", "valid_on": "2016-03-04", "valid_to": null, "version": "v01", "lang": "fr", "lang1": null, "lang2": null, "lang3": null }, "geometry": { "type": "Point", "coordinates": [ -13.449052263999931, 9.706720000000132 ] } },
{ "type": "Feature", "properties": { "admin_level": 3, "name": "Kounkoure", "name1": null, "name2": null, "name3": null, "x_coord": -12.30757759, "y_coord": 10.3777965, "adm4_name": null, "adm4_name1": null, "adm4_name2": null, "adm4_name3": null, "adm4_pcode": null, "adm3_name": "Kounkoure", "adm3_name1": null, "adm3_name2": null, "adm3_name3": null, "adm3_pcode": "GN00700205", "adm2_name": "Mamou", "adm2_name1": null, "adm2_name2": null, "adm2_name3": null, "adm2_pcode": "GN007002", "adm1_name": "Mamou", "adm1_name1": null, "adm1_name2": null, "adm1_name3": null, "adm1_pcode": "GN007", "adm0_name": "Guinée", "adm0_name1": null, "adm0_name2": null, "adm0_name3": null, "adm0_pcode": "GN", "valid_on": "2016-03-04", "valid_to": null, "version": "v01", "lang": "fr", "lang1": null, "lang2": null, "lang3": null }, "geometry": { "type": "Point", "coordinates": [ -12.30757759099987, 10.377796500000045 ] } },
{ "type": "Feature", "properties": { "admin_level": 3, "name": "Lelouma Ctre", "name1": null, "name2": null, "name3": null, "x_coord": -12.6810266, "y_coord": 11.453503, "adm4_name": null, "adm4_name1": null, "adm4_name2": null, "adm4_name3": null, "adm4_pcode": null, "adm3_name": "Lelouma Ctre", "adm3_name1": null, "adm3_name2": null, "adm3_name3": null, "adm3_pcode": "GN00600306", "adm2_name": "Lelouma", "adm2_name1": null, "adm2_name2": null, "adm2_name3": null, "adm2_pcode": "GN006003", "adm1_name": "Labe", "adm1_name1": null, "adm1_name2": null, "adm1_name3": null, "adm1_pcode": "GN006", "adm0_name": "Guinée", "adm0_name1": null, "adm0_name2": null, "adm0_name3": null, "adm0_pcode": "GN", "valid_on": "2016-03-04", "valid_to": null, "version": "v01", "lang": "fr", "lang1": null, "lang2": null, "lang3": null }, "geometry": { "type": "Point", "coordinates": [ -12.681026604999886, 11.453503 ] } },
{ "type": "Feature", "properties": { "admin_level": 3, "name": "Ley Miro", "name1": null, "name2": null, "name3": null, "x_coord": -12.8531504, "y_coord": 10.9175605, "adm4_name": null, "adm4_name1": null, "adm4_name2": null, "adm4_name3": null, "adm4_pcode": null, "adm3_name": "Ley Miro", "adm3_name1": null, "adm3_name2": null, "adm3_name3": null, "adm3_pcode": "GN00700305", "adm2_name": "Pita", "adm2_name1": null, "adm2_name2": null, "adm2_name3": null, "adm2_pcode": "GN007003", "adm1_name": "Mamou", "adm1_name1": null, "adm1_name2": null, "adm1_name3": null, "adm1_pcode": "GN007", "adm0_name": "Guinée", "adm0_name1": null, "adm0_name2": null, "adm0_name3": null, "adm0_pcode": "GN", "valid_on": "2016-03-04", "valid_to": null, "version": "v01", "lang": "fr", "lang1": null, "lang2": null, "lang3": null }, "geometry": { "type": "Point", "coordinates": [ -12.853150396999979, 10.917560500000093 ] } },
{ "type": "Feature", "properties": { "admin_level": 3, "name": "Kounsitel", "name1": null, "name2": null, "name3": null, "x_coord": -12.97198392, "y_coord": 11.884295, "adm4_name": null, "adm4_name1": null, "adm4_name2": null, "adm4_name3": null, "adm4_pcode": null, "adm3_name": "Kounsitel", "adm3_name1": null, "adm3_name2": null, "adm3_name3": null, "adm3_pcode": "GN00100305", "adm2_name": "Gaoual", "adm2_name1": null, "adm2_name2": null, "adm2_name3": null, "adm2_pcode": "GN001003", "adm1_name": "Boke", "adm1_name1": null, "adm1_name2": null, "adm1_name3": null, "adm1_pcode": "GN001", "adm0_name": "Guinée", "adm0_name1": null, "adm0_name2": null, "adm0_name3": null, "adm0_pcode": "GN", "valid_on": "2016-03-04", "valid_to": null, "version": "v01", "lang": "fr", "lang1": null, "lang2": null, "lang3": null }, "geometry": { "type": "Point", "coordinates": [ -12.971983918999911, 11.884295000000122 ] } },
{ "type": "Feature", "properties": { "admin_level": 3, "name": "Kouramangui", "name1": null, "name2": null, "name3": null, "x_coord": -12.37576239, "y_coord": 11.573033, "adm4_name": null, "adm4_name1": null, "adm4_name2": null, "adm4_name3": null, "adm4_pcode": null, "adm3_name": "Kouramangui", "adm3_name1": null, "adm3_name2": null, "adm3_name3": null, "adm3_pcode": "GN00600208", "adm2_name": "Labe", "adm2_name1": null, "adm2_name2": null, "adm2_name3": null, "adm2_pcode": "GN006002", "adm1_name": "Labe", "adm1_name1": null, "adm1_name2": null, "adm1_name3": null, "adm1_pcode": "GN006", "adm0_name": "Guinée", "adm0_name1": null, "adm0_name2": null, "adm0_name3": null, "adm0_pcode": "GN", "valid_on": "2016-03-04", "valid_to": null, "version": "v01", "lang": "fr", "lang1": null, "lang2": null, "lang3": null }, "geometry": { "type": "Point", "coordinates": [ -12.375762385999963, 11.57303300000018 ] } },
{ "type": "Feature", "properties": { "admin_level": 3, "name": "Kouratongo", "name1": null, "name2": null, "name3": null, "x_coord": -11.37361161, "y_coord": 11.700836, "adm4_name": null, "adm4_name1": null, "adm4_name2": null, "adm4_name3": null, "adm4_pcode": null, "adm3_name": "Kouratongo", "adm3_name1": null, "adm3_name2": null, "adm3_name3": null, "adm3_pcode": "GN00600508", "adm2_name": "Tougue", "adm2_name1": null, "adm2_name2": null, "adm2_name3": null, "adm2_pcode": "GN006005", "adm1_name": "Labe", "adm1_name1": null, "adm1_name2": null, "adm1_name3": null, "adm1_pcode": "GN006", "adm0_name": "Guinée", "adm0_name1": null, "adm0_name2": null, "adm0_name3": null, "adm0_pcode": "GN", "valid_on": "2016-03-04", "valid_to": null, "version": "v01", "lang": "fr", "lang1": null, "lang2": null, "lang3": null }, "geometry": { "type": "Point", "coordinates": [ -11.37361160699993, 11.700836000000152 ] } },
{ "type": "Feature", "properties": { "admin_level": 3, "name": "Kouria", "name1": null, "name2": null, "name3": null, "x_coord": -13.32753742, "y_coord": 9.841915, "adm4_name": null, "adm4_name1": null, "adm4_name2": null, "adm4_name3": null, "adm4_pcode": null, "adm3_name": "Kouria", "adm3_name1": null, "adm3_name2": null, "adm3_name3": null, "adm3_pcode": "GN00500102", "adm2_name": "Coyah", "adm2_name1": null, "adm2_name2": null, "adm2_name3": null, "adm2_pcode": "GN005001", "adm1_name": "Kindia", "adm1_name1": null, "adm1_name2": null, "adm1_name3": null, "adm1_pcode": "GN005", "adm0_name": "Guinée", "adm0_name1": null, "adm0_name2": null, "adm0_name3": null, "adm0_pcode": "GN", "valid_on": "2016-03-04", "valid_to": null, "version": "v01", "lang": "fr", "lang1": null, "lang2": null, "lang3": null }, "geometry": { "type": "Point", "coordinates": [ -13.327537415999927, 9.841915000000142 ] } },
{ "type": "Feature", "properties": { "admin_level": 3, "name": "Kouroussa Ctre", "name1": null, "name2": null, "name3": null, "x_coord": -9.8698196, "y_coord": 10.6608085, "adm4_name": null, "adm4_name1": null, "adm4_name2": null, "adm4_name3": null, "adm4_pcode": null, "adm3_name": "Kouroussa Ctre", "adm3_name1": null, "adm3_name2": null, "adm3_name3": null, "adm3_pcode": "GN00400311", "adm2_name": "Kouroussa", "adm2_name1": null, "adm2_name2": null, "adm2_name3": null, "adm2_pcode": "GN004003", "adm1_name": "Kankan", "adm1_name1": null, "adm1_name2": null, "adm1_name3": null, "adm1_pcode": "GN004", "adm0_name": "Guinée", "adm0_name1": null, "adm0_name2": null, "adm0_name3": null, "adm0_pcode": "GN", "valid_on": "2016-03-04", "valid_to": null, "version": "v01", "lang": "fr", "lang1": null, "lang2": null, "lang3": null }, "geometry": { "type": "Point", "coordinates": [ -9.869819603999929, 10.660808500000144 ] } },
{ "type": "Feature", "properties": { "admin_level": 3, "name": "Koyamah", "name1": null, "name2": null, "name3": null, "x_coord": -9.32070904, "y_coord": 7.861399, "adm4_name": null, "adm4_name1": null, "adm4_name2": null, "adm4_name3": null, "adm4_pcode": null, "adm3_name": "Koyamah", "adm3_name1": null, "adm3_name2": null, "adm3_name3": null, "adm3_pcode": "GN00800407", "adm2_name": "Macenta", "adm2_name1": null, "adm2_name2": null, "adm2_name3": null, "adm2_pcode": "GN008004", "adm1_name": "Nzerekore", "adm1_name1": null, "adm1_name2": null, "adm1_name3": null, "adm1_pcode": "GN008", "adm0_name": "Guinée", "adm0_name1": null, "adm0_name2": null, "adm0_name3": null, "adm0_pcode": "GN", "valid_on": "2016-03-04", "valid_to": null, "version": "v01", "lang": "fr", "lang1": null, "lang2": null, "lang3": null }, "geometry": { "type": "Point", "coordinates": [ -9.320709035999926, 7.861399 ] } },
{ "type": "Feature", "properties": { "admin_level": 3, "name": "Marella", "name1": null, "name2": null, "name3": null, "x_coord": -11.32305547, "y_coord": 10.20219, "adm4_name": null, "adm4_name1": null, "adm4_name2": null, "adm4_name3": null, "adm4_pcode": null, "adm3_name": "Marella", "adm3_name1": null, "adm3_name2": null, "adm3_name3": null, "adm3_pcode": "GN00300307", "adm2_name": "Faranah", "adm2_name1": null, "adm2_name2": null, "adm2_name3": null, "adm2_pcode": "GN003003", "adm1_name": "Faranah", "adm1_name1": null, "adm1_name2": null, "adm1_name3": null, "adm1_pcode": "GN003", "adm0_name": "Guinée", "adm0_name1": null, "adm0_name2": null, "adm0_name3": null, "adm0_pcode": "GN", "valid_on": "2016-03-04", "valid_to": null, "version": "v01", "lang": "fr", "lang1": null, "lang2": null, "lang3": null }, "geometry": { "type": "Point", "coordinates": [ -11.323055471999965, 10.20219 ] } },
{ "type": "Feature", "properties": { "admin_level": 3, "name": "Linko", "name1": null, "name2": null, "name3": null, "x_coord": -8.74790104, "y_coord": 9.4668335, "adm4_name": null, "adm4_name1": null, "adm4_name2": null, "adm4_name3": null, "adm4_pcode": null, "adm3_name": "Linko", "adm3_name1": null, "adm3_name2": null, "adm3_name3": null, "adm3_pcode": "GN00400206", "adm2_name": "Kerouane", "adm2_name1": null, "adm2_name2": null, "adm2_name3": null, "adm2_pcode": "GN004002", "adm1_name": "Kankan", "adm1_name1": null, "adm1_name2": null, "adm1_name3": null, "adm1_pcode": "GN004", "adm0_name": "Guinée", "adm0_name1": null, "adm0_name2": null, "adm0_name3": null, "adm0_pcode": "GN", "valid_on": "2016-03-04", "valid_to": null, "version": "v01", "lang": "fr", "lang1": null, "lang2": null, "lang3": null }, "geometry": { "type": "Point", "coordinates": [ -8.747901036999906, 9.466833500000121 ] } },
{ "type": "Feature", "properties": { "admin_level": 3, "name": "Linsan Saran", "name1": null, "name2": null, "name3": null, "x_coord": -12.68954364, "y_coord": 11.789976, "adm4_name": null, "adm4_name1": null, "adm4_name2": null, "adm4_name3": null, "adm4_pcode": null, "adm3_name": "Linsan Saran", "adm3_name1": null, "adm3_name2": null, "adm3_name3": null, "adm3_pcode": "GN00600307", "adm2_name": "Lelouma", "adm2_name1": null, "adm2_name2": null, "adm2_name3": null, "adm2_pcode": "GN006003", "adm1_name": "Labe", "adm1_name1": null, "adm1_name2": null, "adm1_name3": null, "adm1_pcode": "GN006", "adm0_name": "Guinée", "adm0_name1": null, "adm0_name2": null, "adm0_name3": null, "adm0_pcode": "GN", "valid_on": "2016-03-04", "valid_to": null, "version": "v01", "lang": "fr", "lang1": null, "lang2": null, "lang3": null }, "geometry": { "type": "Point", "coordinates": [ -12.689543642999979, 11.789976 ] } },
{ "type": "Feature", "properties": { "admin_level": 3, "name": "Lisso", "name1": null, "name2": null, "name3": null, "x_coord": -13.84990222, "y_coord": 10.43689, "adm4_name": null, "adm4_name1": null, "adm4_name2": null, "adm4_name3": null, "adm4_pcode": null, "adm3_name": "Lisso", "adm3_name1": null, "adm3_name2": null, "adm3_name3": null, "adm3_pcode": "GN00100105", "adm2_name": "Boffa", "adm2_name1": null, "adm2_name2": null, "adm2_name3": null, "adm2_pcode": "GN001001", "adm1_name": "Boke", "adm1_name1": null, "adm1_name2": null, "adm1_name3": null, "adm1_pcode": "GN001", "adm0_name": "Guinée", "adm0_name1": null, "adm0_name2": null, "adm0_name3": null, "adm0_pcode": "GN", "valid_on": "2016-03-04", "valid_to": null, "version": "v01", "lang": "fr", "lang1": null, "lang2": null, "lang3": null }, "geometry": { "type": "Point", "coordinates": [ -13.849902219999876, 10.43689 ] } },
{ "type": "Feature", "properties": { "admin_level": 3, "name": "Lola Ctre", "name1": null, "name2": null, "name3": null, "x_coord": -8.4753361, "y_coord": 7.786557, "adm4_name": null, "adm4_name1": null, "adm4_name2": null, "adm4_name3": null, "adm4_pcode": null, "adm3_name": "Lola Ctre", "adm3_name1": null, "adm3_name2": null, "adm3_name3": null, "adm3_pcode": "GN00800307", "adm2_name": "Lola", "adm2_name1": null, "adm2_name2": null, "adm2_name3": null, "adm2_pcode": "GN008003", "adm1_name": "Nzerekore", "adm1_name1": null, "adm1_name2": null, "adm1_name3": null, "adm1_pcode": "GN008", "adm0_name": "Guinée", "adm0_name1": null, "adm0_name2": null, "adm0_name3": null, "adm0_pcode": "GN", "valid_on": "2016-03-04", "valid_to": null, "version": "v01", "lang": "fr", "lang1": null, "lang2": null, "lang3": null }, "geometry": { "type": "Point", "coordinates": [ -8.475336099999879, 7.786557000000187 ] } },
{ "type": "Feature", "properties": { "admin_level": 3, "name": "Macenta Ctre", "name1": null, "name2": null, "name3": null, "x_coord": -9.46698557, "y_coord": 8.53933, "adm4_name": null, "adm4_name1": null, "adm4_name2": null, "adm4_name3": null, "adm4_pcode": null, "adm3_name": "Macenta Ctre", "adm3_name1": null, "adm3_name2": null, "adm3_name3": null, "adm3_pcode": "GN00800408", "adm2_name": "Macenta", "adm2_name1": null, "adm2_name2": null, "adm2_name3": null, "adm2_pcode": "GN008004", "adm1_name": "Nzerekore", "adm1_name1": null, "adm1_name2": null, "adm1_name3": null, "adm1_pcode": "GN008", "adm0_name": "Guinée", "adm0_name1": null, "adm0_name2": null, "adm0_name3": null, "adm0_pcode": "GN", "valid_on": "2016-03-04", "valid_to": null, "version": "v01", "lang": "fr", "lang1": null, "lang2": null, "lang3": null }, "geometry": { "type": "Point", "coordinates": [ -9.466985572999931, 8.53933000000012 ] } },
{ "type": "Feature", "properties": { "admin_level": 3, "name": "Maci", "name1": null, "name2": null, "name3": null, "x_coord": -12.56851143, "y_coord": 10.844699, "adm4_name": null, "adm4_name1": null, "adm4_name2": null, "adm4_name3": null, "adm4_pcode": null, "adm3_name": "Maci", "adm3_name1": null, "adm3_name2": null, "adm3_name3": null, "adm3_pcode": "GN00700306", "adm2_name": "Pita", "adm2_name1": null, "adm2_name2": null, "adm2_name3": null, "adm2_pcode": "GN007003", "adm1_name": "Mamou", "adm1_name1": null, "adm1_name2": null, "adm1_name3": null, "adm1_pcode": "GN007", "adm0_name": "Guinée", "adm0_name1": null, "adm0_name2": null, "adm0_name3": null, "adm0_pcode": "GN", "valid_on": "2016-03-04", "valid_to": null, "version": "v01", "lang": "fr", "lang1": null, "lang2": null, "lang3": null }, "geometry": { "type": "Point", "coordinates": [ -12.568511425999873, 10.844699000000105 ] } },
{ "type": "Feature", "properties": { "admin_level": 3, "name": "Manfran", "name1": null, "name2": null, "name3": null, "x_coord": -9.79858382, "y_coord": 9.4064, "adm4_name": null, "adm4_name1": null, "adm4_name2": null, "adm4_name3": null, "adm4_pcode": null, "adm3_name": "Manfran", "adm3_name1": null, "adm3_name2": null, "adm3_name3": null, "adm3_pcode": "GN00300410", "adm2_name": "Kissidougou", "adm2_name1": null, "adm2_name2": null, "adm2_name3": null, "adm2_pcode": "GN003004", "adm1_name": "Faranah", "adm1_name1": null, "adm1_name2": null, "adm1_name3": null, "adm1_pcode": "GN003", "adm0_name": "Guinée", "adm0_name1": null, "adm0_name2": null, "adm0_name3": null, "adm0_pcode": "GN", "valid_on": "2016-03-04", "valid_to": null, "version": "v01", "lang": "fr", "lang1": null, "lang2": null, "lang3": null }, "geometry": { "type": "Point", "coordinates": [ -9.798583819999976, 9.406400000000133 ] } },
{ "type": "Feature", "properties": { "admin_level": 3, "name": "Madina Oula", "name1": null, "name2": null, "name3": null, "x_coord": -12.47577739, "y_coord": 9.912505, "adm4_name": null, "adm4_name1": null, "adm4_name2": null, "adm4_name3": null, "adm4_pcode": null, "adm3_name": "Madina Oula", "adm3_name1": null, "adm3_name2": null, "adm3_name3": null, "adm3_pcode": "GN00500406", "adm2_name": "Kindia", "adm2_name1": null, "adm2_name2": null, "adm2_name3": null, "adm2_pcode": "GN005004", "adm1_name": "Kindia", "adm1_name1": null, "adm1_name2": null, "adm1_name3": null, "adm1_pcode": "GN005", "adm0_name": "Guinée", "adm0_name1": null, "adm0_name2": null, "adm0_name3": null, "adm0_pcode": "GN", "valid_on": "2016-03-04", "valid_to": null, "version": "v01", "lang": "fr", "lang1": null, "lang2": null, "lang3": null }, "geometry": { "type": "Point", "coordinates": [ -12.475777386999823, 9.912505000000124 ] } },
{ "type": "Feature", "properties": { "admin_level": 3, "name": "Madina Wora", "name1": null, "name2": null, "name3": null, "x_coord": -12.58763851, "y_coord": 12.025814, "adm4_name": null, "adm4_name1": null, "adm4_name2": null, "adm4_name3": null, "adm4_pcode": null, "adm3_name": "Madina Wora", "adm3_name1": null, "adm3_name2": null, "adm3_name3": null, "adm3_pcode": "GN00600408", "adm2_name": "Mali", "adm2_name1": null, "adm2_name2": null, "adm2_name3": null, "adm2_pcode": "GN006004", "adm1_name": "Labe", "adm1_name1": null, "adm1_name2": null, "adm1_name3": null, "adm1_pcode": "GN006", "adm0_name": "Guinée", "adm0_name1": null, "adm0_name2": null, "adm0_name3": null, "adm0_pcode": "GN", "valid_on": "2016-03-04", "valid_to": null, "version": "v01", "lang": "fr", "lang1": null, "lang2": null, "lang3": null }, "geometry": { "type": "Point", "coordinates": [ -12.587638512999888, 12.025814 ] } },
{ "type": "Feature", "properties": { "admin_level": 3, "name": "Mafara", "name1": null, "name2": null, "name3": null, "x_coord": -11.89720742, "y_coord": 10.9397885, "adm4_name": null, "adm4_name1": null, "adm4_name2": null, "adm4_name3": null, "adm4_pcode": null, "adm3_name": "Mafara", "adm3_name1": null, "adm3_name2": null, "adm3_name3": null, "adm3_pcode": "GN00700108", "adm2_name": "Dalaba", "adm2_name1": null, "adm2_name2": null, "adm2_name3": null, "adm2_pcode": "GN007001", "adm1_name": "Mamou", "adm1_name1": null, "adm1_name2": null, "adm1_name3": null, "adm1_pcode": "GN007", "adm0_name": "Guinée", "adm0_name1": null, "adm0_name2": null, "adm0_name3": null, "adm0_pcode": "GN", "valid_on": "2016-03-04", "valid_to": null, "version": "v01", "lang": "fr", "lang1": null, "lang2": null, "lang3": null }, "geometry": { "type": "Point", "coordinates": [ -11.897207418999926, 10.939788500000134 ] } },
{ "type": "Feature", "properties": { "admin_level": 3, "name": "Maferinya", "name1": null, "name2": null, "name3": null, "x_coord": -13.30761511, "y_coord": 9.45762542, "adm4_name": null, "adm4_name1": null, "adm4_name2": null, "adm4_name3": null, "adm4_pcode": null, "adm3_name": "Maferinya", "adm3_name1": null, "adm3_name2": null, "adm3_name3": null, "adm3_pcode": "GN00500308", "adm2_name": "Forecariah", "adm2_name1": null, "adm2_name2": null, "adm2_name3": null, "adm2_pcode": "GN005003", "adm1_name": "Kindia", "adm1_name1": null, "adm1_name2": null, "adm1_name3": null, "adm1_pcode": "GN005", "adm0_name": "Guinée", "adm0_name1": null, "adm0_name2": null, "adm0_name3": null, "adm0_pcode": "GN", "valid_on": "2016-03-04", "valid_to": null, "version": "v01", "lang": "fr", "lang1": null, "lang2": null, "lang3": null }, "geometry": { "type": "Point", "coordinates": [ -13.30761511299994, 9.457625417000031 ] } },
{ "type": "Feature", "properties": { "admin_level": 3, "name": "Malanta", "name1": null, "name2": null, "name3": null, "x_coord": -12.79393368, "y_coord": 11.576967, "adm4_name": null, "adm4_name1": null, "adm4_name2": null, "adm4_name3": null, "adm4_pcode": null, "adm3_name": "Malanta", "adm3_name1": null, "adm3_name2": null, "adm3_name3": null, "adm3_pcode": "GN00100306", "adm2_name": "Gaoual", "adm2_name1": null, "adm2_name2": null, "adm2_name3": null, "adm2_pcode": "GN001003", "adm1_name": "Boke", "adm1_name1": null, "adm1_name2": null, "adm1_name3": null, "adm1_pcode": "GN001", "adm0_name": "Guinée", "adm0_name1": null, "adm0_name2": null, "adm0_name3": null, "adm0_pcode": "GN", "valid_on": "2016-03-04", "valid_to": null, "version": "v01", "lang": "fr", "lang1": null, "lang2": null, "lang3": null }, "geometry": { "type": "Point", "coordinates": [ -12.793933679999896, 11.576967 ] } },
{ "type": "Feature", "properties": { "admin_level": 3, "name": "Manda", "name1": null, "name2": null, "name3": null, "x_coord": -12.62670569, "y_coord": 11.6746385, "adm4_name": null, "adm4_name1": null, "adm4_name2": null, "adm4_name3": null, "adm4_pcode": null, "adm3_name": "Manda", "adm3_name1": null, "adm3_name2": null, "adm3_name3": null, "adm3_pcode": "GN00600308", "adm2_name": "Lelouma", "adm2_name1": null, "adm2_name2": null, "adm2_name3": null, "adm2_pcode": "GN006003", "adm1_name": "Labe", "adm1_name1": null, "adm1_name2": null, "adm1_name3": null, "adm1_pcode": "GN006", "adm0_name": "Guinée", "adm0_name1": null, "adm0_name2": null, "adm0_name3": null, "adm0_pcode": "GN", "valid_on": "2016-03-04", "valid_to": null, "version": "v01", "lang": "fr", "lang1": null, "lang2": null, "lang3": null }, "geometry": { "type": "Point", "coordinates": [ -12.626705690999813, 11.674638500000071 ] } },
{ "type": "Feature", "properties": { "admin_level": 3, "name": "Malapouya", "name1": null, "name2": null, "name3": null, "x_coord": -14.21121291, "y_coord": 10.706615, "adm4_name": null, "adm4_name1": null, "adm4_name2": null, "adm4_name3": null, "adm4_pcode": null, "adm3_name": "Malapouya", "adm3_name1": null, "adm3_name2": null, "adm3_name3": null, "adm3_pcode": "GN00100207", "adm2_name": "Boke", "adm2_name1": null, "adm2_name2": null, "adm2_name3": null, "adm2_pcode": "GN001002", "adm1_name": "Boke", "adm1_name1": null, "adm1_name2": null, "adm1_name3": null, "adm1_pcode": "GN001", "adm0_name": "Guinée", "adm0_name1": null, "adm0_name2": null, "adm0_name3": null, "adm0_pcode": "GN", "valid_on": "2016-03-04", "valid_to": null, "version": "v01", "lang": "fr", "lang1": null, "lang2": null, "lang3": null }, "geometry": { "type": "Point", "coordinates": [ -14.211212908999926, 10.706615000000113 ] } },
{ "type": "Feature", "properties": { "admin_level": 3, "name": "Mankountan", "name1": null, "name2": null, "name3": null, "x_coord": -14.43433437, "y_coord": 10.507515, "adm4_name": null, "adm4_name1": null, "adm4_name2": null, "adm4_name3": null, "adm4_pcode": null, "adm3_name": "Mankountan", "adm3_name1": null, "adm3_name2": null, "adm3_name3": null, "adm3_pcode": "GN00100106", "adm2_name": "Boffa", "adm2_name1": null, "adm2_name2": null, "adm2_name3": null, "adm2_pcode": "GN001001", "adm1_name": "Boke", "adm1_name1": null, "adm1_name2": null, "adm1_name3": null, "adm1_pcode": "GN001", "adm0_name": "Guinée", "adm0_name1": null, "adm0_name2": null, "adm0_name3": null, "adm0_pcode": "GN", "valid_on": "2016-03-04", "valid_to": null, "version": "v01", "lang": "fr", "lang1": null, "lang2": null, "lang3": null }, "geometry": { "type": "Point", "coordinates": [ -14.434334369999931, 10.507515000000126 ] } },
{ "type": "Feature", "properties": { "admin_level": 3, "name": "Malea", "name1": null, "name2": null, "name3": null, "x_coord": -9.7680294, "y_coord": 11.666123, "adm4_name": null, "adm4_name1": null, "adm4_name2": null, "adm4_name3": null, "adm4_pcode": null, "adm3_name": "Malea", "adm3_name1": null, "adm3_name2": null, "adm3_name3": null, "adm3_pcode": "GN00400506", "adm2_name": "Siguiri", "adm2_name1": null, "adm2_name2": null, "adm2_name3": null, "adm2_pcode": "GN004005", "adm1_name": "Kankan", "adm1_name1": null, "adm1_name2": null, "adm1_name3": null, "adm1_pcode": "GN004", "adm0_name": "Guinée", "adm0_name1": null, "adm0_name2": null, "adm0_name3": null, "adm0_pcode": "GN", "valid_on": "2016-03-04", "valid_to": null, "version": "v01", "lang": "fr", "lang1": null, "lang2": null, "lang3": null }, "geometry": { "type": "Point", "coordinates": [ -9.768029399999932, 11.666123 ] } },
{ "type": "Feature", "properties": { "admin_level": 3, "name": "Mali Ctre", "name1": null, "name2": null, "name3": null, "x_coord": -12.2319431, "y_coord": 12.0630045, "adm4_name": null, "adm4_name1": null, "adm4_name2": null, "adm4_name3": null, "adm4_pcode": null, "adm3_name": "Mali Ctre", "adm3_name1": null, "adm3_name2": null, "adm3_name3": null, "adm3_pcode": "GN00600409", "adm2_name": "Mali", "adm2_name1": null, "adm2_name2": null, "adm2_name3": null, "adm2_pcode": "GN006004", "adm1_name": "Labe", "adm1_name1": null, "adm1_name2": null, "adm1_name3": null, "adm1_pcode": "GN006", "adm0_name": "Guinée", "adm0_name1": null, "adm0_name2": null, "adm0_name3": null, "adm0_pcode": "GN", "valid_on": "2016-03-04", "valid_to": null, "version": "v01", "lang": "fr", "lang1": null, "lang2": null, "lang3": null }, "geometry": { "type": "Point", "coordinates": [ -12.231943101999946, 12.063004500000034 ] } },
{ "type": "Feature", "properties": { "admin_level": 3, "name": "Mambia", "name1": null, "name2": null, "name3": null, "x_coord": -13.10932365, "y_coord": 9.77402, "adm4_name": null, "adm4_name1": null, "adm4_name2": null, "adm4_name3": null, "adm4_pcode": null, "adm3_name": "Mambia", "adm3_name1": null, "adm3_name2": null, "adm3_name3": null, "adm3_pcode": "GN00500407", "adm2_name": "Kindia", "adm2_name1": null, "adm2_name2": null, "adm2_name3": null, "adm2_pcode": "GN005004", "adm1_name": "Kindia", "adm1_name1": null, "adm1_name2": null, "adm1_name3": null, "adm1_pcode": "GN005", "adm0_name": "Guinée", "adm0_name1": null, "adm0_name2": null, "adm0_name3": null, "adm0_pcode": "GN", "valid_on": "2016-03-04", "valid_to": null, "version": "v01", "lang": "fr", "lang1": null, "lang2": null, "lang3": null }, "geometry": { "type": "Point", "coordinates": [ -13.10932364699994, 9.77402 ] } },
{ "type": "Feature", "properties": { "admin_level": 3, "name": "Mamou Ctre", "name1": null, "name2": null, "name3": null, "x_coord": -12.12178323, "y_coord": 10.3923195, "adm4_name": null, "adm4_name1": null, "adm4_name2": null, "adm4_name3": null, "adm4_pcode": null, "adm3_name": "Mamou Ctre", "adm3_name1": null, "adm3_name2": null, "adm3_name3": null, "adm3_pcode": "GN00700206", "adm2_name": "Mamou", "adm2_name1": null, "adm2_name2": null, "adm2_name3": null, "adm2_pcode": "GN007002", "adm1_name": "Mamou", "adm1_name1": null, "adm1_name2": null, "adm1_name3": null, "adm1_pcode": "GN007", "adm0_name": "Guinée", "adm0_name1": null, "adm0_name2": null, "adm0_name3": null, "adm0_pcode": "GN", "valid_on": "2016-03-04", "valid_to": null, "version": "v01", "lang": "fr", "lang1": null, "lang2": null, "lang3": null }, "geometry": { "type": "Point", "coordinates": [ -12.121783228999959, 10.392319499999985 ] } },
{ "type": "Feature", "properties": { "admin_level": 3, "name": "Mamouroudou", "name1": null, "name2": null, "name3": null, "x_coord": -9.35917224, "y_coord": 9.5910165, "adm4_name": null, "adm4_name1": null, "adm4_name2": null, "adm4_name3": null, "adm4_pcode": null, "adm3_name": "Mamouroudou", "adm3_name1": null, "adm3_name2": null, "adm3_name3": null, "adm3_pcode": "GN00400108", "adm2_name": "Kankan", "adm2_name1": null, "adm2_name2": null, "adm2_name3": null, "adm2_pcode": "GN004001", "adm1_name": "Kankan", "adm1_name1": null, "adm1_name2": null, "adm1_name3": null, "adm1_pcode": "GN004", "adm0_name": "Guinée", "adm0_name1": null, "adm0_name2": null, "adm0_name3": null, "adm0_pcode": "GN", "valid_on": "2016-03-04", "valid_to": null, "version": "v01", "lang": "fr", "lang1": null, "lang2": null, "lang3": null }, "geometry": { "type": "Point", "coordinates": [ -9.359172243999865, 9.59101650000008 ] } },
{ "type": "Feature", "properties": { "admin_level": 3, "name": "Mandiana Ctre", "name1": null, "name2": null, "name3": null, "x_coord": -8.79469596, "y_coord": 10.60734, "adm4_name": null, "adm4_name1": null, "adm4_name2": null, "adm4_name3": null, "adm4_pcode": null, "adm3_name": "Mandiana Ctre", "adm3_name1": null, "adm3_name2": null, "adm3_name3": null, "adm3_pcode": "GN00400408", "adm2_name": "Mandiana", "adm2_name1": null, "adm2_name2": null, "adm2_name3": null, "adm2_pcode": "GN004004", "adm1_name": "Kankan", "adm1_name1": null, "adm1_name2": null, "adm1_name3": null, "adm1_pcode": "GN004", "adm0_name": "Guinée", "adm0_name1": null, "adm0_name2": null, "adm0_name3": null, "adm0_pcode": "GN", "valid_on": "2016-03-04", "valid_to": null, "version": "v01", "lang": "fr", "lang1": null, "lang2": null, "lang3": null }, "geometry": { "type": "Point", "coordinates": [ -8.79469595799992, 10.607340000000136 ] } },
{ "type": "Feature", "properties": { "admin_level": 3, "name": "Missamana", "name1": null, "name2": null, "name3": null, "x_coord": -8.91171492, "y_coord": 10.225146, "adm4_name": null, "adm4_name1": null, "adm4_name2": null, "adm4_name3": null, "adm4_pcode": null, "adm3_name": "Missamana", "adm3_name1": null, "adm3_name2": null, "adm3_name3": null, "adm3_pcode": "GN00400109", "adm2_name": "Kankan", "adm2_name1": null, "adm2_name2": null, "adm2_name3": null, "adm2_pcode": "GN004001", "adm1_name": "Kankan", "adm1_name1": null, "adm1_name2": null, "adm1_name3": null, "adm1_pcode": "GN004", "adm0_name": "Guinée", "adm0_name1": null, "adm0_name2": null, "adm0_name3": null, "adm0_pcode": "GN", "valid_on": "2016-03-04", "valid_to": null, "version": "v01", "lang": "fr", "lang1": null, "lang2": null, "lang3": null }, "geometry": { "type": "Point", "coordinates": [ -8.911714921999817, 10.225146000000166 ] } },
{ "type": "Feature", "properties": { "admin_level": 3, "name": "Missira", "name1": null, "name2": null, "name3": null, "x_coord": -11.96933127, "y_coord": 11.4587345, "adm4_name": null, "adm4_name1": null, "adm4_name2": null, "adm4_name3": null, "adm4_pcode": null, "adm3_name": "Missira", "adm3_name1": null, "adm3_name2": null, "adm3_name3": null, "adm3_pcode": "GN00600105", "adm2_name": "Koubia", "adm2_name1": null, "adm2_name2": null, "adm2_name3": null, "adm2_pcode": "GN006001", "adm1_name": "Labe", "adm1_name1": null, "adm1_name2": null, "adm1_name3": null, "adm1_pcode": "GN006", "adm0_name": "Guinée", "adm0_name1": null, "adm0_name2": null, "adm0_name3": null, "adm0_pcode": "GN", "valid_on": "2016-03-04", "valid_to": null, "version": "v01", "lang": "fr", "lang1": null, "lang2": null, "lang3": null }, "geometry": { "type": "Point", "coordinates": [ -11.969331265999926, 11.458734500000048 ] } },
{ "type": "Feature", "properties": { "admin_level": 3, "name": "Mitty", "name1": null, "name2": null, "name3": null, "x_coord": -12.29806203, "y_coord": 10.839817, "adm4_name": null, "adm4_name1": null, "adm4_name2": null, "adm4_name3": null, "adm4_pcode": null, "adm3_name": "Mitty", "adm3_name1": null, "adm3_name2": null, "adm3_name3": null, "adm3_pcode": "GN00700109", "adm2_name": "Dalaba", "adm2_name1": null, "adm2_name2": null, "adm2_name3": null, "adm2_pcode": "GN007001", "adm1_name": "Mamou", "adm1_name1": null, "adm1_name2": null, "adm1_name3": null, "adm1_pcode": "GN007", "adm0_name": "Guinée", "adm0_name1": null, "adm0_name2": null, "adm0_name3": null, "adm0_pcode": "GN", "valid_on": "2016-03-04", "valid_to": null, "version": "v01", "lang": "fr", "lang1": null, "lang2": null, "lang3": null }, "geometry": { "type": "Point", "coordinates": [ -12.298062032999894, 10.839817 ] } },
{ "type": "Feature", "properties": { "admin_level": 3, "name": "Molota", "name1": null, "name2": null, "name3": null, "x_coord": -12.79037841, "y_coord": 9.84584, "adm4_name": null, "adm4_name1": null, "adm4_name2": null, "adm4_name3": null, "adm4_pcode": null, "adm3_name": "Molota", "adm3_name1": null, "adm3_name2": null, "adm3_name3": null, "adm3_pcode": "GN00500408", "adm2_name": "Kindia", "adm2_name1": null, "adm2_name2": null, "adm2_name3": null, "adm2_pcode": "GN005004", "adm1_name": "Kindia", "adm1_name1": null, "adm1_name2": null, "adm1_name3": null, "adm1_pcode": "GN005", "adm0_name": "Guinée", "adm0_name1": null, "adm0_name2": null, "adm0_name3": null, "adm0_pcode": "GN", "valid_on": "2016-03-04", "valid_to": null, "version": "v01", "lang": "fr", "lang1": null, "lang2": null, "lang3": null }, "geometry": { "type": "Point", "coordinates": [ -12.790378405999832, 9.84584000000018 ] } },
{ "type": "Feature", "properties": { "admin_level": 3, "name": "Mombeyah", "name1": null, "name2": null, "name3": null, "x_coord": -12.05898489, "y_coord": 11.23819, "adm4_name": null, "adm4_name1": null, "adm4_name2": null, "adm4_name3": null, "adm4_pcode": null, "adm3_name": "Mombeyah", "adm3_name1": null, "adm3_name2": null, "adm3_name3": null, "adm3_pcode": "GN00700110", "adm2_name": "Dalaba", "adm2_name1": null, "adm2_name2": null, "adm2_name3": null, "adm2_pcode": "GN007001", "adm1_name": "Mamou", "adm1_name1": null, "adm1_name2": null, "adm1_name3": null, "adm1_pcode": "GN007", "adm0_name": "Guinée", "adm0_name1": null, "adm0_name2": null, "adm0_name3": null, "adm0_pcode": "GN", "valid_on": "2016-03-04", "valid_to": null, "version": "v01", "lang": "fr", "lang1": null, "lang2": null, "lang3": null }, "geometry": { "type": "Point", "coordinates": [ -12.058984885999905, 11.23819 ] } },
{ "type": "Feature", "properties": { "admin_level": 3, "name": "Nongoa", "name1": null, "name2": null, "name3": null, "x_coord": -10.31836146, "y_coord": 8.520482, "adm4_name": null, "adm4_name1": null, "adm4_name2": null, "adm4_name3": null, "adm4_pcode": null, "adm3_name": "Nongoa", "adm3_name1": null, "adm3_name2": null, "adm3_name3": null, "adm3_pcode": "GN00800207", "adm2_name": "Gueckedou", "adm2_name1": null, "adm2_name2": null, "adm2_name3": null, "adm2_pcode": "GN008002", "adm1_name": "Nzerekore", "adm1_name1": null, "adm1_name2": null, "adm1_name3": null, "adm1_pcode": "GN008", "adm0_name": "Guinée", "adm0_name1": null, "adm0_name2": null, "adm0_name3": null, "adm0_pcode": "GN", "valid_on": "2016-03-04", "valid_to": null, "version": "v01", "lang": "fr", "lang1": null, "lang2": null, "lang3": null }, "geometry": { "type": "Point", "coordinates": [ -10.318361454999888, 8.520482000000129 ] } },
{ "type": "Feature", "properties": { "admin_level": 3, "name": "Moribayah", "name1": null, "name2": null, "name3": null, "x_coord": -9.56715126, "y_coord": 9.912032, "adm4_name": null, "adm4_name1": null, "adm4_name2": null, "adm4_name3": null, "adm4_pcode": null, "adm3_name": "Moribayah", "adm3_name1": null, "adm3_name2": null, "adm3_name3": null, "adm3_pcode": "GN00400110", "adm2_name": "Kankan", "adm2_name1": null, "adm2_name2": null, "adm2_name3": null, "adm2_pcode": "GN004001", "adm1_name": "Kankan", "adm1_name1": null, "adm1_name2": null, "adm1_name3": null, "adm1_pcode": "GN004", "adm0_name": "Guinée", "adm0_name1": null, "adm0_name2": null, "adm0_name3": null, "adm0_pcode": "GN", "valid_on": "2016-03-04", "valid_to": null, "version": "v01", "lang": "fr", "lang1": null, "lang2": null, "lang3": null }, "geometry": { "type": "Point", "coordinates": [ -9.567151259999946, 9.912032 ] } },
{ "type": "Feature", "properties": { "admin_level": 3, "name": "Morodou", "name1": null, "name2": null, "name3": null, "x_coord": -8.73202102, "y_coord": 10.913223, "adm4_name": null, "adm4_name1": null, "adm4_name2": null, "adm4_name3": null, "adm4_pcode": null, "adm3_name": "Morodou", "adm3_name1": null, "adm3_name2": null, "adm3_name3": null, "adm3_pcode": "GN00400409", "adm2_name": "Mandiana", "adm2_name1": null, "adm2_name2": null, "adm2_name3": null, "adm2_pcode": "GN004004", "adm1_name": "Kankan", "adm1_name1": null, "adm1_name2": null, "adm1_name3": null, "adm1_pcode": "GN004", "adm0_name": "Guinée", "adm0_name1": null, "adm0_name2": null, "adm0_name3": null, "adm0_pcode": "GN", "valid_on": "2016-03-04", "valid_to": null, "version": "v01", "lang": "fr", "lang1": null, "lang2": null, "lang3": null }, "geometry": { "type": "Point", "coordinates": [ -8.73202102099998, 10.913223000000187 ] } },
{ "type": "Feature", "properties": { "admin_level": 3, "name": "Moussadou", "name1": null, "name2": null, "name3": null, "x_coord": -8.54805007, "y_coord": 8.8565515, "adm4_name": null, "adm4_name1": null, "adm4_name2": null, "adm4_name3": null, "adm4_pcode": null, "adm3_name": "Moussadou", "adm3_name1": null, "adm3_name2": null, "adm3_name3": null, "adm3_pcode": "GN00800110", "adm2_name": "Beyla", "adm2_name1": null, "adm2_name2": null, "adm2_name3": null, "adm2_pcode": "GN008001", "adm1_name": "Nzerekore", "adm1_name1": null, "adm1_name2": null, "adm1_name3": null, "adm1_pcode": "GN008", "adm0_name": "Guinée", "adm0_name1": null, "adm0_name2": null, "adm0_name3": null, "adm0_pcode": "GN", "valid_on": "2016-03-04", "valid_to": null, "version": "v01", "lang": "fr", "lang1": null, "lang2": null, "lang3": null }, "geometry": { "type": "Point", "coordinates": [ -8.548050068999942, 8.85655150000008 ] } },
{ "type": "Feature", "properties": { "admin_level": 3, "name": "Moussayah", "name1": null, "name2": null, "name3": null, "x_coord": -12.81759919, "y_coord": 9.49142562, "adm4_name": null, "adm4_name1": null, "adm4_name2": null, "adm4_name3": null, "adm4_pcode": null, "adm3_name": "Moussayah", "adm3_name1": null, "adm3_name2": null, "adm3_name3": null, "adm3_pcode": "GN00500309", "adm2_name": "Forecariah", "adm2_name1": null, "adm2_name2": null, "adm2_name3": null, "adm2_pcode": "GN005003", "adm1_name": "Kindia", "adm1_name1": null, "adm1_name2": null, "adm1_name3": null, "adm1_pcode": "GN005", "adm0_name": "Guinée", "adm0_name1": null, "adm0_name2": null, "adm0_name3": null, "adm0_pcode": "GN", "valid_on": "2016-03-04", "valid_to": null, "version": "v01", "lang": "fr", "lang1": null, "lang2": null, "lang3": null }, "geometry": { "type": "Point", "coordinates": [ -12.817599192999921, 9.491425624000101 ] } },
{ "type": "Feature", "properties": { "admin_level": 3, "name": "Ndema", "name1": null, "name2": null, "name3": null, "x_coord": -11.09454749, "y_coord": 10.654495, "adm4_name": null, "adm4_name1": null, "adm4_name2": null, "adm4_name3": null, "adm4_pcode": null, "adm3_name": "Ndema", "adm3_name1": null, "adm3_name2": null, "adm3_name3": null, "adm3_pcode": "GN00300109", "adm2_name": "Dabola", "adm2_name1": null, "adm2_name2": null, "adm2_name3": null, "adm2_pcode": "GN003001", "adm1_name": "Faranah", "adm1_name1": null, "adm1_name2": null, "adm1_name3": null, "adm1_pcode": "GN003", "adm0_name": "Guinée", "adm0_name1": null, "adm0_name2": null, "adm0_name3": null, "adm0_pcode": "GN", "valid_on": "2016-03-04", "valid_to": null, "version": "v01", "lang": "fr", "lang1": null, "lang2": null, "lang3": null }, "geometry": { "type": "Point", "coordinates": [ -11.094547490999958, 10.654495000000168 ] } },
{ "type": "Feature", "properties": { "admin_level": 3, "name": "Nzebela", "name1": null, "name2": null, "name3": null, "x_coord": -9.09509051, "y_coord": 8.130862, "adm4_name": null, "adm4_name1": null, "adm4_name2": null, "adm4_name3": null, "adm4_pcode": null, "adm3_name": "Nzebela", "adm3_name1": null, "adm3_name2": null, "adm3_name3": null, "adm3_pcode": "GN00800409", "adm2_name": "Macenta", "adm2_name1": null, "adm2_name2": null, "adm2_name3": null, "adm2_pcode": "GN008004", "adm1_name": "Nzerekore", "adm1_name1": null, "adm1_name2": null, "adm1_name3": null, "adm1_pcode": "GN008", "adm0_name": "Guinée", "adm0_name1": null, "adm0_name2": null, "adm0_name3": null, "adm0_pcode": "GN", "valid_on": "2016-03-04", "valid_to": null, "version": "v01", "lang": "fr", "lang1": null, "lang2": null, "lang3": null }, "geometry": { "type": "Point", "coordinates": [ -9.095090508999874, 8.13086200000015 ] } },
{ "type": "Feature", "properties": { "admin_level": 3, "name": "Nzerekore Ctre", "name1": null, "name2": null, "name3": null, "x_coord": -8.83580732, "y_coord": 7.7391225, "adm4_name": null, "adm4_name1": null, "adm4_name2": null, "adm4_name3": null, "adm4_pcode": null, "adm3_name": "Nzerekore Ctre", "adm3_name1": null, "adm3_name2": null, "adm3_name3": null, "adm3_pcode": "GN00800506", "adm2_name": "Nzerekore", "adm2_name1": null, "adm2_name2": null, "adm2_name3": null, "adm2_pcode": "GN008005", "adm1_name": "Nzerekore", "adm1_name1": null, "adm1_name2": null, "adm1_name3": null, "adm1_pcode": "GN008", "adm0_name": "Guinée", "adm0_name1": null, "adm0_name2": null, "adm0_name3": null, "adm0_pcode": "GN", "valid_on": "2016-03-04", "valid_to": null, "version": "v01", "lang": "fr", "lang1": null, "lang2": null, "lang3": null }, "geometry": { "type": "Point", "coordinates": [ -8.835807323999859, 7.739122500000121 ] } },
{ "type": "Feature", "properties": { "admin_level": 3, "name": "Nzoo", "name1": null, "name2": null, "name3": null, "x_coord": -8.30007532, "y_coord": 7.657988, "adm4_name": null, "adm4_name1": null, "adm4_name2": null, "adm4_name3": null, "adm4_pcode": null, "adm3_name": "Nzoo", "adm3_name1": null, "adm3_name2": null, "adm3_name3": null, "adm3_pcode": "GN00800308", "adm2_name": "Lola", "adm2_name1": null, "adm2_name2": null, "adm2_name3": null, "adm2_pcode": "GN008003", "adm1_name": "Nzerekore", "adm1_name1": null, "adm1_name2": null, "adm1_name3": null, "adm1_pcode": "GN008", "adm0_name": "Guinée", "adm0_name1": null, "adm0_name2": null, "adm0_name3": null, "adm0_pcode": "GN", "valid_on": "2016-03-04", "valid_to": null, "version": "v01", "lang": "fr", "lang1": null, "lang2": null, "lang3": null }, "geometry": { "type": "Point", "coordinates": [ -8.300075315999948, 7.657988 ] } },
{ "type": "Feature", "properties": { "admin_level": 3, "name": "Naboun", "name1": null, "name2": null, "name3": null, "x_coord": -9.50179327, "y_coord": 12.04894686, "adm4_name": null, "adm4_name1": null, "adm4_name2": null, "adm4_name3": null, "adm4_pcode": null, "adm3_name": "Naboun", "adm3_name1": null, "adm3_name2": null, "adm3_name3": null, "adm3_pcode": "GN00400507", "adm2_name": "Siguiri", "adm2_name1": null, "adm2_name2": null, "adm2_name3": null, "adm2_pcode": "GN004005", "adm1_name": "Kankan", "adm1_name1": null, "adm1_name2": null, "adm1_name3": null, "adm1_pcode": "GN004", "adm0_name": "Guinée", "adm0_name1": null, "adm0_name2": null, "adm0_name3": null, "adm0_pcode": "GN", "valid_on": "2016-03-04", "valid_to": null, "version": "v01", "lang": "fr", "lang1": null, "lang2": null, "lang3": null }, "geometry": { "type": "Point", "coordinates": [ -9.501793272999862, 12.048946864000072 ] } },
{ "type": "Feature", "properties": { "admin_level": 3, "name": "Nionsomoridou", "name1": null, "name2": null, "name3": null, "x_coord": -8.85037294, "y_coord": 8.7053655, "adm4_name": null, "adm4_name1": null, "adm4_name2": null, "adm4_name3": null, "adm4_pcode": null, "adm3_name": "Nionsomoridou", "adm3_name1": null, "adm3_name2": null, "adm3_name3": null, "adm3_pcode": "GN00800111", "adm2_name": "Beyla", "adm2_name1": null, "adm2_name2": null, "adm2_name3": null, "adm2_pcode": "GN008001", "adm1_name": "Nzerekore", "adm1_name1": null, "adm1_name2": null, "adm1_name3": null, "adm1_pcode": "GN008", "adm0_name": "Guinée", "adm0_name1": null, "adm0_name2": null, "adm0_name3": null, "adm0_pcode": "GN", "valid_on": "2016-03-04", "valid_to": null, "version": "v01", "lang": "fr", "lang1": null, "lang2": null, "lang3": null }, "geometry": { "type": "Point", "coordinates": [ -8.850372935999928, 8.705365499999971 ] } },
{ "type": "Feature", "properties": { "admin_level": 3, "name": "Niagassola", "name1": null, "name2": null, "name3": null, "x_coord": -9.09245123, "y_coord": 12.103722, "adm4_name": null, "adm4_name1": null, "adm4_name2": null, "adm4_name3": null, "adm4_pcode": null, "adm3_name": "Niagassola", "adm3_name1": null, "adm3_name2": null, "adm3_name3": null, "adm3_pcode": "GN00400508", "adm2_name": "Siguiri", "adm2_name1": null, "adm2_name2": null, "adm2_name3": null, "adm2_pcode": "GN004005", "adm1_name": "Kankan", "adm1_name1": null, "adm1_name2": null, "adm1_name3": null, "adm1_pcode": "GN004", "adm0_name": "Guinée", "adm0_name1": null, "adm0_name2": null, "adm0_name3": null, "adm0_pcode": "GN", "valid_on": "2016-03-04", "valid_to": null, "version": "v01", "lang": "fr", "lang1": null, "lang2": null, "lang3": null }, "geometry": { "type": "Point", "coordinates": [ -9.092451229999938, 12.103722000000175 ] } },
{ "type": "Feature", "properties": { "admin_level": 3, "name": "Niandankoro", "name1": null, "name2": null, "name3": null, "x_coord": -9.34018467, "y_coord": 11.2042315, "adm4_name": null, "adm4_name1": null, "adm4_name2": null, "adm4_name3": null, "adm4_pcode": null, "adm3_name": "Niandankoro", "adm3_name1": null, "adm3_name2": null, "adm3_name3": null, "adm3_pcode": "GN00400509", "adm2_name": "Siguiri", "adm2_name1": null, "adm2_name2": null, "adm2_name3": null, "adm2_pcode": "GN004005", "adm1_name": "Kankan", "adm1_name1": null, "adm1_name2": null, "adm1_name3": null, "adm1_pcode": "GN004", "adm0_name": "Guinée", "adm0_name1": null, "adm0_name2": null, "adm0_name3": null, "adm0_pcode": "GN", "valid_on": "2016-03-04", "valid_to": null, "version": "v01", "lang": "fr", "lang1": null, "lang2": null, "lang3": null }, "geometry": { "type": "Point", "coordinates": [ -9.340184668999939, 11.204231500000162 ] } },
{ "type": "Feature", "properties": { "admin_level": 3, "name": "Niantanina", "name1": null, "name2": null, "name3": null, "x_coord": -8.43898499, "y_coord": 10.92934, "adm4_name": null, "adm4_name1": null, "adm4_name2": null, "adm4_name3": null, "adm4_pcode": null, "adm3_name": "Niantanina", "adm3_name1": null, "adm3_name2": null, "adm3_name3": null, "adm3_pcode": "GN00400410", "adm2_name": "Mandiana", "adm2_name1": null, "adm2_name2": null, "adm2_name3": null, "adm2_pcode": "GN004004", "adm1_name": "Kankan", "adm1_name1": null, "adm1_name2": null, "adm1_name3": null, "adm1_pcode": "GN004", "adm0_name": "Guinée", "adm0_name1": null, "adm0_name2": null, "adm0_name3": null, "adm0_pcode": "GN", "valid_on": "2016-03-04", "valid_to": null, "version": "v01", "lang": "fr", "lang1": null, "lang2": null, "lang3": null }, "geometry": { "type": "Point", "coordinates": [ -8.438984986999913, 10.92934 ] } },
{ "type": "Feature", "properties": { "admin_level": 3, "name": "Ninguelande", "name1": null, "name2": null, "name3": null, "x_coord": -12.69551441, "y_coord": 11.15725, "adm4_name": null, "adm4_name1": null, "adm4_name2": null, "adm4_name3": null, "adm4_pcode": null, "adm3_name": "Ninguelande", "adm3_name1": null, "adm3_name2": null, "adm3_name3": null, "adm3_pcode": "GN00700307", "adm2_name": "Pita", "adm2_name1": null, "adm2_name2": null, "adm2_name3": null, "adm2_pcode": "GN007003", "adm1_name": "Mamou", "adm1_name1": null, "adm1_name2": null, "adm1_name3": null, "adm1_pcode": "GN007", "adm0_name": "Guinée", "adm0_name1": null, "adm0_name2": null, "adm0_name3": null, "adm0_pcode": "GN", "valid_on": "2016-03-04", "valid_to": null, "version": "v01", "lang": "fr", "lang1": null, "lang2": null, "lang3": null }, "geometry": { "type": "Point", "coordinates": [ -12.695514408999941, 11.15725 ] } },
{ "type": "Feature", "properties": { "admin_level": 3, "name": "Norassoba", "name1": null, "name2": null, "name3": null, "x_coord": -9.63997733, "y_coord": 11.1596975, "adm4_name": null, "adm4_name1": null, "adm4_name2": null, "adm4_name3": null, "adm4_pcode": null, "adm3_name": "Norassoba", "adm3_name1": null, "adm3_name2": null, "adm3_name3": null, "adm3_pcode": "GN00400510", "adm2_name": "Siguiri", "adm2_name1": null, "adm2_name2": null, "adm2_name3": null, "adm2_pcode": "GN004005", "adm1_name": "Kankan", "adm1_name1": null, "adm1_name2": null, "adm1_name3": null, "adm1_pcode": "GN004", "adm0_name": "Guinée", "adm0_name1": null, "adm0_name2": null, "adm0_name3": null, "adm0_pcode": "GN", "valid_on": "2016-03-04", "valid_to": null, "version": "v01", "lang": "fr", "lang1": null, "lang2": null, "lang3": null }, "geometry": { "type": "Point", "coordinates": [ -9.639977333999923, 11.159697500000107 ] } },
{ "type": "Feature", "properties": { "admin_level": 3, "name": "Noussy", "name1": null, "name2": null, "name3": null, "x_coord": -12.21451729, "y_coord": 11.227836, "adm4_name": null, "adm4_name1": null, "adm4_name2": null, "adm4_name3": null, "adm4_pcode": null, "adm3_name": "Noussy", "adm3_name1": null, "adm3_name2": null, "adm3_name3": null, "adm3_pcode": "GN00600210", "adm2_name": "Labe", "adm2_name1": null, "adm2_name2": null, "adm2_name3": null, "adm2_pcode": "GN006002", "adm1_name": "Labe", "adm1_name1": null, "adm1_name2": null, "adm1_name3": null, "adm1_pcode": "GN006", "adm0_name": "Guinée", "adm0_name1": null, "adm0_name2": null, "adm0_name3": null, "adm0_pcode": "GN", "valid_on": "2016-03-04", "valid_to": null, "version": "v01", "lang": "fr", "lang1": null, "lang2": null, "lang3": null }, "geometry": { "type": "Point", "coordinates": [ -12.214517285999818, 11.227836000000138 ] } },
{ "type": "Feature", "properties": { "admin_level": 3, "name": "Nyagara", "name1": null, "name2": null, "name3": null, "x_coord": -11.80624518, "y_coord": 10.799032, "adm4_name": null, "adm4_name1": null, "adm4_name2": null, "adm4_name3": null, "adm4_pcode": null, "adm3_name": "Nyagara", "adm3_name1": null, "adm3_name2": null, "adm3_name3": null, "adm3_pcode": "GN00700207", "adm2_name": "Mamou", "adm2_name1": null, "adm2_name2": null, "adm2_name3": null, "adm2_pcode": "GN007002", "adm1_name": "Mamou", "adm1_name1": null, "adm1_name2": null, "adm1_name3": null, "adm1_pcode": "GN007", "adm0_name": "Guinée", "adm0_name1": null, "adm0_name2": null, "adm0_name3": null, "adm0_pcode": "GN", "valid_on": "2016-03-04", "valid_to": null, "version": "v01", "lang": "fr", "lang1": null, "lang2": null, "lang3": null }, "geometry": { "type": "Point", "coordinates": [ -11.806245179999962, 10.799032 ] } },
{ "type": "Feature", "properties": { "admin_level": 3, "name": "Ouassou", "name1": null, "name2": null, "name3": null, "x_coord": -13.58264983, "y_coord": 10.1274, "adm4_name": null, "adm4_name1": null, "adm4_name2": null, "adm4_name3": null, "adm4_pcode": null, "adm3_name": "Ouassou", "adm3_name1": null, "adm3_name2": null, "adm3_name3": null, "adm3_pcode": "GN00500205", "adm2_name": "Dubreka", "adm2_name1": null, "adm2_name2": null, "adm2_name3": null, "adm2_pcode": "GN005002", "adm1_name": "Kindia", "adm1_name1": null, "adm1_name2": null, "adm1_name3": null, "adm1_pcode": "GN005", "adm0_name": "Guinée", "adm0_name1": null, "adm0_name2": null, "adm0_name3": null, "adm0_pcode": "GN", "valid_on": "2016-03-04", "valid_to": null, "version": "v01", "lang": "fr", "lang1": null, "lang2": null, "lang3": null }, "geometry": { "type": "Point", "coordinates": [ -13.582649824999919, 10.1274 ] } },
{ "type": "Feature", "properties": { "admin_level": 3, "name": "Ouende Kenema", "name1": null, "name2": null, "name3": null, "x_coord": -10.49793382, "y_coord": 8.4090055, "adm4_name": null, "adm4_name1": null, "adm4_name2": null, "adm4_name3": null, "adm4_pcode": null, "adm3_name": "Ouende Kenema", "adm3_name1": null, "adm3_name2": null, "adm3_name3": null, "adm3_pcode": "GN00800208", "adm2_name": "Gueckedou", "adm2_name1": null, "adm2_name2": null, "adm2_name3": null, "adm2_pcode": "GN008002", "adm1_name": "Nzerekore", "adm1_name1": null, "adm1_name2": null, "adm1_name3": null, "adm1_pcode": "GN008", "adm0_name": "Guinée", "adm0_name1": null, "adm0_name2": null, "adm0_name3": null, "adm0_pcode": "GN", "valid_on": "2016-03-04", "valid_to": null, "version": "v01", "lang": "fr", "lang1": null, "lang2": null, "lang3": null }, "geometry": { "type": "Point", "coordinates": [ -10.49793382099989, 8.409005500000092 ] } },
{ "type": "Feature", "properties": { "admin_level": 3, "name": "Sintali", "name1": null, "name2": null, "name3": null, "x_coord": -12.43385195, "y_coord": 11.1036265, "adm4_name": null, "adm4_name1": null, "adm4_name2": null, "adm4_name3": null, "adm4_pcode": null, "adm3_name": "Sintali", "adm3_name1": null, "adm3_name2": null, "adm3_name3": null, "adm3_pcode": "GN00700310", "adm2_name": "Pita", "adm2_name1": null, "adm2_name2": null, "adm2_name3": null, "adm2_pcode": "GN007003", "adm1_name": "Mamou", "adm1_name1": null, "adm1_name2": null, "adm1_name3": null, "adm1_pcode": "GN007", "adm0_name": "Guinée", "adm0_name1": null, "adm0_name2": null, "adm0_name3": null, "adm0_pcode": "GN", "valid_on": "2016-03-04", "valid_to": null, "version": "v01", "lang": "fr", "lang1": null, "lang2": null, "lang3": null }, "geometry": { "type": "Point", "coordinates": [ -12.433851944999958, 11.103626500000075 ] } },
{ "type": "Feature", "properties": { "admin_level": 3, "name": "Oure Kaba", "name1": null, "name2": null, "name3": null, "x_coord": -11.57009014, "y_coord": 10.2173565, "adm4_name": null, "adm4_name1": null, "adm4_name2": null, "adm4_name3": null, "adm4_pcode": null, "adm3_name": "Oure Kaba", "adm3_name1": null, "adm3_name2": null, "adm3_name3": null, "adm3_pcode": "GN00700208", "adm2_name": "Mamou", "adm2_name1": null, "adm2_name2": null, "adm2_name3": null, "adm2_pcode": "GN007002", "adm1_name": "Mamou", "adm1_name1": null, "adm1_name2": null, "adm1_name3": null, "adm1_pcode": "GN007", "adm0_name": "Guinée", "adm0_name1": null, "adm0_name2": null, "adm0_name3": null, "adm0_pcode": "GN", "valid_on": "2016-03-04", "valid_to": null, "version": "v01", "lang": "fr", "lang1": null, "lang2": null, "lang3": null }, "geometry": { "type": "Point", "coordinates": [ -11.570090142999959, 10.217356500000108 ] } },
{ "type": "Feature", "properties": { "admin_level": 3, "name": "Ouremai", "name1": null, "name2": null, "name3": null, "x_coord": -9.41482884, "y_coord": 8.27017828, "adm4_name": null, "adm4_name1": null, "adm4_name2": null, "adm4_name3": null, "adm4_pcode": null, "adm3_name": "Ouremai", "adm3_name1": null, "adm3_name2": null, "adm3_name3": null, "adm3_pcode": "GN00800410", "adm2_name": "Macenta", "adm2_name1": null, "adm2_name2": null, "adm2_name3": null, "adm2_pcode": "GN008004", "adm1_name": "Nzerekore", "adm1_name1": null, "adm1_name2": null, "adm1_name3": null, "adm1_pcode": "GN008", "adm0_name": "Guinée", "adm0_name1": null, "adm0_name2": null, "adm0_name3": null, "adm0_pcode": "GN", "valid_on": "2016-03-04", "valid_to": null, "version": "v01", "lang": "fr", "lang1": null, "lang2": null, "lang3": null }, "geometry": { "type": "Point", "coordinates": [ -9.414828837999949, 8.270178283000178 ] } },
{ "type": "Feature", "properties": { "admin_level": 3, "name": "Pale", "name1": null, "name2": null, "name3": null, "x_coord": -8.88086437, "y_coord": 8.0269265, "adm4_name": null, "adm4_name1": null, "adm4_name2": null, "adm4_name3": null, "adm4_pcode": null, "adm3_name": "Pale", "adm3_name1": null, "adm3_name2": null, "adm3_name3": null, "adm3_pcode": "GN00800507", "adm2_name": "Nzerekore", "adm2_name1": null, "adm2_name2": null, "adm2_name3": null, "adm2_pcode": "GN008005", "adm1_name": "Nzerekore", "adm1_name1": null, "adm1_name2": null, "adm1_name3": null, "adm1_pcode": "GN008", "adm0_name": "Guinée", "adm0_name1": null, "adm0_name2": null, "adm0_name3": null, "adm0_pcode": "GN", "valid_on": "2016-03-04", "valid_to": null, "version": "v01", "lang": "fr", "lang1": null, "lang2": null, "lang3": null }, "geometry": { "type": "Point", "coordinates": [ -8.880864367999948, 8.026926500000172 ] } },
{ "type": "Feature", "properties": { "admin_level": 3, "name": "Panziazou", "name1": null, "name2": null, "name3": null, "x_coord": -9.83183454, "y_coord": 8.588907, "adm4_name": null, "adm4_name1": null, "adm4_name2": null, "adm4_name3": null, "adm4_pcode": null, "adm3_name": "Panziazou", "adm3_name1": null, "adm3_name2": null, "adm3_name3": null, "adm3_pcode": "GN00800411", "adm2_name": "Macenta", "adm2_name1": null, "adm2_name2": null, "adm2_name3": null, "adm2_pcode": "GN008004", "adm1_name": "Nzerekore", "adm1_name1": null, "adm1_name2": null, "adm1_name3": null, "adm1_pcode": "GN008", "adm0_name": "Guinée", "adm0_name1": null, "adm0_name2": null, "adm0_name3": null, "adm0_pcode": "GN", "valid_on": "2016-03-04", "valid_to": null, "version": "v01", "lang": "fr", "lang1": null, "lang2": null, "lang3": null }, "geometry": { "type": "Point", "coordinates": [ -9.831834540999921, 8.588907 ] } },
{ "type": "Feature", "properties": { "admin_level": 3, "name": "Parawol", "name1": null, "name2": null, "name3": null, "x_coord": -12.6703603, "y_coord": 11.3387175, "adm4_name": null, "adm4_name1": null, "adm4_name2": null, "adm4_name3": null, "adm4_pcode": null, "adm3_name": "Parawol", "adm3_name1": null, "adm3_name2": null, "adm3_name3": null, "adm3_pcode": "GN00600309", "adm2_name": "Lelouma", "adm2_name1": null, "adm2_name2": null, "adm2_name3": null, "adm2_pcode": "GN006003", "adm1_name": "Labe", "adm1_name1": null, "adm1_name2": null, "adm1_name3": null, "adm1_pcode": "GN006", "adm0_name": "Guinée", "adm0_name1": null, "adm0_name2": null, "adm0_name3": null, "adm0_pcode": "GN", "valid_on": "2016-03-04", "valid_to": null, "version": "v01", "lang": "fr", "lang1": null, "lang2": null, "lang3": null }, "geometry": { "type": "Point", "coordinates": [ -12.670360294999853, 11.338717500000143 ] } },
{ "type": "Feature", "properties": { "admin_level": 3, "name": "Sabadou Baranama", "name1": null, "name2": null, "name3": null, "x_coord": -8.77933918, "y_coord": 9.935407, "adm4_name": null, "adm4_name1": null, "adm4_name2": null, "adm4_name3": null, "adm4_pcode": null, "adm3_name": "Sabadou Baranama", "adm3_name1": null, "adm3_name2": null, "adm3_name3": null, "adm3_pcode": "GN00400111", "adm2_name": "Kankan", "adm2_name1": null, "adm2_name2": null, "adm2_name3": null, "adm2_pcode": "GN004001", "adm1_name": "Kankan", "adm1_name1": null, "adm1_name2": null, "adm1_name3": null, "adm1_pcode": "GN004", "adm0_name": "Guinée", "adm0_name1": null, "adm0_name2": null, "adm0_name3": null, "adm0_pcode": "GN", "valid_on": "2016-03-04", "valid_to": null, "version": "v01", "lang": "fr", "lang1": null, "lang2": null, "lang3": null }, "geometry": { "type": "Point", "coordinates": [ -8.779339182999934, 9.935407 ] } },
{ "type": "Feature", "properties": { "admin_level": 3, "name": "Passaya", "name1": null, "name2": null, "name3": null, "x_coord": -10.91978163, "y_coord": 10.3703065, "adm4_name": null, "adm4_name1": null, "adm4_name2": null, "adm4_name3": null, "adm4_pcode": null, "adm3_name": "Passaya", "adm3_name1": null, "adm3_name2": null, "adm3_name3": null, "adm3_pcode": "GN00300308", "adm2_name": "Faranah", "adm2_name1": null, "adm2_name2": null, "adm2_name3": null, "adm2_pcode": "GN003003", "adm1_name": "Faranah", "adm1_name1": null, "adm1_name2": null, "adm1_name3": null, "adm1_pcode": "GN003", "adm0_name": "Guinée", "adm0_name1": null, "adm0_name2": null, "adm0_name3": null, "adm0_pcode": "GN", "valid_on": "2016-03-04", "valid_to": null, "version": "v01", "lang": "fr", "lang1": null, "lang2": null, "lang3": null }, "geometry": { "type": "Point", "coordinates": [ -10.919781630999921, 10.37030650000014 ] } },
{ "type": "Feature", "properties": { "admin_level": 3, "name": "Pela", "name1": null, "name2": null, "name3": null, "x_coord": -9.06592839, "y_coord": 7.6045635, "adm4_name": null, "adm4_name1": null, "adm4_name2": null, "adm4_name3": null, "adm4_pcode": null, "adm3_name": "Pela", "adm3_name1": null, "adm3_name2": null, "adm3_name3": null, "adm3_pcode": "GN00800606", "adm2_name": "Yomou", "adm2_name1": null, "adm2_name2": null, "adm2_name3": null, "adm2_pcode": "GN008006", "adm1_name": "Nzerekore", "adm1_name1": null, "adm1_name2": null, "adm1_name3": null, "adm1_pcode": "GN008", "adm0_name": "Guinée", "adm0_name1": null, "adm0_name2": null, "adm0_name3": null, "adm0_pcode": "GN", "valid_on": "2016-03-04", "valid_to": null, "version": "v01", "lang": "fr", "lang1": null, "lang2": null, "lang3": null }, "geometry": { "type": "Point", "coordinates": [ -9.065928384999836, 7.604563500000154 ] } },
{ "type": "Feature", "properties": { "admin_level": 3, "name": "Pilimini", "name1": null, "name2": null, "name3": null, "x_coord": -12.09848237, "y_coord": 11.5910075, "adm4_name": null, "adm4_name1": null, "adm4_name2": null, "adm4_name3": null, "adm4_pcode": null, "adm3_name": "Pilimini", "adm3_name1": null, "adm3_name2": null, "adm3_name3": null, "adm3_pcode": "GN00600106", "adm2_name": "Koubia", "adm2_name1": null, "adm2_name2": null, "adm2_name3": null, "adm2_pcode": "GN006001", "adm1_name": "Labe", "adm1_name1": null, "adm1_name2": null, "adm1_name3": null, "adm1_pcode": "GN006", "adm0_name": "Guinée", "adm0_name1": null, "adm0_name2": null, "adm0_name3": null, "adm0_pcode": "GN", "valid_on": "2016-03-04", "valid_to": null, "version": "v01", "lang": "fr", "lang1": null, "lang2": null, "lang3": null }, "geometry": { "type": "Point", "coordinates": [ -12.0984823739999, 11.591007500000046 ] } },
{ "type": "Feature", "properties": { "admin_level": 3, "name": "Pita Ctre", "name1": null, "name2": null, "name3": null, "x_coord": -12.41996761, "y_coord": 11.0648145, "adm4_name": null, "adm4_name1": null, "adm4_name2": null, "adm4_name3": null, "adm4_pcode": null, "adm3_name": "Pita Ctre", "adm3_name1": null, "adm3_name2": null, "adm3_name3": null, "adm3_pcode": "GN00700308", "adm2_name": "Pita", "adm2_name1": null, "adm2_name2": null, "adm2_name3": null, "adm2_pcode": "GN007003", "adm1_name": "Mamou", "adm1_name1": null, "adm1_name2": null, "adm1_name3": null, "adm1_pcode": "GN007", "adm0_name": "Guinée", "adm0_name1": null, "adm0_name2": null, "adm0_name3": null, "adm0_pcode": "GN", "valid_on": "2016-03-04", "valid_to": null, "version": "v01", "lang": "fr", "lang1": null, "lang2": null, "lang3": null }, "geometry": { "type": "Point", "coordinates": [ -12.419967606999933, 11.064814500000068 ] } },
{ "type": "Feature", "properties": { "admin_level": 3, "name": "Popodara", "name1": null, "name2": null, "name3": null, "x_coord": -12.40466297, "y_coord": 11.374546, "adm4_name": null, "adm4_name1": null, "adm4_name2": null, "adm4_name3": null, "adm4_pcode": null, "adm3_name": "Popodara", "adm3_name1": null, "adm3_name2": null, "adm3_name3": null, "adm3_pcode": "GN00600211", "adm2_name": "Labe", "adm2_name1": null, "adm2_name2": null, "adm2_name3": null, "adm2_pcode": "GN006002", "adm1_name": "Labe", "adm1_name1": null, "adm1_name2": null, "adm1_name3": null, "adm1_pcode": "GN006", "adm0_name": "Guinée", "adm0_name1": null, "adm0_name2": null, "adm0_name3": null, "adm0_pcode": "GN", "valid_on": "2016-03-04", "valid_to": null, "version": "v01", "lang": "fr", "lang1": null, "lang2": null, "lang3": null }, "geometry": { "type": "Point", "coordinates": [ -12.404662968999958, 11.374546 ] } },
{ "type": "Feature", "properties": { "admin_level": 3, "name": "Poredaka", "name1": null, "name2": null, "name3": null, "x_coord": -12.05080625, "y_coord": 10.70805, "adm4_name": null, "adm4_name1": null, "adm4_name2": null, "adm4_name3": null, "adm4_pcode": null, "adm3_name": "Poredaka", "adm3_name1": null, "adm3_name2": null, "adm3_name3": null, "adm3_pcode": "GN00700209", "adm2_name": "Mamou", "adm2_name1": null, "adm2_name2": null, "adm2_name3": null, "adm2_pcode": "GN007002", "adm1_name": "Mamou", "adm1_name1": null, "adm1_name2": null, "adm1_name3": null, "adm1_pcode": "GN007", "adm0_name": "Guinée", "adm0_name1": null, "adm0_name2": null, "adm0_name3": null, "adm0_pcode": "GN", "valid_on": "2016-03-04", "valid_to": null, "version": "v01", "lang": "fr", "lang1": null, "lang2": null, "lang3": null }, "geometry": { "type": "Point", "coordinates": [ -12.050806244999933, 10.70805 ] } },
{ "type": "Feature", "properties": { "admin_level": 3, "name": "Sagale", "name1": null, "name2": null, "name3": null, "x_coord": -12.86189178, "y_coord": 11.3255365, "adm4_name": null, "adm4_name1": null, "adm4_name2": null, "adm4_name3": null, "adm4_pcode": null, "adm3_name": "Sagale", "adm3_name1": null, "adm3_name2": null, "adm3_name3": null, "adm3_pcode": "GN00600310", "adm2_name": "Lelouma", "adm2_name1": null, "adm2_name2": null, "adm2_name3": null, "adm2_pcode": "GN006003", "adm1_name": "Labe", "adm1_name1": null, "adm1_name2": null, "adm1_name3": null, "adm1_pcode": "GN006", "adm0_name": "Guinée", "adm0_name1": null, "adm0_name2": null, "adm0_name3": null, "adm0_pcode": "GN", "valid_on": "2016-03-04", "valid_to": null, "version": "v01", "lang": "fr", "lang1": null, "lang2": null, "lang3": null }, "geometry": { "type": "Point", "coordinates": [ -12.861891776999926, 11.325536500000055 ] } },
{ "type": "Feature", "properties": { "admin_level": 3, "name": "Sakourala", "name1": null, "name2": null, "name3": null, "x_coord": -8.08388916, "y_coord": 9.2894185, "adm4_name": null, "adm4_name1": null, "adm4_name2": null, "adm4_name3": null, "adm4_pcode": null, "adm3_name": "Sakourala", "adm3_name1": null, "adm3_name2": null, "adm3_name3": null, "adm3_pcode": "GN00800112", "adm2_name": "Beyla", "adm2_name1": null, "adm2_name2": null, "adm2_name3": null, "adm2_pcode": "GN008001", "adm1_name": "Nzerekore", "adm1_name1": null, "adm1_name2": null, "adm1_name3": null, "adm1_pcode": "GN008", "adm0_name": "Guinée", "adm0_name1": null, "adm0_name2": null, "adm0_name3": null, "adm0_pcode": "GN", "valid_on": "2016-03-04", "valid_to": null, "version": "v01", "lang": "fr", "lang1": null, "lang2": null, "lang3": null }, "geometry": { "type": "Point", "coordinates": [ -8.083889161999934, 9.289418500000011 ] } },
{ "type": "Feature", "properties": { "admin_level": 3, "name": "Saladou", "name1": null, "name2": null, "name3": null, "x_coord": -8.27568599, "y_coord": 10.30425, "adm4_name": null, "adm4_name1": null, "adm4_name2": null, "adm4_name3": null, "adm4_pcode": null, "adm3_name": "Saladou", "adm3_name1": null, "adm3_name2": null, "adm3_name3": null, "adm3_pcode": "GN00400411", "adm2_name": "Mandiana", "adm2_name1": null, "adm2_name2": null, "adm2_name3": null, "adm2_pcode": "GN004004", "adm1_name": "Kankan", "adm1_name1": null, "adm1_name2": null, "adm1_name3": null, "adm1_pcode": "GN004", "adm0_name": "Guinée", "adm0_name1": null, "adm0_name2": null, "adm0_name3": null, "adm0_pcode": "GN", "valid_on": "2016-03-04", "valid_to": null, "version": "v01", "lang": "fr", "lang1": null, "lang2": null, "lang3": null }, "geometry": { "type": "Point", "coordinates": [ -8.275685992999911, 10.30425 ] } },
{ "type": "Feature", "properties": { "admin_level": 3, "name": "Salambande", "name1": null, "name2": null, "name3": null, "x_coord": -11.90344853, "y_coord": 11.9489815, "adm4_name": null, "adm4_name1": null, "adm4_name2": null, "adm4_name3": null, "adm4_pcode": null, "adm3_name": "Salambande", "adm3_name1": null, "adm3_name2": null, "adm3_name3": null, "adm3_pcode": "GN00600410", "adm2_name": "Mali", "adm2_name1": null, "adm2_name2": null, "adm2_name3": null, "adm2_pcode": "GN006004", "adm1_name": "Labe", "adm1_name1": null, "adm1_name2": null, "adm1_name3": null, "adm1_pcode": "GN006", "adm0_name": "Guinée", "adm0_name1": null, "adm0_name2": null, "adm0_name3": null, "adm0_pcode": "GN", "valid_on": "2016-03-04", "valid_to": null, "version": "v01", "lang": "fr", "lang1": null, "lang2": null, "lang3": null }, "geometry": { "type": "Point", "coordinates": [ -11.903448526999966, 11.948981500000116 ] } },
{ "type": "Feature", "properties": { "admin_level": 3, "name": "Samana", "name1": null, "name2": null, "name3": null, "x_coord": -8.59122371, "y_coord": 9.142624, "adm4_name": null, "adm4_name1": null, "adm4_name2": null, "adm4_name3": null, "adm4_pcode": null, "adm3_name": "Samana", "adm3_name1": null, "adm3_name2": null, "adm3_name3": null, "adm3_pcode": "GN00800113", "adm2_name": "Beyla", "adm2_name1": null, "adm2_name2": null, "adm2_name3": null, "adm2_pcode": "GN008001", "adm1_name": "Nzerekore", "adm1_name1": null, "adm1_name2": null, "adm1_name3": null, "adm1_pcode": "GN008", "adm0_name": "Guinée", "adm0_name1": null, "adm0_name2": null, "adm0_name3": null, "adm0_pcode": "GN", "valid_on": "2016-03-04", "valid_to": null, "version": "v01", "lang": "fr", "lang1": null, "lang2": null, "lang3": null }, "geometry": { "type": "Point", "coordinates": [ -8.591223704999891, 9.142624 ] } },
{ "type": "Feature", "properties": { "admin_level": 3, "name": "Samaya", "name1": null, "name2": null, "name3": null, "x_coord": -13.07105285, "y_coord": 10.11776, "adm4_name": null, "adm4_name1": null, "adm4_name2": null, "adm4_name3": null, "adm4_pcode": null, "adm3_name": "Samaya", "adm3_name1": null, "adm3_name2": null, "adm3_name3": null, "adm3_pcode": "GN00500409", "adm2_name": "Kindia", "adm2_name1": null, "adm2_name2": null, "adm2_name3": null, "adm2_pcode": "GN005004", "adm1_name": "Kindia", "adm1_name1": null, "adm1_name2": null, "adm1_name3": null, "adm1_pcode": "GN005", "adm0_name": "Guinée", "adm0_name1": null, "adm0_name2": null, "adm0_name3": null, "adm0_pcode": "GN", "valid_on": "2016-03-04", "valid_to": null, "version": "v01", "lang": "fr", "lang1": null, "lang2": null, "lang3": null }, "geometry": { "type": "Point", "coordinates": [ -13.071052850999934, 10.117760000000146 ] } },
{ "type": "Feature", "properties": { "admin_level": 3, "name": "Sambailo", "name1": null, "name2": null, "name3": null, "x_coord": -13.48163243, "y_coord": 12.5545945, "adm4_name": null, "adm4_name1": null, "adm4_name2": null, "adm4_name3": null, "adm4_pcode": null, "adm3_name": "Sambailo", "adm3_name1": null, "adm3_name2": null, "adm3_name3": null, "adm3_pcode": "GN00100404", "adm2_name": "Koundara", "adm2_name1": null, "adm2_name2": null, "adm2_name3": null, "adm2_pcode": "GN001004", "adm1_name": "Boke", "adm1_name1": null, "adm1_name2": null, "adm1_name3": null, "adm1_pcode": "GN001", "adm0_name": "Guinée", "adm0_name1": null, "adm0_name2": null, "adm0_name3": null, "adm0_pcode": "GN", "valid_on": "2016-03-04", "valid_to": null, "version": "v01", "lang": "fr", "lang1": null, "lang2": null, "lang3": null }, "geometry": { "type": "Point", "coordinates": [ -13.481632433999948, 12.554594500000064 ] } },
{ "type": "Feature", "properties": { "admin_level": 3, "name": "Samoe", "name1": null, "name2": null, "name3": null, "x_coord": -8.86297028, "y_coord": 7.850732, "adm4_name": null, "adm4_name1": null, "adm4_name2": null, "adm4_name3": null, "adm4_pcode": null, "adm3_name": "Samoe", "adm3_name1": null, "adm3_name2": null, "adm3_name3": null, "adm3_pcode": "GN00800508", "adm2_name": "Nzerekore", "adm2_name1": null, "adm2_name2": null, "adm2_name3": null, "adm2_pcode": "GN008005", "adm1_name": "Nzerekore", "adm1_name1": null, "adm1_name2": null, "adm1_name3": null, "adm1_pcode": "GN008", "adm0_name": "Guinée", "adm0_name1": null, "adm0_name2": null, "adm0_name3": null, "adm0_pcode": "GN", "valid_on": "2016-03-04", "valid_to": null, "version": "v01", "lang": "fr", "lang1": null, "lang2": null, "lang3": null }, "geometry": { "type": "Point", "coordinates": [ -8.862970279999956, 7.850732000000164 ] } },
{ "type": "Feature", "properties": { "admin_level": 3, "name": "Sandenia", "name1": null, "name2": null, "name3": null, "x_coord": -11.03416385, "y_coord": 10.1165035, "adm4_name": null, "adm4_name1": null, "adm4_name2": null, "adm4_name3": null, "adm4_pcode": null, "adm3_name": "Sandenia", "adm3_name1": null, "adm3_name2": null, "adm3_name3": null, "adm3_pcode": "GN00300309", "adm2_name": "Faranah", "adm2_name1": null, "adm2_name2": null, "adm2_name3": null, "adm2_pcode": "GN003003", "adm1_name": "Faranah", "adm1_name1": null, "adm1_name2": null, "adm1_name3": null, "adm1_pcode": "GN003", "adm0_name": "Guinée", "adm0_name1": null, "adm0_name2": null, "adm0_name3": null, "adm0_pcode": "GN", "valid_on": "2016-03-04", "valid_to": null, "version": "v01", "lang": "fr", "lang1": null, "lang2": null, "lang3": null }, "geometry": { "type": "Point", "coordinates": [ -11.034163846999945, 10.116503500000078 ] } },
{ "type": "Feature", "properties": { "admin_level": 3, "name": "Sangardo", "name1": null, "name2": null, "name3": null, "x_coord": -10.22329559, "y_coord": 9.410861, "adm4_name": null, "adm4_name1": null, "adm4_name2": null, "adm4_name3": null, "adm4_pcode": null, "adm3_name": "Sangardo", "adm3_name1": null, "adm3_name2": null, "adm3_name3": null, "adm3_pcode": "GN00300411", "adm2_name": "Kissidougou", "adm2_name1": null, "adm2_name2": null, "adm2_name3": null, "adm2_pcode": "GN003004", "adm1_name": "Faranah", "adm1_name1": null, "adm1_name2": null, "adm1_name3": null, "adm1_pcode": "GN003", "adm0_name": "Guinée", "adm0_name1": null, "adm0_name2": null, "adm0_name3": null, "adm0_pcode": "GN", "valid_on": "2016-03-04", "valid_to": null, "version": "v01", "lang": "fr", "lang1": null, "lang2": null, "lang3": null }, "geometry": { "type": "Point", "coordinates": [ -10.223295584999903, 9.410861 ] } },
{ "type": "Feature", "properties": { "admin_level": 3, "name": "Sangareah", "name1": null, "name2": null, "name3": null, "x_coord": -12.76783625, "y_coord": 10.693645, "adm4_name": null, "adm4_name1": null, "adm4_name2": null, "adm4_name3": null, "adm4_pcode": null, "adm3_name": "Sangareah", "adm3_name1": null, "adm3_name2": null, "adm3_name3": null, "adm3_pcode": "GN00700309", "adm2_name": "Pita", "adm2_name1": null, "adm2_name2": null, "adm2_name3": null, "adm2_pcode": "GN007003", "adm1_name": "Mamou", "adm1_name1": null, "adm1_name2": null, "adm1_name3": null, "adm1_pcode": "GN007", "adm0_name": "Guinée", "adm0_name1": null, "adm0_name2": null, "adm0_name3": null, "adm0_pcode": "GN", "valid_on": "2016-03-04", "valid_to": null, "version": "v01", "lang": "fr", "lang1": null, "lang2": null, "lang3": null }, "geometry": { "type": "Point", "coordinates": [ -12.76783625399986, 10.693645 ] } },
{ "type": "Feature", "properties": { "admin_level": 3, "name": "Selouma", "name1": null, "name2": null, "name3": null, "x_coord": -10.96520503, "y_coord": 11.172756, "adm4_name": null, "adm4_name1": null, "adm4_name2": null, "adm4_name3": null, "adm4_pcode": null, "adm3_name": "Selouma", "adm3_name1": null, "adm3_name2": null, "adm3_name3": null, "adm3_pcode": "GN00300208", "adm2_name": "Dinguiraye", "adm2_name1": null, "adm2_name2": null, "adm2_name3": null, "adm2_pcode": "GN003002", "adm1_name": "Faranah", "adm1_name1": null, "adm1_name2": null, "adm1_name3": null, "adm1_pcode": "GN003", "adm0_name": "Guinée", "adm0_name1": null, "adm0_name2": null, "adm0_name3": null, "adm0_pcode": "GN", "valid_on": "2016-03-04", "valid_to": null, "version": "v01", "lang": "fr", "lang1": null, "lang2": null, "lang3": null }, "geometry": { "type": "Point", "coordinates": [ -10.965205028999947, 11.172756 ] } },
{ "type": "Feature", "properties": { "admin_level": 3, "name": "Sangaredi", "name1": null, "name2": null, "name3": null, "x_coord": -13.91554086, "y_coord": 11.10728, "adm4_name": null, "adm4_name1": null, "adm4_name2": null, "adm4_name3": null, "adm4_pcode": null, "adm3_name": "Sangaredi", "adm3_name1": null, "adm3_name2": null, "adm3_name3": null, "adm3_pcode": "GN00100208", "adm2_name": "Boke", "adm2_name1": null, "adm2_name2": null, "adm2_name3": null, "adm2_pcode": "GN001002", "adm1_name": "Boke", "adm1_name1": null, "adm1_name2": null, "adm1_name3": null, "adm1_pcode": "GN001", "adm0_name": "Guinée", "adm0_name1": null, "adm0_name2": null, "adm0_name3": null, "adm0_pcode": "GN", "valid_on": "2016-03-04", "valid_to": null, "version": "v01", "lang": "fr", "lang1": null, "lang2": null, "lang3": null }, "geometry": { "type": "Point", "coordinates": [ -13.915540859999965, 11.10728 ] } },
{ "type": "Feature", "properties": { "admin_level": 3, "name": "Sanguiana", "name1": null, "name2": null, "name3": null, "x_coord": -10.20114451, "y_coord": 10.8193875, "adm4_name": null, "adm4_name1": null, "adm4_name2": null, "adm4_name3": null, "adm4_pcode": null, "adm3_name": "Sanguiana", "adm3_name1": null, "adm3_name2": null, "adm3_name3": null, "adm3_pcode": "GN00400312", "adm2_name": "Kouroussa", "adm2_name1": null, "adm2_name2": null, "adm2_name3": null, "adm2_pcode": "GN004003", "adm1_name": "Kankan", "adm1_name1": null, "adm1_name2": null, "adm1_name3": null, "adm1_pcode": "GN004", "adm0_name": "Guinée", "adm0_name1": null, "adm0_name2": null, "adm0_name3": null, "adm0_pcode": "GN", "valid_on": "2016-03-04", "valid_to": null, "version": "v01", "lang": "fr", "lang1": null, "lang2": null, "lang3": null }, "geometry": { "type": "Point", "coordinates": [ -10.201144513999964, 10.819387500000119 ] } },
{ "type": "Feature", "properties": { "admin_level": 3, "name": "Sannou", "name1": null, "name2": null, "name3": null, "x_coord": -12.14442313, "y_coord": 11.433388, "adm4_name": null, "adm4_name1": null, "adm4_name2": null, "adm4_name3": null, "adm4_pcode": null, "adm3_name": "Sannou", "adm3_name1": null, "adm3_name2": null, "adm3_name3": null, "adm3_pcode": "GN00600212", "adm2_name": "Labe", "adm2_name1": null, "adm2_name2": null, "adm2_name3": null, "adm2_pcode": "GN006002", "adm1_name": "Labe", "adm1_name1": null, "adm1_name2": null, "adm1_name3": null, "adm1_pcode": "GN006", "adm0_name": "Guinée", "adm0_name1": null, "adm0_name2": null, "adm0_name3": null, "adm0_pcode": "GN", "valid_on": "2016-03-04", "valid_to": null, "version": "v01", "lang": "fr", "lang1": null, "lang2": null, "lang3": null }, "geometry": { "type": "Point", "coordinates": [ -12.144423133999908, 11.433388 ] } },
{ "type": "Feature", "properties": { "admin_level": 3, "name": "Sareboido", "name1": null, "name2": null, "name3": null, "x_coord": -13.55797065, "y_coord": 12.36476491, "adm4_name": null, "adm4_name1": null, "adm4_name2": null, "adm4_name3": null, "adm4_pcode": null, "adm3_name": "Sareboido", "adm3_name1": null, "adm3_name2": null, "adm3_name3": null, "adm3_pcode": "GN00100405", "adm2_name": "Koundara", "adm2_name1": null, "adm2_name2": null, "adm2_name3": null, "adm2_pcode": "GN001004", "adm1_name": "Boke", "adm1_name1": null, "adm1_name2": null, "adm1_name3": null, "adm1_pcode": "GN001", "adm0_name": "Guinée", "adm0_name1": null, "adm0_name2": null, "adm0_name3": null, "adm0_pcode": "GN", "valid_on": "2016-03-04", "valid_to": null, "version": "v01", "lang": "fr", "lang1": null, "lang2": null, "lang3": null }, "geometry": { "type": "Point", "coordinates": [ -13.557970651999881, 12.364764910000019 ] } },
{ "type": "Feature", "properties": { "admin_level": 3, "name": "Sarekali", "name1": null, "name2": null, "name3": null, "x_coord": -12.99436778, "y_coord": 10.99443, "adm4_name": null, "adm4_name1": null, "adm4_name2": null, "adm4_name3": null, "adm4_pcode": null, "adm3_name": "Sarekali", "adm3_name1": null, "adm3_name2": null, "adm3_name3": null, "adm3_pcode": "GN00500509", "adm2_name": "Telimele", "adm2_name1": null, "adm2_name2": null, "adm2_name3": null, "adm2_pcode": "GN005005", "adm1_name": "Kindia", "adm1_name1": null, "adm1_name2": null, "adm1_name3": null, "adm1_pcode": "GN005", "adm0_name": "Guinée", "adm0_name1": null, "adm0_name2": null, "adm0_name3": null, "adm0_pcode": "GN", "valid_on": "2016-03-04", "valid_to": null, "version": "v01", "lang": "fr", "lang1": null, "lang2": null, "lang3": null }, "geometry": { "type": "Point", "coordinates": [ -12.994367780999937, 10.99443 ] } },
{ "type": "Feature", "properties": { "admin_level": 3, "name": "Sansale", "name1": null, "name2": null, "name3": null, "x_coord": -14.71991901, "y_coord": 11.319345, "adm4_name": null, "adm4_name1": null, "adm4_name2": null, "adm4_name3": null, "adm4_pcode": null, "adm3_name": "Sansale", "adm3_name1": null, "adm3_name2": null, "adm3_name3": null, "adm3_pcode": "GN00100209", "adm2_name": "Boke", "adm2_name1": null, "adm2_name2": null, "adm2_name3": null, "adm2_pcode": "GN001002", "adm1_name": "Boke", "adm1_name1": null, "adm1_name2": null, "adm1_name3": null, "adm1_pcode": "GN001", "adm0_name": "Guinée", "adm0_name1": null, "adm0_name2": null, "adm0_name3": null, "adm0_pcode": "GN", "valid_on": "2016-03-04", "valid_to": null, "version": "v01", "lang": "fr", "lang1": null, "lang2": null, "lang3": null }, "geometry": { "type": "Point", "coordinates": [ -14.719919010999945, 11.319345 ] } },
{ "type": "Feature", "properties": { "admin_level": 3, "name": "Sansando", "name1": null, "name2": null, "name3": null, "x_coord": -9.06086564, "y_coord": 11.024645, "adm4_name": null, "adm4_name1": null, "adm4_name2": null, "adm4_name3": null, "adm4_pcode": null, "adm3_name": "Sansando", "adm3_name1": null, "adm3_name2": null, "adm3_name3": null, "adm3_pcode": "GN00400412", "adm2_name": "Mandiana", "adm2_name1": null, "adm2_name2": null, "adm2_name3": null, "adm2_pcode": "GN004004", "adm1_name": "Kankan", "adm1_name1": null, "adm1_name2": null, "adm1_name3": null, "adm1_pcode": "GN004", "adm0_name": "Guinée", "adm0_name1": null, "adm0_name2": null, "adm0_name3": null, "adm0_pcode": "GN", "valid_on": "2016-03-04", "valid_to": null, "version": "v01", "lang": "fr", "lang1": null, "lang2": null, "lang3": null }, "geometry": { "type": "Point", "coordinates": [ -9.060865637999882, 11.024645 ] } },
{ "type": "Feature", "properties": { "admin_level": 3, "name": "Saramoussaya", "name1": null, "name2": null, "name3": null, "x_coord": -11.59735006, "y_coord": 10.728238, "adm4_name": null, "adm4_name1": null, "adm4_name2": null, "adm4_name3": null, "adm4_pcode": null, "adm3_name": "Saramoussaya", "adm3_name1": null, "adm3_name2": null, "adm3_name3": null, "adm3_pcode": "GN00700210", "adm2_name": "Mamou", "adm2_name1": null, "adm2_name2": null, "adm2_name3": null, "adm2_pcode": "GN007002", "adm1_name": "Mamou", "adm1_name1": null, "adm1_name2": null, "adm1_name3": null, "adm1_pcode": "GN007", "adm0_name": "Guinée", "adm0_name1": null, "adm0_name2": null, "adm0_name3": null, "adm0_pcode": "GN", "valid_on": "2016-03-04", "valid_to": null, "version": "v01", "lang": "fr", "lang1": null, "lang2": null, "lang3": null }, "geometry": { "type": "Point", "coordinates": [ -11.597350057999904, 10.728238 ] } },
{ "type": "Feature", "properties": { "admin_level": 3, "name": "Telire", "name1": null, "name2": null, "name3": null, "x_coord": -12.05944563, "y_coord": 11.869483, "adm4_name": null, "adm4_name1": null, "adm4_name2": null, "adm4_name3": null, "adm4_pcode": null, "adm3_name": "Telire", "adm3_name1": null, "adm3_name2": null, "adm3_name3": null, "adm3_pcode": "GN00600411", "adm2_name": "Mali", "adm2_name1": null, "adm2_name2": null, "adm2_name3": null, "adm2_pcode": "GN006004", "adm1_name": "Labe", "adm1_name1": null, "adm1_name2": null, "adm1_name3": null, "adm1_pcode": "GN006", "adm0_name": "Guinée", "adm0_name1": null, "adm0_name2": null, "adm0_name3": null, "adm0_pcode": "GN", "valid_on": "2016-03-04", "valid_to": null, "version": "v01", "lang": "fr", "lang1": null, "lang2": null, "lang3": null }, "geometry": { "type": "Point", "coordinates": [ -12.059445625999956, 11.869483 ] } },
{ "type": "Feature", "properties": { "admin_level": 3, "name": "Sengbedou", "name1": null, "name2": null, "name3": null, "x_coord": -9.27438455, "y_coord": 8.514214, "adm4_name": null, "adm4_name1": null, "adm4_name2": null, "adm4_name3": null, "adm4_pcode": null, "adm3_name": "Sengbedou", "adm3_name1": null, "adm3_name2": null, "adm3_name3": null, "adm3_pcode": "GN00800412", "adm2_name": "Macenta", "adm2_name1": null, "adm2_name2": null, "adm2_name3": null, "adm2_pcode": "GN008004", "adm1_name": "Nzerekore", "adm1_name1": null, "adm1_name2": null, "adm1_name3": null, "adm1_pcode": "GN008", "adm0_name": "Guinée", "adm0_name1": null, "adm0_name2": null, "adm0_name3": null, "adm0_pcode": "GN", "valid_on": "2016-03-04", "valid_to": null, "version": "v01", "lang": "fr", "lang1": null, "lang2": null, "lang3": null }, "geometry": { "type": "Point", "coordinates": [ -9.274384548999933, 8.514214 ] } },
{ "type": "Feature", "properties": { "admin_level": 3, "name": "Seredou", "name1": null, "name2": null, "name3": null, "x_coord": -9.22450028, "y_coord": 8.2879615, "adm4_name": null, "adm4_name1": null, "adm4_name2": null, "adm4_name3": null, "adm4_pcode": null, "adm3_name": "Seredou", "adm3_name1": null, "adm3_name2": null, "adm3_name3": null, "adm3_pcode": "GN00800413", "adm2_name": "Macenta", "adm2_name1": null, "adm2_name2": null, "adm2_name3": null, "adm2_pcode": "GN008004", "adm1_name": "Nzerekore", "adm1_name1": null, "adm1_name2": null, "adm1_name3": null, "adm1_pcode": "GN008", "adm0_name": "Guinée", "adm0_name1": null, "adm0_name2": null, "adm0_name3": null, "adm0_pcode": "GN", "valid_on": "2016-03-04", "valid_to": null, "version": "v01", "lang": "fr", "lang1": null, "lang2": null, "lang3": null }, "geometry": { "type": "Point", "coordinates": [ -9.224500278999869, 8.287961500000108 ] } },
{ "type": "Feature", "properties": { "admin_level": 3, "name": "Sibiribaro", "name1": null, "name2": null, "name3": null, "x_coord": -9.32205503, "y_coord": 8.9232835, "adm4_name": null, "adm4_name1": null, "adm4_name2": null, "adm4_name3": null, "adm4_pcode": null, "adm3_name": "Sibiribaro", "adm3_name1": null, "adm3_name2": null, "adm3_name3": null, "adm3_pcode": "GN00400207", "adm2_name": "Kerouane", "adm2_name1": null, "adm2_name2": null, "adm2_name3": null, "adm2_pcode": "GN004002", "adm1_name": "Kankan", "adm1_name1": null, "adm1_name2": null, "adm1_name3": null, "adm1_pcode": "GN004", "adm0_name": "Guinée", "adm0_name1": null, "adm0_name2": null, "adm0_name3": null, "adm0_pcode": "GN", "valid_on": "2016-03-04", "valid_to": null, "version": "v01", "lang": "fr", "lang1": null, "lang2": null, "lang3": null }, "geometry": { "type": "Point", "coordinates": [ -9.322055024999827, 8.923283500000082 ] } },
{ "type": "Feature", "properties": { "admin_level": 3, "name": "Siguiri Ctre", "name1": null, "name2": null, "name3": null, "x_coord": -9.18429572, "y_coord": 11.409434, "adm4_name": null, "adm4_name1": null, "adm4_name2": null, "adm4_name3": null, "adm4_pcode": null, "adm3_name": "Siguiri Ctre", "adm3_name1": null, "adm3_name2": null, "adm3_name3": null, "adm3_pcode": "GN00400511", "adm2_name": "Siguiri", "adm2_name1": null, "adm2_name2": null, "adm2_name3": null, "adm2_pcode": "GN004005", "adm1_name": "Kankan", "adm1_name1": null, "adm1_name2": null, "adm1_name3": null, "adm1_pcode": "GN004", "adm0_name": "Guinée", "adm0_name1": null, "adm0_name2": null, "adm0_name3": null, "adm0_pcode": "GN", "valid_on": "2016-03-04", "valid_to": null, "version": "v01", "lang": "fr", "lang1": null, "lang2": null, "lang3": null }, "geometry": { "type": "Point", "coordinates": [ -9.184295722999934, 11.409434 ] } },
{ "type": "Feature", "properties": { "admin_level": 3, "name": "Siguirini", "name1": null, "name2": null, "name3": null, "x_coord": -10.0444839, "y_coord": 11.835886, "adm4_name": null, "adm4_name1": null, "adm4_name2": null, "adm4_name3": null, "adm4_pcode": null, "adm3_name": "Siguirini", "adm3_name1": null, "adm3_name2": null, "adm3_name3": null, "adm3_pcode": "GN00400512", "adm2_name": "Siguiri", "adm2_name1": null, "adm2_name2": null, "adm2_name3": null, "adm2_pcode": "GN004005", "adm1_name": "Kankan", "adm1_name1": null, "adm1_name2": null, "adm1_name3": null, "adm1_pcode": "GN004", "adm0_name": "Guinée", "adm0_name1": null, "adm0_name2": null, "adm0_name3": null, "adm0_pcode": "GN", "valid_on": "2016-03-04", "valid_to": null, "version": "v01", "lang": "fr", "lang1": null, "lang2": null, "lang3": null }, "geometry": { "type": "Point", "coordinates": [ -10.044483902999957, 11.835886 ] } },
{ "type": "Feature", "properties": { "admin_level": 3, "name": "Sikhourou", "name1": null, "name2": null, "name3": null, "x_coord": -12.74381297, "y_coord": 9.62128, "adm4_name": null, "adm4_name1": null, "adm4_name2": null, "adm4_name3": null, "adm4_pcode": null, "adm3_name": "Sikhourou", "adm3_name1": null, "adm3_name2": null, "adm3_name3": null, "adm3_pcode": "GN00500310", "adm2_name": "Forecariah", "adm2_name1": null, "adm2_name2": null, "adm2_name3": null, "adm2_pcode": "GN005003", "adm1_name": "Kindia", "adm1_name1": null, "adm1_name2": null, "adm1_name3": null, "adm1_pcode": "GN005", "adm0_name": "Guinée", "adm0_name1": null, "adm0_name2": null, "adm0_name3": null, "adm0_pcode": "GN", "valid_on": "2016-03-04", "valid_to": null, "version": "v01", "lang": "fr", "lang1": null, "lang2": null, "lang3": null }, "geometry": { "type": "Point", "coordinates": [ -12.743812964999904, 9.621280000000183 ] } },
{ "type": "Feature", "properties": { "admin_level": 3, "name": "Sinko", "name1": null, "name2": null, "name3": null, "x_coord": -8.19139793, "y_coord": 8.9074165, "adm4_name": null, "adm4_name1": null, "adm4_name2": null, "adm4_name3": null, "adm4_pcode": null, "adm3_name": "Sinko", "adm3_name1": null, "adm3_name2": null, "adm3_name3": null, "adm3_pcode": "GN00800114", "adm2_name": "Beyla", "adm2_name1": null, "adm2_name2": null, "adm2_name3": null, "adm2_pcode": "GN008001", "adm1_name": "Nzerekore", "adm1_name1": null, "adm1_name2": null, "adm1_name3": null, "adm1_pcode": "GN008", "adm0_name": "Guinée", "adm0_name1": null, "adm0_name2": null, "adm0_name3": null, "adm0_pcode": "GN", "valid_on": "2016-03-04", "valid_to": null, "version": "v01", "lang": "fr", "lang1": null, "lang2": null, "lang3": null }, "geometry": { "type": "Point", "coordinates": [ -8.191397934999941, 8.907416500000124 ] } },
{ "type": "Feature", "properties": { "admin_level": 3, "name": "Songoyah", "name1": null, "name2": null, "name3": null, "x_coord": -10.85977912, "y_coord": 9.707275, "adm4_name": null, "adm4_name1": null, "adm4_name2": null, "adm4_name3": null, "adm4_pcode": null, "adm3_name": "Songoyah", "adm3_name1": null, "adm3_name2": null, "adm3_name3": null, "adm3_pcode": "GN00300310", "adm2_name": "Faranah", "adm2_name1": null, "adm2_name2": null, "adm2_name3": null, "adm2_pcode": "GN003003", "adm1_name": "Faranah", "adm1_name1": null, "adm1_name2": null, "adm1_name3": null, "adm1_pcode": "GN003", "adm0_name": "Guinée", "adm0_name1": null, "adm0_name2": null, "adm0_name3": null, "adm0_pcode": "GN", "valid_on": "2016-03-04", "valid_to": null, "version": "v01", "lang": "fr", "lang1": null, "lang2": null, "lang3": null }, "geometry": { "type": "Point", "coordinates": [ -10.859779121999964, 9.707275 ] } },
{ "type": "Feature", "properties": { "admin_level": 3, "name": "Soromaya", "name1": null, "name2": null, "name3": null, "x_coord": -9.54165506, "y_coord": 9.1608135, "adm4_name": null, "adm4_name1": null, "adm4_name2": null, "adm4_name3": null, "adm4_pcode": null, "adm3_name": "Soromaya", "adm3_name1": null, "adm3_name2": null, "adm3_name3": null, "adm3_pcode": "GN00400208", "adm2_name": "Kerouane", "adm2_name1": null, "adm2_name2": null, "adm2_name3": null, "adm2_pcode": "GN004002", "adm1_name": "Kankan", "adm1_name1": null, "adm1_name2": null, "adm1_name3": null, "adm1_pcode": "GN004", "adm0_name": "Guinée", "adm0_name1": null, "adm0_name2": null, "adm0_name3": null, "adm0_pcode": "GN", "valid_on": "2016-03-04", "valid_to": null, "version": "v01", "lang": "fr", "lang1": null, "lang2": null, "lang3": null }, "geometry": { "type": "Point", "coordinates": [ -9.541655058999879, 9.160813500000131 ] } },
{ "type": "Feature", "properties": { "admin_level": 3, "name": "Sougueta", "name1": null, "name2": null, "name3": null, "x_coord": -12.55063193, "y_coord": 10.29425, "adm4_name": null, "adm4_name1": null, "adm4_name2": null, "adm4_name3": null, "adm4_pcode": null, "adm3_name": "Sougueta", "adm3_name1": null, "adm3_name2": null, "adm3_name3": null, "adm3_pcode": "GN00500410", "adm2_name": "Kindia", "adm2_name1": null, "adm2_name2": null, "adm2_name3": null, "adm2_pcode": "GN005004", "adm1_name": "Kindia", "adm1_name1": null, "adm1_name2": null, "adm1_name3": null, "adm1_pcode": "GN005", "adm0_name": "Guinée", "adm0_name1": null, "adm0_name2": null, "adm0_name3": null, "adm0_pcode": "GN", "valid_on": "2016-03-04", "valid_to": null, "version": "v01", "lang": "fr", "lang1": null, "lang2": null, "lang3": null }, "geometry": { "type": "Point", "coordinates": [ -12.550631928999962, 10.29425 ] } },
{ "type": "Feature", "properties": { "admin_level": 3, "name": "Soulouta", "name1": null, "name2": null, "name3": null, "x_coord": -8.64171168, "y_coord": 7.9642055, "adm4_name": null, "adm4_name1": null, "adm4_name2": null, "adm4_name3": null, "adm4_pcode": null, "adm3_name": "Soulouta", "adm3_name1": null, "adm3_name2": null, "adm3_name3": null, "adm3_pcode": "GN00800509", "adm2_name": "Nzerekore", "adm2_name1": null, "adm2_name2": null, "adm2_name3": null, "adm2_pcode": "GN008005", "adm1_name": "Nzerekore", "adm1_name1": null, "adm1_name2": null, "adm1_name3": null, "adm1_pcode": "GN008", "adm0_name": "Guinée", "adm0_name1": null, "adm0_name2": null, "adm0_name3": null, "adm0_pcode": "GN", "valid_on": "2016-03-04", "valid_to": null, "version": "v01", "lang": "fr", "lang1": null, "lang2": null, "lang3": null }, "geometry": { "type": "Point", "coordinates": [ -8.641711675999886, 7.964205500000048 ] } },
{ "type": "Feature", "properties": { "admin_level": 3, "name": "Tarihoye", "name1": null, "name2": null, "name3": null, "x_coord": -13.24349517, "y_coord": 11.001887, "adm4_name": null, "adm4_name1": null, "adm4_name2": null, "adm4_name3": null, "adm4_pcode": null, "adm3_name": "Tarihoye", "adm3_name1": null, "adm3_name2": null, "adm3_name3": null, "adm3_pcode": "GN00500512", "adm2_name": "Telimele", "adm2_name1": null, "adm2_name2": null, "adm2_name3": null, "adm2_pcode": "GN005005", "adm1_name": "Kindia", "adm1_name1": null, "adm1_name2": null, "adm1_name3": null, "adm1_pcode": "GN005", "adm0_name": "Guinée", "adm0_name1": null, "adm0_name2": null, "adm0_name3": null, "adm0_pcode": "GN", "valid_on": "2016-03-04", "valid_to": null, "version": "v01", "lang": "fr", "lang1": null, "lang2": null, "lang3": null }, "geometry": { "type": "Point", "coordinates": [ -13.243495172999872, 11.001887000000124 ] } },
{ "type": "Feature", "properties": { "admin_level": 3, "name": "Soyah", "name1": null, "name2": null, "name3": null, "x_coord": -12.01112323, "y_coord": 10.1818155, "adm4_name": null, "adm4_name1": null, "adm4_name2": null, "adm4_name3": null, "adm4_pcode": null, "adm3_name": "Soyah", "adm3_name1": null, "adm3_name2": null, "adm3_name3": null, "adm3_pcode": "GN00700211", "adm2_name": "Mamou", "adm2_name1": null, "adm2_name2": null, "adm2_name3": null, "adm2_pcode": "GN007002", "adm1_name": "Mamou", "adm1_name1": null, "adm1_name2": null, "adm1_name3": null, "adm1_pcode": "GN007", "adm0_name": "Guinée", "adm0_name1": null, "adm0_name2": null, "adm0_name3": null, "adm0_pcode": "GN", "valid_on": "2016-03-04", "valid_to": null, "version": "v01", "lang": "fr", "lang1": null, "lang2": null, "lang3": null }, "geometry": { "type": "Point", "coordinates": [ -12.011123233999967, 10.181815500000027 ] } },
{ "type": "Feature", "properties": { "admin_level": 3, "name": "Tamita", "name1": null, "name2": null, "name3": null, "x_coord": -13.92465774, "y_coord": 10.18157705, "adm4_name": null, "adm4_name1": null, "adm4_name2": null, "adm4_name3": null, "adm4_pcode": null, "adm3_name": "Tamita", "adm3_name1": null, "adm3_name2": null, "adm3_name3": null, "adm3_pcode": "GN00100107", "adm2_name": "Boffa", "adm2_name1": null, "adm2_name2": null, "adm2_name3": null, "adm2_pcode": "GN001001", "adm1_name": "Boke", "adm1_name1": null, "adm1_name2": null, "adm1_name3": null, "adm1_pcode": "GN001", "adm0_name": "Guinée", "adm0_name1": null, "adm0_name2": null, "adm0_name3": null, "adm0_pcode": "GN", "valid_on": "2016-03-04", "valid_to": null, "version": "v01", "lang": "fr", "lang1": null, "lang2": null, "lang3": null }, "geometry": { "type": "Point", "coordinates": [ -13.924657736999905, 10.181577055000105 ] } },
{ "type": "Feature", "properties": { "admin_level": 3, "name": "Termassadou", "name1": null, "name2": null, "name3": null, "x_coord": -10.23585724, "y_coord": 8.6468715, "adm4_name": null, "adm4_name1": null, "adm4_name2": null, "adm4_name3": null, "adm4_pcode": null, "adm3_name": "Termassadou", "adm3_name1": null, "adm3_name2": null, "adm3_name3": null, "adm3_pcode": "GN00800210", "adm2_name": "Gueckedou", "adm2_name1": null, "adm2_name2": null, "adm2_name3": null, "adm2_pcode": "GN008002", "adm1_name": "Nzerekore", "adm1_name1": null, "adm1_name2": null, "adm1_name3": null, "adm1_pcode": "GN008", "adm0_name": "Guinée", "adm0_name1": null, "adm0_name2": null, "adm0_name3": null, "adm0_pcode": "GN", "valid_on": "2016-03-04", "valid_to": null, "version": "v01", "lang": "fr", "lang1": null, "lang2": null, "lang3": null }, "geometry": { "type": "Point", "coordinates": [ -10.235857235999902, 8.646871500000032 ] } },
{ "type": "Feature", "properties": { "admin_level": 3, "name": "Tangali", "name1": null, "name2": null, "name3": null, "x_coord": -11.87803748, "y_coord": 11.325865, "adm4_name": null, "adm4_name1": null, "adm4_name2": null, "adm4_name3": null, "adm4_pcode": null, "adm3_name": "Tangali", "adm3_name1": null, "adm3_name2": null, "adm3_name3": null, "adm3_pcode": "GN00600509", "adm2_name": "Tougue", "adm2_name1": null, "adm2_name2": null, "adm2_name3": null, "adm2_pcode": "GN006005", "adm1_name": "Labe", "adm1_name1": null, "adm1_name2": null, "adm1_name3": null, "adm1_pcode": "GN006", "adm0_name": "Guinée", "adm0_name1": null, "adm0_name2": null, "adm0_name3": null, "adm0_pcode": "GN", "valid_on": "2016-03-04", "valid_to": null, "version": "v01", "lang": "fr", "lang1": null, "lang2": null, "lang3": null }, "geometry": { "type": "Point", "coordinates": [ -11.878037484999936, 11.325865 ] } },
{ "type": "Feature", "properties": { "admin_level": 3, "name": "Teguereyah", "name1": null, "name2": null, "name3": null, "x_coord": -11.40050784, "y_coord": 11.0703205, "adm4_name": null, "adm4_name1": null, "adm4_name2": null, "adm4_name3": null, "adm4_pcode": null, "adm3_name": "Teguereyah", "adm3_name1": null, "adm3_name2": null, "adm3_name3": null, "adm3_pcode": "GN00700212", "adm2_name": "Mamou", "adm2_name1": null, "adm2_name2": null, "adm2_name3": null, "adm2_pcode": "GN007002", "adm1_name": "Mamou", "adm1_name1": null, "adm1_name2": null, "adm1_name3": null, "adm1_pcode": "GN007", "adm0_name": "Guinée", "adm0_name1": null, "adm0_name2": null, "adm0_name3": null, "adm0_pcode": "GN", "valid_on": "2016-03-04", "valid_to": null, "version": "v01", "lang": "fr", "lang1": null, "lang2": null, "lang3": null }, "geometry": { "type": "Point", "coordinates": [ -11.400507839999932, 11.07032049999998 ] } },
{ "type": "Feature", "properties": { "admin_level": 3, "name": "Tekoulo", "name1": null, "name2": null, "name3": null, "x_coord": -9.9861173, "y_coord": 8.544164, "adm4_name": null, "adm4_name1": null, "adm4_name2": null, "adm4_name3": null, "adm4_pcode": null, "adm3_name": "Tekoulo", "adm3_name1": null, "adm3_name2": null, "adm3_name3": null, "adm3_pcode": "GN00800209", "adm2_name": "Gueckedou", "adm2_name1": null, "adm2_name2": null, "adm2_name3": null, "adm2_pcode": "GN008002", "adm1_name": "Nzerekore", "adm1_name1": null, "adm1_name2": null, "adm1_name3": null, "adm1_pcode": "GN008", "adm0_name": "Guinée", "adm0_name1": null, "adm0_name2": null, "adm0_name3": null, "adm0_pcode": "GN", "valid_on": "2016-03-04", "valid_to": null, "version": "v01", "lang": "fr", "lang1": null, "lang2": null, "lang3": null }, "geometry": { "type": "Point", "coordinates": [ -9.986117294999929, 8.544164 ] } },
{ "type": "Feature", "properties": { "admin_level": 3, "name": "Termesse", "name1": null, "name2": null, "name3": null, "x_coord": -12.78628889, "y_coord": 12.287688, "adm4_name": null, "adm4_name1": null, "adm4_name2": null, "adm4_name3": null, "adm4_pcode": null, "adm3_name": "Termesse", "adm3_name1": null, "adm3_name2": null, "adm3_name3": null, "adm3_pcode": "GN00100406", "adm2_name": "Koundara", "adm2_name1": null, "adm2_name2": null, "adm2_name3": null, "adm2_pcode": "GN001004", "adm1_name": "Boke", "adm1_name1": null, "adm1_name2": null, "adm1_name3": null, "adm1_pcode": "GN001", "adm0_name": "Guinée", "adm0_name1": null, "adm0_name2": null, "adm0_name3": null, "adm0_pcode": "GN", "valid_on": "2016-03-04", "valid_to": null, "version": "v01", "lang": "fr", "lang1": null, "lang2": null, "lang3": null }, "geometry": { "type": "Point", "coordinates": [ -12.786288893999938, 12.287688000000117 ] } },
{ "type": "Feature", "properties": { "admin_level": 3, "name": "Tianguel Bori", "name1": null, "name2": null, "name3": null, "x_coord": -12.61176315, "y_coord": 11.638907, "adm4_name": null, "adm4_name1": null, "adm4_name2": null, "adm4_name3": null, "adm4_pcode": null, "adm3_name": "Tianguel Bori", "adm3_name1": null, "adm3_name2": null, "adm3_name3": null, "adm3_pcode": "GN00600311", "adm2_name": "Lelouma", "adm2_name1": null, "adm2_name2": null, "adm2_name3": null, "adm2_pcode": "GN006003", "adm1_name": "Labe", "adm1_name1": null, "adm1_name2": null, "adm1_name3": null, "adm1_pcode": "GN006", "adm0_name": "Guinée", "adm0_name1": null, "adm0_name2": null, "adm0_name3": null, "adm0_pcode": "GN", "valid_on": "2016-03-04", "valid_to": null, "version": "v01", "lang": "fr", "lang1": null, "lang2": null, "lang3": null }, "geometry": { "type": "Point", "coordinates": [ -12.611763149999888, 11.638907000000188 ] } },
{ "type": "Feature", "properties": { "admin_level": 3, "name": "Timbi Madina", "name1": null, "name2": null, "name3": null, "x_coord": -12.55737791, "y_coord": 11.2036405, "adm4_name": null, "adm4_name1": null, "adm4_name2": null, "adm4_name3": null, "adm4_pcode": null, "adm3_name": "Timbi Madina", "adm3_name1": null, "adm3_name2": null, "adm3_name3": null, "adm3_pcode": "GN00700311", "adm2_name": "Pita", "adm2_name1": null, "adm2_name2": null, "adm2_name3": null, "adm2_pcode": "GN007003", "adm1_name": "Mamou", "adm1_name1": null, "adm1_name2": null, "adm1_name3": null, "adm1_pcode": "GN007", "adm0_name": "Guinée", "adm0_name1": null, "adm0_name2": null, "adm0_name3": null, "adm0_pcode": "GN", "valid_on": "2016-03-04", "valid_to": null, "version": "v01", "lang": "fr", "lang1": null, "lang2": null, "lang3": null }, "geometry": { "type": "Point", "coordinates": [ -12.557377907999978, 11.20364050000012 ] } },
{ "type": "Feature", "properties": { "admin_level": 3, "name": "Timbi Touni", "name1": null, "name2": null, "name3": null, "x_coord": -12.5622334, "y_coord": 11.0574795, "adm4_name": null, "adm4_name1": null, "adm4_name2": null, "adm4_name3": null, "adm4_pcode": null, "adm3_name": "Timbi Touni", "adm3_name1": null, "adm3_name2": null, "adm3_name3": null, "adm3_pcode": "GN00700312", "adm2_name": "Pita", "adm2_name1": null, "adm2_name2": null, "adm2_name3": null, "adm2_pcode": "GN007003", "adm1_name": "Mamou", "adm1_name1": null, "adm1_name2": null, "adm1_name3": null, "adm1_pcode": "GN007", "adm0_name": "Guinée", "adm0_name1": null, "adm0_name2": null, "adm0_name3": null, "adm0_pcode": "GN", "valid_on": "2016-03-04", "valid_to": null, "version": "v01", "lang": "fr", "lang1": null, "lang2": null, "lang3": null }, "geometry": { "type": "Point", "coordinates": [ -12.562233396999943, 11.05747950000017 ] } },
{ "type": "Feature", "properties": { "admin_level": 3, "name": "Timbo", "name1": null, "name2": null, "name3": null, "x_coord": -11.80465188, "y_coord": 10.6298555, "adm4_name": null, "adm4_name1": null, "adm4_name2": null, "adm4_name3": null, "adm4_pcode": null, "adm3_name": "Timbo", "adm3_name1": null, "adm3_name2": null, "adm3_name3": null, "adm3_pcode": "GN00700213", "adm2_name": "Mamou", "adm2_name1": null, "adm2_name2": null, "adm2_name3": null, "adm2_pcode": "GN007002", "adm1_name": "Mamou", "adm1_name1": null, "adm1_name2": null, "adm1_name3": null, "adm1_pcode": "GN007", "adm0_name": "Guinée", "adm0_name1": null, "adm0_name2": null, "adm0_name3": null, "adm0_pcode": "GN", "valid_on": "2016-03-04", "valid_to": null, "version": "v01", "lang": "fr", "lang1": null, "lang2": null, "lang3": null }, "geometry": { "type": "Point", "coordinates": [ -11.804651879999938, 10.629855500000019 ] } },
{ "type": "Feature", "properties": { "admin_level": 3, "name": "Tormelin", "name1": null, "name2": null, "name3": null, "x_coord": -13.74622178, "y_coord": 10.35011, "adm4_name": null, "adm4_name1": null, "adm4_name2": null, "adm4_name3": null, "adm4_pcode": null, "adm3_name": "Tormelin", "adm3_name1": null, "adm3_name2": null, "adm3_name3": null, "adm3_pcode": "GN00100504", "adm2_name": "Fria", "adm2_name1": null, "adm2_name2": null, "adm2_name3": null, "adm2_pcode": "GN001005", "adm1_name": "Boke", "adm1_name1": null, "adm1_name2": null, "adm1_name3": null, "adm1_pcode": "GN001", "adm0_name": "Guinée", "adm0_name1": null, "adm0_name2": null, "adm0_name3": null, "adm0_pcode": "GN", "valid_on": "2016-03-04", "valid_to": null, "version": "v01", "lang": "fr", "lang1": null, "lang2": null, "lang3": null }, "geometry": { "type": "Point", "coordinates": [ -13.746221780999974, 10.35011 ] } },
{ "type": "Feature", "properties": { "admin_level": 3, "name": "Touba", "name1": null, "name2": null, "name3": null, "x_coord": -12.67753822, "y_coord": 12.186637, "adm4_name": null, "adm4_name1": null, "adm4_name2": null, "adm4_name3": null, "adm4_pcode": null, "adm3_name": "Touba", "adm3_name1": null, "adm3_name2": null, "adm3_name3": null, "adm3_pcode": "GN00600412", "adm2_name": "Mali", "adm2_name1": null, "adm2_name2": null, "adm2_name3": null, "adm2_pcode": "GN006004", "adm1_name": "Labe", "adm1_name1": null, "adm1_name2": null, "adm1_name3": null, "adm1_pcode": "GN006", "adm0_name": "Guinée", "adm0_name1": null, "adm0_name2": null, "adm0_name3": null, "adm0_pcode": "GN", "valid_on": "2016-03-04", "valid_to": null, "version": "v01", "lang": "fr", "lang1": null, "lang2": null, "lang3": null }, "geometry": { "type": "Point", "coordinates": [ -12.677538218999928, 12.186637 ] } },
{ "type": "Feature", "properties": { "admin_level": 3, "name": "Tinti Oulen", "name1": null, "name2": null, "name3": null, "x_coord": -9.21760999, "y_coord": 10.0687675, "adm4_name": null, "adm4_name1": null, "adm4_name2": null, "adm4_name3": null, "adm4_pcode": null, "adm3_name": "Tinti Oulen", "adm3_name1": null, "adm3_name2": null, "adm3_name3": null, "adm3_pcode": "GN00400112", "adm2_name": "Kankan", "adm2_name1": null, "adm2_name2": null, "adm2_name3": null, "adm2_pcode": "GN004001", "adm1_name": "Kankan", "adm1_name1": null, "adm1_name2": null, "adm1_name3": null, "adm1_pcode": "GN004", "adm0_name": "Guinée", "adm0_name1": null, "adm0_name2": null, "adm0_name3": null, "adm0_pcode": "GN", "valid_on": "2016-03-04", "valid_to": null, "version": "v01", "lang": "fr", "lang1": null, "lang2": null, "lang3": null }, "geometry": { "type": "Point", "coordinates": [ -9.217609991999893, 10.068767500000149 ] } },
{ "type": "Feature", "properties": { "admin_level": 3, "name": "Tiro", "name1": null, "name2": null, "name3": null, "x_coord": -10.56016773, "y_coord": 9.761472, "adm4_name": null, "adm4_name1": null, "adm4_name2": null, "adm4_name3": null, "adm4_pcode": null, "adm3_name": "Tiro", "adm3_name1": null, "adm3_name2": null, "adm3_name3": null, "adm3_pcode": "GN00300311", "adm2_name": "Faranah", "adm2_name1": null, "adm2_name2": null, "adm2_name3": null, "adm2_pcode": "GN003003", "adm1_name": "Faranah", "adm1_name1": null, "adm1_name2": null, "adm1_name3": null, "adm1_pcode": "GN003", "adm0_name": "Guinée", "adm0_name1": null, "adm0_name2": null, "adm0_name3": null, "adm0_pcode": "GN", "valid_on": "2016-03-04", "valid_to": null, "version": "v01", "lang": "fr", "lang1": null, "lang2": null, "lang3": null }, "geometry": { "type": "Point", "coordinates": [ -10.560167725999918, 9.761472 ] } },
{ "type": "Feature", "properties": { "admin_level": 3, "name": "Tokounou", "name1": null, "name2": null, "name3": null, "x_coord": -9.73220671, "y_coord": 9.632437, "adm4_name": null, "adm4_name1": null, "adm4_name2": null, "adm4_name3": null, "adm4_pcode": null, "adm3_name": "Tokounou", "adm3_name1": null, "adm3_name2": null, "adm3_name3": null, "adm3_pcode": "GN00400113", "adm2_name": "Kankan", "adm2_name1": null, "adm2_name2": null, "adm2_name3": null, "adm2_pcode": "GN004001", "adm1_name": "Kankan", "adm1_name1": null, "adm1_name2": null, "adm1_name3": null, "adm1_pcode": "GN004", "adm0_name": "Guinée", "adm0_name1": null, "adm0_name2": null, "adm0_name3": null, "adm0_pcode": "GN", "valid_on": "2016-03-04", "valid_to": null, "version": "v01", "lang": "fr", "lang1": null, "lang2": null, "lang3": null }, "geometry": { "type": "Point", "coordinates": [ -9.732206707999978, 9.632437000000152 ] } },
{ "type": "Feature", "properties": { "admin_level": 3, "name": "Tolo", "name1": null, "name2": null, "name3": null, "x_coord": -12.09765952, "y_coord": 10.526688, "adm4_name": null, "adm4_name1": null, "adm4_name2": null, "adm4_name3": null, "adm4_pcode": null, "adm3_name": "Tolo", "adm3_name1": null, "adm3_name2": null, "adm3_name3": null, "adm3_pcode": "GN00700214", "adm2_name": "Mamou", "adm2_name1": null, "adm2_name2": null, "adm2_name3": null, "adm2_pcode": "GN007002", "adm1_name": "Mamou", "adm1_name1": null, "adm1_name2": null, "adm1_name3": null, "adm1_pcode": "GN007", "adm0_name": "Guinée", "adm0_name1": null, "adm0_name2": null, "adm0_name3": null, "adm0_pcode": "GN", "valid_on": "2016-03-04", "valid_to": null, "version": "v01", "lang": "fr", "lang1": null, "lang2": null, "lang3": null }, "geometry": { "type": "Point", "coordinates": [ -12.097659522999948, 10.526688 ] } },
{ "type": "Feature", "properties": { "admin_level": 3, "name": "Tondon", "name1": null, "name2": null, "name3": null, "x_coord": -13.32120112, "y_coord": 10.347515, "adm4_name": null, "adm4_name1": null, "adm4_name2": null, "adm4_name3": null, "adm4_pcode": null, "adm3_name": "Tondon", "adm3_name1": null, "adm3_name2": null, "adm3_name3": null, "adm3_pcode": "GN00500207", "adm2_name": "Dubreka", "adm2_name1": null, "adm2_name2": null, "adm2_name3": null, "adm2_pcode": "GN005002", "adm1_name": "Kindia", "adm1_name1": null, "adm1_name2": null, "adm1_name3": null, "adm1_pcode": "GN005", "adm0_name": "Guinée", "adm0_name1": null, "adm0_name2": null, "adm0_name3": null, "adm0_pcode": "GN", "valid_on": "2016-03-04", "valid_to": null, "version": "v01", "lang": "fr", "lang1": null, "lang2": null, "lang3": null }, "geometry": { "type": "Point", "coordinates": [ -13.321201115999941, 10.347515000000101 ] } },
{ "type": "Feature", "properties": { "admin_level": 3, "name": "Touba", "name1": null, "name2": null, "name3": null, "x_coord": -12.99627616, "y_coord": 11.5830295, "adm4_name": null, "adm4_name1": null, "adm4_name2": null, "adm4_name3": null, "adm4_pcode": null, "adm3_name": "Touba", "adm3_name1": null, "adm3_name2": null, "adm3_name3": null, "adm3_pcode": "GN00100307", "adm2_name": "Gaoual", "adm2_name1": null, "adm2_name2": null, "adm2_name3": null, "adm2_pcode": "GN001003", "adm1_name": "Boke", "adm1_name1": null, "adm1_name2": null, "adm1_name3": null, "adm1_pcode": "GN001", "adm0_name": "Guinée", "adm0_name1": null, "adm0_name2": null, "adm0_name3": null, "adm0_pcode": "GN", "valid_on": "2016-03-04", "valid_to": null, "version": "v01", "lang": "fr", "lang1": null, "lang2": null, "lang3": null }, "geometry": { "type": "Point", "coordinates": [ -12.996276156999897, 11.5830295 ] } },
{ "type": "Feature", "properties": { "admin_level": 3, "name": "Tougnifily", "name1": null, "name2": null, "name3": null, "x_coord": -14.36844423, "y_coord": 10.37946081, "adm4_name": null, "adm4_name1": null, "adm4_name2": null, "adm4_name3": null, "adm4_pcode": null, "adm3_name": "Tougnifily", "adm3_name1": null, "adm3_name2": null, "adm3_name3": null, "adm3_pcode": "GN00100108", "adm2_name": "Boffa", "adm2_name1": null, "adm2_name2": null, "adm2_name3": null, "adm2_pcode": "GN001001", "adm1_name": "Boke", "adm1_name1": null, "adm1_name2": null, "adm1_name3": null, "adm1_pcode": "GN001", "adm0_name": "Guinée", "adm0_name1": null, "adm0_name2": null, "adm0_name3": null, "adm0_pcode": "GN", "valid_on": "2016-03-04", "valid_to": null, "version": "v01", "lang": "fr", "lang1": null, "lang2": null, "lang3": null }, "geometry": { "type": "Point", "coordinates": [ -14.368444232999877, 10.379460806000111 ] } },
{ "type": "Feature", "properties": { "admin_level": 3, "name": "Tougue Ctre", "name1": null, "name2": null, "name3": null, "x_coord": -11.67095071, "y_coord": 11.456774, "adm4_name": null, "adm4_name1": null, "adm4_name2": null, "adm4_name3": null, "adm4_pcode": null, "adm3_name": "Tougue Ctre", "adm3_name1": null, "adm3_name2": null, "adm3_name3": null, "adm3_pcode": "GN00600510", "adm2_name": "Tougue", "adm2_name1": null, "adm2_name2": null, "adm2_name3": null, "adm2_pcode": "GN006005", "adm1_name": "Labe", "adm1_name1": null, "adm1_name2": null, "adm1_name3": null, "adm1_pcode": "GN006", "adm0_name": "Guinée", "adm0_name1": null, "adm0_name2": null, "adm0_name3": null, "adm0_pcode": "GN", "valid_on": "2016-03-04", "valid_to": null, "version": "v01", "lang": "fr", "lang1": null, "lang2": null, "lang3": null }, "geometry": { "type": "Point", "coordinates": [ -11.670950711999978, 11.456774000000166 ] } },
{ "type": "Feature", "properties": { "admin_level": 3, "name": "Tounkarata", "name1": null, "name2": null, "name3": null, "x_coord": -8.16909442, "y_coord": 7.7720165, "adm4_name": null, "adm4_name1": null, "adm4_name2": null, "adm4_name3": null, "adm4_pcode": null, "adm3_name": "Tounkarata", "adm3_name1": null, "adm3_name2": null, "adm3_name3": null, "adm3_pcode": "GN00800309", "adm2_name": "Lola", "adm2_name1": null, "adm2_name2": null, "adm2_name3": null, "adm2_pcode": "GN008003", "adm1_name": "Nzerekore", "adm1_name1": null, "adm1_name2": null, "adm1_name3": null, "adm1_pcode": "GN008", "adm0_name": "Guinée", "adm0_name1": null, "adm0_name2": null, "adm0_name3": null, "adm0_pcode": "GN", "valid_on": "2016-03-04", "valid_to": null, "version": "v01", "lang": "fr", "lang1": null, "lang2": null, "lang3": null }, "geometry": { "type": "Point", "coordinates": [ -8.169094421999944, 7.772016500000063 ] } },
{ "type": "Feature", "properties": { "admin_level": 3, "name": "Banian", "name1": null, "name2": null, "name3": null, "x_coord": -10.61076244, "y_coord": 9.466832, "adm4_name": null, "adm4_name1": null, "adm4_name2": null, "adm4_name3": null, "adm4_pcode": null, "adm3_name": "Banian", "adm3_name1": null, "adm3_name2": null, "adm3_name3": null, "adm3_pcode": "GN00300301", "adm2_name": "Faranah", "adm2_name1": null, "adm2_name2": null, "adm2_name3": null, "adm2_pcode": "GN003003", "adm1_name": "Faranah", "adm1_name1": null, "adm1_name2": null, "adm1_name3": null, "adm1_pcode": "GN003", "adm0_name": "Guinée", "adm0_name1": null, "adm0_name2": null, "adm0_name3": null, "adm0_pcode": "GN", "valid_on": "2016-03-04", "valid_to": null, "version": "v01", "lang": "fr", "lang1": null, "lang2": null, "lang3": null }, "geometry": { "type": "Point", "coordinates": [ -10.610762437999824, 9.466832000000181 ] } },
{ "type": "Feature", "properties": { "admin_level": 3, "name": "Dixinn", "name1": null, "name2": null, "name3": null, "x_coord": -13.67210843, "y_coord": 9.548086, "adm4_name": null, "adm4_name1": null, "adm4_name2": null, "adm4_name3": null, "adm4_pcode": null, "adm3_name": "Dixinn", "adm3_name1": null, "adm3_name2": null, "adm3_name3": null, "adm3_pcode": "GN00200101", "adm2_name": "Conakry", "adm2_name1": null, "adm2_name2": null, "adm2_name3": null, "adm2_pcode": "GN002001", "adm1_name": "Conakry", "adm1_name1": null, "adm1_name2": null, "adm1_name3": null, "adm1_pcode": "GN002", "adm0_name": "Guinée", "adm0_name1": null, "adm0_name2": null, "adm0_name3": null, "adm0_pcode": "GN", "valid_on": "2016-03-04", "valid_to": null, "version": "v01", "lang": "fr", "lang1": null, "lang2": null, "lang3": null }, "geometry": { "type": "Point", "coordinates": [ -13.67210843499987, 9.548086 ] } },
{ "type": "Feature", "properties": { "admin_level": 3, "name": "Kaloum", "name1": null, "name2": null, "name3": null, "x_coord": -13.7104736, "y_coord": 9.51491022, "adm4_name": null, "adm4_name1": null, "adm4_name2": null, "adm4_name3": null, "adm4_pcode": null, "adm3_name": "Kaloum", "adm3_name1": null, "adm3_name2": null, "adm3_name3": null, "adm3_pcode": "GN00200102", "adm2_name": "Conakry", "adm2_name1": null, "adm2_name2": null, "adm2_name3": null, "adm2_pcode": "GN002001", "adm1_name": "Conakry", "adm1_name1": null, "adm1_name2": null, "adm1_name3": null, "adm1_pcode": "GN002", "adm0_name": "Guinée", "adm0_name1": null, "adm0_name2": null, "adm0_name3": null, "adm0_pcode": "GN", "valid_on": "2016-03-04", "valid_to": null, "version": "v01", "lang": "fr", "lang1": null, "lang2": null, "lang3": null }, "geometry": { "type": "Point", "coordinates": [ -13.710473600999876, 9.514910222000026 ] } },
{ "type": "Feature", "properties": { "admin_level": 3, "name": "Matam", "name1": null, "name2": null, "name3": null, "x_coord": -13.66270846, "y_coord": 9.542994, "adm4_name": null, "adm4_name1": null, "adm4_name2": null, "adm4_name3": null, "adm4_pcode": null, "adm3_name": "Matam", "adm3_name1": null, "adm3_name2": null, "adm3_name3": null, "adm3_pcode": "GN00200103", "adm2_name": "Conakry", "adm2_name1": null, "adm2_name2": null, "adm2_name3": null, "adm2_pcode": "GN002001", "adm1_name": "Conakry", "adm1_name1": null, "adm1_name2": null, "adm1_name3": null, "adm1_pcode": "GN002", "adm0_name": "Guinée", "adm0_name1": null, "adm0_name2": null, "adm0_name3": null, "adm0_pcode": "GN", "valid_on": "2016-03-04", "valid_to": null, "version": "v01", "lang": "fr", "lang1": null, "lang2": null, "lang3": null }, "geometry": { "type": "Point", "coordinates": [ -13.662708458999873, 9.542994 ] } },
{ "type": "Feature", "properties": { "admin_level": 3, "name": "Ratoma", "name1": null, "name2": null, "name3": null, "x_coord": -13.59157839, "y_coord": 9.66037477, "adm4_name": null, "adm4_name1": null, "adm4_name2": null, "adm4_name3": null, "adm4_pcode": null, "adm3_name": "Ratoma", "adm3_name1": null, "adm3_name2": null, "adm3_name3": null, "adm3_pcode": "GN00200105", "adm2_name": "Conakry", "adm2_name1": null, "adm2_name2": null, "adm2_name3": null, "adm2_pcode": "GN002001", "adm1_name": "Conakry", "adm1_name1": null, "adm1_name2": null, "adm1_name3": null, "adm1_pcode": "GN002", "adm0_name": "Guinée", "adm0_name1": null, "adm0_name2": null, "adm0_name3": null, "adm0_pcode": "GN", "valid_on": "2016-03-04", "valid_to": null, "version": "v01", "lang": "fr", "lang1": null, "lang2": null, "lang3": null }, "geometry": { "type": "Point", "coordinates": [ -13.591578393999896, 9.660374771000022 ] } },
{ "type": "Feature", "properties": { "admin_level": 3, "name": "Matoto", "name1": null, "name2": null, "name3": null, "x_coord": -13.55106372, "y_coord": 9.5934165, "adm4_name": null, "adm4_name1": null, "adm4_name2": null, "adm4_name3": null, "adm4_pcode": null, "adm3_name": "Matoto", "adm3_name1": null, "adm3_name2": null, "adm3_name3": null, "adm3_pcode": "GN00200104", "adm2_name": "Conakry", "adm2_name1": null, "adm2_name2": null, "adm2_name3": null, "adm2_pcode": "GN002001", "adm1_name": "Conakry", "adm1_name1": null, "adm1_name2": null, "adm1_name3": null, "adm1_pcode": "GN002", "adm0_name": "Guinée", "adm0_name1": null, "adm0_name2": null, "adm0_name3": null, "adm0_pcode": "GN", "valid_on": "2016-03-04", "valid_to": null, "version": "v01", "lang": "fr", "lang1": null, "lang2": null, "lang3": null }, "geometry": { "type": "Point", "coordinates": [ -13.551063719999945, 9.593416500000103 ] } },
{ "type": "Feature", "properties": { "admin_level": 3, "name": "Kanfarande", "name1": null, "name2": null, "name3": null, "x_coord": -14.65015861, "y_coord": 10.90238987, "adm4_name": null, "adm4_name1": null, "adm4_name2": null, "adm4_name3": null, "adm4_pcode": null, "adm3_name": "Kanfarande", "adm3_name1": null, "adm3_name2": null, "adm3_name3": null, "adm3_pcode": "GN00100205", "adm2_name": "Boke", "adm2_name1": null, "adm2_name2": null, "adm2_name3": null, "adm2_pcode": "GN001002", "adm1_name": "Boke", "adm1_name1": null, "adm1_name2": null, "adm1_name3": null, "adm1_pcode": "GN001", "adm0_name": "Guinée", "adm0_name1": null, "adm0_name2": null, "adm0_name3": null, "adm0_pcode": "GN", "valid_on": "2016-03-04", "valid_to": null, "version": "v01", "lang": "fr", "lang1": null, "lang2": null, "lang3": null }, "geometry": { "type": "Point", "coordinates": [ -14.650158605999934, 10.902389868 ] } },
{ "type": "Feature", "properties": { "admin_level": 3, "name": "Diaraguerela", "name1": null, "name2": null, "name3": null, "x_coord": -8.39622466, "y_coord": 8.568501, "adm4_name": null, "adm4_name1": null, "adm4_name2": null, "adm4_name3": null, "adm4_pcode": null, "adm3_name": "Diaraguerela", "adm3_name1": null, "adm3_name2": null, "adm3_name3": null, "adm3_pcode": "GN00800103", "adm2_name": "Beyla", "adm2_name1": null, "adm2_name2": null, "adm2_name3": null, "adm2_pcode": "GN008001", "adm1_name": "Nzerekore", "adm1_name1": null, "adm1_name2": null, "adm1_name3": null, "adm1_pcode": "GN008", "adm0_name": "Guinée", "adm0_name1": null, "adm0_name2": null, "adm0_name3": null, "adm0_pcode": "GN", "valid_on": "2016-03-04", "valid_to": null, "version": "v01", "lang": "fr", "lang1": null, "lang2": null, "lang3": null }, "geometry": { "type": "Point", "coordinates": [ -8.39622465799988, 8.568501 ] } }
]
}
