{
"type": "FeatureCollection",
"name": "gin_populatedplaces",
"crs": { "type": "name", "properties": { "name": "urn:ogc:def:crs:OGC:1.3:CRS84" } },
"features": [
{ "type": "Feature", "properties": { "featurename_fr": "Conakry", "pcode": "GN00200102000", "featurerefname": "Conakry", "featurealtname1_fr": null, "featurealtname2_fr": null, "popplaceclassnumber": 0, "popplaceclasstitle": "National Capital", "adm3_fr": "Kaloum", "adm3_pcode": "GN00200102", "adm2_fr": "Conakry", "adm2_pcode": "GN002001", "adm1_fr": "Conakry", "adm1_pcode": "GN002", "adm0_fr": "Guinea", "adm0_pcode": "GN", "date": "2016-01-26", "validon": "2016-03-23", "validto": null, "version": "v01" }, "geometry": { "type": "Point", "coordinates": [ -13.702251499999932, 9.517665500000135 ] } },
{ "type": "Feature", "properties": { "featurename_fr": "Boké", "pcode": "GN00100202000", "featurerefname": "Boke", "featurealtname1_fr": null, "featurealtname2_fr": null, "popplaceclassnumber": 1, "popplaceclasstitle": "Admin1 Capital", "adm3_fr": "Boke Ctre", "adm3_pcode": "GN00100202", "adm2_fr": "Boke", "adm2_pcode": "GN001002", "adm1_fr": "Boke", "adm1_pcode": "GN001", "adm0_fr": "Guinea", "adm0_pcode": "GN", "date": "2016-01-26", "validon": "2016-03-23", "validto": null, "version": "v01" }, "geometry": { "type": "Point", "coordinates": [ -14.299313, 10.929131000000154 ] } },
{ "type": "Feature", "properties": { "featurename_fr": "Boffa", "pcode": "GN00100101000", "featurerefname": "Boffa", "featurealtname1_fr": null, "featurealtname2_fr": null, "popplaceclassnumber": 2, "popplaceclasstitle": "Admin2 Capital", "adm3_fr": "Boffa Ctre", "adm3_pcode": "GN00100101", "adm2_fr": "Boffa", "adm2_pcode": "GN001001", "adm1_fr": "Boke", "adm1_pcode": "GN001", "adm0_fr": "Guinea", "adm0_pcode": "GN", "date": "2016-01-26", "validon": "2016-03-23", "validto": null, "version": "v01" }, "geometry": { "type": "Point", "coordinates": [ -14.038753, 10.178646000000128 ] } },
{ "type": "Feature", "properties": { "featurename_fr": "Forécariah", "pcode": "GN00500304000", "featurerefname": "Forecariah", "featurealtname1_fr": null, "featurealtname2_fr": null, "popplaceclassnumber": 2, "popplaceclasstitle": "Admin2 Capital", "adm3_fr": "Forecariah Ctre", "adm3_pcode": "GN00500304", "adm2_fr": "Forecariah", "adm2_pcode": "GN005003", "adm1_fr": "Kindia", "adm1_pcode": "GN005", "adm0_fr": "Guinea", "adm0_pcode": "GN", "date": "2016-01-26", "validon": "2016-03-23", "validto": null, "version": "v01" }, "geometry": { "type": "Point", "coordinates": [ -13.098562, 9.4350740000001 ] } },
{ "type": "Feature", "properties": { "featurename_fr": "Gaoual", "pcode": "GN00100302000", "featurerefname": "Gaoual", "featurealtname1_fr": null, "featurealtname2_fr": null, "popplaceclassnumber": 2, "popplaceclasstitle": "Admin2 Capital", "adm3_fr": "Gaoual Ctre", "adm3_pcode": "GN00100302", "adm2_fr": "Gaoual", "adm2_pcode": "GN001003", "adm1_fr": "Boke", "adm1_pcode": "GN001", "adm0_fr": "Guinea", "adm0_pcode": "GN", "date": "2016-01-26", "validon": "2016-03-23", "validto": null, "version": "v01" }, "geometry": { "type": "Point", "coordinates": [ -13.199905, 11.75306600000016 ] } },
{ "type": "Feature", "properties": { "featurename_fr": "Lélouma", "pcode": "GN00600306000", "featurerefname": "Lelouma", "featurealtname1_fr": null, "featurealtname2_fr": null, "popplaceclassnumber": 2, "popplaceclasstitle": "Admin2 Capital", "adm3_fr": "Lelouma Ctre", "adm3_pcode": "GN00600306", "adm2_fr": "Lelouma", "adm2_pcode": "GN006003", "adm1_fr": "Labe", "adm1_pcode": "GN006", "adm0_fr": "Guinea", "adm0_pcode": "GN", "date": "2016-01-26", "validon": "2016-03-23", "validto": null, "version": "v01" }, "geometry": { "type": "Point", "coordinates": [ -12.681885417999979, 11.43284184200013 ] } },
{ "type": "Feature", "properties": { "featurename_fr": "Labé", "pcode": "GN00600209000", "featurerefname": "Labe", "featurealtname1_fr": null, "featurealtname2_fr": null, "popplaceclassnumber": 1, "popplaceclasstitle": "Admin1 Capital", "adm3_fr": "Labe Ctre", "adm3_pcode": "GN00600209", "adm2_fr": "Labe", "adm2_pcode": "GN006002", "adm1_fr": "Labe", "adm1_pcode": "GN006", "adm0_fr": "Guinea", "adm0_pcode": "GN", "date": "2016-01-26", "validon": "2016-03-23", "validto": null, "version": "v01" }, "geometry": { "type": "Point", "coordinates": [ -12.285109, 11.317384000000175 ] } },
{ "type": "Feature", "properties": { "featurename_fr": "Pita", "pcode": "GN00700308000", "featurerefname": "Pita", "featurealtname1_fr": null, "featurealtname2_fr": null, "popplaceclassnumber": 2, "popplaceclasstitle": "Admin2 Capital", "adm3_fr": "Pita Ctre", "adm3_pcode": "GN00700308", "adm2_fr": "Pita", "adm2_pcode": "GN007003", "adm1_fr": "Mamou", "adm1_pcode": "GN007", "adm0_fr": "Guinea", "adm0_pcode": "GN", "date": "2016-01-26", "validon": "2016-03-23", "validto": null, "version": "v01" }, "geometry": { "type": "Point", "coordinates": [ -12.396376219999979, 11.065474749999964 ] } },
{ "type": "Feature", "properties": { "featurename_fr": "Dalaba", "pcode": "GN00700102000", "featurerefname": "Dalaba", "featurealtname1_fr": null, "featurealtname2_fr": null, "popplaceclassnumber": 2, "popplaceclasstitle": "Admin2 Capital", "adm3_fr": "Dalaba Ctre", "adm3_pcode": "GN00700102", "adm2_fr": "Dalaba", "adm2_pcode": "GN007001", "adm1_fr": "Mamou", "adm1_pcode": "GN007", "adm0_fr": "Guinea", "adm0_pcode": "GN", "date": "2016-01-26", "validon": "2016-03-23", "validto": null, "version": "v01" }, "geometry": { "type": "Point", "coordinates": [ -12.254198, 10.698137000000145 ] } },
{ "type": "Feature", "properties": { "featurename_fr": "Mamou", "pcode": "GN00700206000", "featurerefname": "Mamou", "featurealtname1_fr": null, "featurealtname2_fr": null, "popplaceclassnumber": 1, "popplaceclasstitle": "Admin1 Capital", "adm3_fr": "Mamou Ctre", "adm3_pcode": "GN00700206", "adm2_fr": "Mamou", "adm2_pcode": "GN007002", "adm1_fr": "Mamou", "adm1_pcode": "GN007", "adm0_fr": "Guinea", "adm0_pcode": "GN", "date": "2016-01-26", "validon": "2016-03-23", "validto": null, "version": "v01" }, "geometry": { "type": "Point", "coordinates": [ -12.08288, 10.37191 ] } },
{ "type": "Feature", "properties": { "featurename_fr": "Kindia", "pcode": "GN00500404000", "featurerefname": "Kindia", "featurealtname1_fr": null, "featurealtname2_fr": null, "popplaceclassnumber": 1, "popplaceclasstitle": "Admin1 Capital", "adm3_fr": "Kindia Ctre", "adm3_pcode": "GN00500404", "adm2_fr": "Kindia", "adm2_pcode": "GN005004", "adm1_fr": "Kindia", "adm1_pcode": "GN005", "adm0_fr": "Guinea", "adm0_pcode": "GN", "date": "2016-01-26", "validon": "2016-03-23", "validto": null, "version": "v01" }, "geometry": { "type": "Point", "coordinates": [ -12.862773299999844, 10.047541730000034 ] } },
{ "type": "Feature", "properties": { "featurename_fr": "Koubia", "pcode": "GN00600103000", "featurerefname": "Koubia", "featurealtname1_fr": null, "featurealtname2_fr": null, "popplaceclassnumber": 2, "popplaceclasstitle": "Admin2 Capital", "adm3_fr": "Koubia Ctre", "adm3_pcode": "GN00600103", "adm2_fr": "Koubia", "adm2_pcode": "GN006001", "adm1_fr": "Labe", "adm1_pcode": "GN006", "adm0_fr": "Guinea", "adm0_pcode": "GN", "date": "2016-01-26", "validon": "2016-03-23", "validto": null, "version": "v01" }, "geometry": { "type": "Point", "coordinates": [ -11.890175, 11.588135 ] } },
{ "type": "Feature", "properties": { "featurename_fr": "Siguiri", "pcode": "GN00400511000", "featurerefname": "Siguiri", "featurealtname1_fr": null, "featurealtname2_fr": null, "popplaceclassnumber": 2, "popplaceclasstitle": "Admin2 Capital", "adm3_fr": "Siguiri Ctre", "adm3_pcode": "GN00400511", "adm2_fr": "Siguiri", "adm2_pcode": "GN004005", "adm1_fr": "Kankan", "adm1_pcode": "GN004", "adm0_fr": "Guinea", "adm0_pcode": "GN", "date": "2016-01-26", "validon": "2016-03-23", "validto": null, "version": "v01" }, "geometry": { "type": "Point", "coordinates": [ -9.163984, 11.422175 ] } },
{ "type": "Feature", "properties": { "featurename_fr": "Dinguiraye", "pcode": "GN00300204000", "featurerefname": "Dinguiraye", "featurealtname1_fr": null, "featurealtname2_fr": null, "popplaceclassnumber": 2, "popplaceclasstitle": "Admin2 Capital", "adm3_fr": "Dinguiraye Ctre", "adm3_pcode": "GN00300204", "adm2_fr": "Dinguiraye", "adm2_pcode": "GN003002", "adm1_fr": "Faranah", "adm1_pcode": "GN003", "adm0_fr": "Guinea", "adm0_pcode": "GN", "date": "2016-01-26", "validon": "2016-03-23", "validto": null, "version": "v01" }, "geometry": { "type": "Point", "coordinates": [ -10.713183, 11.2901260000001 ] } },
{ "type": "Feature", "properties": { "featurename_fr": "Dabola", "pcode": "GN00300104000", "featurerefname": "Dabola", "featurealtname1_fr": null, "featurealtname2_fr": null, "popplaceclassnumber": 2, "popplaceclasstitle": "Admin2 Capital", "adm3_fr": "Dabola Ctre", "adm3_pcode": "GN00300104", "adm2_fr": "Dabola", "adm2_pcode": "GN003001", "adm1_fr": "Faranah", "adm1_pcode": "GN003", "adm0_fr": "Guinea", "adm0_pcode": "GN", "date": "2016-01-26", "validon": "2016-03-23", "validto": null, "version": "v01" }, "geometry": { "type": "Point", "coordinates": [ -11.115047, 10.750681 ] } },
{ "type": "Feature", "properties": { "featurename_fr": "Kouroussa", "pcode": "GN00400311000", "featurerefname": "Kouroussa", "featurealtname1_fr": null, "featurealtname2_fr": null, "popplaceclassnumber": 2, "popplaceclasstitle": "Admin2 Capital", "adm3_fr": "Kouroussa Ctre", "adm3_pcode": "GN00400311", "adm2_fr": "Kouroussa", "adm2_pcode": "GN004003", "adm1_fr": "Kankan", "adm1_pcode": "GN004", "adm0_fr": "Guinea", "adm0_pcode": "GN", "date": "2016-01-26", "validon": "2016-03-23", "validto": null, "version": "v01" }, "geometry": { "type": "Point", "coordinates": [ -9.878830999999877, 10.654675000000111 ] } },
{ "type": "Feature", "properties": { "featurename_fr": "Mandiana", "pcode": "GN00400408000", "featurerefname": "Mandiana", "featurealtname1_fr": null, "featurealtname2_fr": null, "popplaceclassnumber": 2, "popplaceclasstitle": "Admin2 Capital", "adm3_fr": "Mandiana Ctre", "adm3_pcode": "GN00400408", "adm2_fr": "Mandiana", "adm2_pcode": "GN004004", "adm1_fr": "Kankan", "adm1_pcode": "GN004", "adm0_fr": "Guinea", "adm0_pcode": "GN", "date": "2016-01-26", "validon": "2016-03-23", "validto": null, "version": "v01" }, "geometry": { "type": "Point", "coordinates": [ -8.6937, 10.631317 ] } },
{ "type": "Feature", "properties": { "featurename_fr": "Kankan", "pcode": "GN00400105000", "featurerefname": "Kankan", "featurealtname1_fr": null, "featurealtname2_fr": null, "popplaceclassnumber": 1, "popplaceclasstitle": "Admin1 Capital", "adm3_fr": "Kankan Ctre", "adm3_pcode": "GN00400105", "adm2_fr": "Kankan", "adm2_pcode": "GN004001", "adm1_fr": "Kankan", "adm1_pcode": "GN004", "adm0_fr": "Guinea", "adm0_pcode": "GN", "date": "2016-01-26", "validon": "2016-03-23", "validto": null, "version": "v01" }, "geometry": { "type": "Point", "coordinates": [ -9.301123999999845, 10.371194000000173 ] } },
{ "type": "Feature", "properties": { "featurename_fr": "Faranah", "pcode": "GN00300303000", "featurerefname": "Faranah", "featurealtname1_fr": null, "featurealtname2_fr": null, "popplaceclassnumber": 1, "popplaceclasstitle": "Admin1 Capital", "adm3_fr": "Faranah Ctre", "adm3_pcode": "GN00300303", "adm2_fr": "Faranah", "adm2_pcode": "GN003003", "adm1_fr": "Faranah", "adm1_pcode": "GN003", "adm0_fr": "Guinea", "adm0_pcode": "GN", "date": "2016-01-26", "validon": "2016-03-23", "validto": null, "version": "v01" }, "geometry": { "type": "Point", "coordinates": [ -10.744945, 10.040126000000157 ] } },
{ "type": "Feature", "properties": { "featurename_fr": "Kerouané", "pcode": "GN00400203000", "featurerefname": "Kerouane", "featurealtname1_fr": null, "featurealtname2_fr": null, "popplaceclassnumber": 2, "popplaceclasstitle": "Admin2 Capital", "adm3_fr": "Kerouane Ctre", "adm3_pcode": "GN00400203", "adm2_fr": "Kerouane", "adm2_pcode": "GN004002", "adm1_fr": "Kankan", "adm1_pcode": "GN004", "adm0_fr": "Guinea", "adm0_pcode": "GN", "date": "2016-01-26", "validon": "2016-03-23", "validto": null, "version": "v01" }, "geometry": { "type": "Point", "coordinates": [ -9.016567, 9.267994000000158 ] } },
{ "type": "Feature", "properties": { "featurename_fr": "Kissidougou", "pcode": "GN00300408000", "featurerefname": "Kissidougou", "featurealtname1_fr": null, "featurealtname2_fr": null, "popplaceclassnumber": 2, "popplaceclasstitle": "Admin2 Capital", "adm3_fr": "Kissidougou Ctre", "adm3_pcode": "GN00300408", "adm2_fr": "Kissidougou", "adm2_pcode": "GN003004", "adm1_fr": "Faranah", "adm1_pcode": "GN003", "adm0_fr": "Guinea", "adm0_pcode": "GN", "date": "2016-01-26", "validon": "2016-03-23", "validto": null, "version": "v01" }, "geometry": { "type": "Point", "coordinates": [ -10.103433, 9.190704 ] } },
{ "type": "Feature", "properties": { "featurename_fr": "Macenta", "pcode": "GN00800408000", "featurerefname": "Macenta", "featurealtname1_fr": null, "featurealtname2_fr": null, "popplaceclassnumber": 2, "popplaceclasstitle": "Admin2 Capital", "adm3_fr": "Macenta Ctre", "adm3_pcode": "GN00800408", "adm2_fr": "Macenta", "adm2_pcode": "GN008004", "adm1_fr": "Nzerekore", "adm1_pcode": "GN008", "adm0_fr": "Guinea", "adm0_pcode": "GN", "date": "2016-01-26", "validon": "2016-03-23", "validto": null, "version": "v01" }, "geometry": { "type": "Point", "coordinates": [ -9.468738, 8.545229 ] } },
{ "type": "Feature", "properties": { "featurename_fr": "Lola", "pcode": "GN00800307000", "featurerefname": "Lola", "featurealtname1_fr": null, "featurealtname2_fr": null, "popplaceclassnumber": 2, "popplaceclasstitle": "Admin2 Capital", "adm3_fr": "Lola Ctre", "adm3_pcode": "GN00800307", "adm2_fr": "Lola", "adm2_pcode": "GN008003", "adm1_fr": "Nzerekore", "adm1_pcode": "GN008", "adm0_fr": "Guinea", "adm0_pcode": "GN", "date": "2016-01-26", "validon": "2016-03-23", "validto": null, "version": "v01" }, "geometry": { "type": "Point", "coordinates": [ -8.529067, 7.801872000000117 ] } },
{ "type": "Feature", "properties": { "featurename_fr": "N'zérékoré", "pcode": "GN00800506000", "featurerefname": "Nzerekore", "featurealtname1_fr": null, "featurealtname2_fr": null, "popplaceclassnumber": 1, "popplaceclasstitle": "Admin1 Capital", "adm3_fr": "Nzerekore Ctre", "adm3_pcode": "GN00800506", "adm2_fr": "Nzerekore", "adm2_pcode": "GN008005", "adm1_fr": "Nzerekore", "adm1_pcode": "GN008", "adm0_fr": "Guinea", "adm0_pcode": "GN", "date": "2016-01-26", "validon": "2016-03-23", "validto": null, "version": "v01" }, "geometry": { "type": "Point", "coordinates": [ -8.832023, 7.730259 ] } },
{ "type": "Feature", "properties": { "featurename_fr": "Yomou", "pcode": "GN00800607000", "featurerefname": "Yomou", "featurealtname1_fr": null, "featurealtname2_fr": null, "popplaceclassnumber": 2, "popplaceclasstitle": "Admin2 Capital", "adm3_fr": "Yomou Ctre", "adm3_pcode": "GN00800607", "adm2_fr": "Yomou", "adm2_pcode": "GN008006", "adm1_fr": "Nzerekore", "adm1_pcode": "GN008", "adm0_fr": "Guinea", "adm0_pcode": "GN", "date": "2016-01-26", "validon": "2016-03-23", "validto": null, "version": "v01" }, "geometry": { "type": "Point", "coordinates": [ -9.262347, 7.559122000000116 ] } },
{ "type": "Feature", "properties": { "featurename_fr": "Beyla", "pcode": "GN00800101000", "featurerefname": "Beyla", "featurealtname1_fr": null, "featurealtname2_fr": null, "popplaceclassnumber": 2, "popplaceclasstitle": "Admin2 Capital", "adm3_fr": "Beyla Ctre", "adm3_pcode": "GN00800101", "adm2_fr": "Beyla", "adm2_pcode": "GN008001", "adm1_fr": "Nzerekore", "adm1_pcode": "GN008", "adm0_fr": "Guinea", "adm0_pcode": "GN", "date": "2016-01-26", "validon": "2016-03-23", "validto": null, "version": "v01" }, "geometry": { "type": "Point", "coordinates": [ -8.651042, 8.691821 ] } },
{ "type": "Feature", "properties": { "featurename_fr": "Koundara", "pcode": "GN00100403000", "featurerefname": "Koundara", "featurealtname1_fr": null, "featurealtname2_fr": null, "popplaceclassnumber": 2, "popplaceclasstitle": "Admin2 Capital", "adm3_fr": "Koundara Ctre", "adm3_pcode": "GN00100403", "adm2_fr": "Koundara", "adm2_pcode": "GN001004", "adm1_fr": "Boke", "adm1_pcode": "GN001", "adm0_fr": "Guinea", "adm0_pcode": "GN", "date": "2016-01-26", "validon": "2016-03-23", "validto": null, "version": "v01" }, "geometry": { "type": "Point", "coordinates": [ -13.299123999999836, 12.486632 ] } },
{ "type": "Feature", "properties": { "featurename_fr": "Mali", "pcode": "GN00600409000", "featurerefname": "Mali", "featurealtname1_fr": null, "featurealtname2_fr": null, "popplaceclassnumber": 2, "popplaceclasstitle": "Admin2 Capital", "adm3_fr": "Mali Ctre", "adm3_pcode": "GN00600409", "adm2_fr": "Mali", "adm2_pcode": "GN006004", "adm1_fr": "Labe", "adm1_pcode": "GN006", "adm0_fr": "Guinea", "adm0_pcode": "GN", "date": "2016-01-26", "validon": "2016-03-23", "validto": null, "version": "v01" }, "geometry": { "type": "Point", "coordinates": [ -12.296193, 12.074375 ] } },
{ "type": "Feature", "properties": { "featurename_fr": "Tougué", "pcode": "GN00600510000", "featurerefname": "Tougue", "featurealtname1_fr": null, "featurealtname2_fr": null, "popplaceclassnumber": 2, "popplaceclasstitle": "Admin2 Capital", "adm3_fr": "Tougue Ctre", "adm3_pcode": "GN00600510", "adm2_fr": "Tougue", "adm2_pcode": "GN006005", "adm1_fr": "Labe", "adm1_pcode": "GN006", "adm0_fr": "Guinea", "adm0_pcode": "GN", "date": "2016-01-26", "validon": "2016-03-23", "validto": null, "version": "v01" }, "geometry": { "type": "Point", "coordinates": [ -11.663567999999827, 11.444443 ] } },
{ "type": "Feature", "properties": { "featurename_fr": "Fria", "pcode": "GN00100503000", "featurerefname": "Fria", "featurealtname1_fr": null, "featurealtname2_fr": null, "popplaceclassnumber": 2, "popplaceclasstitle": "Admin2 Capital", "adm3_fr": "Fria Ctre", "adm3_pcode": "GN00100503", "adm2_fr": "Fria", "adm2_pcode": "GN001005", "adm1_fr": "Boke", "adm1_pcode": "GN001", "adm0_fr": "Guinea", "adm0_pcode": "GN", "date": "2016-01-26", "validon": "2016-03-23", "validto": null, "version": "v01" }, "geometry": { "type": "Point", "coordinates": [ -13.566429, 10.373664 ] } },
{ "type": "Feature", "properties": { "featurename_fr": "Dubréka", "pcode": "GN00500202000", "featurerefname": "Dubreka", "featurealtname1_fr": null, "featurealtname2_fr": null, "popplaceclassnumber": 2, "popplaceclasstitle": "Admin2 Capital", "adm3_fr": "Dubreka Ctre", "adm3_pcode": "GN00500202", "adm2_fr": "Dubreka", "adm2_pcode": "GN005002", "adm1_fr": "Kindia", "adm1_pcode": "GN005", "adm0_fr": "Guinea", "adm0_pcode": "GN", "date": "2016-01-26", "validon": "2016-03-23", "validto": null, "version": "v01" }, "geometry": { "type": "Point", "coordinates": [ -13.516883, 9.79665400000016 ] } },
{ "type": "Feature", "properties": { "featurename_fr": "Coyah", "pcode": "GN00500101000", "featurerefname": "Coyah", "featurealtname1_fr": null, "featurealtname2_fr": null, "popplaceclassnumber": 2, "popplaceclasstitle": "Admin2 Capital", "adm3_fr": "Coyah Ctre", "adm3_pcode": "GN00500101", "adm2_fr": "Coyah", "adm2_pcode": "GN005001", "adm1_fr": "Kindia", "adm1_pcode": "GN005", "adm0_fr": "Guinea", "adm0_pcode": "GN", "date": "2016-01-26", "validon": "2016-03-23", "validto": null, "version": "v01" }, "geometry": { "type": "Point", "coordinates": [ -13.392061319999982, 9.707055830000058 ] } },
{ "type": "Feature", "properties": { "featurename_fr": "Télimelé", "pcode": "GN00500513000", "featurerefname": "Telimele", "featurealtname1_fr": null, "featurealtname2_fr": null, "popplaceclassnumber": 2, "popplaceclasstitle": "Admin2 Capital", "adm3_fr": "Telemele Ctre", "adm3_pcode": "GN00500513", "adm2_fr": "Telimele", "adm2_pcode": "GN005005", "adm1_fr": "Kindia", "adm1_pcode": "GN005", "adm0_fr": "Guinea", "adm0_pcode": "GN", "date": "2016-01-26", "validon": "2016-03-23", "validto": null, "version": "v01" }, "geometry": { "type": "Point", "coordinates": [ -13.035349, 10.903311 ] } },
{ "type": "Feature", "properties": { "featurename_fr": "Gueckedou", "pcode": "GN00800203000", "featurerefname": "Gueckedou", "featurealtname1_fr": null, "featurealtname2_fr": null, "popplaceclassnumber": 2, "popplaceclasstitle": "Admin2 Capital", "adm3_fr": "Gueckedou Ctre", "adm3_pcode": "GN00800203", "adm2_fr": "Gueckedou", "adm2_pcode": "GN008002", "adm1_fr": "Nzerekore", "adm1_pcode": "GN008", "adm0_fr": "Guinea", "adm0_pcode": "GN", "date": "2016-01-26", "validon": "2016-03-23", "validto": null, "version": "v01" }, "geometry": { "type": "Point", "coordinates": [ -10.151152, 8.559406 ] } },
{ "type": "Feature", "properties": { "featurename_fr": "Sisséla", "pcode": "GN00400305000", "featurerefname": "Sissela", "featurealtname1_fr": null, "featurealtname2_fr": null, "popplaceclassnumber": 3, "popplaceclasstitle": "Admin3 Capital", "adm3_fr": "Cissela", "adm3_pcode": "GN00400305", "adm2_fr": "Kouroussa", "adm2_pcode": "GN004003", "adm1_fr": "Kankan", "adm1_pcode": "GN004", "adm0_fr": "Guinea", "adm0_pcode": "GN", "date": "2016-01-26", "validon": "2016-03-23", "validto": null, "version": "v01" }, "geometry": { "type": "Point", "coordinates": [ -10.610561, 10.819006000000172 ] } },
{ "type": "Feature", "properties": { "featurename_fr": "Sanguiana", "pcode": "GN00400312000", "featurerefname": "Sanguiana", "featurealtname1_fr": null, "featurealtname2_fr": null, "popplaceclassnumber": 3, "popplaceclasstitle": "Admin3 Capital", "adm3_fr": "Sanguiana", "adm3_pcode": "GN00400312", "adm2_fr": "Kouroussa", "adm2_pcode": "GN004003", "adm1_fr": "Kankan", "adm1_pcode": "GN004", "adm0_fr": "Guinea", "adm0_pcode": "GN", "date": "2016-01-26", "validon": "2016-03-23", "validto": null, "version": "v01" }, "geometry": { "type": "Point", "coordinates": [ -10.185113, 10.785988 ] } },
{ "type": "Feature", "properties": { "featurename_fr": "Kindoyé", "pcode": "GN00300107000", "featurerefname": "Kindoye", "featurealtname1_fr": null, "featurealtname2_fr": null, "popplaceclassnumber": 3, "popplaceclasstitle": "Admin3 Capital", "adm3_fr": "Kindoye", "adm3_pcode": "GN00300107", "adm2_fr": "Dabola", "adm2_pcode": "GN003001", "adm1_fr": "Faranah", "adm1_pcode": "GN003", "adm0_fr": "Guinea", "adm0_pcode": "GN", "date": "2016-01-26", "validon": "2016-03-23", "validto": null, "version": "v01" }, "geometry": { "type": "Point", "coordinates": [ -11.298567999999875, 10.406859 ] } },
{ "type": "Feature", "properties": { "featurename_fr": "Passaya", "pcode": "GN00300308000", "featurerefname": "Passaya", "featurealtname1_fr": null, "featurealtname2_fr": null, "popplaceclassnumber": 3, "popplaceclasstitle": "Admin3 Capital", "adm3_fr": "Passaya", "adm3_pcode": "GN00300308", "adm2_fr": "Faranah", "adm2_pcode": "GN003003", "adm1_fr": "Faranah", "adm1_pcode": "GN003", "adm0_fr": "Guinea", "adm0_pcode": "GN", "date": "2016-01-26", "validon": "2016-03-23", "validto": null, "version": "v01" }, "geometry": { "type": "Point", "coordinates": [ -11.079234999999869, 10.325107 ] } },
{ "type": "Feature", "properties": { "featurename_fr": "Marela", "pcode": "GN00300307000", "featurerefname": "Marela", "featurealtname1_fr": null, "featurealtname2_fr": null, "popplaceclassnumber": 3, "popplaceclasstitle": "Admin3 Capital", "adm3_fr": "Marella", "adm3_pcode": "GN00300307", "adm2_fr": "Faranah", "adm2_pcode": "GN003003", "adm1_fr": "Faranah", "adm1_pcode": "GN003", "adm0_fr": "Guinea", "adm0_pcode": "GN", "date": "2016-01-26", "validon": "2016-03-23", "validto": null, "version": "v01" }, "geometry": { "type": "Point", "coordinates": [ -11.406768999999883, 10.177251000000183 ] } },
{ "type": "Feature", "properties": { "featurename_fr": "Bindou", "pcode": "GN00300302000", "featurerefname": "Bindou", "featurealtname1_fr": null, "featurealtname2_fr": null, "popplaceclassnumber": 3, "popplaceclasstitle": "Admin3 Capital", "adm3_fr": "Beindou", "adm3_pcode": "GN00300302", "adm2_fr": "Faranah", "adm2_pcode": "GN003003", "adm1_fr": "Faranah", "adm1_pcode": "GN003", "adm0_fr": "Guinea", "adm0_pcode": "GN", "date": "2016-01-26", "validon": "2016-03-23", "validto": null, "version": "v01" }, "geometry": { "type": "Point", "coordinates": [ -10.545181, 10.146521 ] } },
{ "type": "Feature", "properties": { "featurename_fr": "Sandenia", "pcode": "GN00300309000", "featurerefname": "Sandenia", "featurealtname1_fr": null, "featurealtname2_fr": null, "popplaceclassnumber": 3, "popplaceclasstitle": "Admin3 Capital", "adm3_fr": "Sandenia", "adm3_pcode": "GN00300309", "adm2_fr": "Faranah", "adm2_pcode": "GN003003", "adm1_fr": "Faranah", "adm1_pcode": "GN003", "adm0_fr": "Guinea", "adm0_pcode": "GN", "date": "2016-01-26", "validon": "2016-03-23", "validto": null, "version": "v01" }, "geometry": { "type": "Point", "coordinates": [ -11.116408, 10.070213 ] } },
{ "type": "Feature", "properties": { "featurename_fr": "Konah", "pcode": "GN00600507000", "featurerefname": "Konah", "featurealtname1_fr": null, "featurealtname2_fr": null, "popplaceclassnumber": 3, "popplaceclasstitle": "Admin3 Capital", "adm3_fr": "Konah", "adm3_pcode": "GN00600507", "adm2_fr": "Tougue", "adm2_pcode": "GN006005", "adm1_fr": "Labe", "adm1_pcode": "GN006", "adm0_fr": "Guinea", "adm0_pcode": "GN", "date": "2016-01-26", "validon": "2016-03-23", "validto": null, "version": "v01" }, "geometry": { "type": "Point", "coordinates": [ -11.845902349999903, 11.446605170000055 ] } },
{ "type": "Feature", "properties": { "featurename_fr": "Sannou", "pcode": "GN00600212000", "featurerefname": "Sannou", "featurealtname1_fr": null, "featurealtname2_fr": null, "popplaceclassnumber": 3, "popplaceclasstitle": "Admin3 Capital", "adm3_fr": "Sannou", "adm3_pcode": "GN00600212", "adm2_fr": "Labe", "adm2_pcode": "GN006002", "adm1_fr": "Labe", "adm1_pcode": "GN006", "adm0_fr": "Guinea", "adm0_pcode": "GN", "date": "2016-01-26", "validon": "2016-03-23", "validto": null, "version": "v01" }, "geometry": { "type": "Point", "coordinates": [ -12.112691629999972, 11.413911640000038 ] } },
{ "type": "Feature", "properties": { "featurename_fr": "Tountouroun", "pcode": "GN00600213000", "featurerefname": "Tountouroun", "featurealtname1_fr": null, "featurealtname2_fr": null, "popplaceclassnumber": 3, "popplaceclasstitle": "Admin3 Capital", "adm3_fr": "Tountourou", "adm3_pcode": "GN00600213", "adm2_fr": "Labe", "adm2_pcode": "GN006002", "adm1_fr": "Labe", "adm1_pcode": "GN006", "adm0_fr": "Guinea", "adm0_pcode": "GN", "date": "2016-01-26", "validon": "2016-03-23", "validto": null, "version": "v01" }, "geometry": { "type": "Point", "coordinates": [ -12.26817, 11.404322 ] } },
{ "type": "Feature", "properties": { "featurename_fr": "Popodara", "pcode": "GN00600211000", "featurerefname": "Popodara", "featurealtname1_fr": null, "featurealtname2_fr": null, "popplaceclassnumber": 3, "popplaceclasstitle": "Admin3 Capital", "adm3_fr": "Popodara", "adm3_pcode": "GN00600211", "adm2_fr": "Labe", "adm2_pcode": "GN006002", "adm1_fr": "Labe", "adm1_pcode": "GN006", "adm0_fr": "Guinea", "adm0_pcode": "GN", "date": "2016-01-26", "validon": "2016-03-23", "validto": null, "version": "v01" }, "geometry": { "type": "Point", "coordinates": [ -12.404251099999897, 11.399667260000058 ] } },
{ "type": "Feature", "properties": { "featurename_fr": "Tangaly", "pcode": "GN00600509000", "featurerefname": "Tangaly", "featurealtname1_fr": null, "featurealtname2_fr": null, "popplaceclassnumber": 3, "popplaceclasstitle": "Admin3 Capital", "adm3_fr": "Tangali", "adm3_pcode": "GN00600509", "adm2_fr": "Tougue", "adm2_pcode": "GN006005", "adm1_fr": "Labe", "adm1_pcode": "GN006", "adm0_fr": "Guinea", "adm0_pcode": "GN", "date": "2016-01-26", "validon": "2016-03-23", "validto": null, "version": "v01" }, "geometry": { "type": "Point", "coordinates": [ -11.929135, 11.344928 ] } },
{ "type": "Feature", "properties": { "featurename_fr": "Dionfo", "pcode": "GN00600204000", "featurerefname": "Dionfo", "featurealtname1_fr": null, "featurealtname2_fr": null, "popplaceclassnumber": 3, "popplaceclasstitle": "Admin3 Capital", "adm3_fr": "Dionfo", "adm3_pcode": "GN00600204", "adm2_fr": "Labe", "adm2_pcode": "GN006002", "adm1_fr": "Labe", "adm1_pcode": "GN006", "adm0_fr": "Guinea", "adm0_pcode": "GN", "date": "2016-01-26", "validon": "2016-03-23", "validto": null, "version": "v01" }, "geometry": { "type": "Point", "coordinates": [ -12.055646569999908, 11.336363530000085 ] } },
{ "type": "Feature", "properties": { "featurename_fr": "Kalan", "pcode": "GN00600207000", "featurerefname": "Kalan", "featurealtname1_fr": null, "featurealtname2_fr": null, "popplaceclassnumber": 3, "popplaceclasstitle": "Admin3 Capital", "adm3_fr": "Kaalan", "adm3_pcode": "GN00600207", "adm2_fr": "Labe", "adm2_pcode": "GN006002", "adm1_fr": "Labe", "adm1_pcode": "GN006", "adm0_fr": "Guinea", "adm0_pcode": "GN", "date": "2016-01-26", "validon": "2016-03-23", "validto": null, "version": "v01" }, "geometry": { "type": "Point", "coordinates": [ -12.157381919999921, 11.307174050000071 ] } },
{ "type": "Feature", "properties": { "featurename_fr": "Noussy", "pcode": "GN00600210000", "featurerefname": "Noussy", "featurealtname1_fr": null, "featurealtname2_fr": null, "popplaceclassnumber": 3, "popplaceclasstitle": "Admin3 Capital", "adm3_fr": "Noussy", "adm3_pcode": "GN00600210", "adm2_fr": "Labe", "adm2_pcode": "GN006002", "adm1_fr": "Labe", "adm1_pcode": "GN006", "adm0_fr": "Guinea", "adm0_pcode": "GN", "date": "2016-01-26", "validon": "2016-03-23", "validto": null, "version": "v01" }, "geometry": { "type": "Point", "coordinates": [ -12.178940509999961, 11.266341110000155 ] } },
{ "type": "Feature", "properties": { "featurename_fr": "Kalinko", "pcode": "GN00300206000", "featurerefname": "Kalinko", "featurealtname1_fr": null, "featurealtname2_fr": null, "popplaceclassnumber": 3, "popplaceclasstitle": "Admin3 Capital", "adm3_fr": "Kalinko", "adm3_pcode": "GN00300206", "adm2_fr": "Dinguiraye", "adm2_pcode": "GN003002", "adm1_fr": "Faranah", "adm1_pcode": "GN003", "adm0_fr": "Guinea", "adm0_pcode": "GN", "date": "2016-01-26", "validon": "2016-03-23", "validto": null, "version": "v01" }, "geometry": { "type": "Point", "coordinates": [ -11.183783999999889, 11.265729000000135 ] } },
{ "type": "Feature", "properties": { "featurename_fr": "Mombéya", "pcode": "GN00700110000", "featurerefname": "Mombeya", "featurealtname1_fr": null, "featurealtname2_fr": null, "popplaceclassnumber": 3, "popplaceclasstitle": "Admin3 Capital", "adm3_fr": "Mombeyah", "adm3_pcode": "GN00700110", "adm2_fr": "Dalaba", "adm2_pcode": "GN007001", "adm1_fr": "Mamou", "adm1_pcode": "GN007", "adm0_fr": "Guinea", "adm0_pcode": "GN", "date": "2016-01-26", "validon": "2016-03-23", "validto": null, "version": "v01" }, "geometry": { "type": "Point", "coordinates": [ -12.072517, 11.230904000000123 ] } },
{ "type": "Feature", "properties": { "featurename_fr": "Dara Labé", "pcode": "GN00600202000", "featurerefname": "Dara Labe", "featurealtname1_fr": null, "featurealtname2_fr": null, "popplaceclassnumber": 3, "popplaceclasstitle": "Admin3 Capital", "adm3_fr": "Daralabe", "adm3_pcode": "GN00600202", "adm2_fr": "Labe", "adm2_pcode": "GN006002", "adm1_fr": "Labe", "adm1_pcode": "GN006", "adm0_fr": "Guinea", "adm0_pcode": "GN", "date": "2016-01-26", "validon": "2016-03-23", "validto": null, "version": "v01" }, "geometry": { "type": "Point", "coordinates": [ -12.313998119999951, 11.22285202 ] } },
{ "type": "Feature", "properties": { "featurename_fr": "Fatako", "pcode": "GN00600501000", "featurerefname": "Fatako", "featurealtname1_fr": null, "featurealtname2_fr": null, "popplaceclassnumber": 3, "popplaceclasstitle": "Admin3 Capital", "adm3_fr": "Fatako", "adm3_pcode": "GN00600501", "adm2_fr": "Tougue", "adm2_pcode": "GN006005", "adm1_fr": "Labe", "adm1_pcode": "GN006", "adm0_fr": "Guinea", "adm0_pcode": "GN", "date": "2016-01-26", "validon": "2016-03-23", "validto": null, "version": "v01" }, "geometry": { "type": "Point", "coordinates": [ -11.893155079999929, 11.215961680000134 ] } },
{ "type": "Feature", "properties": { "featurename_fr": "Koin", "pcode": "GN00600504000", "featurerefname": "Koin", "featurealtname1_fr": null, "featurealtname2_fr": null, "popplaceclassnumber": 3, "popplaceclasstitle": "Admin3 Capital", "adm3_fr": "Koin", "adm3_pcode": "GN00600504", "adm2_fr": "Tougue", "adm2_pcode": "GN006005", "adm1_fr": "Labe", "adm1_pcode": "GN006", "adm0_fr": "Guinea", "adm0_pcode": "GN", "date": "2016-01-26", "validon": "2016-03-23", "validto": null, "version": "v01" }, "geometry": { "type": "Point", "coordinates": [ -11.811108989999923, 11.219429770000033 ] } },
{ "type": "Feature", "properties": { "featurename_fr": "Timbi Madina", "pcode": "GN00700311000", "featurerefname": "Timbi Madina", "featurealtname1_fr": null, "featurealtname2_fr": null, "popplaceclassnumber": 3, "popplaceclasstitle": "Admin3 Capital", "adm3_fr": "Timbi Madina", "adm3_pcode": "GN00700311", "adm2_fr": "Pita", "adm2_pcode": "GN007003", "adm1_fr": "Mamou", "adm1_pcode": "GN007", "adm0_fr": "Guinea", "adm0_pcode": "GN", "date": "2016-01-26", "validon": "2016-03-23", "validto": null, "version": "v01" }, "geometry": { "type": "Point", "coordinates": [ -12.541083489999949, 11.199179680000157 ] } },
{ "type": "Feature", "properties": { "featurename_fr": "Kankalabé", "pcode": "GN00700105000", "featurerefname": "Kankalabe", "featurealtname1_fr": null, "featurealtname2_fr": null, "popplaceclassnumber": 3, "popplaceclasstitle": "Admin3 Capital", "adm3_fr": "Kankalabe", "adm3_pcode": "GN00700105", "adm2_fr": "Dalaba", "adm2_pcode": "GN007001", "adm1_fr": "Mamou", "adm1_pcode": "GN007", "adm0_fr": "Guinea", "adm0_pcode": "GN", "date": "2016-01-26", "validon": "2016-03-23", "validto": null, "version": "v01" }, "geometry": { "type": "Point", "coordinates": [ -11.999669783999877, 11.14815506500014 ] } },
{ "type": "Feature", "properties": { "featurename_fr": "Kansangui", "pcode": "GN00600503000", "featurerefname": "Kansangui", "featurealtname1_fr": null, "featurealtname2_fr": null, "popplaceclassnumber": 3, "popplaceclasstitle": "Admin3 Capital", "adm3_fr": "Kansangui", "adm3_pcode": "GN00600503", "adm2_fr": "Tougue", "adm2_pcode": "GN006005", "adm1_fr": "Labe", "adm1_pcode": "GN006", "adm0_fr": "Guinea", "adm0_pcode": "GN", "date": "2016-01-26", "validon": "2016-03-23", "validto": null, "version": "v01" }, "geometry": { "type": "Point", "coordinates": [ -11.789479999999855, 11.157262 ] } },
{ "type": "Feature", "properties": { "featurename_fr": "Kollangui", "pcode": "GN00600505000", "featurerefname": "Kollangui", "featurealtname1_fr": null, "featurealtname2_fr": null, "popplaceclassnumber": 3, "popplaceclasstitle": "Admin3 Capital", "adm3_fr": "Kolangui", "adm3_pcode": "GN00600505", "adm2_fr": "Tougue", "adm2_pcode": "GN006005", "adm1_fr": "Labe", "adm1_pcode": "GN006", "adm0_fr": "Guinea", "adm0_pcode": "GN", "date": "2016-01-26", "validon": "2016-03-23", "validto": null, "version": "v01" }, "geometry": { "type": "Point", "coordinates": [ -11.844585999999879, 11.1375 ] } },
{ "type": "Feature", "properties": { "featurename_fr": "Timbi Touni", "pcode": "GN00700312000", "featurerefname": "Timbi Touni", "featurealtname1_fr": null, "featurealtname2_fr": null, "popplaceclassnumber": 3, "popplaceclasstitle": "Admin3 Capital", "adm3_fr": "Timbi Touni", "adm3_pcode": "GN00700312", "adm2_fr": "Pita", "adm2_pcode": "GN007003", "adm1_fr": "Mamou", "adm1_pcode": "GN007", "adm0_fr": "Guinea", "adm0_pcode": "GN", "date": "2016-01-26", "validon": "2016-03-23", "validto": null, "version": "v01" }, "geometry": { "type": "Point", "coordinates": [ -12.501127629999871, 11.121786550000024 ] } },
{ "type": "Feature", "properties": { "featurename_fr": "Bantignel", "pcode": "GN00700301000", "featurerefname": "Bantignel", "featurealtname1_fr": null, "featurealtname2_fr": null, "popplaceclassnumber": 3, "popplaceclasstitle": "Admin3 Capital", "adm3_fr": "Bantignel", "adm3_pcode": "GN00700301", "adm2_fr": "Pita", "adm2_pcode": "GN007003", "adm1_fr": "Mamou", "adm1_pcode": "GN007", "adm0_fr": "Guinea", "adm0_pcode": "GN", "date": "2016-01-26", "validon": "2016-03-23", "validto": null, "version": "v01" }, "geometry": { "type": "Point", "coordinates": [ -12.29985951999987, 11.109666819999973 ] } },
{ "type": "Feature", "properties": { "featurename_fr": "Sélouma", "pcode": "GN00300208000", "featurerefname": "Selouma", "featurealtname1_fr": null, "featurealtname2_fr": null, "popplaceclassnumber": 3, "popplaceclasstitle": "Admin3 Capital", "adm3_fr": "Selouma", "adm3_pcode": "GN00300208", "adm2_fr": "Dinguiraye", "adm2_pcode": "GN003002", "adm1_fr": "Faranah", "adm1_pcode": "GN003", "adm0_fr": "Guinea", "adm0_pcode": "GN", "date": "2016-01-26", "validon": "2016-03-23", "validto": null, "version": "v01" }, "geometry": { "type": "Point", "coordinates": [ -10.916033, 11.176246000000106 ] } },
{ "type": "Feature", "properties": { "featurename_fr": "Sintaly", "pcode": "GN00700310000", "featurerefname": "Sintaly", "featurealtname1_fr": null, "featurealtname2_fr": null, "popplaceclassnumber": 3, "popplaceclasstitle": "Admin3 Capital", "adm3_fr": "Sintali", "adm3_pcode": "GN00700310", "adm2_fr": "Pita", "adm2_pcode": "GN007003", "adm1_fr": "Mamou", "adm1_pcode": "GN007", "adm0_fr": "Guinea", "adm0_pcode": "GN", "date": "2016-01-26", "validon": "2016-03-23", "validto": null, "version": "v01" }, "geometry": { "type": "Point", "coordinates": [ -12.432030999999824, 11.093898 ] } },
{ "type": "Feature", "properties": { "featurename_fr": "Téguéréya", "pcode": "GN00700212000", "featurerefname": "Teguereya", "featurealtname1_fr": null, "featurealtname2_fr": null, "popplaceclassnumber": 3, "popplaceclasstitle": "Admin3 Capital", "adm3_fr": "Teguereyah", "adm3_pcode": "GN00700212", "adm2_fr": "Mamou", "adm2_pcode": "GN007002", "adm1_fr": "Mamou", "adm1_pcode": "GN007", "adm0_fr": "Guinea", "adm0_pcode": "GN", "date": "2016-01-26", "validon": "2016-03-23", "validto": null, "version": "v01" }, "geometry": { "type": "Point", "coordinates": [ -11.624349999999879, 11.053915 ] } },
{ "type": "Feature", "properties": { "featurename_fr": "Bodié", "pcode": "GN00700101000", "featurerefname": "Bodie", "featurealtname1_fr": null, "featurealtname2_fr": null, "popplaceclassnumber": 3, "popplaceclasstitle": "Admin3 Capital", "adm3_fr": "Bodie", "adm3_pcode": "GN00700101", "adm2_fr": "Dalaba", "adm2_pcode": "GN007001", "adm1_fr": "Mamou", "adm1_pcode": "GN007", "adm0_fr": "Guinea", "adm0_pcode": "GN", "date": "2016-01-26", "validon": "2016-03-23", "validto": null, "version": "v01" }, "geometry": { "type": "Point", "coordinates": [ -12.054680889999872, 11.030711480000093 ] } },
{ "type": "Feature", "properties": { "featurename_fr": "Kébaly", "pcode": "GN00700106000", "featurerefname": "Kebaly", "featurealtname1_fr": null, "featurealtname2_fr": null, "popplaceclassnumber": 3, "popplaceclasstitle": "Admin3 Capital", "adm3_fr": "Kebali", "adm3_pcode": "GN00700106", "adm2_fr": "Dalaba", "adm2_pcode": "GN007001", "adm1_fr": "Mamou", "adm1_pcode": "GN007", "adm0_fr": "Guinea", "adm0_pcode": "GN", "date": "2016-01-26", "validon": "2016-03-23", "validto": null, "version": "v01" }, "geometry": { "type": "Point", "coordinates": [ -12.195559059999823, 10.957111160000125 ] } },
{ "type": "Feature", "properties": { "featurename_fr": "Bissikirima", "pcode": "GN00300103000", "featurerefname": "Bissikirima", "featurealtname1_fr": null, "featurealtname2_fr": null, "popplaceclassnumber": 3, "popplaceclasstitle": "Admin3 Capital", "adm3_fr": "Bissikrima", "adm3_pcode": "GN00300103", "adm2_fr": "Dabola", "adm2_pcode": "GN003001", "adm1_fr": "Faranah", "adm1_pcode": "GN003", "adm0_fr": "Guinea", "adm0_pcode": "GN", "date": "2016-01-26", "validon": "2016-03-23", "validto": null, "version": "v01" }, "geometry": { "type": "Point", "coordinates": [ -10.934641999999883, 10.855577 ] } },
{ "type": "Feature", "properties": { "featurename_fr": "Kouramangui", "pcode": "GN00600208000", "featurerefname": "Kouramangui", "featurealtname1_fr": null, "featurealtname2_fr": null, "popplaceclassnumber": 3, "popplaceclasstitle": "Admin3 Capital", "adm3_fr": "Kouramangui", "adm3_pcode": "GN00600208", "adm2_fr": "Labe", "adm2_pcode": "GN006002", "adm1_fr": "Labe", "adm1_pcode": "GN006", "adm0_fr": "Guinea", "adm0_pcode": "GN", "date": "2016-01-26", "validon": "2016-03-23", "validto": null, "version": "v01" }, "geometry": { "type": "Point", "coordinates": [ -12.437415099999953, 11.51031601 ] } },
{ "type": "Feature", "properties": { "featurename_fr": "Diountou", "pcode": "GN00600302000", "featurerefname": "Diountou", "featurealtname1_fr": null, "featurealtname2_fr": null, "popplaceclassnumber": 3, "popplaceclasstitle": "Admin3 Capital", "adm3_fr": "Diontou", "adm3_pcode": "GN00600302", "adm2_fr": "Lelouma", "adm2_pcode": "GN006003", "adm1_fr": "Labe", "adm1_pcode": "GN006", "adm0_fr": "Guinea", "adm0_pcode": "GN", "date": "2016-01-26", "validon": "2016-03-23", "validto": null, "version": "v01" }, "geometry": { "type": "Point", "coordinates": [ -12.539536999999882, 11.486899000000165 ] } },
{ "type": "Feature", "properties": { "featurename_fr": "Malanta", "pcode": "GN00100306000", "featurerefname": "Malanta", "featurealtname1_fr": null, "featurealtname2_fr": null, "popplaceclassnumber": 3, "popplaceclasstitle": "Admin3 Capital", "adm3_fr": "Malanta", "adm3_pcode": "GN00100306", "adm2_fr": "Gaoual", "adm2_pcode": "GN001003", "adm1_fr": "Boke", "adm1_pcode": "GN001", "adm0_fr": "Guinea", "adm0_pcode": "GN", "date": "2016-01-26", "validon": "2016-03-23", "validto": null, "version": "v01" }, "geometry": { "type": "Point", "coordinates": [ -12.829093, 11.472182000000146 ] } },
{ "type": "Feature", "properties": { "featurename_fr": "Korbé", "pcode": "GN00600304000", "featurerefname": "Korbe", "featurealtname1_fr": null, "featurealtname2_fr": null, "popplaceclassnumber": 3, "popplaceclasstitle": "Admin3 Capital", "adm3_fr": "Korbe", "adm3_pcode": "GN00600304", "adm2_fr": "Lelouma", "adm2_pcode": "GN006003", "adm1_fr": "Labe", "adm1_pcode": "GN006", "adm0_fr": "Guinea", "adm0_pcode": "GN", "date": "2016-01-26", "validon": "2016-03-23", "validto": null, "version": "v01" }, "geometry": { "type": "Point", "coordinates": [ -12.623076519999927, 11.465011240000138 ] } },
{ "type": "Feature", "properties": { "featurename_fr": "Parawol", "pcode": "GN00600309000", "featurerefname": "Parawol", "featurealtname1_fr": null, "featurealtname2_fr": null, "popplaceclassnumber": 3, "popplaceclasstitle": "Admin3 Capital", "adm3_fr": "Parawol", "adm3_pcode": "GN00600309", "adm2_fr": "Lelouma", "adm2_pcode": "GN006003", "adm1_fr": "Labe", "adm1_pcode": "GN006", "adm0_fr": "Guinea", "adm0_pcode": "GN", "date": "2016-01-26", "validon": "2016-03-23", "validto": null, "version": "v01" }, "geometry": { "type": "Point", "coordinates": [ -12.628918369999838, 11.35436475 ] } },
{ "type": "Feature", "properties": { "featurename_fr": "Hérico", "pcode": "GN00600303000", "featurerefname": "Herico", "featurealtname1_fr": null, "featurealtname2_fr": null, "popplaceclassnumber": 3, "popplaceclasstitle": "Admin3 Capital", "adm3_fr": "Herico", "adm3_pcode": "GN00600303", "adm2_fr": "Lelouma", "adm2_pcode": "GN006003", "adm1_fr": "Labe", "adm1_pcode": "GN006", "adm0_fr": "Guinea", "adm0_pcode": "GN", "date": "2016-01-26", "validon": "2016-03-23", "validto": null, "version": "v01" }, "geometry": { "type": "Point", "coordinates": [ -12.824321999999825, 11.23615100000012 ] } },
{ "type": "Feature", "properties": { "featurename_fr": "Koba", "pcode": "GN00500504000", "featurerefname": "Koba", "featurealtname1_fr": null, "featurealtname2_fr": null, "popplaceclassnumber": 3, "popplaceclasstitle": "Admin3 Capital", "adm3_fr": "Koba", "adm3_pcode": "GN00500504", "adm2_fr": "Telimele", "adm2_pcode": "GN005005", "adm1_fr": "Kindia", "adm1_pcode": "GN005", "adm0_fr": "Guinea", "adm0_pcode": "GN", "date": "2016-01-26", "validon": "2016-03-23", "validto": null, "version": "v01" }, "geometry": { "type": "Point", "coordinates": [ -13.318159, 11.144819 ] } },
{ "type": "Feature", "properties": { "featurename_fr": "Sangarédi", "pcode": "GN00100208000", "featurerefname": "Sangaredi", "featurealtname1_fr": null, "featurealtname2_fr": null, "popplaceclassnumber": 3, "popplaceclasstitle": "Admin3 Capital", "adm3_fr": "Sangaredi", "adm3_pcode": "GN00100208", "adm2_fr": "Boke", "adm2_pcode": "GN001002", "adm1_fr": "Boke", "adm1_pcode": "GN001", "adm0_fr": "Guinea", "adm0_pcode": "GN", "date": "2016-01-26", "validon": "2016-03-23", "validto": null, "version": "v01" }, "geometry": { "type": "Point", "coordinates": [ -13.817480999999816, 11.105904 ] } },
{ "type": "Feature", "properties": { "featurename_fr": "Bourouwal", "pcode": "GN00500501000", "featurerefname": "Bourouwal", "featurealtname1_fr": null, "featurealtname2_fr": null, "popplaceclassnumber": 3, "popplaceclasstitle": "Admin3 Capital", "adm3_fr": "Bourouwal", "adm3_pcode": "GN00500501", "adm2_fr": "Telimele", "adm2_pcode": "GN005005", "adm1_fr": "Kindia", "adm1_pcode": "GN005", "adm0_fr": "Guinea", "adm0_pcode": "GN", "date": "2016-01-26", "validon": "2016-03-23", "validto": null, "version": "v01" }, "geometry": { "type": "Point", "coordinates": [ -13.06407, 11.083542 ] } },
{ "type": "Feature", "properties": { "featurename_fr": "Sarékaly", "pcode": "GN00500509000", "featurerefname": "Sarekaly", "featurealtname1_fr": null, "featurealtname2_fr": null, "popplaceclassnumber": 3, "popplaceclasstitle": "Admin3 Capital", "adm3_fr": "Sarekali", "adm3_pcode": "GN00500509", "adm2_fr": "Telimele", "adm2_pcode": "GN005005", "adm1_fr": "Kindia", "adm1_pcode": "GN005", "adm0_fr": "Guinea", "adm0_pcode": "GN", "date": "2016-01-26", "validon": "2016-03-23", "validto": null, "version": "v01" }, "geometry": { "type": "Point", "coordinates": [ -13.019197, 10.959570000000156 ] } },
{ "type": "Feature", "properties": { "featurename_fr": "Ley Miro", "pcode": "GN00700305000", "featurerefname": "Ley Miro", "featurealtname1_fr": null, "featurealtname2_fr": null, "popplaceclassnumber": 3, "popplaceclasstitle": "Admin3 Capital", "adm3_fr": "Ley Miro", "adm3_pcode": "GN00700305", "adm2_fr": "Pita", "adm2_pcode": "GN007003", "adm1_fr": "Mamou", "adm1_pcode": "GN007", "adm0_fr": "Guinea", "adm0_pcode": "GN", "date": "2016-01-26", "validon": "2016-03-23", "validto": null, "version": "v01" }, "geometry": { "type": "Point", "coordinates": [ -12.908479, 10.947934 ] } },
{ "type": "Feature", "properties": { "featurename_fr": "Konsotami", "pcode": "GN00500506000", "featurerefname": "Konsotami", "featurealtname1_fr": null, "featurealtname2_fr": null, "popplaceclassnumber": 3, "popplaceclasstitle": "Admin3 Capital", "adm3_fr": "Konsotami", "adm3_pcode": "GN00500506", "adm2_fr": "Telimele", "adm2_pcode": "GN005005", "adm1_fr": "Kindia", "adm1_pcode": "GN005", "adm0_fr": "Guinea", "adm0_pcode": "GN", "date": "2016-01-26", "validon": "2016-03-23", "validto": null, "version": "v01" }, "geometry": { "type": "Point", "coordinates": [ -13.504497999999899, 10.937714 ] } },
{ "type": "Feature", "properties": { "featurename_fr": "Daramagnaki", "pcode": "GN00500502000", "featurerefname": "Daramagnaki", "featurealtname1_fr": null, "featurealtname2_fr": null, "popplaceclassnumber": 3, "popplaceclasstitle": "Admin3 Capital", "adm3_fr": "Daramagnaky", "adm3_pcode": "GN00500502", "adm2_fr": "Telimele", "adm2_pcode": "GN005005", "adm1_fr": "Kindia", "adm1_pcode": "GN005", "adm0_fr": "Guinea", "adm0_pcode": "GN", "date": "2016-01-26", "validon": "2016-03-23", "validto": null, "version": "v01" }, "geometry": { "type": "Point", "coordinates": [ -13.796001999999874, 10.875104000000135 ] } },
{ "type": "Feature", "properties": { "featurename_fr": "Thionthian", "pcode": "GN00500514000", "featurerefname": "Thionthian", "featurealtname1_fr": null, "featurealtname2_fr": null, "popplaceclassnumber": 3, "popplaceclasstitle": "Admin3 Capital", "adm3_fr": "Thionthian", "adm3_pcode": "GN00500514", "adm2_fr": "Telimele", "adm2_pcode": "GN005005", "adm1_fr": "Kindia", "adm1_pcode": "GN005", "adm0_fr": "Guinea", "adm0_pcode": "GN", "date": "2016-01-26", "validon": "2016-03-23", "validto": null, "version": "v01" }, "geometry": { "type": "Point", "coordinates": [ -13.344424, 10.758067 ] } },
{ "type": "Feature", "properties": { "featurename_fr": "Malapouya", "pcode": "GN00100207000", "featurerefname": "Malapouya", "featurealtname1_fr": null, "featurealtname2_fr": null, "popplaceclassnumber": 3, "popplaceclasstitle": "Admin3 Capital", "adm3_fr": "Malapouya", "adm3_pcode": "GN00100207", "adm2_fr": "Boke", "adm2_pcode": "GN001002", "adm1_fr": "Boke", "adm1_pcode": "GN001", "adm0_fr": "Guinea", "adm0_pcode": "GN", "date": "2016-01-26", "validon": "2016-03-23", "validto": null, "version": "v01" }, "geometry": { "type": "Point", "coordinates": [ -14.171141, 10.713346000000172 ] } },
{ "type": "Feature", "properties": { "featurename_fr": "Kamsar", "pcode": "GN00100204000", "featurerefname": "Kamsar", "featurealtname1_fr": null, "featurealtname2_fr": null, "popplaceclassnumber": 3, "popplaceclasstitle": "Admin3 Capital", "adm3_fr": "Kamsar", "adm3_pcode": "GN00100204", "adm2_fr": "Boke", "adm2_pcode": "GN001002", "adm1_fr": "Boke", "adm1_pcode": "GN001", "adm0_fr": "Guinea", "adm0_pcode": "GN", "date": "2016-01-26", "validon": "2016-03-23", "validto": null, "version": "v01" }, "geometry": { "type": "Point", "coordinates": [ -14.601892569999904, 10.656533010000032 ] } },
{ "type": "Feature", "properties": { "featurename_fr": "Bintimodia", "pcode": "GN00100201000", "featurerefname": "Bintimodia", "featurealtname1_fr": null, "featurealtname2_fr": null, "popplaceclassnumber": 3, "popplaceclasstitle": "Admin3 Capital", "adm3_fr": "Bintimodia", "adm3_pcode": "GN00100201", "adm2_fr": "Boke", "adm2_pcode": "GN001002", "adm1_fr": "Boke", "adm1_pcode": "GN001", "adm0_fr": "Guinea", "adm0_pcode": "GN", "date": "2016-01-26", "validon": "2016-03-23", "validto": null, "version": "v01" }, "geometry": { "type": "Point", "coordinates": [ -14.453566, 10.653567000000123 ] } },
{ "type": "Feature", "properties": { "featurename_fr": "Mankountan", "pcode": "GN00100106000", "featurerefname": "Mankountan", "featurealtname1_fr": null, "featurealtname2_fr": null, "popplaceclassnumber": 3, "popplaceclasstitle": "Admin3 Capital", "adm3_fr": "Mankountan", "adm3_pcode": "GN00100106", "adm2_fr": "Boffa", "adm2_pcode": "GN001001", "adm1_fr": "Boke", "adm1_pcode": "GN001", "adm0_fr": "Guinea", "adm0_pcode": "GN", "date": "2016-01-26", "validon": "2016-03-23", "validto": null, "version": "v01" }, "geometry": { "type": "Point", "coordinates": [ -14.440042, 10.534835000000157 ] } },
{ "type": "Feature", "properties": { "featurename_fr": "Kolia", "pcode": "GN00100104000", "featurerefname": "Kolia", "featurealtname1_fr": null, "featurealtname2_fr": null, "popplaceclassnumber": 3, "popplaceclasstitle": "Admin3 Capital", "adm3_fr": "Kolia", "adm3_pcode": "GN00100104", "adm2_fr": "Boffa", "adm2_pcode": "GN001001", "adm1_fr": "Boke", "adm1_pcode": "GN001", "adm0_fr": "Guinea", "adm0_pcode": "GN", "date": "2016-01-26", "validon": "2016-03-23", "validto": null, "version": "v01" }, "geometry": { "type": "Point", "coordinates": [ -14.059647, 10.429049000000191 ] } },
{ "type": "Feature", "properties": { "featurename_fr": "Tougnifili", "pcode": "GN00100108000", "featurerefname": "Tougnifili", "featurealtname1_fr": null, "featurealtname2_fr": null, "popplaceclassnumber": 3, "popplaceclasstitle": "Admin3 Capital", "adm3_fr": "Tougnifily", "adm3_pcode": "GN00100108", "adm2_fr": "Boffa", "adm2_pcode": "GN001001", "adm1_fr": "Boke", "adm1_pcode": "GN001", "adm0_fr": "Guinea", "adm0_pcode": "GN", "date": "2016-01-26", "validon": "2016-03-23", "validto": null, "version": "v01" }, "geometry": { "type": "Point", "coordinates": [ -14.422862999999893, 10.382421 ] } },
{ "type": "Feature", "properties": { "featurename_fr": "Douprou", "pcode": "GN00100102000", "featurerefname": "Douprou", "featurealtname1_fr": null, "featurealtname2_fr": null, "popplaceclassnumber": 3, "popplaceclasstitle": "Admin3 Capital", "adm3_fr": "Douprou", "adm3_pcode": "GN00100102", "adm2_fr": "Boffa", "adm2_pcode": "GN001001", "adm1_fr": "Boke", "adm1_pcode": "GN001", "adm0_fr": "Guinea", "adm0_pcode": "GN", "date": "2016-01-26", "validon": "2016-03-23", "validto": null, "version": "v01" }, "geometry": { "type": "Point", "coordinates": [ -14.352357, 10.228335 ] } },
{ "type": "Feature", "properties": { "featurename_fr": "Lisso", "pcode": "GN00100105000", "featurerefname": "Lisso", "featurealtname1_fr": null, "featurealtname2_fr": null, "popplaceclassnumber": 3, "popplaceclasstitle": "Admin3 Capital", "adm3_fr": "Lisso", "adm3_pcode": "GN00100105", "adm2_fr": "Boffa", "adm2_pcode": "GN001001", "adm1_fr": "Boke", "adm1_pcode": "GN001", "adm0_fr": "Guinea", "adm0_pcode": "GN", "date": "2016-01-26", "validon": "2016-03-23", "validto": null, "version": "v01" }, "geometry": { "type": "Point", "coordinates": [ -13.895781999999826, 10.223745 ] } },
{ "type": "Feature", "properties": { "featurename_fr": "Ouassou", "pcode": "GN00500205000", "featurerefname": "Ouassou", "featurealtname1_fr": null, "featurealtname2_fr": null, "popplaceclassnumber": 3, "popplaceclasstitle": "Admin3 Capital", "adm3_fr": "Ouassou", "adm3_pcode": "GN00500205", "adm2_fr": "Dubreka", "adm2_pcode": "GN005002", "adm1_fr": "Kindia", "adm1_pcode": "GN005", "adm0_fr": "Guinea", "adm0_pcode": "GN", "date": "2016-01-26", "validon": "2016-03-23", "validto": null, "version": "v01" }, "geometry": { "type": "Point", "coordinates": [ -13.657851999999878, 10.036527 ] } },
{ "type": "Feature", "properties": { "featurename_fr": "Friguiagbé", "pcode": "GN00500403000", "featurerefname": "Friguiagbe", "featurealtname1_fr": null, "featurealtname2_fr": null, "popplaceclassnumber": 3, "popplaceclasstitle": "Admin3 Capital", "adm3_fr": "Friguiagbe", "adm3_pcode": "GN00500403", "adm2_fr": "Kindia", "adm2_pcode": "GN005004", "adm1_fr": "Kindia", "adm1_pcode": "GN005", "adm0_fr": "Guinea", "adm0_pcode": "GN", "date": "2016-01-26", "validon": "2016-03-23", "validto": null, "version": "v01" }, "geometry": { "type": "Point", "coordinates": [ -12.945395, 9.952746000000104 ] } },
{ "type": "Feature", "properties": { "featurename_fr": "Koba", "pcode": "GN00100103000", "featurerefname": "Koba", "featurealtname1_fr": null, "featurealtname2_fr": null, "popplaceclassnumber": 3, "popplaceclasstitle": "Admin3 Capital", "adm3_fr": "Koba Tatema", "adm3_pcode": "GN00100103", "adm2_fr": "Boffa", "adm2_pcode": "GN001001", "adm1_fr": "Boke", "adm1_pcode": "GN001", "adm0_fr": "Guinea", "adm0_pcode": "GN", "date": "2016-01-26", "validon": "2016-03-23", "validto": null, "version": "v01" }, "geometry": { "type": "Point", "coordinates": [ -13.846604999999897, 9.918911 ] } },
{ "type": "Feature", "properties": { "featurename_fr": "Corrérah", "pcode": "GN00500204000", "featurerefname": "Correrah", "featurealtname1_fr": null, "featurealtname2_fr": null, "popplaceclassnumber": 3, "popplaceclasstitle": "Admin3 Capital", "adm3_fr": "Khorira", "adm3_pcode": "GN00500204", "adm2_fr": "Dubreka", "adm2_pcode": "GN005002", "adm1_fr": "Kindia", "adm1_pcode": "GN005", "adm0_fr": "Guinea", "adm0_pcode": "GN", "date": "2016-01-26", "validon": "2016-03-23", "validto": null, "version": "v01" }, "geometry": { "type": "Point", "coordinates": [ -13.49795, 9.884587000000181 ] } },
{ "type": "Feature", "properties": { "featurename_fr": "Mambia", "pcode": "GN00500407000", "featurerefname": "Mambia", "featurealtname1_fr": null, "featurealtname2_fr": null, "popplaceclassnumber": 3, "popplaceclasstitle": "Admin3 Capital", "adm3_fr": "Mambia", "adm3_pcode": "GN00500407", "adm2_fr": "Kindia", "adm2_pcode": "GN005004", "adm1_fr": "Kindia", "adm1_pcode": "GN005", "adm0_fr": "Guinea", "adm0_pcode": "GN", "date": "2016-01-26", "validon": "2016-03-23", "validto": null, "version": "v01" }, "geometry": { "type": "Point", "coordinates": [ -13.105368, 9.837774 ] } },
{ "type": "Feature", "properties": { "featurename_fr": "Kouriah", "pcode": "GN00500102000", "featurerefname": "Kouriah", "featurealtname1_fr": null, "featurealtname2_fr": null, "popplaceclassnumber": 3, "popplaceclasstitle": "Admin3 Capital", "adm3_fr": "Kouria", "adm3_pcode": "GN00500102", "adm2_fr": "Coyah", "adm2_pcode": "GN005001", "adm1_fr": "Kindia", "adm1_pcode": "GN005", "adm0_fr": "Guinea", "adm0_pcode": "GN", "date": "2016-01-26", "validon": "2016-03-23", "validto": null, "version": "v01" }, "geometry": { "type": "Point", "coordinates": [ -13.348538, 9.779231 ] } },
{ "type": "Feature", "properties": { "featurename_fr": "Manéah", "pcode": "GN00500103000", "featurerefname": "Maneah", "featurealtname1_fr": null, "featurealtname2_fr": null, "popplaceclassnumber": 3, "popplaceclasstitle": "Admin3 Capital", "adm3_fr": "Maneah", "adm3_pcode": "GN00500103", "adm2_fr": "Coyah", "adm2_pcode": "GN005001", "adm1_fr": "Kindia", "adm1_pcode": "GN005", "adm0_fr": "Guinea", "adm0_pcode": "GN", "date": "2016-01-26", "validon": "2016-03-23", "validto": null, "version": "v01" }, "geometry": { "type": "Point", "coordinates": [ -13.414446999999825, 9.728893000000141 ] } },
{ "type": "Feature", "properties": { "featurename_fr": "Sikhourou", "pcode": "GN00500310000", "featurerefname": "Sikhourou", "featurealtname1_fr": null, "featurealtname2_fr": null, "popplaceclassnumber": 3, "popplaceclasstitle": "Admin3 Capital", "adm3_fr": "Sikhourou", "adm3_pcode": "GN00500310", "adm2_fr": "Forecariah", "adm2_pcode": "GN005003", "adm1_fr": "Kindia", "adm1_pcode": "GN005", "adm0_fr": "Guinea", "adm0_pcode": "GN", "date": "2016-01-26", "validon": "2016-03-23", "validto": null, "version": "v01" }, "geometry": { "type": "Point", "coordinates": [ -12.804291, 9.621690000000171 ] } },
{ "type": "Feature", "properties": { "featurename_fr": "Moussayah", "pcode": "GN00500309000", "featurerefname": "Moussayah", "featurealtname1_fr": null, "featurealtname2_fr": null, "popplaceclassnumber": 3, "popplaceclasstitle": "Admin3 Capital", "adm3_fr": "Moussayah", "adm3_pcode": "GN00500309", "adm2_fr": "Forecariah", "adm2_pcode": "GN005003", "adm1_fr": "Kindia", "adm1_pcode": "GN005", "adm0_fr": "Guinea", "adm0_pcode": "GN", "date": "2016-01-26", "validon": "2016-03-23", "validto": null, "version": "v01" }, "geometry": { "type": "Point", "coordinates": [ -12.853136, 9.466112000000123 ] } },
{ "type": "Feature", "properties": { "featurename_fr": "Kallia", "pcode": "GN00500307000", "featurerefname": "Kallia", "featurealtname1_fr": null, "featurealtname2_fr": null, "popplaceclassnumber": 3, "popplaceclasstitle": "Admin3 Capital", "adm3_fr": "Kaliah", "adm3_pcode": "GN00500307", "adm2_fr": "Forecariah", "adm2_pcode": "GN005003", "adm1_fr": "Kindia", "adm1_pcode": "GN005", "adm0_fr": "Guinea", "adm0_pcode": "GN", "date": "2016-01-26", "validon": "2016-03-23", "validto": null, "version": "v01" }, "geometry": { "type": "Point", "coordinates": [ -13.069442, 9.39220500000016 ] } },
{ "type": "Feature", "properties": { "featurename_fr": "Kaback", "pcode": "GN00500305000", "featurerefname": "Kaback", "featurealtname1_fr": null, "featurealtname2_fr": null, "popplaceclassnumber": 3, "popplaceclasstitle": "Admin3 Capital", "adm3_fr": "Kaback", "adm3_pcode": "GN00500305", "adm2_fr": "Forecariah", "adm2_pcode": "GN005003", "adm1_fr": "Kindia", "adm1_pcode": "GN005", "adm0_fr": "Guinea", "adm0_pcode": "GN", "date": "2016-01-26", "validon": "2016-03-23", "validto": null, "version": "v01" }, "geometry": { "type": "Point", "coordinates": [ -13.385936999999899, 9.340869 ] } },
{ "type": "Feature", "properties": { "featurename_fr": "Farmoréah", "pcode": "GN00500303000", "featurerefname": "Farmoreah", "featurealtname1_fr": null, "featurealtname2_fr": null, "popplaceclassnumber": 3, "popplaceclasstitle": "Admin3 Capital", "adm3_fr": "Farmoriah", "adm3_pcode": "GN00500303", "adm2_fr": "Forecariah", "adm2_pcode": "GN005003", "adm1_fr": "Kindia", "adm1_pcode": "GN005", "adm0_fr": "Guinea", "adm0_pcode": "GN", "date": "2016-01-26", "validon": "2016-03-23", "validto": null, "version": "v01" }, "geometry": { "type": "Point", "coordinates": [ -13.029886, 9.273973000000183 ] } },
{ "type": "Feature", "properties": { "featurename_fr": "Kegnéko", "pcode": "GN00700204000", "featurerefname": "Kegneko", "featurealtname1_fr": null, "featurealtname2_fr": null, "popplaceclassnumber": 3, "popplaceclasstitle": "Admin3 Capital", "adm3_fr": "Kegneko", "adm3_pcode": "GN00700204", "adm2_fr": "Mamou", "adm2_pcode": "GN007002", "adm1_fr": "Mamou", "adm1_pcode": "GN007", "adm0_fr": "Guinea", "adm0_pcode": "GN", "date": "2016-01-26", "validon": "2016-03-23", "validto": null, "version": "v01" }, "geometry": { "type": "Point", "coordinates": [ -11.778023, 10.542767 ] } },
{ "type": "Feature", "properties": { "featurename_fr": "Soyah", "pcode": "GN00700211000", "featurerefname": "Soyah", "featurealtname1_fr": null, "featurealtname2_fr": null, "popplaceclassnumber": 3, "popplaceclasstitle": "Admin3 Capital", "adm3_fr": "Soyah", "adm3_pcode": "GN00700211", "adm2_fr": "Mamou", "adm2_pcode": "GN007002", "adm1_fr": "Mamou", "adm1_pcode": "GN007", "adm0_fr": "Guinea", "adm0_pcode": "GN", "date": "2016-01-26", "validon": "2016-03-23", "validto": null, "version": "v01" }, "geometry": { "type": "Point", "coordinates": [ -11.983980999999858, 10.295398 ] } },
{ "type": "Feature", "properties": { "featurename_fr": "Kounkouré", "pcode": "GN00700205000", "featurerefname": "Kounkoure", "featurealtname1_fr": null, "featurealtname2_fr": null, "popplaceclassnumber": 3, "popplaceclasstitle": "Admin3 Capital", "adm3_fr": "Kounkoure", "adm3_pcode": "GN00700205", "adm2_fr": "Mamou", "adm2_pcode": "GN007002", "adm1_fr": "Mamou", "adm1_pcode": "GN007", "adm0_fr": "Guinea", "adm0_pcode": "GN", "date": "2016-01-26", "validon": "2016-03-23", "validto": null, "version": "v01" }, "geometry": { "type": "Point", "coordinates": [ -12.231148, 10.287929 ] } },
{ "type": "Feature", "properties": { "featurename_fr": "Souguéta", "pcode": "GN00500410000", "featurerefname": "Sougueta", "featurealtname1_fr": null, "featurealtname2_fr": null, "popplaceclassnumber": 3, "popplaceclasstitle": "Admin3 Capital", "adm3_fr": "Sougueta", "adm3_pcode": "GN00500410", "adm2_fr": "Kindia", "adm2_pcode": "GN005004", "adm1_fr": "Kindia", "adm1_pcode": "GN005", "adm0_fr": "Guinea", "adm0_pcode": "GN", "date": "2016-01-26", "validon": "2016-03-23", "validto": null, "version": "v01" }, "geometry": { "type": "Point", "coordinates": [ -12.543699999999887, 10.146602 ] } },
{ "type": "Feature", "properties": { "featurename_fr": "Ouré Kaba", "pcode": "GN00700208000", "featurerefname": "Oure Kaba", "featurealtname1_fr": null, "featurealtname2_fr": null, "popplaceclassnumber": 3, "popplaceclasstitle": "Admin3 Capital", "adm3_fr": "Oure Kaba", "adm3_pcode": "GN00700208", "adm2_fr": "Mamou", "adm2_pcode": "GN007002", "adm1_fr": "Mamou", "adm1_pcode": "GN007", "adm0_fr": "Guinea", "adm0_pcode": "GN", "date": "2016-01-26", "validon": "2016-03-23", "validto": null, "version": "v01" }, "geometry": { "type": "Point", "coordinates": [ -11.668915, 10.144187 ] } },
{ "type": "Feature", "properties": { "featurename_fr": "Danmakania", "pcode": "GN00500402000", "featurerefname": "Danmakania", "featurealtname1_fr": null, "featurealtname2_fr": null, "popplaceclassnumber": 3, "popplaceclasstitle": "Admin3 Capital", "adm3_fr": "Damakania", "adm3_pcode": "GN00500402", "adm2_fr": "Kindia", "adm2_pcode": "GN005004", "adm1_fr": "Kindia", "adm1_pcode": "GN005", "adm0_fr": "Guinea", "adm0_pcode": "GN", "date": "2016-01-26", "validon": "2016-03-23", "validto": null, "version": "v01" }, "geometry": { "type": "Point", "coordinates": [ -12.903432999999893, 10.009652 ] } },
{ "type": "Feature", "properties": { "featurename_fr": "Molota", "pcode": "GN00500408000", "featurerefname": "Molota", "featurealtname1_fr": null, "featurealtname2_fr": null, "popplaceclassnumber": 3, "popplaceclasstitle": "Admin3 Capital", "adm3_fr": "Molota", "adm3_pcode": "GN00500408", "adm2_fr": "Kindia", "adm2_pcode": "GN005004", "adm1_fr": "Kindia", "adm1_pcode": "GN005", "adm0_fr": "Guinea", "adm0_pcode": "GN", "date": "2016-01-26", "validon": "2016-03-23", "validto": null, "version": "v01" }, "geometry": { "type": "Point", "coordinates": [ -12.829378, 9.923878 ] } },
{ "type": "Feature", "properties": { "featurename_fr": "Madina Oula", "pcode": "GN00500406000", "featurerefname": "Madina Oula", "featurealtname1_fr": null, "featurealtname2_fr": null, "popplaceclassnumber": 3, "popplaceclasstitle": "Admin3 Capital", "adm3_fr": "Madina Oula", "adm3_pcode": "GN00500406", "adm2_fr": "Kindia", "adm2_pcode": "GN005004", "adm1_fr": "Kindia", "adm1_pcode": "GN005", "adm0_fr": "Guinea", "adm0_pcode": "GN", "date": "2016-01-26", "validon": "2016-03-23", "validto": null, "version": "v01" }, "geometry": { "type": "Point", "coordinates": [ -12.445689, 9.883328 ] } },
{ "type": "Feature", "properties": { "featurename_fr": "Nialia", "pcode": "GN00300304000", "featurerefname": "Nialia", "featurealtname1_fr": null, "featurealtname2_fr": null, "popplaceclassnumber": 3, "popplaceclasstitle": "Admin3 Capital", "adm3_fr": "Gnaleah", "adm3_pcode": "GN00300304", "adm2_fr": "Faranah", "adm2_pcode": "GN003003", "adm1_fr": "Faranah", "adm1_pcode": "GN003", "adm0_fr": "Guinea", "adm0_pcode": "GN", "date": "2016-01-26", "validon": "2016-03-23", "validto": null, "version": "v01" }, "geometry": { "type": "Point", "coordinates": [ -10.558155, 9.936303 ] } },
{ "type": "Feature", "properties": { "featurename_fr": "Hérémakono", "pcode": "GN00300305000", "featurerefname": "Heremakono", "featurealtname1_fr": null, "featurealtname2_fr": null, "popplaceclassnumber": 3, "popplaceclasstitle": "Admin3 Capital", "adm3_fr": "Heremakono", "adm3_pcode": "GN00300305", "adm2_fr": "Faranah", "adm2_pcode": "GN003003", "adm1_fr": "Faranah", "adm1_pcode": "GN003", "adm0_fr": "Guinea", "adm0_pcode": "GN", "date": "2016-01-26", "validon": "2016-03-23", "validto": null, "version": "v01" }, "geometry": { "type": "Point", "coordinates": [ -11.064332999999863, 9.898752000000115 ] } },
{ "type": "Feature", "properties": { "featurename_fr": "Moribaya", "pcode": "GN00400110000", "featurerefname": "Moribaya", "featurealtname1_fr": null, "featurealtname2_fr": null, "popplaceclassnumber": 3, "popplaceclasstitle": "Admin3 Capital", "adm3_fr": "Moribayah", "adm3_pcode": "GN00400110", "adm2_fr": "Kankan", "adm2_pcode": "GN004001", "adm1_fr": "Kankan", "adm1_pcode": "GN004", "adm0_fr": "Guinea", "adm0_pcode": "GN", "date": "2016-01-26", "validon": "2016-03-23", "validto": null, "version": "v01" }, "geometry": { "type": "Point", "coordinates": [ -9.550964, 9.882947000000172 ] } },
{ "type": "Feature", "properties": { "featurename_fr": "Tiro", "pcode": "GN00300311000", "featurerefname": "Tiro", "featurealtname1_fr": null, "featurealtname2_fr": null, "popplaceclassnumber": 3, "popplaceclasstitle": "Admin3 Capital", "adm3_fr": "Tiro", "adm3_pcode": "GN00300311", "adm2_fr": "Faranah", "adm2_pcode": "GN003003", "adm1_fr": "Faranah", "adm1_pcode": "GN003", "adm0_fr": "Guinea", "adm0_pcode": "GN", "date": "2016-01-26", "validon": "2016-03-23", "validto": null, "version": "v01" }, "geometry": { "type": "Point", "coordinates": [ -10.639215, 9.738189 ] } },
{ "type": "Feature", "properties": { "featurename_fr": "Douako", "pcode": "GN00400306000", "featurerefname": "Douako", "featurealtname1_fr": null, "featurealtname2_fr": null, "popplaceclassnumber": 3, "popplaceclasstitle": "Admin3 Capital", "adm3_fr": "Douako", "adm3_pcode": "GN00400306", "adm2_fr": "Kouroussa", "adm2_pcode": "GN004003", "adm1_fr": "Kankan", "adm1_pcode": "GN004", "adm0_fr": "Guinea", "adm0_pcode": "GN", "date": "2016-01-26", "validon": "2016-03-23", "validto": null, "version": "v01" }, "geometry": { "type": "Point", "coordinates": [ -10.175889, 9.736222 ] } },
{ "type": "Feature", "properties": { "featurename_fr": "Songoya", "pcode": "GN00300310000", "featurerefname": "Songoya", "featurealtname1_fr": null, "featurealtname2_fr": null, "popplaceclassnumber": 3, "popplaceclasstitle": "Admin3 Capital", "adm3_fr": "Songoyah", "adm3_pcode": "GN00300310", "adm2_fr": "Faranah", "adm2_pcode": "GN003003", "adm1_fr": "Faranah", "adm1_pcode": "GN003", "adm0_fr": "Guinea", "adm0_pcode": "GN", "date": "2016-01-26", "validon": "2016-03-23", "validto": null, "version": "v01" }, "geometry": { "type": "Point", "coordinates": [ -10.87986, 9.727037 ] } },
{ "type": "Feature", "properties": { "featurename_fr": "Komodou", "pcode": "GN00400204000", "featurerefname": "Komodou", "featurealtname1_fr": null, "featurealtname2_fr": null, "popplaceclassnumber": 3, "popplaceclasstitle": "Admin3 Capital", "adm3_fr": "Komodou", "adm3_pcode": "GN00400204", "adm2_fr": "Kerouane", "adm2_pcode": "GN004002", "adm1_fr": "Kankan", "adm1_pcode": "GN004", "adm0_fr": "Guinea", "adm0_pcode": "GN", "date": "2016-01-26", "validon": "2016-03-23", "validto": null, "version": "v01" }, "geometry": { "type": "Point", "coordinates": [ -9.057938, 9.63404 ] } },
{ "type": "Feature", "properties": { "featurename_fr": "Banian", "pcode": "GN00300301000", "featurerefname": "Banian", "featurealtname1_fr": null, "featurealtname2_fr": null, "popplaceclassnumber": 3, "popplaceclasstitle": "Admin3 Capital", "adm3_fr": "Banian", "adm3_pcode": "GN00300301", "adm2_fr": "Faranah", "adm2_pcode": "GN003003", "adm1_fr": "Faranah", "adm1_pcode": "GN003", "adm0_fr": "Guinea", "adm0_pcode": "GN", "date": "2016-01-26", "validon": "2016-03-23", "validto": null, "version": "v01" }, "geometry": { "type": "Point", "coordinates": [ -10.537502, 9.602001 ] } },
{ "type": "Feature", "properties": { "featurename_fr": "Albadariah", "pcode": "GN00300401000", "featurerefname": "Albadariah", "featurealtname1_fr": null, "featurealtname2_fr": null, "popplaceclassnumber": 3, "popplaceclasstitle": "Admin3 Capital", "adm3_fr": "Albadariah", "adm3_pcode": "GN00300401", "adm2_fr": "Kissidougou", "adm2_pcode": "GN003004", "adm1_fr": "Faranah", "adm1_pcode": "GN003", "adm0_fr": "Guinea", "adm0_pcode": "GN", "date": "2016-01-26", "validon": "2016-03-23", "validto": null, "version": "v01" }, "geometry": { "type": "Point", "coordinates": [ -10.106727, 9.549603000000104 ] } },
{ "type": "Feature", "properties": { "featurename_fr": "Mamouroudou", "pcode": "GN00400108000", "featurerefname": "Mamouroudou", "featurealtname1_fr": null, "featurealtname2_fr": null, "popplaceclassnumber": 3, "popplaceclasstitle": "Admin3 Capital", "adm3_fr": "Mamouroudou", "adm3_pcode": "GN00400108", "adm2_fr": "Kankan", "adm2_pcode": "GN004001", "adm1_fr": "Kankan", "adm1_pcode": "GN004", "adm0_fr": "Guinea", "adm0_pcode": "GN", "date": "2016-01-26", "validon": "2016-03-23", "validto": null, "version": "v01" }, "geometry": { "type": "Point", "coordinates": [ -9.322452999999882, 9.545525 ] } },
{ "type": "Feature", "properties": { "featurename_fr": "Karala", "pcode": "GN00800108000", "featurerefname": "Karala", "featurealtname1_fr": null, "featurealtname2_fr": null, "popplaceclassnumber": 3, "popplaceclasstitle": "Admin3 Capital", "adm3_fr": "Karala", "adm3_pcode": "GN00800108", "adm2_fr": "Beyla", "adm2_pcode": "GN008001", "adm1_fr": "Nzerekore", "adm1_pcode": "GN008", "adm0_fr": "Guinea", "adm0_pcode": "GN", "date": "2016-01-26", "validon": "2016-03-23", "validto": null, "version": "v01" }, "geometry": { "type": "Point", "coordinates": [ -8.383429, 9.386416 ] } },
{ "type": "Feature", "properties": { "featurename_fr": "Linko", "pcode": "GN00400206000", "featurerefname": "Linko", "featurealtname1_fr": null, "featurealtname2_fr": null, "popplaceclassnumber": 3, "popplaceclasstitle": "Admin3 Capital", "adm3_fr": "Linko", "adm3_pcode": "GN00400206", "adm2_fr": "Kerouane", "adm2_pcode": "GN004002", "adm1_fr": "Kankan", "adm1_pcode": "GN004", "adm0_fr": "Guinea", "adm0_pcode": "GN", "date": "2016-01-26", "validon": "2016-03-23", "validto": null, "version": "v01" }, "geometry": { "type": "Point", "coordinates": [ -8.816461999999888, 9.375119 ] } },
{ "type": "Feature", "properties": { "featurename_fr": "Sokourala", "pcode": "GN00800112000", "featurerefname": "Sokourala", "featurealtname1_fr": null, "featurealtname2_fr": null, "popplaceclassnumber": 3, "popplaceclasstitle": "Admin3 Capital", "adm3_fr": "Sakourala", "adm3_pcode": "GN00800112", "adm2_fr": "Beyla", "adm2_pcode": "GN008001", "adm1_fr": "Nzerekore", "adm1_pcode": "GN008", "adm0_fr": "Guinea", "adm0_pcode": "GN", "date": "2016-01-26", "validon": "2016-03-23", "validto": null, "version": "v01" }, "geometry": { "type": "Point", "coordinates": [ -8.074229999999886, 9.214447 ] } },
{ "type": "Feature", "properties": { "featurename_fr": "Damaro", "pcode": "GN00400202000", "featurerefname": "Damaro", "featurealtname1_fr": null, "featurealtname2_fr": null, "popplaceclassnumber": 3, "popplaceclasstitle": "Admin3 Capital", "adm3_fr": "Damaro", "adm3_pcode": "GN00400202", "adm2_fr": "Kerouane", "adm2_pcode": "GN004002", "adm1_fr": "Kankan", "adm1_pcode": "GN004", "adm0_fr": "Guinea", "adm0_pcode": "GN", "date": "2016-01-26", "validon": "2016-03-23", "validto": null, "version": "v01" }, "geometry": { "type": "Point", "coordinates": [ -8.903852, 9.127981000000148 ] } },
{ "type": "Feature", "properties": { "featurename_fr": "Samana", "pcode": "GN00800113000", "featurerefname": "Samana", "featurealtname1_fr": null, "featurealtname2_fr": null, "popplaceclassnumber": 3, "popplaceclasstitle": "Admin3 Capital", "adm3_fr": "Samana", "adm3_pcode": "GN00800113", "adm2_fr": "Beyla", "adm2_pcode": "GN008001", "adm1_fr": "Nzerekore", "adm1_pcode": "GN008", "adm0_fr": "Guinea", "adm0_pcode": "GN", "date": "2016-01-26", "validon": "2016-03-23", "validto": null, "version": "v01" }, "geometry": { "type": "Point", "coordinates": [ -8.561502, 9.117401000000143 ] } },
{ "type": "Feature", "properties": { "featurename_fr": "Diassodou", "pcode": "GN00800104000", "featurerefname": "Diassodou", "featurealtname1_fr": null, "featurealtname2_fr": null, "popplaceclassnumber": 3, "popplaceclasstitle": "Admin3 Capital", "adm3_fr": "Diassodou", "adm3_pcode": "GN00800104", "adm2_fr": "Beyla", "adm2_pcode": "GN008001", "adm1_fr": "Nzerekore", "adm1_pcode": "GN008", "adm0_fr": "Guinea", "adm0_pcode": "GN", "date": "2016-01-26", "validon": "2016-03-23", "validto": null, "version": "v01" }, "geometry": { "type": "Point", "coordinates": [ -8.342844, 9.115142000000105 ] } },
{ "type": "Feature", "properties": { "featurename_fr": "Fouala", "pcode": "GN00800105000", "featurerefname": "Fouala", "featurealtname1_fr": null, "featurealtname2_fr": null, "popplaceclassnumber": 3, "popplaceclasstitle": "Admin3 Capital", "adm3_fr": "Fouala", "adm3_pcode": "GN00800105", "adm2_fr": "Beyla", "adm2_pcode": "GN008001", "adm1_fr": "Nzerekore", "adm1_pcode": "GN008", "adm0_fr": "Guinea", "adm0_pcode": "GN", "date": "2016-01-26", "validon": "2016-03-23", "validto": null, "version": "v01" }, "geometry": { "type": "Point", "coordinates": [ -8.336347, 8.974834000000158 ] } },
{ "type": "Feature", "properties": { "featurename_fr": "Sinko", "pcode": "GN00800114000", "featurerefname": "Sinko", "featurealtname1_fr": null, "featurealtname2_fr": null, "popplaceclassnumber": 3, "popplaceclasstitle": "Admin3 Capital", "adm3_fr": "Sinko", "adm3_pcode": "GN00800114", "adm2_fr": "Beyla", "adm2_pcode": "GN008001", "adm1_fr": "Nzerekore", "adm1_pcode": "GN008", "adm0_fr": "Guinea", "adm0_pcode": "GN", "date": "2016-01-26", "validon": "2016-03-23", "validto": null, "version": "v01" }, "geometry": { "type": "Point", "coordinates": [ -8.27414199999987, 8.882211 ] } },
{ "type": "Feature", "properties": { "featurename_fr": "Moussadou", "pcode": "GN00800110000", "featurerefname": "Moussadou", "featurealtname1_fr": null, "featurealtname2_fr": null, "popplaceclassnumber": 3, "popplaceclasstitle": "Admin3 Capital", "adm3_fr": "Moussadou", "adm3_pcode": "GN00800110", "adm2_fr": "Beyla", "adm2_pcode": "GN008001", "adm1_fr": "Nzerekore", "adm1_pcode": "GN008", "adm0_fr": "Guinea", "adm0_pcode": "GN", "date": "2016-01-26", "validon": "2016-03-23", "validto": null, "version": "v01" }, "geometry": { "type": "Point", "coordinates": [ -8.611209, 8.76853100000011 ] } },
{ "type": "Feature", "properties": { "featurename_fr": "Gbessoba", "pcode": "GN00800107000", "featurerefname": "Gbessoba", "featurealtname1_fr": null, "featurealtname2_fr": null, "popplaceclassnumber": 3, "popplaceclasstitle": "Admin3 Capital", "adm3_fr": "Gbessoba", "adm3_pcode": "GN00800107", "adm2_fr": "Beyla", "adm2_pcode": "GN008001", "adm1_fr": "Nzerekore", "adm1_pcode": "GN008", "adm0_fr": "Guinea", "adm0_pcode": "GN", "date": "2016-01-26", "validon": "2016-03-23", "validto": null, "version": "v01" }, "geometry": { "type": "Point", "coordinates": [ -8.088722999999845, 8.753545 ] } },
{ "type": "Feature", "properties": { "featurename_fr": "Nionsomoridou", "pcode": "GN00800111000", "featurerefname": "Nionsomoridou", "featurealtname1_fr": null, "featurealtname2_fr": null, "popplaceclassnumber": 3, "popplaceclasstitle": "Admin3 Capital", "adm3_fr": "Nionsomoridou", "adm3_pcode": "GN00800111", "adm2_fr": "Beyla", "adm2_pcode": "GN008001", "adm1_fr": "Nzerekore", "adm1_pcode": "GN008", "adm0_fr": "Guinea", "adm0_pcode": "GN", "date": "2016-01-26", "validon": "2016-03-23", "validto": null, "version": "v01" }, "geometry": { "type": "Point", "coordinates": [ -8.853469, 8.722611000000143 ] } },
{ "type": "Feature", "properties": { "featurename_fr": "Diaraguéréla", "pcode": "GN00800103000", "featurerefname": "Diaraguerela", "featurealtname1_fr": null, "featurealtname2_fr": null, "popplaceclassnumber": 3, "popplaceclasstitle": "Admin3 Capital", "adm3_fr": "Diaraguerela", "adm3_pcode": "GN00800103", "adm2_fr": "Beyla", "adm2_pcode": "GN008001", "adm1_fr": "Nzerekore", "adm1_pcode": "GN008", "adm0_fr": "Guinea", "adm0_pcode": "GN", "date": "2016-01-26", "validon": "2016-03-23", "validto": null, "version": "v01" }, "geometry": { "type": "Point", "coordinates": [ -8.536314, 8.645322 ] } },
{ "type": "Feature", "properties": { "featurename_fr": "Kouankan", "pcode": "GN00800406000", "featurerefname": "Kouankan", "featurealtname1_fr": null, "featurealtname2_fr": null, "popplaceclassnumber": 3, "popplaceclasstitle": "Admin3 Capital", "adm3_fr": "Kouankan", "adm3_pcode": "GN00800406", "adm2_fr": "Macenta", "adm2_pcode": "GN008004", "adm1_fr": "Nzerekore", "adm1_pcode": "GN008", "adm0_fr": "Guinea", "adm0_pcode": "GN", "date": "2016-01-26", "validon": "2016-03-23", "validto": null, "version": "v01" }, "geometry": { "type": "Point", "coordinates": [ -9.138490999999874, 8.445342 ] } },
{ "type": "Feature", "properties": { "featurename_fr": "Orémai", "pcode": "GN00800410000", "featurerefname": "Oremai", "featurealtname1_fr": null, "featurealtname2_fr": null, "popplaceclassnumber": 3, "popplaceclasstitle": "Admin3 Capital", "adm3_fr": "Ouremai", "adm3_pcode": "GN00800410", "adm2_fr": "Macenta", "adm2_pcode": "GN008004", "adm1_fr": "Nzerekore", "adm1_pcode": "GN008", "adm0_fr": "Guinea", "adm0_pcode": "GN", "date": "2016-01-26", "validon": "2016-03-23", "validto": null, "version": "v01" }, "geometry": { "type": "Point", "coordinates": [ -9.433002, 8.431014000000118 ] } },
{ "type": "Feature", "properties": { "featurename_fr": "Sérédou", "pcode": "GN00800413000", "featurerefname": "Seredou", "featurealtname1_fr": null, "featurealtname2_fr": null, "popplaceclassnumber": 3, "popplaceclasstitle": "Admin3 Capital", "adm3_fr": "Seredou", "adm3_pcode": "GN00800413", "adm2_fr": "Macenta", "adm2_pcode": "GN008004", "adm1_fr": "Nzerekore", "adm1_pcode": "GN008", "adm0_fr": "Guinea", "adm0_pcode": "GN", "date": "2016-01-26", "validon": "2016-03-23", "validto": null, "version": "v01" }, "geometry": { "type": "Point", "coordinates": [ -9.288013, 8.375699000000111 ] } },
{ "type": "Feature", "properties": { "featurename_fr": "Boola", "pcode": "GN00800102000", "featurerefname": "Boola", "featurealtname1_fr": null, "featurealtname2_fr": null, "popplaceclassnumber": 3, "popplaceclasstitle": "Admin3 Capital", "adm3_fr": "Boola", "adm3_pcode": "GN00800102", "adm2_fr": "Beyla", "adm2_pcode": "GN008001", "adm1_fr": "Nzerekore", "adm1_pcode": "GN008", "adm0_fr": "Guinea", "adm0_pcode": "GN", "date": "2016-01-26", "validon": "2016-03-23", "validto": null, "version": "v01" }, "geometry": { "type": "Point", "coordinates": [ -8.713746, 8.359772 ] } },
{ "type": "Feature", "properties": { "featurename_fr": "Founbandou", "pcode": "GN00800302000", "featurerefname": "Founbandou", "featurealtname1_fr": null, "featurealtname2_fr": null, "popplaceclassnumber": 3, "popplaceclasstitle": "Admin3 Capital", "adm3_fr": "Foumbadou", "adm3_pcode": "GN00800302", "adm2_fr": "Lola", "adm2_pcode": "GN008003", "adm1_fr": "Nzerekore", "adm1_pcode": "GN008", "adm0_fr": "Guinea", "adm0_pcode": "GN", "date": "2016-01-26", "validon": "2016-03-23", "validto": null, "version": "v01" }, "geometry": { "type": "Point", "coordinates": [ -8.41345, 8.189713000000154 ] } },
{ "type": "Feature", "properties": { "featurename_fr": "Koropara", "pcode": "GN00800504000", "featurerefname": "Koropara", "featurealtname1_fr": null, "featurealtname2_fr": null, "popplaceclassnumber": 3, "popplaceclasstitle": "Admin3 Capital", "adm3_fr": "Koropara", "adm3_pcode": "GN00800504", "adm2_fr": "Nzerekore", "adm2_pcode": "GN008005", "adm1_fr": "Nzerekore", "adm1_pcode": "GN008", "adm0_fr": "Guinea", "adm0_pcode": "GN", "date": "2016-01-26", "validon": "2016-03-23", "validto": null, "version": "v01" }, "geometry": { "type": "Point", "coordinates": [ -8.876203, 8.183612 ] } },
{ "type": "Feature", "properties": { "featurename_fr": "Zebela", "pcode": "GN00800409000", "featurerefname": "Zebela", "featurealtname1_fr": null, "featurealtname2_fr": null, "popplaceclassnumber": 3, "popplaceclasstitle": "Admin3 Capital", "adm3_fr": "Nzebela", "adm3_pcode": "GN00800409", "adm2_fr": "Macenta", "adm2_pcode": "GN008004", "adm1_fr": "Nzerekore", "adm1_pcode": "GN008", "adm0_fr": "Guinea", "adm0_pcode": "GN", "date": "2016-01-26", "validon": "2016-03-23", "validto": null, "version": "v01" }, "geometry": { "type": "Point", "coordinates": [ -9.10035, 8.08274 ] } },
{ "type": "Feature", "properties": { "featurename_fr": "Laine", "pcode": "GN00800306000", "featurerefname": "Laine", "featurealtname1_fr": null, "featurealtname2_fr": null, "popplaceclassnumber": 3, "popplaceclasstitle": "Admin3 Capital", "adm3_fr": "Laine", "adm3_pcode": "GN00800306", "adm2_fr": "Lola", "adm2_pcode": "GN008003", "adm1_fr": "Nzerekore", "adm1_pcode": "GN008", "adm0_fr": "Guinea", "adm0_pcode": "GN", "date": "2016-01-26", "validon": "2016-03-23", "validto": null, "version": "v01" }, "geometry": { "type": "Point", "coordinates": [ -8.481974, 8.080081000000121 ] } },
{ "type": "Feature", "properties": { "featurename_fr": "Womey", "pcode": "GN00800510000", "featurerefname": "Womey", "featurealtname1_fr": null, "featurealtname2_fr": null, "popplaceclassnumber": 3, "popplaceclasstitle": "Admin3 Capital", "adm3_fr": "Womey", "adm3_pcode": "GN00800510", "adm2_fr": "Nzerekore", "adm2_pcode": "GN008005", "adm1_fr": "Nzerekore", "adm1_pcode": "GN008", "adm0_fr": "Guinea", "adm0_pcode": "GN", "date": "2016-01-26", "validon": "2016-03-23", "validto": null, "version": "v01" }, "geometry": { "type": "Point", "coordinates": [ -8.78653, 8.07873 ] } },
{ "type": "Feature", "properties": { "featurename_fr": "Fassankoni", "pcode": "GN00800405000", "featurerefname": "Fassankoni", "featurealtname1_fr": null, "featurealtname2_fr": null, "popplaceclassnumber": 3, "popplaceclasstitle": "Admin3 Capital", "adm3_fr": "Fassankoni", "adm3_pcode": "GN00800405", "adm2_fr": "Macenta", "adm2_pcode": "GN008004", "adm1_fr": "Nzerekore", "adm1_pcode": "GN008", "adm0_fr": "Guinea", "adm0_pcode": "GN", "date": "2016-01-26", "validon": "2016-03-23", "validto": null, "version": "v01" }, "geometry": { "type": "Point", "coordinates": [ -9.36081, 8.034873 ] } },
{ "type": "Feature", "properties": { "featurename_fr": "Koule", "pcode": "GN00800505000", "featurerefname": "Koule", "featurealtname1_fr": null, "featurealtname2_fr": null, "popplaceclassnumber": 3, "popplaceclasstitle": "Admin3 Capital", "adm3_fr": "Koule", "adm3_pcode": "GN00800505", "adm2_fr": "Nzerekore", "adm2_pcode": "GN008005", "adm1_fr": "Nzerekore", "adm1_pcode": "GN008", "adm0_fr": "Guinea", "adm0_pcode": "GN", "date": "2016-01-26", "validon": "2016-03-23", "validto": null, "version": "v01" }, "geometry": { "type": "Point", "coordinates": [ -9.027528, 8.03459 ] } },
{ "type": "Feature", "properties": { "featurename_fr": "Bapet", "pcode": "GN00800507000", "featurerefname": "Bapet", "featurealtname1_fr": null, "featurealtname2_fr": null, "popplaceclassnumber": 3, "popplaceclasstitle": "Admin3 Capital", "adm3_fr": "Pale", "adm3_pcode": "GN00800507", "adm2_fr": "Nzerekore", "adm2_pcode": "GN008005", "adm1_fr": "Nzerekore", "adm1_pcode": "GN008", "adm0_fr": "Guinea", "adm0_pcode": "GN", "date": "2016-01-26", "validon": "2016-03-23", "validto": null, "version": "v01" }, "geometry": { "type": "Point", "coordinates": [ -8.891045, 8.031323000000157 ] } },
{ "type": "Feature", "properties": { "featurename_fr": "Gouecke", "pcode": "GN00800502000", "featurerefname": "Gouecke", "featurealtname1_fr": null, "featurealtname2_fr": null, "popplaceclassnumber": 3, "popplaceclasstitle": "Admin3 Capital", "adm3_fr": "Gouecke", "adm3_pcode": "GN00800502", "adm2_fr": "Nzerekore", "adm2_pcode": "GN008005", "adm1_fr": "Nzerekore", "adm1_pcode": "GN008", "adm0_fr": "Guinea", "adm0_pcode": "GN", "date": "2016-01-26", "validon": "2016-03-23", "validto": null, "version": "v01" }, "geometry": { "type": "Point", "coordinates": [ -8.725491, 8.027468 ] } },
{ "type": "Feature", "properties": { "featurename_fr": "Soulouta", "pcode": "GN00800509000", "featurerefname": "Soulouta", "featurealtname1_fr": null, "featurealtname2_fr": null, "popplaceclassnumber": 3, "popplaceclasstitle": "Admin3 Capital", "adm3_fr": "Soulouta", "adm3_pcode": "GN00800509", "adm2_fr": "Nzerekore", "adm2_pcode": "GN008005", "adm1_fr": "Nzerekore", "adm1_pcode": "GN008", "adm0_fr": "Guinea", "adm0_pcode": "GN", "date": "2016-01-26", "validon": "2016-03-23", "validto": null, "version": "v01" }, "geometry": { "type": "Point", "coordinates": [ -8.701418999999873, 7.973918 ] } },
{ "type": "Feature", "properties": { "featurename_fr": "Koyama", "pcode": "GN00800407000", "featurerefname": "Koyama", "featurealtname1_fr": null, "featurealtname2_fr": null, "popplaceclassnumber": 3, "popplaceclasstitle": "Admin3 Capital", "adm3_fr": "Koyamah", "adm3_pcode": "GN00800407", "adm2_fr": "Macenta", "adm2_pcode": "GN008004", "adm1_fr": "Nzerekore", "adm1_pcode": "GN008", "adm0_fr": "Guinea", "adm0_pcode": "GN", "date": "2016-01-26", "validon": "2016-03-23", "validto": null, "version": "v01" }, "geometry": { "type": "Point", "coordinates": [ -9.359339, 7.900188000000128 ] } },
{ "type": "Feature", "properties": { "featurename_fr": "Kobela", "pcode": "GN00800503000", "featurerefname": "Kobela", "featurealtname1_fr": null, "featurealtname2_fr": null, "popplaceclassnumber": 3, "popplaceclasstitle": "Admin3 Capital", "adm3_fr": "Kobela", "adm3_pcode": "GN00800503", "adm2_fr": "Nzerekore", "adm2_pcode": "GN008005", "adm1_fr": "Nzerekore", "adm1_pcode": "GN008", "adm0_fr": "Guinea", "adm0_pcode": "GN", "date": "2016-01-26", "validon": "2016-03-23", "validto": null, "version": "v01" }, "geometry": { "type": "Point", "coordinates": [ -9.022869999999898, 7.884629000000132 ] } },
{ "type": "Feature", "properties": { "featurename_fr": "Samoi", "pcode": "GN00800508000", "featurerefname": "Samoi", "featurealtname1_fr": null, "featurealtname2_fr": null, "popplaceclassnumber": 3, "popplaceclasstitle": "Admin3 Capital", "adm3_fr": "Samoe", "adm3_pcode": "GN00800508", "adm2_fr": "Nzerekore", "adm2_pcode": "GN008005", "adm1_fr": "Nzerekore", "adm1_pcode": "GN008", "adm0_fr": "Guinea", "adm0_pcode": "GN", "date": "2016-01-26", "validon": "2016-03-23", "validto": null, "version": "v01" }, "geometry": { "type": "Point", "coordinates": [ -8.862951, 7.805388 ] } },
{ "type": "Feature", "properties": { "featurename_fr": "Bowe", "pcode": "GN00800604000", "featurerefname": "Bowe", "featurealtname1_fr": null, "featurealtname2_fr": null, "popplaceclassnumber": 3, "popplaceclasstitle": "Admin3 Capital", "adm3_fr": "Bowe", "adm3_pcode": "GN00800604", "adm2_fr": "Yomou", "adm2_pcode": "GN008006", "adm1_fr": "Nzerekore", "adm1_pcode": "GN008", "adm0_fr": "Guinea", "adm0_pcode": "GN", "date": "2016-01-26", "validon": "2016-03-23", "validto": null, "version": "v01" }, "geometry": { "type": "Point", "coordinates": [ -9.164347, 7.786321 ] } },
{ "type": "Feature", "properties": { "featurename_fr": "Bounouma", "pcode": "GN00800501000", "featurerefname": "Bounouma", "featurealtname1_fr": null, "featurealtname2_fr": null, "popplaceclassnumber": 3, "popplaceclasstitle": "Admin3 Capital", "adm3_fr": "Bounouma", "adm3_pcode": "GN00800501", "adm2_fr": "Nzerekore", "adm2_pcode": "GN008005", "adm1_fr": "Nzerekore", "adm1_pcode": "GN008", "adm0_fr": "Guinea", "adm0_pcode": "GN", "date": "2016-01-26", "validon": "2016-03-23", "validto": null, "version": "v01" }, "geometry": { "type": "Point", "coordinates": [ -8.797267, 7.638683 ] } },
{ "type": "Feature", "properties": { "featurename_fr": "Pela", "pcode": "GN00800606000", "featurerefname": "Pela", "featurealtname1_fr": null, "featurealtname2_fr": null, "popplaceclassnumber": 3, "popplaceclasstitle": "Admin3 Capital", "adm3_fr": "Pela", "adm3_pcode": "GN00800606", "adm2_fr": "Yomou", "adm2_pcode": "GN008006", "adm1_fr": "Nzerekore", "adm1_pcode": "GN008", "adm0_fr": "Guinea", "adm0_pcode": "GN", "date": "2016-01-26", "validon": "2016-03-23", "validto": null, "version": "v01" }, "geometry": { "type": "Point", "coordinates": [ -9.12099099999989, 7.621048 ] } },
{ "type": "Feature", "properties": { "featurename_fr": "Banie", "pcode": "GN00800601000", "featurerefname": "Banie", "featurealtname1_fr": null, "featurealtname2_fr": null, "popplaceclassnumber": 3, "popplaceclasstitle": "Admin3 Capital", "adm3_fr": "Banie", "adm3_pcode": "GN00800601", "adm2_fr": "Yomou", "adm2_pcode": "GN008006", "adm1_fr": "Nzerekore", "adm1_pcode": "GN008", "adm0_fr": "Guinea", "adm0_pcode": "GN", "date": "2016-01-26", "validon": "2016-03-23", "validto": null, "version": "v01" }, "geometry": { "type": "Point", "coordinates": [ -9.340894999999875, 7.544168 ] } },
{ "type": "Feature", "properties": { "featurename_fr": "Bheta", "pcode": "GN00800602000", "featurerefname": "Bheta", "featurealtname1_fr": null, "featurealtname2_fr": null, "popplaceclassnumber": 3, "popplaceclasstitle": "Admin3 Capital", "adm3_fr": "Bheeta", "adm3_pcode": "GN00800602", "adm2_fr": "Yomou", "adm2_pcode": "GN008006", "adm1_fr": "Nzerekore", "adm1_pcode": "GN008", "adm0_fr": "Guinea", "adm0_pcode": "GN", "date": "2016-01-26", "validon": "2016-03-23", "validto": null, "version": "v01" }, "geometry": { "type": "Point", "coordinates": [ -9.198185, 7.430505 ] } },
{ "type": "Feature", "properties": { "featurename_fr": "Diecke", "pcode": "GN00800605000", "featurerefname": "Diecke", "featurealtname1_fr": null, "featurealtname2_fr": null, "popplaceclassnumber": 3, "popplaceclasstitle": "Admin3 Capital", "adm3_fr": "Diecke", "adm3_pcode": "GN00800605", "adm2_fr": "Yomou", "adm2_pcode": "GN008006", "adm1_fr": "Nzerekore", "adm1_pcode": "GN008", "adm0_fr": "Guinea", "adm0_pcode": "GN", "date": "2016-01-26", "validon": "2016-03-23", "validto": null, "version": "v01" }, "geometry": { "type": "Point", "coordinates": [ -8.959332, 7.351252000000102 ] } },
{ "type": "Feature", "properties": { "featurename_fr": "Bignamou", "pcode": "GN00800603000", "featurerefname": "Bignamou", "featurealtname1_fr": null, "featurealtname2_fr": null, "popplaceclassnumber": 3, "popplaceclasstitle": "Admin3 Capital", "adm3_fr": "Bignamou", "adm3_pcode": "GN00800603", "adm2_fr": "Yomou", "adm2_pcode": "GN008006", "adm1_fr": "Nzerekore", "adm1_pcode": "GN008", "adm0_fr": "Guinea", "adm0_pcode": "GN", "date": "2016-01-26", "validon": "2016-03-23", "validto": null, "version": "v01" }, "geometry": { "type": "Point", "coordinates": [ -9.080336999999872, 7.341487 ] } },
{ "type": "Feature", "properties": { "featurename_fr": "Manfran", "pcode": "GN00300410000", "featurerefname": "Manfran", "featurealtname1_fr": null, "featurealtname2_fr": null, "popplaceclassnumber": 3, "popplaceclasstitle": "Admin3 Capital", "adm3_fr": "Manfran", "adm3_pcode": "GN00300410", "adm2_fr": "Kissidougou", "adm2_pcode": "GN003004", "adm1_fr": "Faranah", "adm1_pcode": "GN003", "adm0_fr": "Guinea", "adm0_pcode": "GN", "date": "2016-01-26", "validon": "2016-03-23", "validto": null, "version": "v01" }, "geometry": { "type": "Point", "coordinates": [ -9.772696, 9.345737 ] } },
{ "type": "Feature", "properties": { "featurename_fr": "Soromaya", "pcode": "GN00400208000", "featurerefname": "Soromaya", "featurealtname1_fr": null, "featurealtname2_fr": null, "popplaceclassnumber": 3, "popplaceclasstitle": "Admin3 Capital", "adm3_fr": "Soromaya", "adm3_pcode": "GN00400208", "adm2_fr": "Kerouane", "adm2_pcode": "GN004002", "adm1_fr": "Kankan", "adm1_pcode": "GN004", "adm0_fr": "Guinea", "adm0_pcode": "GN", "date": "2016-01-26", "validon": "2016-03-23", "validto": null, "version": "v01" }, "geometry": { "type": "Point", "coordinates": [ -9.447430999999824, 9.335019 ] } },
{ "type": "Feature", "properties": { "featurename_fr": "Firawa", "pcode": "GN00300406000", "featurerefname": "Firawa", "featurealtname1_fr": null, "featurealtname2_fr": null, "popplaceclassnumber": 3, "popplaceclasstitle": "Admin3 Capital", "adm3_fr": "Firawa", "adm3_pcode": "GN00300406", "adm2_fr": "Kissidougou", "adm2_pcode": "GN003004", "adm1_fr": "Faranah", "adm1_pcode": "GN003", "adm0_fr": "Guinea", "adm0_pcode": "GN", "date": "2016-01-26", "validon": "2016-03-23", "validto": null, "version": "v01" }, "geometry": { "type": "Point", "coordinates": [ -9.788761, 9.220889 ] } },
{ "type": "Feature", "properties": { "featurename_fr": "Kobikoro", "pcode": "GN00300306000", "featurerefname": "Kobikoro", "featurealtname1_fr": null, "featurealtname2_fr": null, "popplaceclassnumber": 3, "popplaceclasstitle": "Admin3 Capital", "adm3_fr": "Kobikoro", "adm3_pcode": "GN00300306", "adm2_fr": "Faranah", "adm2_pcode": "GN003003", "adm1_fr": "Faranah", "adm1_pcode": "GN003", "adm0_fr": "Guinea", "adm0_pcode": "GN", "date": "2016-01-26", "validon": "2016-03-23", "validto": null, "version": "v01" }, "geometry": { "type": "Point", "coordinates": [ -10.541139999999871, 9.214266 ] } },
{ "type": "Feature", "properties": { "featurename_fr": "Fermessadou Pompo", "pcode": "GN00300405000", "featurerefname": "Fermessadou Pompo", "featurealtname1_fr": null, "featurealtname2_fr": null, "popplaceclassnumber": 3, "popplaceclasstitle": "Admin3 Capital", "adm3_fr": "Fermessadou", "adm3_pcode": "GN00300405", "adm2_fr": "Kissidougou", "adm2_pcode": "GN003004", "adm1_fr": "Faranah", "adm1_pcode": "GN003", "adm0_fr": "Guinea", "adm0_pcode": "GN", "date": "2016-01-26", "validon": "2016-03-23", "validto": null, "version": "v01" }, "geometry": { "type": "Point", "coordinates": [ -10.157415, 9.133059000000173 ] } },
{ "type": "Feature", "properties": { "featurename_fr": "Beindou", "pcode": "GN00300404000", "featurerefname": "Beindou", "featurealtname1_fr": null, "featurealtname2_fr": null, "popplaceclassnumber": 3, "popplaceclasstitle": "Admin3 Capital", "adm3_fr": "Beindou", "adm3_pcode": "GN00300404", "adm2_fr": "Kissidougou", "adm2_pcode": "GN003004", "adm1_fr": "Faranah", "adm1_pcode": "GN003", "adm0_fr": "Guinea", "adm0_pcode": "GN", "date": "2016-01-26", "validon": "2016-03-23", "validto": null, "version": "v01" }, "geometry": { "type": "Point", "coordinates": [ -10.013347, 9.107121 ] } },
{ "type": "Feature", "properties": { "featurename_fr": "Yombiro", "pcode": "GN00300413000", "featurerefname": "Yombiro", "featurealtname1_fr": null, "featurealtname2_fr": null, "popplaceclassnumber": 3, "popplaceclasstitle": "Admin3 Capital", "adm3_fr": "Yombiro", "adm3_pcode": "GN00300413", "adm2_fr": "Kissidougou", "adm2_pcode": "GN003004", "adm1_fr": "Faranah", "adm1_pcode": "GN003", "adm0_fr": "Guinea", "adm0_pcode": "GN", "date": "2016-01-26", "validon": "2016-03-23", "validto": null, "version": "v01" }, "geometry": { "type": "Point", "coordinates": [ -10.318684, 9.089495 ] } },
{ "type": "Feature", "properties": { "featurename_fr": "Banama", "pcode": "GN00300402000", "featurerefname": "Banama", "featurealtname1_fr": null, "featurealtname2_fr": null, "popplaceclassnumber": 3, "popplaceclasstitle": "Admin3 Capital", "adm3_fr": "Banama", "adm3_pcode": "GN00300402", "adm2_fr": "Kissidougou", "adm2_pcode": "GN003004", "adm1_fr": "Faranah", "adm1_pcode": "GN003", "adm0_fr": "Guinea", "adm0_pcode": "GN", "date": "2016-01-26", "validon": "2016-03-23", "validto": null, "version": "v01" }, "geometry": { "type": "Point", "coordinates": [ -9.779355, 9.068084000000113 ] } },
{ "type": "Feature", "properties": { "featurename_fr": "Bardou", "pcode": "GN00300403000", "featurerefname": "Bardou", "featurealtname1_fr": null, "featurealtname2_fr": null, "popplaceclassnumber": 3, "popplaceclasstitle": "Admin3 Capital", "adm3_fr": "Bardou", "adm3_pcode": "GN00300403", "adm2_fr": "Kissidougou", "adm2_pcode": "GN003004", "adm1_fr": "Faranah", "adm1_pcode": "GN003", "adm0_fr": "Guinea", "adm0_pcode": "GN", "date": "2016-01-26", "validon": "2016-03-23", "validto": null, "version": "v01" }, "geometry": { "type": "Point", "coordinates": [ -9.866293999999868, 9.037548 ] } },
{ "type": "Feature", "properties": { "featurename_fr": "Koussankoro", "pcode": "GN00400205000", "featurerefname": "Koussankoro", "featurealtname1_fr": null, "featurealtname2_fr": null, "popplaceclassnumber": 3, "popplaceclasstitle": "Admin3 Capital", "adm3_fr": "Konsankoro", "adm3_pcode": "GN00400205", "adm2_fr": "Kerouane", "adm2_pcode": "GN004002", "adm1_fr": "Kankan", "adm1_pcode": "GN004", "adm0_fr": "Guinea", "adm0_pcode": "GN", "date": "2016-01-26", "validon": "2016-03-23", "validto": null, "version": "v01" }, "geometry": { "type": "Point", "coordinates": [ -8.983195, 9.012324 ] } },
{ "type": "Feature", "properties": { "featurename_fr": "Sibiribaro", "pcode": "GN00400207000", "featurerefname": "Sibiribaro", "featurealtname1_fr": null, "featurealtname2_fr": null, "popplaceclassnumber": 3, "popplaceclasstitle": "Admin3 Capital", "adm3_fr": "Sibiribaro", "adm3_pcode": "GN00400207", "adm2_fr": "Kerouane", "adm2_pcode": "GN004002", "adm1_fr": "Kankan", "adm1_pcode": "GN004", "adm0_fr": "Guinea", "adm0_pcode": "GN", "date": "2016-01-26", "validon": "2016-03-23", "validto": null, "version": "v01" }, "geometry": { "type": "Point", "coordinates": [ -9.198571, 8.978699 ] } },
{ "type": "Feature", "properties": { "featurename_fr": "Kondiadou", "pcode": "GN00300409000", "featurerefname": "Kondiadou", "featurealtname1_fr": null, "featurealtname2_fr": null, "popplaceclassnumber": 3, "popplaceclasstitle": "Admin3 Capital", "adm3_fr": "Kondiadou", "adm3_pcode": "GN00300409", "adm2_fr": "Kissidougou", "adm2_pcode": "GN003004", "adm1_fr": "Faranah", "adm1_pcode": "GN003", "adm0_fr": "Guinea", "adm0_pcode": "GN", "date": "2016-01-26", "validon": "2016-03-23", "validto": null, "version": "v01" }, "geometry": { "type": "Point", "coordinates": [ -10.040332, 8.923438 ] } },
{ "type": "Feature", "properties": { "featurename_fr": "Kassadou", "pcode": "GN00800205000", "featurerefname": "Kassadou", "featurealtname1_fr": null, "featurealtname2_fr": null, "popplaceclassnumber": 3, "popplaceclasstitle": "Admin3 Capital", "adm3_fr": "Kassadou", "adm3_pcode": "GN00800205", "adm2_fr": "Gueckedou", "adm2_pcode": "GN008002", "adm1_fr": "Nzerekore", "adm1_pcode": "GN008", "adm0_fr": "Guinea", "adm0_pcode": "GN", "date": "2016-01-26", "validon": "2016-03-23", "validto": null, "version": "v01" }, "geometry": { "type": "Point", "coordinates": [ -10.34626, 8.913834000000179 ] } },
{ "type": "Feature", "properties": { "featurename_fr": "Yendemillimo", "pcode": "GN00300412000", "featurerefname": "Yendemillimo", "featurealtname1_fr": null, "featurealtname2_fr": null, "popplaceclassnumber": 3, "popplaceclasstitle": "Admin3 Capital", "adm3_fr": "Yende Millimou", "adm3_pcode": "GN00300412", "adm2_fr": "Kissidougou", "adm2_pcode": "GN003004", "adm1_fr": "Faranah", "adm1_pcode": "GN003", "adm0_fr": "Guinea", "adm0_pcode": "GN", "date": "2016-01-26", "validon": "2016-03-23", "validto": null, "version": "v01" }, "geometry": { "type": "Point", "coordinates": [ -10.177479, 8.878915000000177 ] } },
{ "type": "Feature", "properties": { "featurename_fr": "Bolodou", "pcode": "GN00800201000", "featurerefname": "Bolodou", "featurealtname1_fr": null, "featurealtname2_fr": null, "popplaceclassnumber": 3, "popplaceclasstitle": "Admin3 Capital", "adm3_fr": "Bolodou", "adm3_pcode": "GN00800201", "adm2_fr": "Gueckedou", "adm2_pcode": "GN008002", "adm1_fr": "Nzerekore", "adm1_pcode": "GN008", "adm0_fr": "Guinea", "adm0_pcode": "GN", "date": "2016-01-26", "validon": "2016-03-23", "validto": null, "version": "v01" }, "geometry": { "type": "Point", "coordinates": [ -10.326273, 8.856588000000102 ] } },
{ "type": "Feature", "properties": { "featurename_fr": "Watanka", "pcode": "GN00800415000", "featurerefname": "Watanka", "featurealtname1_fr": null, "featurealtname2_fr": null, "popplaceclassnumber": 3, "popplaceclasstitle": "Admin3 Capital", "adm3_fr": "Watanka", "adm3_pcode": "GN00800415", "adm2_fr": "Macenta", "adm2_pcode": "GN008004", "adm1_fr": "Nzerekore", "adm1_pcode": "GN008", "adm0_fr": "Guinea", "adm0_pcode": "GN", "date": "2016-01-26", "validon": "2016-03-23", "validto": null, "version": "v01" }, "geometry": { "type": "Point", "coordinates": [ -9.807371999999873, 8.807918 ] } },
{ "type": "Feature", "properties": { "featurename_fr": "Binikala", "pcode": "GN00800402000", "featurerefname": "Binikala", "featurealtname1_fr": null, "featurealtname2_fr": null, "popplaceclassnumber": 3, "popplaceclasstitle": "Admin3 Capital", "adm3_fr": "Binikala", "adm3_pcode": "GN00800402", "adm2_fr": "Macenta", "adm2_pcode": "GN008004", "adm1_fr": "Nzerekore", "adm1_pcode": "GN008", "adm0_fr": "Guinea", "adm0_pcode": "GN", "date": "2016-01-26", "validon": "2016-03-23", "validto": null, "version": "v01" }, "geometry": { "type": "Point", "coordinates": [ -9.543631, 8.773543 ] } },
{ "type": "Feature", "properties": { "featurename_fr": "Guendembou", "pcode": "GN00800204000", "featurerefname": "Guendembou", "featurealtname1_fr": null, "featurealtname2_fr": null, "popplaceclassnumber": 3, "popplaceclasstitle": "Admin3 Capital", "adm3_fr": "Guendembou", "adm3_pcode": "GN00800204", "adm2_fr": "Gueckedou", "adm2_pcode": "GN008002", "adm1_fr": "Nzerekore", "adm1_pcode": "GN008", "adm0_fr": "Guinea", "adm0_pcode": "GN", "date": "2016-01-26", "validon": "2016-03-23", "validto": null, "version": "v01" }, "geometry": { "type": "Point", "coordinates": [ -9.996961999999883, 8.760445 ] } },
{ "type": "Feature", "properties": { "featurename_fr": "Vasseridou", "pcode": "GN00800414000", "featurerefname": "Vasseridou", "featurealtname1_fr": null, "featurealtname2_fr": null, "popplaceclassnumber": 3, "popplaceclasstitle": "Admin3 Capital", "adm3_fr": "Vasseredou", "adm3_pcode": "GN00800414", "adm2_fr": "Macenta", "adm2_pcode": "GN008004", "adm1_fr": "Nzerekore", "adm1_pcode": "GN008", "adm0_fr": "Guinea", "adm0_pcode": "GN", "date": "2016-01-26", "validon": "2016-03-23", "validto": null, "version": "v01" }, "geometry": { "type": "Point", "coordinates": [ -9.225406999999848, 8.70507 ] } },
{ "type": "Feature", "properties": { "featurename_fr": "Bofossou", "pcode": "GN00800403000", "featurerefname": "Bofossou", "featurealtname1_fr": null, "featurealtname2_fr": null, "popplaceclassnumber": 3, "popplaceclasstitle": "Admin3 Capital", "adm3_fr": "Bofossou", "adm3_pcode": "GN00800403", "adm2_fr": "Macenta", "adm2_pcode": "GN008004", "adm1_fr": "Nzerekore", "adm1_pcode": "GN008", "adm0_fr": "Guinea", "adm0_pcode": "GN", "date": "2016-01-26", "validon": "2016-03-23", "validto": null, "version": "v01" }, "geometry": { "type": "Point", "coordinates": [ -9.701863, 8.664027 ] } },
{ "type": "Feature", "properties": { "featurename_fr": "Balizia", "pcode": "GN00800401000", "featurerefname": "Balizia", "featurealtname1_fr": null, "featurealtname2_fr": null, "popplaceclassnumber": 3, "popplaceclasstitle": "Admin3 Capital", "adm3_fr": "Balizia", "adm3_pcode": "GN00800401", "adm2_fr": "Macenta", "adm2_pcode": "GN008004", "adm1_fr": "Nzerekore", "adm1_pcode": "GN008", "adm0_fr": "Guinea", "adm0_pcode": "GN", "date": "2016-01-26", "validon": "2016-03-23", "validto": null, "version": "v01" }, "geometry": { "type": "Point", "coordinates": [ -9.578721, 8.625886 ] } },
{ "type": "Feature", "properties": { "featurename_fr": "Panziazou", "pcode": "GN00800411000", "featurerefname": "Panziazou", "featurealtname1_fr": null, "featurealtname2_fr": null, "popplaceclassnumber": 3, "popplaceclasstitle": "Admin3 Capital", "adm3_fr": "Panziazou", "adm3_pcode": "GN00800411", "adm2_fr": "Macenta", "adm2_pcode": "GN008004", "adm1_fr": "Nzerekore", "adm1_pcode": "GN008", "adm0_fr": "Guinea", "adm0_pcode": "GN", "date": "2016-01-26", "validon": "2016-03-23", "validto": null, "version": "v01" }, "geometry": { "type": "Point", "coordinates": [ -9.860460999999816, 8.624710000000107 ] } },
{ "type": "Feature", "properties": { "featurename_fr": "Singbendou", "pcode": "GN00800412000", "featurerefname": "Singbendou", "featurealtname1_fr": null, "featurealtname2_fr": null, "popplaceclassnumber": 3, "popplaceclasstitle": "Admin3 Capital", "adm3_fr": "Sengbedou", "adm3_pcode": "GN00800412", "adm2_fr": "Macenta", "adm2_pcode": "GN008004", "adm1_fr": "Nzerekore", "adm1_pcode": "GN008", "adm0_fr": "Guinea", "adm0_pcode": "GN", "date": "2016-01-26", "validon": "2016-03-23", "validto": null, "version": "v01" }, "geometry": { "type": "Point", "coordinates": [ -9.374357, 8.542430000000138 ] } },
{ "type": "Feature", "properties": { "featurename_fr": "Daro", "pcode": "GN00800404000", "featurerefname": "Daro", "featurealtname1_fr": null, "featurealtname2_fr": null, "popplaceclassnumber": 3, "popplaceclasstitle": "Admin3 Capital", "adm3_fr": "Daro", "adm3_pcode": "GN00800404", "adm2_fr": "Macenta", "adm2_pcode": "GN008004", "adm1_fr": "Nzerekore", "adm1_pcode": "GN008", "adm0_fr": "Guinea", "adm0_pcode": "GN", "date": "2016-01-26", "validon": "2016-03-23", "validto": null, "version": "v01" }, "geometry": { "type": "Point", "coordinates": [ -9.572042, 8.522266000000116 ] } },
{ "type": "Feature", "properties": { "featurename_fr": "Termessadou", "pcode": "GN00800210000", "featurerefname": "Termessadou", "featurealtname1_fr": null, "featurealtname2_fr": null, "popplaceclassnumber": 3, "popplaceclasstitle": "Admin3 Capital", "adm3_fr": "Termassadou", "adm3_pcode": "GN00800210", "adm2_fr": "Gueckedou", "adm2_pcode": "GN008002", "adm1_fr": "Nzerekore", "adm1_pcode": "GN008", "adm0_fr": "Guinea", "adm0_pcode": "GN", "date": "2016-01-26", "validon": "2016-03-23", "validto": null, "version": "v01" }, "geometry": { "type": "Point", "coordinates": [ -10.263492, 8.668496000000118 ] } },
{ "type": "Feature", "properties": { "featurename_fr": "Koundou", "pcode": "GN00800206000", "featurerefname": "Koundou", "featurealtname1_fr": null, "featurealtname2_fr": null, "popplaceclassnumber": 3, "popplaceclasstitle": "Admin3 Capital", "adm3_fr": "Koundou", "adm3_pcode": "GN00800206", "adm2_fr": "Gueckedou", "adm2_pcode": "GN008002", "adm1_fr": "Nzerekore", "adm1_pcode": "GN008", "adm0_fr": "Guinea", "adm0_pcode": "GN", "date": "2016-01-26", "validon": "2016-03-23", "validto": null, "version": "v01" }, "geometry": { "type": "Point", "coordinates": [ -10.414117, 8.642231000000152 ] } },
{ "type": "Feature", "properties": { "featurename_fr": "Tekoulo", "pcode": "GN00800209000", "featurerefname": "Tekoulo", "featurealtname1_fr": null, "featurealtname2_fr": null, "popplaceclassnumber": 3, "popplaceclasstitle": "Admin3 Capital", "adm3_fr": "Tekoulo", "adm3_pcode": "GN00800209", "adm2_fr": "Gueckedou", "adm2_pcode": "GN008002", "adm1_fr": "Nzerekore", "adm1_pcode": "GN008", "adm0_fr": "Guinea", "adm0_pcode": "GN", "date": "2016-01-26", "validon": "2016-03-23", "validto": null, "version": "v01" }, "geometry": { "type": "Point", "coordinates": [ -9.957318, 8.545150000000149 ] } },
{ "type": "Feature", "properties": { "featurename_fr": "Nongoa", "pcode": "GN00800207000", "featurerefname": "Nongoa", "featurealtname1_fr": null, "featurealtname2_fr": null, "popplaceclassnumber": 3, "popplaceclasstitle": "Admin3 Capital", "adm3_fr": "Nongoa", "adm3_pcode": "GN00800207", "adm2_fr": "Gueckedou", "adm2_pcode": "GN008002", "adm1_fr": "Nzerekore", "adm1_pcode": "GN008", "adm0_fr": "Guinea", "adm0_pcode": "GN", "date": "2016-01-26", "validon": "2016-03-23", "validto": null, "version": "v01" }, "geometry": { "type": "Point", "coordinates": [ -10.339148, 8.509482 ] } },
{ "type": "Feature", "properties": { "featurename_fr": "Fangamadou", "pcode": "GN00800202000", "featurerefname": "Fangamadou", "featurealtname1_fr": null, "featurealtname2_fr": null, "popplaceclassnumber": 3, "popplaceclasstitle": "Admin3 Capital", "adm3_fr": "Fangamadou", "adm3_pcode": "GN00800202", "adm2_fr": "Gueckedou", "adm2_pcode": "GN008002", "adm1_fr": "Nzerekore", "adm1_pcode": "GN008", "adm0_fr": "Guinea", "adm0_pcode": "GN", "date": "2016-01-26", "validon": "2016-03-23", "validto": null, "version": "v01" }, "geometry": { "type": "Point", "coordinates": [ -10.589148, 8.493477 ] } },
{ "type": "Feature", "properties": { "featurename_fr": "Wondekenema", "pcode": "GN00800208000", "featurerefname": "Wondekenema", "featurealtname1_fr": null, "featurealtname2_fr": null, "popplaceclassnumber": 3, "popplaceclasstitle": "Admin3 Capital", "adm3_fr": "Ouende Kenema", "adm3_pcode": "GN00800208", "adm2_fr": "Gueckedou", "adm2_pcode": "GN008002", "adm1_fr": "Nzerekore", "adm1_pcode": "GN008", "adm0_fr": "Guinea", "adm0_pcode": "GN", "date": "2016-01-26", "validon": "2016-03-23", "validto": null, "version": "v01" }, "geometry": { "type": "Point", "coordinates": [ -10.536959, 8.453429 ] } },
{ "type": "Feature", "properties": { "featurename_fr": "Dabiss", "pcode": "GN00100203000", "featurerefname": "Dabiss", "featurealtname1_fr": null, "featurealtname2_fr": null, "popplaceclassnumber": 3, "popplaceclasstitle": "Admin3 Capital", "adm3_fr": "Dabiss", "adm3_pcode": "GN00100203", "adm2_fr": "Boke", "adm2_pcode": "GN001002", "adm1_fr": "Boke", "adm1_pcode": "GN001", "adm0_fr": "Guinea", "adm0_pcode": "GN", "date": "2016-01-26", "validon": "2016-03-23", "validto": null, "version": "v01" }, "geometry": { "type": "Point", "coordinates": [ -14.536201, 11.191742 ] } },
{ "type": "Feature", "properties": { "featurename_fr": "Sansale", "pcode": "GN00100209000", "featurerefname": "Sansale", "featurealtname1_fr": null, "featurealtname2_fr": null, "popplaceclassnumber": 3, "popplaceclasstitle": "Admin3 Capital", "adm3_fr": "Sansale", "adm3_pcode": "GN00100209", "adm2_fr": "Boke", "adm2_pcode": "GN001002", "adm1_fr": "Boke", "adm1_pcode": "GN001", "adm0_fr": "Guinea", "adm0_pcode": "GN", "date": "2016-01-26", "validon": "2016-03-23", "validto": null, "version": "v01" }, "geometry": { "type": "Point", "coordinates": [ -14.850697, 11.122411 ] } },
{ "type": "Feature", "properties": { "featurename_fr": "Tanene", "pcode": "GN00100210000", "featurerefname": "Tanene", "featurealtname1_fr": null, "featurealtname2_fr": null, "popplaceclassnumber": 3, "popplaceclasstitle": "Admin3 Capital", "adm3_fr": "Tanene", "adm3_pcode": "GN00100210", "adm2_fr": "Boke", "adm2_pcode": "GN001002", "adm1_fr": "Boke", "adm1_pcode": "GN001", "adm0_fr": "Guinea", "adm0_pcode": "GN", "date": "2016-01-26", "validon": "2016-03-23", "validto": null, "version": "v01" }, "geometry": { "type": "Point", "coordinates": [ -14.214137, 11.017001000000107 ] } },
{ "type": "Feature", "properties": { "featurename_fr": "Sambailo", "pcode": "GN00100404000", "featurerefname": "Sambailo", "featurealtname1_fr": null, "featurealtname2_fr": null, "popplaceclassnumber": 3, "popplaceclasstitle": "Admin3 Capital", "adm3_fr": "Sambailo", "adm3_pcode": "GN00100404", "adm2_fr": "Koundara", "adm2_pcode": "GN001004", "adm1_fr": "Boke", "adm1_pcode": "GN001", "adm0_fr": "Guinea", "adm0_pcode": "GN", "date": "2016-01-26", "validon": "2016-03-23", "validto": null, "version": "v01" }, "geometry": { "type": "Point", "coordinates": [ -13.388089, 12.595577000000105 ] } },
{ "type": "Feature", "properties": { "featurename_fr": "Youkounkoun", "pcode": "GN00100407000", "featurerefname": "Youkounkoun", "featurealtname1_fr": null, "featurealtname2_fr": null, "popplaceclassnumber": 3, "popplaceclasstitle": "Admin3 Capital", "adm3_fr": "Youkounkoun", "adm3_pcode": "GN00100407", "adm2_fr": "Koundara", "adm2_pcode": "GN001004", "adm1_fr": "Boke", "adm1_pcode": "GN001", "adm0_fr": "Guinea", "adm0_pcode": "GN", "date": "2016-01-26", "validon": "2016-03-23", "validto": null, "version": "v01" }, "geometry": { "type": "Point", "coordinates": [ -13.125854, 12.537127 ] } },
{ "type": "Feature", "properties": { "featurename_fr": "Guingan", "pcode": "GN00100401000", "featurerefname": "Guingan", "featurealtname1_fr": null, "featurealtname2_fr": null, "popplaceclassnumber": 3, "popplaceclasstitle": "Admin3 Capital", "adm3_fr": "Guinguan", "adm3_pcode": "GN00100401", "adm2_fr": "Koundara", "adm2_pcode": "GN001004", "adm1_fr": "Boke", "adm1_pcode": "GN001", "adm0_fr": "Guinea", "adm0_pcode": "GN", "date": "2016-01-26", "validon": "2016-03-23", "validto": null, "version": "v01" }, "geometry": { "type": "Point", "coordinates": [ -12.968317, 12.387199000000123 ] } },
{ "type": "Feature", "properties": { "featurename_fr": "Termesse", "pcode": "GN00100406000", "featurerefname": "Termesse", "featurealtname1_fr": null, "featurealtname2_fr": null, "popplaceclassnumber": 3, "popplaceclasstitle": "Admin3 Capital", "adm3_fr": "Termesse", "adm3_pcode": "GN00100406", "adm2_fr": "Koundara", "adm2_pcode": "GN001004", "adm1_fr": "Boke", "adm1_pcode": "GN001", "adm0_fr": "Guinea", "adm0_pcode": "GN", "date": "2016-01-26", "validon": "2016-03-23", "validto": null, "version": "v01" }, "geometry": { "type": "Point", "coordinates": [ -12.784719999999879, 12.319108000000142 ] } },
{ "type": "Feature", "properties": { "featurename_fr": "Touba", "pcode": "GN00600412000", "featurerefname": "Touba", "featurealtname1_fr": null, "featurealtname2_fr": null, "popplaceclassnumber": 3, "popplaceclasstitle": "Admin3 Capital", "adm3_fr": "Touba", "adm3_pcode": "GN00600412", "adm2_fr": "Mali", "adm2_pcode": "GN006004", "adm1_fr": "Labe", "adm1_pcode": "GN006", "adm0_fr": "Guinea", "adm0_pcode": "GN", "date": "2016-01-26", "validon": "2016-03-23", "validto": null, "version": "v01" }, "geometry": { "type": "Point", "coordinates": [ -12.658467, 12.185671000000127 ] } },
{ "type": "Feature", "properties": { "featurename_fr": "Fougou", "pcode": "GN00600404000", "featurerefname": "Fougou", "featurealtname1_fr": null, "featurealtname2_fr": null, "popplaceclassnumber": 3, "popplaceclasstitle": "Admin3 Capital", "adm3_fr": "Fougou", "adm3_pcode": "GN00600404", "adm2_fr": "Mali", "adm2_pcode": "GN006004", "adm1_fr": "Labe", "adm1_pcode": "GN006", "adm0_fr": "Guinea", "adm0_pcode": "GN", "date": "2016-01-26", "validon": "2016-03-23", "validto": null, "version": "v01" }, "geometry": { "type": "Point", "coordinates": [ -12.304693, 11.908619000000101 ] } },
{ "type": "Feature", "properties": { "featurename_fr": "Dougountouny", "pcode": "GN00600403000", "featurerefname": "Dougountouny", "featurealtname1_fr": null, "featurealtname2_fr": null, "popplaceclassnumber": 3, "popplaceclasstitle": "Admin3 Capital", "adm3_fr": "Dougountouny", "adm3_pcode": "GN00600403", "adm2_fr": "Mali", "adm2_pcode": "GN006004", "adm1_fr": "Labe", "adm1_pcode": "GN006", "adm0_fr": "Guinea", "adm0_pcode": "GN", "date": "2016-01-26", "validon": "2016-03-23", "validto": null, "version": "v01" }, "geometry": { "type": "Point", "coordinates": [ -12.623450999999875, 11.85947700000014 ] } },
{ "type": "Feature", "properties": { "featurename_fr": "Koumbia", "pcode": "GN00100304000", "featurerefname": "Koumbia", "featurealtname1_fr": null, "featurealtname2_fr": null, "popplaceclassnumber": 3, "popplaceclasstitle": "Admin3 Capital", "adm3_fr": "Koumbia", "adm3_pcode": "GN00100304", "adm2_fr": "Gaoual", "adm2_pcode": "GN001003", "adm1_fr": "Boke", "adm1_pcode": "GN001", "adm0_fr": "Guinea", "adm0_pcode": "GN", "date": "2016-01-26", "validon": "2016-03-23", "validto": null, "version": "v01" }, "geometry": { "type": "Point", "coordinates": [ -13.495471879999968, 11.775205530000051 ] } },
{ "type": "Feature", "properties": { "featurename_fr": "Linsan Saran", "pcode": "GN00600307000", "featurerefname": "Linsan Saran", "featurealtname1_fr": null, "featurealtname2_fr": null, "popplaceclassnumber": 3, "popplaceclasstitle": "Admin3 Capital", "adm3_fr": "Linsan Saran", "adm3_pcode": "GN00600307", "adm2_fr": "Lelouma", "adm2_pcode": "GN006003", "adm1_fr": "Labe", "adm1_pcode": "GN006", "adm0_fr": "Guinea", "adm0_pcode": "GN", "date": "2016-01-26", "validon": "2016-03-23", "validto": null, "version": "v01" }, "geometry": { "type": "Point", "coordinates": [ -12.689243, 11.767324 ] } },
{ "type": "Feature", "properties": { "featurename_fr": "Touba", "pcode": "GN00100307000", "featurerefname": "Touba", "featurealtname1_fr": null, "featurealtname2_fr": null, "popplaceclassnumber": 3, "popplaceclasstitle": "Admin3 Capital", "adm3_fr": "Touba", "adm3_pcode": "GN00100307", "adm2_fr": "Gaoual", "adm2_pcode": "GN001003", "adm1_fr": "Boke", "adm1_pcode": "GN001", "adm0_fr": "Guinea", "adm0_pcode": "GN", "date": "2016-01-26", "validon": "2016-03-23", "validto": null, "version": "v01" }, "geometry": { "type": "Point", "coordinates": [ -13.018155, 11.597840000000133 ] } },
{ "type": "Feature", "properties": { "featurename_fr": "Balaki", "pcode": "GN00600401000", "featurerefname": "Balaki", "featurealtname1_fr": null, "featurealtname2_fr": null, "popplaceclassnumber": 3, "popplaceclasstitle": "Admin3 Capital", "adm3_fr": "Balaki", "adm3_pcode": "GN00600401", "adm2_fr": "Mali", "adm2_pcode": "GN006004", "adm1_fr": "Labe", "adm1_pcode": "GN006", "adm0_fr": "Guinea", "adm0_pcode": "GN", "date": "2016-01-26", "validon": "2016-03-23", "validto": null, "version": "v01" }, "geometry": { "type": "Point", "coordinates": [ -11.829184, 12.152761000000112 ] } },
{ "type": "Feature", "properties": { "featurename_fr": "Fello Koundoua", "pcode": "GN00600502000", "featurerefname": "Fello Koundoua", "featurealtname1_fr": null, "featurealtname2_fr": null, "popplaceclassnumber": 3, "popplaceclasstitle": "Admin3 Capital", "adm3_fr": "Fello Koundoua", "adm3_pcode": "GN00600502", "adm2_fr": "Tougue", "adm2_pcode": "GN006005", "adm1_fr": "Labe", "adm1_pcode": "GN006", "adm0_fr": "Guinea", "adm0_pcode": "GN", "date": "2016-01-26", "validon": "2016-03-23", "validto": null, "version": "v01" }, "geometry": { "type": "Point", "coordinates": [ -11.324862, 11.825910000000135 ] } },
{ "type": "Feature", "properties": { "featurename_fr": "Kouratongo", "pcode": "GN00600508000", "featurerefname": "Kouratongo", "featurealtname1_fr": null, "featurealtname2_fr": null, "popplaceclassnumber": 3, "popplaceclasstitle": "Admin3 Capital", "adm3_fr": "Kouratongo", "adm3_pcode": "GN00600508", "adm2_fr": "Tougue", "adm2_pcode": "GN006005", "adm1_fr": "Labe", "adm1_pcode": "GN006", "adm0_fr": "Guinea", "adm0_pcode": "GN", "date": "2016-01-26", "validon": "2016-03-23", "validto": null, "version": "v01" }, "geometry": { "type": "Point", "coordinates": [ -11.479698999999869, 11.63935 ] } },
{ "type": "Feature", "properties": { "featurename_fr": "Niagassola", "pcode": "GN00400508000", "featurerefname": "Niagassola", "featurealtname1_fr": null, "featurealtname2_fr": null, "popplaceclassnumber": 3, "popplaceclasstitle": "Admin3 Capital", "adm3_fr": "Niagassola", "adm3_pcode": "GN00400508", "adm2_fr": "Siguiri", "adm2_pcode": "GN004005", "adm1_fr": "Kankan", "adm1_pcode": "GN004", "adm0_fr": "Guinea", "adm0_pcode": "GN", "date": "2016-01-26", "validon": "2016-03-23", "validto": null, "version": "v01" }, "geometry": { "type": "Point", "coordinates": [ -9.120175, 12.310864000000151 ] } },
{ "type": "Feature", "properties": { "featurename_fr": "Naboun", "pcode": "GN00400507000", "featurerefname": "Naboun", "featurealtname1_fr": null, "featurealtname2_fr": null, "popplaceclassnumber": 3, "popplaceclasstitle": "Admin3 Capital", "adm3_fr": "Naboun", "adm3_pcode": "GN00400507", "adm2_fr": "Siguiri", "adm2_pcode": "GN004005", "adm1_fr": "Kankan", "adm1_pcode": "GN004", "adm0_fr": "Guinea", "adm0_pcode": "GN", "date": "2016-01-26", "validon": "2016-03-23", "validto": null, "version": "v01" }, "geometry": { "type": "Point", "coordinates": [ -9.527287999999885, 11.984831 ] } },
{ "type": "Feature", "properties": { "featurename_fr": "Siguirini", "pcode": "GN00400512000", "featurerefname": "Siguirini", "featurealtname1_fr": null, "featurealtname2_fr": null, "popplaceclassnumber": 3, "popplaceclasstitle": "Admin3 Capital", "adm3_fr": "Siguirini", "adm3_pcode": "GN00400512", "adm2_fr": "Siguiri", "adm2_pcode": "GN004005", "adm1_fr": "Kankan", "adm1_pcode": "GN004", "adm0_fr": "Guinea", "adm0_pcode": "GN", "date": "2016-01-26", "validon": "2016-03-23", "validto": null, "version": "v01" }, "geometry": { "type": "Point", "coordinates": [ -10.046037, 11.828711 ] } },
{ "type": "Feature", "properties": { "featurename_fr": "Malea", "pcode": "GN00400506000", "featurerefname": "Malea", "featurealtname1_fr": null, "featurealtname2_fr": null, "popplaceclassnumber": 3, "popplaceclasstitle": "Admin3 Capital", "adm3_fr": "Malea", "adm3_pcode": "GN00400506", "adm2_fr": "Siguiri", "adm2_pcode": "GN004005", "adm1_fr": "Kankan", "adm1_pcode": "GN004", "adm0_fr": "Guinea", "adm0_pcode": "GN", "date": "2016-01-26", "validon": "2016-03-23", "validto": null, "version": "v01" }, "geometry": { "type": "Point", "coordinates": [ -9.71594199999987, 11.805956 ] } },
{ "type": "Feature", "properties": { "featurename_fr": "Doko", "pcode": "GN00400502000", "featurerefname": "Doko", "featurealtname1_fr": null, "featurealtname2_fr": null, "popplaceclassnumber": 3, "popplaceclasstitle": "Admin3 Capital", "adm3_fr": "Doko", "adm3_pcode": "GN00400502", "adm2_fr": "Siguiri", "adm2_pcode": "GN004005", "adm1_fr": "Kankan", "adm1_pcode": "GN004", "adm0_fr": "Guinea", "adm0_pcode": "GN", "date": "2016-01-26", "validon": "2016-03-23", "validto": null, "version": "v01" }, "geometry": { "type": "Point", "coordinates": [ -8.973702, 11.785946 ] } },
{ "type": "Feature", "properties": { "featurename_fr": "Franwalia", "pcode": "GN00400503000", "featurerefname": "Franwalia", "featurealtname1_fr": null, "featurealtname2_fr": null, "popplaceclassnumber": 3, "popplaceclasstitle": "Admin3 Capital", "adm3_fr": "Franwalia", "adm3_pcode": "GN00400503", "adm2_fr": "Siguiri", "adm2_pcode": "GN004005", "adm1_fr": "Kankan", "adm1_pcode": "GN004", "adm0_fr": "Guinea", "adm0_pcode": "GN", "date": "2016-01-26", "validon": "2016-03-23", "validto": null, "version": "v01" }, "geometry": { "type": "Point", "coordinates": [ -9.387985, 11.699402000000134 ] } },
{ "type": "Feature", "properties": { "featurename_fr": "Diatifere", "pcode": "GN00300203000", "featurerefname": "Diatifere", "featurealtname1_fr": null, "featurealtname2_fr": null, "popplaceclassnumber": 3, "popplaceclasstitle": "Admin3 Capital", "adm3_fr": "Diatifere", "adm3_pcode": "GN00300203", "adm2_fr": "Dinguiraye", "adm2_pcode": "GN003002", "adm1_fr": "Faranah", "adm1_pcode": "GN003", "adm0_fr": "Guinea", "adm0_pcode": "GN", "date": "2016-01-26", "validon": "2016-03-23", "validto": null, "version": "v01" }, "geometry": { "type": "Point", "coordinates": [ -10.718506, 11.693566 ] } },
{ "type": "Feature", "properties": { "featurename_fr": "Banora", "pcode": "GN00300201000", "featurerefname": "Banora", "featurealtname1_fr": null, "featurealtname2_fr": null, "popplaceclassnumber": 3, "popplaceclasstitle": "Admin3 Capital", "adm3_fr": "Banora", "adm3_pcode": "GN00300201", "adm2_fr": "Dinguiraye", "adm2_pcode": "GN003002", "adm1_fr": "Faranah", "adm1_pcode": "GN003", "adm0_fr": "Guinea", "adm0_pcode": "GN", "date": "2016-01-26", "validon": "2016-03-23", "validto": null, "version": "v01" }, "geometry": { "type": "Point", "coordinates": [ -10.33172599999989, 11.613847 ] } },
{ "type": "Feature", "properties": { "featurename_fr": "Kintinian", "pcode": "GN00400505000", "featurerefname": "Kintinian", "featurealtname1_fr": null, "featurealtname2_fr": null, "popplaceclassnumber": 3, "popplaceclasstitle": "Admin3 Capital", "adm3_fr": "Kintinian", "adm3_pcode": "GN00400505", "adm2_fr": "Siguiri", "adm2_pcode": "GN004005", "adm1_fr": "Kankan", "adm1_pcode": "GN004", "adm0_fr": "Guinea", "adm0_pcode": "GN", "date": "2016-01-26", "validon": "2016-03-23", "validto": null, "version": "v01" }, "geometry": { "type": "Point", "coordinates": [ -9.382784, 11.60317600000019 ] } },
{ "type": "Feature", "properties": { "featurename_fr": "Dialakoro", "pcode": "GN00400402000", "featurerefname": "Dialakoro", "featurealtname1_fr": null, "featurealtname2_fr": null, "popplaceclassnumber": 3, "popplaceclasstitle": "Admin3 Capital", "adm3_fr": "Dialokoro", "adm3_pcode": "GN00400402", "adm2_fr": "Mandiana", "adm2_pcode": "GN004004", "adm1_fr": "Kankan", "adm1_pcode": "GN004", "adm0_fr": "Guinea", "adm0_pcode": "GN", "date": "2016-01-26", "validon": "2016-03-23", "validto": null, "version": "v01" }, "geometry": { "type": "Point", "coordinates": [ -8.891685, 11.444663000000162 ] } },
{ "type": "Feature", "properties": { "featurename_fr": "Kiniebakoura", "pcode": "GN00400504000", "featurerefname": "Kiniebakoura", "featurealtname1_fr": null, "featurealtname2_fr": null, "popplaceclassnumber": 3, "popplaceclasstitle": "Admin3 Capital", "adm3_fr": "Kiniebakoura", "adm3_pcode": "GN00400504", "adm2_fr": "Siguiri", "adm2_pcode": "GN004005", "adm1_fr": "Kankan", "adm1_pcode": "GN004", "adm0_fr": "Guinea", "adm0_pcode": "GN", "date": "2016-01-26", "validon": "2016-03-23", "validto": null, "version": "v01" }, "geometry": { "type": "Point", "coordinates": [ -9.148335, 11.290138000000184 ] } },
{ "type": "Feature", "properties": { "featurename_fr": "Koundianakoro", "pcode": "GN00400407000", "featurerefname": "Koundianakoro", "featurealtname1_fr": null, "featurealtname2_fr": null, "popplaceclassnumber": 3, "popplaceclasstitle": "Admin3 Capital", "adm3_fr": "Koundianakoro", "adm3_pcode": "GN00400407", "adm2_fr": "Mandiana", "adm2_pcode": "GN004004", "adm1_fr": "Kankan", "adm1_pcode": "GN004", "adm0_fr": "Guinea", "adm0_pcode": "GN", "date": "2016-01-26", "validon": "2016-03-23", "validto": null, "version": "v01" }, "geometry": { "type": "Point", "coordinates": [ -8.685092999999881, 11.230083 ] } },
{ "type": "Feature", "properties": { "featurename_fr": "Kinieran", "pcode": "GN00400405000", "featurerefname": "Kinieran", "featurealtname1_fr": null, "featurealtname2_fr": null, "popplaceclassnumber": 3, "popplaceclasstitle": "Admin3 Capital", "adm3_fr": "Kinieran", "adm3_pcode": "GN00400405", "adm2_fr": "Mandiana", "adm2_pcode": "GN004004", "adm1_fr": "Kankan", "adm1_pcode": "GN004", "adm0_fr": "Guinea", "adm0_pcode": "GN", "date": "2016-01-26", "validon": "2016-03-23", "validto": null, "version": "v01" }, "geometry": { "type": "Point", "coordinates": [ -8.836037, 11.082142 ] } },
{ "type": "Feature", "properties": { "featurename_fr": "Niandankoro", "pcode": "GN00400509000", "featurerefname": "Niandankoro", "featurealtname1_fr": null, "featurealtname2_fr": null, "popplaceclassnumber": 3, "popplaceclasstitle": "Admin3 Capital", "adm3_fr": "Niandankoro", "adm3_pcode": "GN00400509", "adm2_fr": "Siguiri", "adm2_pcode": "GN004005", "adm1_fr": "Kankan", "adm1_pcode": "GN004", "adm0_fr": "Guinea", "adm0_pcode": "GN", "date": "2016-01-26", "validon": "2016-03-23", "validto": null, "version": "v01" }, "geometry": { "type": "Point", "coordinates": [ -9.243189, 11.079151 ] } },
{ "type": "Feature", "properties": { "featurename_fr": "Niantanina", "pcode": "GN00400410000", "featurerefname": "Niantanina", "featurealtname1_fr": null, "featurealtname2_fr": null, "popplaceclassnumber": 3, "popplaceclasstitle": "Admin3 Capital", "adm3_fr": "Niantanina", "adm3_pcode": "GN00400410", "adm2_fr": "Mandiana", "adm2_pcode": "GN004004", "adm1_fr": "Kankan", "adm1_pcode": "GN004", "adm0_fr": "Guinea", "adm0_pcode": "GN", "date": "2016-01-26", "validon": "2016-03-23", "validto": null, "version": "v01" }, "geometry": { "type": "Point", "coordinates": [ -8.337420999999893, 10.967965 ] } },
{ "type": "Feature", "properties": { "featurename_fr": "Koundian", "pcode": "GN00400406000", "featurerefname": "Koundian", "featurealtname1_fr": null, "featurealtname2_fr": null, "popplaceclassnumber": 3, "popplaceclasstitle": "Admin3 Capital", "adm3_fr": "Koundian", "adm3_pcode": "GN00400406", "adm2_fr": "Mandiana", "adm2_pcode": "GN004004", "adm1_fr": "Kankan", "adm1_pcode": "GN004", "adm0_fr": "Guinea", "adm0_pcode": "GN", "date": "2016-01-26", "validon": "2016-03-23", "validto": null, "version": "v01" }, "geometry": { "type": "Point", "coordinates": [ -8.895587, 10.920375 ] } },
{ "type": "Feature", "properties": { "featurename_fr": "Morodou", "pcode": "GN00400409000", "featurerefname": "Morodou", "featurealtname1_fr": null, "featurealtname2_fr": null, "popplaceclassnumber": 3, "popplaceclasstitle": "Admin3 Capital", "adm3_fr": "Morodou", "adm3_pcode": "GN00400409", "adm2_fr": "Mandiana", "adm2_pcode": "GN004004", "adm1_fr": "Kankan", "adm1_pcode": "GN004", "adm0_fr": "Guinea", "adm0_pcode": "GN", "date": "2016-01-26", "validon": "2016-03-23", "validto": null, "version": "v01" }, "geometry": { "type": "Point", "coordinates": [ -8.673053, 10.841043 ] } },
{ "type": "Feature", "properties": { "featurename_fr": "Doura", "pcode": "GN00400307000", "featurerefname": "Doura", "featurealtname1_fr": null, "featurealtname2_fr": null, "popplaceclassnumber": 3, "popplaceclasstitle": "Admin3 Capital", "adm3_fr": "Doura", "adm3_pcode": "GN00400307", "adm2_fr": "Kouroussa", "adm2_pcode": "GN004003", "adm1_fr": "Kankan", "adm1_pcode": "GN004", "adm0_fr": "Guinea", "adm0_pcode": "GN", "date": "2016-01-26", "validon": "2016-03-23", "validto": null, "version": "v01" }, "geometry": { "type": "Point", "coordinates": [ -9.493299, 10.836612000000116 ] } },
{ "type": "Feature", "properties": { "featurename_fr": "Balato", "pcode": "GN00400302000", "featurerefname": "Balato", "featurealtname1_fr": null, "featurealtname2_fr": null, "popplaceclassnumber": 3, "popplaceclasstitle": "Admin3 Capital", "adm3_fr": "Balato", "adm3_pcode": "GN00400302", "adm2_fr": "Kouroussa", "adm2_pcode": "GN004003", "adm1_fr": "Kankan", "adm1_pcode": "GN004", "adm0_fr": "Guinea", "adm0_pcode": "GN", "date": "2016-01-26", "validon": "2016-03-23", "validto": null, "version": "v01" }, "geometry": { "type": "Point", "coordinates": [ -9.562640999999871, 10.717012 ] } },
{ "type": "Feature", "properties": { "featurename_fr": "Faralako", "pcode": "GN00400403000", "featurerefname": "Faralako", "featurealtname1_fr": null, "featurealtname2_fr": null, "popplaceclassnumber": 3, "popplaceclasstitle": "Admin3 Capital", "adm3_fr": "Faralako", "adm3_pcode": "GN00400403", "adm2_fr": "Mandiana", "adm2_pcode": "GN004004", "adm1_fr": "Kankan", "adm1_pcode": "GN004", "adm0_fr": "Guinea", "adm0_pcode": "GN", "date": "2016-01-26", "validon": "2016-03-23", "validto": null, "version": "v01" }, "geometry": { "type": "Point", "coordinates": [ -8.698078, 10.66702400000014 ] } },
{ "type": "Feature", "properties": { "featurename_fr": "Bate Nafadji", "pcode": "GN00400102000", "featurerefname": "Bate Nafadji", "featurealtname1_fr": null, "featurealtname2_fr": null, "popplaceclassnumber": 3, "popplaceclasstitle": "Admin3 Capital", "adm3_fr": "Bate Nafadji", "adm3_pcode": "GN00400102", "adm2_fr": "Kankan", "adm2_pcode": "GN004001", "adm1_fr": "Kankan", "adm1_pcode": "GN004", "adm0_fr": "Guinea", "adm0_pcode": "GN", "date": "2016-01-26", "validon": "2016-03-23", "validto": null, "version": "v01" }, "geometry": { "type": "Point", "coordinates": [ -9.254019999999855, 10.667007000000126 ] } },
{ "type": "Feature", "properties": { "featurename_fr": "Bankon", "pcode": "GN00400501000", "featurerefname": "Bankon", "featurealtname1_fr": null, "featurealtname2_fr": null, "popplaceclassnumber": 3, "popplaceclasstitle": "Admin3 Capital", "adm3_fr": "Bankon", "adm3_pcode": "GN00400501", "adm2_fr": "Siguiri", "adm2_pcode": "GN004005", "adm1_fr": "Kankan", "adm1_pcode": "GN004", "adm0_fr": "Guinea", "adm0_pcode": "GN", "date": "2016-01-26", "validon": "2016-03-23", "validto": null, "version": "v01" }, "geometry": { "type": "Point", "coordinates": [ -8.805963, 11.561412000000189 ] } },
{ "type": "Feature", "properties": { "featurename_fr": "Balandougouba", "pcode": "GN00400401000", "featurerefname": "Balandougouba", "featurealtname1_fr": null, "featurealtname2_fr": null, "popplaceclassnumber": 3, "popplaceclasstitle": "Admin3 Capital", "adm3_fr": "Balandougouba", "adm3_pcode": "GN00400401", "adm2_fr": "Mandiana", "adm2_pcode": "GN004004", "adm1_fr": "Kankan", "adm1_pcode": "GN004", "adm0_fr": "Guinea", "adm0_pcode": "GN", "date": "2016-01-26", "validon": "2016-03-23", "validto": null, "version": "v01" }, "geometry": { "type": "Point", "coordinates": [ -8.407779, 11.32352 ] } },
{ "type": "Feature", "properties": { "featurename_fr": "Kankama", "pcode": "GN00300106000", "featurerefname": "Kankama", "featurealtname1_fr": null, "featurealtname2_fr": null, "popplaceclassnumber": 3, "popplaceclasstitle": "Admin3 Capital", "adm3_fr": "Kankama", "adm3_pcode": "GN00300106", "adm2_fr": "Dabola", "adm2_pcode": "GN003001", "adm1_fr": "Faranah", "adm1_pcode": "GN003", "adm0_fr": "Guinea", "adm0_pcode": "GN", "date": "2016-01-26", "validon": "2016-03-23", "validto": null, "version": "v01" }, "geometry": { "type": "Point", "coordinates": [ -11.120428999999888, 10.935629 ] } },
{ "type": "Feature", "properties": { "featurename_fr": "Gongore", "pcode": "GN00700203000", "featurerefname": "Gongore", "featurealtname1_fr": null, "featurealtname2_fr": null, "popplaceclassnumber": 3, "popplaceclasstitle": "Admin3 Capital", "adm3_fr": "Gongoret", "adm3_pcode": "GN00700203", "adm2_fr": "Mamou", "adm2_pcode": "GN007002", "adm1_fr": "Mamou", "adm1_pcode": "GN007", "adm0_fr": "Guinea", "adm0_pcode": "GN", "date": "2016-01-26", "validon": "2016-03-23", "validto": null, "version": "v01" }, "geometry": { "type": "Point", "coordinates": [ -11.952292009999894, 10.772018950000188 ] } },
{ "type": "Feature", "properties": { "featurename_fr": "Niagara", "pcode": "GN00700207000", "featurerefname": "Niagara", "featurealtname1_fr": null, "featurealtname2_fr": null, "popplaceclassnumber": 3, "popplaceclasstitle": "Admin3 Capital", "adm3_fr": "Nyagara", "adm3_pcode": "GN00700207", "adm2_fr": "Mamou", "adm2_pcode": "GN007002", "adm1_fr": "Mamou", "adm1_pcode": "GN007", "adm0_fr": "Guinea", "adm0_pcode": "GN", "date": "2016-01-26", "validon": "2016-03-23", "validto": null, "version": "v01" }, "geometry": { "type": "Point", "coordinates": [ -11.798379, 10.755963 ] } },
{ "type": "Feature", "properties": { "featurename_fr": "Arfamoussayah", "pcode": "GN00300101000", "featurerefname": "Arfamoussayah", "featurealtname1_fr": null, "featurealtname2_fr": null, "popplaceclassnumber": 3, "popplaceclasstitle": "Admin3 Capital", "adm3_fr": "Arfamoussayah", "adm3_pcode": "GN00300101", "adm2_fr": "Dabola", "adm2_pcode": "GN003001", "adm1_fr": "Faranah", "adm1_pcode": "GN003", "adm0_fr": "Guinea", "adm0_pcode": "GN", "date": "2016-01-26", "validon": "2016-03-23", "validto": null, "version": "v01" }, "geometry": { "type": "Point", "coordinates": [ -11.358245999999895, 10.75869200000011 ] } },
{ "type": "Feature", "properties": { "featurename_fr": "Dogomet", "pcode": "GN00300105000", "featurerefname": "Dogomet", "featurealtname1_fr": null, "featurealtname2_fr": null, "popplaceclassnumber": 3, "popplaceclasstitle": "Admin3 Capital", "adm3_fr": "Dogomet", "adm3_pcode": "GN00300105", "adm2_fr": "Dabola", "adm2_pcode": "GN003001", "adm1_fr": "Faranah", "adm1_pcode": "GN003", "adm0_fr": "Guinea", "adm0_pcode": "GN", "date": "2016-01-26", "validon": "2016-03-23", "validto": null, "version": "v01" }, "geometry": { "type": "Point", "coordinates": [ -11.435133999999891, 10.71305800000016 ] } },
{ "type": "Feature", "properties": { "featurename_fr": "Banko", "pcode": "GN00300102000", "featurerefname": "Banko", "featurealtname1_fr": null, "featurealtname2_fr": null, "popplaceclassnumber": 3, "popplaceclasstitle": "Admin3 Capital", "adm3_fr": "Banko", "adm3_pcode": "GN00300102", "adm2_fr": "Dabola", "adm2_pcode": "GN003001", "adm1_fr": "Faranah", "adm1_pcode": "GN003", "adm0_fr": "Guinea", "adm0_pcode": "GN", "date": "2016-01-26", "validon": "2016-03-23", "validto": null, "version": "v01" }, "geometry": { "type": "Point", "coordinates": [ -10.709126, 10.72452 ] } },
{ "type": "Feature", "properties": { "featurename_fr": "Kounendou", "pcode": "GN00300108000", "featurerefname": "Kounendou", "featurealtname1_fr": null, "featurealtname2_fr": null, "popplaceclassnumber": 3, "popplaceclasstitle": "Admin3 Capital", "adm3_fr": "Konendou", "adm3_pcode": "GN00300108", "adm2_fr": "Dabola", "adm2_pcode": "GN003001", "adm1_fr": "Faranah", "adm1_pcode": "GN003", "adm0_fr": "Guinea", "adm0_pcode": "GN", "date": "2016-01-26", "validon": "2016-03-23", "validto": null, "version": "v01" }, "geometry": { "type": "Point", "coordinates": [ -10.855449, 10.692913 ] } },
{ "type": "Feature", "properties": { "featurename_fr": "Saramoussayah", "pcode": "GN00700210000", "featurerefname": "Saramoussayah", "featurealtname1_fr": null, "featurealtname2_fr": null, "popplaceclassnumber": 3, "popplaceclasstitle": "Admin3 Capital", "adm3_fr": "Saramoussaya", "adm3_pcode": "GN00700210", "adm2_fr": "Mamou", "adm2_pcode": "GN007002", "adm1_fr": "Mamou", "adm1_pcode": "GN007", "adm0_fr": "Guinea", "adm0_pcode": "GN", "date": "2016-01-26", "validon": "2016-03-23", "validto": null, "version": "v01" }, "geometry": { "type": "Point", "coordinates": [ -11.627173, 10.677824 ] } },
{ "type": "Feature", "properties": { "featurename_fr": "N'demba", "pcode": "GN00300109000", "featurerefname": "Ndemba", "featurealtname1_fr": null, "featurealtname2_fr": null, "popplaceclassnumber": 3, "popplaceclasstitle": "Admin3 Capital", "adm3_fr": "Ndema", "adm3_pcode": "GN00300109", "adm2_fr": "Dabola", "adm2_pcode": "GN003001", "adm1_fr": "Faranah", "adm1_pcode": "GN003", "adm0_fr": "Guinea", "adm0_pcode": "GN", "date": "2016-01-26", "validon": "2016-03-23", "validto": null, "version": "v01" }, "geometry": { "type": "Point", "coordinates": [ -10.970881, 10.672776000000169 ] } },
{ "type": "Feature", "properties": { "featurename_fr": "Timbo", "pcode": "GN00700213000", "featurerefname": "Timbo", "featurealtname1_fr": null, "featurealtname2_fr": null, "popplaceclassnumber": 3, "popplaceclasstitle": "Admin3 Capital", "adm3_fr": "Timbo", "adm3_pcode": "GN00700213", "adm2_fr": "Mamou", "adm2_pcode": "GN007002", "adm1_fr": "Mamou", "adm1_pcode": "GN007", "adm0_fr": "Guinea", "adm0_pcode": "GN", "date": "2016-01-26", "validon": "2016-03-23", "validto": null, "version": "v01" }, "geometry": { "type": "Point", "coordinates": [ -11.83395, 10.631673000000148 ] } },
{ "type": "Feature", "properties": { "featurename_fr": "Kantoumania", "pcode": "GN00400404000", "featurerefname": "Kantoumania", "featurealtname1_fr": null, "featurealtname2_fr": null, "popplaceclassnumber": 3, "popplaceclasstitle": "Admin3 Capital", "adm3_fr": "Kantoumanina", "adm3_pcode": "GN00400404", "adm2_fr": "Mandiana", "adm2_pcode": "GN004004", "adm1_fr": "Kankan", "adm1_pcode": "GN004", "adm0_fr": "Guinea", "adm0_pcode": "GN", "date": "2016-01-26", "validon": "2016-03-23", "validto": null, "version": "v01" }, "geometry": { "type": "Point", "coordinates": [ -8.658546, 10.483716 ] } },
{ "type": "Feature", "properties": { "featurename_fr": "Karfamoriah", "pcode": "GN00400106000", "featurerefname": "Karfamoriah", "featurealtname1_fr": null, "featurealtname2_fr": null, "popplaceclassnumber": 3, "popplaceclasstitle": "Admin3 Capital", "adm3_fr": "Karifamoriah", "adm3_pcode": "GN00400106", "adm2_fr": "Kankan", "adm2_pcode": "GN004001", "adm1_fr": "Kankan", "adm1_pcode": "GN004", "adm0_fr": "Guinea", "adm0_pcode": "GN", "date": "2016-01-26", "validon": "2016-03-23", "validto": null, "version": "v01" }, "geometry": { "type": "Point", "coordinates": [ -9.26967999999988, 10.419267000000161 ] } },
{ "type": "Feature", "properties": { "featurename_fr": "Kiniero", "pcode": "GN00400308000", "featurerefname": "Kiniero", "featurealtname1_fr": null, "featurealtname2_fr": null, "popplaceclassnumber": 3, "popplaceclasstitle": "Admin3 Capital", "adm3_fr": "Kiniero", "adm3_pcode": "GN00400308", "adm2_fr": "Kouroussa", "adm2_pcode": "GN004003", "adm1_fr": "Kankan", "adm1_pcode": "GN004", "adm0_fr": "Guinea", "adm0_pcode": "GN", "date": "2016-01-26", "validon": "2016-03-23", "validto": null, "version": "v01" }, "geometry": { "type": "Point", "coordinates": [ -9.755917, 10.408333 ] } },
{ "type": "Feature", "properties": { "featurename_fr": "Dalandougou", "pcode": "GN00400101000", "featurerefname": "Dalandougou", "featurealtname1_fr": null, "featurealtname2_fr": null, "popplaceclassnumber": 3, "popplaceclasstitle": "Admin3 Capital", "adm3_fr": "Balandougou", "adm3_pcode": "GN00400101", "adm2_fr": "Kankan", "adm2_pcode": "GN004001", "adm1_fr": "Kankan", "adm1_pcode": "GN004", "adm0_fr": "Guinea", "adm0_pcode": "GN", "date": "2016-01-26", "validon": "2016-03-23", "validto": null, "version": "v01" }, "geometry": { "type": "Point", "coordinates": [ -9.264593999999875, 10.396697000000188 ] } },
{ "type": "Feature", "properties": { "featurename_fr": "Gberedou Baranama", "pcode": "GN00400104000", "featurerefname": "Gberedou Baranama", "featurealtname1_fr": null, "featurealtname2_fr": null, "popplaceclassnumber": 3, "popplaceclasstitle": "Admin3 Capital", "adm3_fr": "Gberedou Baranama", "adm3_pcode": "GN00400104", "adm2_fr": "Kankan", "adm2_pcode": "GN004001", "adm1_fr": "Kankan", "adm1_pcode": "GN004", "adm0_fr": "Guinea", "adm0_pcode": "GN", "date": "2016-01-26", "validon": "2016-03-23", "validto": null, "version": "v01" }, "geometry": { "type": "Point", "coordinates": [ -9.544477, 10.368752 ] } },
{ "type": "Feature", "properties": { "featurename_fr": "Saladou", "pcode": "GN00400411000", "featurerefname": "Saladou", "featurealtname1_fr": null, "featurealtname2_fr": null, "popplaceclassnumber": 3, "popplaceclasstitle": "Admin3 Capital", "adm3_fr": "Saladou", "adm3_pcode": "GN00400411", "adm2_fr": "Mandiana", "adm2_pcode": "GN004004", "adm1_fr": "Kankan", "adm1_pcode": "GN004", "adm0_fr": "Guinea", "adm0_pcode": "GN", "date": "2016-01-26", "validon": "2016-03-23", "validto": null, "version": "v01" }, "geometry": { "type": "Point", "coordinates": [ -8.329843, 10.275620000000174 ] } },
{ "type": "Feature", "properties": { "featurename_fr": "Tintioulin", "pcode": "GN00400112000", "featurerefname": "Tintioulin", "featurealtname1_fr": null, "featurealtname2_fr": null, "popplaceclassnumber": 3, "popplaceclasstitle": "Admin3 Capital", "adm3_fr": "Tinti Oulen", "adm3_pcode": "GN00400112", "adm2_fr": "Kankan", "adm2_pcode": "GN004001", "adm1_fr": "Kankan", "adm1_pcode": "GN004", "adm0_fr": "Guinea", "adm0_pcode": "GN", "date": "2016-01-26", "validon": "2016-03-23", "validto": null, "version": "v01" }, "geometry": { "type": "Point", "coordinates": [ -9.205512, 10.217766 ] } },
{ "type": "Feature", "properties": { "featurename_fr": "Koumban", "pcode": "GN00400107000", "featurerefname": "Koumban", "featurealtname1_fr": null, "featurealtname2_fr": null, "popplaceclassnumber": 3, "popplaceclasstitle": "Admin3 Capital", "adm3_fr": "Koumban", "adm3_pcode": "GN00400107", "adm2_fr": "Kankan", "adm2_pcode": "GN004001", "adm1_fr": "Kankan", "adm1_pcode": "GN004", "adm0_fr": "Guinea", "adm0_pcode": "GN", "date": "2016-01-26", "validon": "2016-03-23", "validto": null, "version": "v01" }, "geometry": { "type": "Point", "coordinates": [ -9.48351, 10.210288 ] } },
{ "type": "Feature", "properties": { "featurename_fr": "Banfele", "pcode": "GN00400303000", "featurerefname": "Banfele", "featurealtname1_fr": null, "featurealtname2_fr": null, "popplaceclassnumber": 3, "popplaceclasstitle": "Admin3 Capital", "adm3_fr": "Banfele", "adm3_pcode": "GN00400303", "adm2_fr": "Kouroussa", "adm2_pcode": "GN004003", "adm1_fr": "Kankan", "adm1_pcode": "GN004", "adm0_fr": "Guinea", "adm0_pcode": "GN", "date": "2016-01-26", "validon": "2016-03-23", "validto": null, "version": "v01" }, "geometry": { "type": "Point", "coordinates": [ -10.12756499999989, 10.159082000000183 ] } },
{ "type": "Feature", "properties": { "featurename_fr": "Boula", "pcode": "GN00400103000", "featurerefname": "Boula", "featurealtname1_fr": null, "featurealtname2_fr": null, "popplaceclassnumber": 3, "popplaceclasstitle": "Admin3 Capital", "adm3_fr": "Boula", "adm3_pcode": "GN00400103", "adm2_fr": "Kankan", "adm2_pcode": "GN004001", "adm1_fr": "Kankan", "adm1_pcode": "GN004", "adm0_fr": "Guinea", "adm0_pcode": "GN", "date": "2016-01-26", "validon": "2016-03-23", "validto": null, "version": "v01" }, "geometry": { "type": "Point", "coordinates": [ -8.406105, 9.700155000000166 ] } },
{ "type": "Feature", "properties": { "featurename_fr": "Ditinn", "pcode": "GN00700103000", "featurerefname": "Ditinn", "featurealtname1_fr": null, "featurealtname2_fr": null, "popplaceclassnumber": 3, "popplaceclasstitle": "Admin3 Capital", "adm3_fr": "Ditinn", "adm3_pcode": "GN00700103", "adm2_fr": "Dalaba", "adm2_pcode": "GN007001", "adm1_fr": "Mamou", "adm1_pcode": "GN007", "adm0_fr": "Guinea", "adm0_pcode": "GN", "date": "2016-01-26", "validon": "2016-03-23", "validto": null, "version": "v01" }, "geometry": { "type": "Point", "coordinates": [ -12.177051899999924, 10.879506130000038 ] } },
{ "type": "Feature", "properties": { "featurename_fr": "Gongore", "pcode": "GN00700304000", "featurerefname": "Gongore", "featurealtname1_fr": null, "featurealtname2_fr": null, "popplaceclassnumber": 3, "popplaceclasstitle": "Admin3 Capital", "adm3_fr": "Gongoret", "adm3_pcode": "GN00700304", "adm2_fr": "Pita", "adm2_pcode": "GN007003", "adm1_fr": "Mamou", "adm1_pcode": "GN007", "adm0_fr": "Guinea", "adm0_pcode": "GN", "date": "2016-01-26", "validon": "2016-03-23", "validto": null, "version": "v01" }, "geometry": { "type": "Point", "coordinates": [ -12.412981, 10.838647 ] } },
{ "type": "Feature", "properties": { "featurename_fr": "Mitti", "pcode": "GN00700109000", "featurerefname": "Mitti", "featurealtname1_fr": null, "featurealtname2_fr": null, "popplaceclassnumber": 3, "popplaceclasstitle": "Admin3 Capital", "adm3_fr": "Mitty", "adm3_pcode": "GN00700109", "adm2_fr": "Dalaba", "adm2_pcode": "GN007001", "adm1_fr": "Mamou", "adm1_pcode": "GN007", "adm0_fr": "Guinea", "adm0_pcode": "GN", "date": "2016-01-26", "validon": "2016-03-23", "validto": null, "version": "v01" }, "geometry": { "type": "Point", "coordinates": [ -12.323568, 10.833282000000111 ] } },
{ "type": "Feature", "properties": { "featurename_fr": "Gougoudie", "pcode": "GN00500503000", "featurerefname": "Gougoudie", "featurealtname1_fr": null, "featurealtname2_fr": null, "popplaceclassnumber": 3, "popplaceclasstitle": "Admin3 Capital", "adm3_fr": "Gougoudje", "adm3_pcode": "GN00500503", "adm2_fr": "Telimele", "adm2_pcode": "GN005005", "adm1_fr": "Kindia", "adm1_pcode": "GN005", "adm0_fr": "Guinea", "adm0_pcode": "GN", "date": "2016-01-26", "validon": "2016-03-23", "validto": null, "version": "v01" }, "geometry": { "type": "Point", "coordinates": [ -13.006024, 10.823119000000133 ] } },
{ "type": "Feature", "properties": { "featurename_fr": "Kaala", "pcode": "GN00700104000", "featurerefname": "Kaala", "featurealtname1_fr": null, "featurealtname2_fr": null, "popplaceclassnumber": 3, "popplaceclasstitle": "Admin3 Capital", "adm3_fr": "Kaala", "adm3_pcode": "GN00700104", "adm2_fr": "Dalaba", "adm2_pcode": "GN007001", "adm1_fr": "Mamou", "adm1_pcode": "GN007", "adm0_fr": "Guinea", "adm0_pcode": "GN", "date": "2016-01-26", "validon": "2016-03-23", "validto": null, "version": "v01" }, "geometry": { "type": "Point", "coordinates": [ -12.207412, 10.802148000000159 ] } },
{ "type": "Feature", "properties": { "featurename_fr": "Poredaka", "pcode": "GN00700209000", "featurerefname": "Poredaka", "featurealtname1_fr": null, "featurealtname2_fr": null, "popplaceclassnumber": 3, "popplaceclasstitle": "Admin3 Capital", "adm3_fr": "Poredaka", "adm3_pcode": "GN00700209", "adm2_fr": "Mamou", "adm2_pcode": "GN007002", "adm1_fr": "Mamou", "adm1_pcode": "GN007", "adm0_fr": "Guinea", "adm0_pcode": "GN", "date": "2016-01-26", "validon": "2016-03-23", "validto": null, "version": "v01" }, "geometry": { "type": "Point", "coordinates": [ -12.066874005999921, 10.737653481999985 ] } },
{ "type": "Feature", "properties": { "featurename_fr": "Sangareah", "pcode": "GN00700309000", "featurerefname": "Sangareah", "featurealtname1_fr": null, "featurealtname2_fr": null, "popplaceclassnumber": 3, "popplaceclasstitle": "Admin3 Capital", "adm3_fr": "Sangareah", "adm3_pcode": "GN00700309", "adm2_fr": "Pita", "adm2_pcode": "GN007003", "adm1_fr": "Mamou", "adm1_pcode": "GN007", "adm0_fr": "Guinea", "adm0_pcode": "GN", "date": "2016-01-26", "validon": "2016-03-23", "validto": null, "version": "v01" }, "geometry": { "type": "Point", "coordinates": [ -12.851961, 10.639408000000117 ] } },
{ "type": "Feature", "properties": { "featurename_fr": "Banguigny", "pcode": "GN00100502000", "featurerefname": "Banguigny", "featurealtname1_fr": null, "featurealtname2_fr": null, "popplaceclassnumber": 3, "popplaceclasstitle": "Admin3 Capital", "adm3_fr": "Banguigny", "adm3_pcode": "GN00100502", "adm2_fr": "Fria", "adm2_pcode": "GN001005", "adm1_fr": "Boke", "adm1_pcode": "GN001", "adm0_fr": "Guinea", "adm0_pcode": "GN", "date": "2016-01-26", "validon": "2016-03-23", "validto": null, "version": "v01" }, "geometry": { "type": "Point", "coordinates": [ -13.632435999999871, 10.610361000000182 ] } },
{ "type": "Feature", "properties": { "featurename_fr": "Boulliwel", "pcode": "GN00700201000", "featurerefname": "Boulliwel", "featurealtname1_fr": null, "featurealtname2_fr": null, "popplaceclassnumber": 3, "popplaceclasstitle": "Admin3 Capital", "adm3_fr": "Bouliwel", "adm3_pcode": "GN00700201", "adm2_fr": "Mamou", "adm2_pcode": "GN007002", "adm1_fr": "Mamou", "adm1_pcode": "GN007", "adm0_fr": "Guinea", "adm0_pcode": "GN", "date": "2016-01-26", "validon": "2016-03-23", "validto": null, "version": "v01" }, "geometry": { "type": "Point", "coordinates": [ -12.189197, 10.607613000000185 ] } },
{ "type": "Feature", "properties": { "featurename_fr": "Sogolon", "pcode": "GN00500511000", "featurerefname": "Sogolon", "featurealtname1_fr": null, "featurealtname2_fr": null, "popplaceclassnumber": 3, "popplaceclasstitle": "Admin3 Capital", "adm3_fr": "Sogolon", "adm3_pcode": "GN00500511", "adm2_fr": "Telimele", "adm2_pcode": "GN005005", "adm1_fr": "Kindia", "adm1_pcode": "GN005", "adm0_fr": "Guinea", "adm0_pcode": "GN", "date": "2016-01-26", "validon": "2016-03-23", "validto": null, "version": "v01" }, "geometry": { "type": "Point", "coordinates": [ -13.264079, 10.549956000000179 ] } },
{ "type": "Feature", "properties": { "featurename_fr": "Dounet", "pcode": "GN00700202000", "featurerefname": "Dounet", "featurealtname1_fr": null, "featurealtname2_fr": null, "popplaceclassnumber": 3, "popplaceclasstitle": "Admin3 Capital", "adm3_fr": "Dounet", "adm3_pcode": "GN00700202", "adm2_fr": "Mamou", "adm2_pcode": "GN007002", "adm1_fr": "Mamou", "adm1_pcode": "GN007", "adm0_fr": "Guinea", "adm0_pcode": "GN", "date": "2016-01-26", "validon": "2016-03-23", "validto": null, "version": "v01" }, "geometry": { "type": "Point", "coordinates": [ -11.902145, 10.527131 ] } },
{ "type": "Feature", "properties": { "featurename_fr": "Tolo", "pcode": "GN00700214000", "featurerefname": "Tolo", "featurealtname1_fr": null, "featurealtname2_fr": null, "popplaceclassnumber": 3, "popplaceclasstitle": "Admin3 Capital", "adm3_fr": "Tolo", "adm3_pcode": "GN00700214", "adm2_fr": "Mamou", "adm2_pcode": "GN007002", "adm1_fr": "Mamou", "adm1_pcode": "GN007", "adm0_fr": "Guinea", "adm0_pcode": "GN", "date": "2016-01-26", "validon": "2016-03-23", "validto": null, "version": "v01" }, "geometry": { "type": "Point", "coordinates": [ -12.146131479999951, 10.539407730000164 ] } },
{ "type": "Feature", "properties": { "featurename_fr": "Kollet", "pcode": "GN00500505000", "featurerefname": "Kollet", "featurealtname1_fr": null, "featurealtname2_fr": null, "popplaceclassnumber": 3, "popplaceclasstitle": "Admin3 Capital", "adm3_fr": "Kollet", "adm3_pcode": "GN00500505", "adm2_fr": "Telimele", "adm2_pcode": "GN005005", "adm1_fr": "Kindia", "adm1_pcode": "GN005", "adm0_fr": "Guinea", "adm0_pcode": "GN", "date": "2016-01-26", "validon": "2016-03-23", "validto": null, "version": "v01" }, "geometry": { "type": "Point", "coordinates": [ -13.175713, 10.466035000000147 ] } },
{ "type": "Feature", "properties": { "featurename_fr": "Tondon", "pcode": "GN00500207000", "featurerefname": "Tondon", "featurealtname1_fr": null, "featurealtname2_fr": null, "popplaceclassnumber": 3, "popplaceclasstitle": "Admin3 Capital", "adm3_fr": "Tondon", "adm3_pcode": "GN00500207", "adm2_fr": "Dubreka", "adm2_pcode": "GN005002", "adm1_fr": "Kindia", "adm1_pcode": "GN005", "adm0_fr": "Guinea", "adm0_pcode": "GN", "date": "2016-01-26", "validon": "2016-03-23", "validto": null, "version": "v01" }, "geometry": { "type": "Point", "coordinates": [ -13.363107, 10.378809 ] } },
{ "type": "Feature", "properties": { "featurename_fr": "Bangouya", "pcode": "GN00500401000", "featurerefname": "Bangouya", "featurealtname1_fr": null, "featurealtname2_fr": null, "popplaceclassnumber": 3, "popplaceclasstitle": "Admin3 Capital", "adm3_fr": "Bangouya", "adm3_pcode": "GN00500401", "adm2_fr": "Kindia", "adm2_pcode": "GN005004", "adm1_fr": "Kindia", "adm1_pcode": "GN005", "adm0_fr": "Guinea", "adm0_pcode": "GN", "date": "2016-01-26", "validon": "2016-03-23", "validto": null, "version": "v01" }, "geometry": { "type": "Point", "coordinates": [ -12.952267, 10.333233 ] } },
{ "type": "Feature", "properties": { "featurename_fr": "Tormelin", "pcode": "GN00100504000", "featurerefname": "Tormelin", "featurealtname1_fr": null, "featurealtname2_fr": null, "popplaceclassnumber": 3, "popplaceclasstitle": "Admin3 Capital", "adm3_fr": "Tormelin", "adm3_pcode": "GN00100504", "adm2_fr": "Fria", "adm2_pcode": "GN001005", "adm1_fr": "Boke", "adm1_pcode": "GN001", "adm0_fr": "Guinea", "adm0_pcode": "GN", "date": "2016-01-26", "validon": "2016-03-23", "validto": null, "version": "v01" }, "geometry": { "type": "Point", "coordinates": [ -13.712546, 10.317837 ] } },
{ "type": "Feature", "properties": { "featurename_fr": "Tamita", "pcode": "GN00100107000", "featurerefname": "Tamita", "featurealtname1_fr": null, "featurealtname2_fr": null, "popplaceclassnumber": 3, "popplaceclasstitle": "Admin3 Capital", "adm3_fr": "Tamita", "adm3_pcode": "GN00100107", "adm2_fr": "Boffa", "adm2_pcode": "GN001001", "adm1_fr": "Boke", "adm1_pcode": "GN001", "adm0_fr": "Guinea", "adm0_pcode": "GN", "date": "2016-01-26", "validon": "2016-03-23", "validto": null, "version": "v01" }, "geometry": { "type": "Point", "coordinates": [ -13.921927, 10.14049800000015 ] } },
{ "type": "Feature", "properties": { "featurename_fr": "Falessade", "pcode": "GN00500203000", "featurerefname": "Falessade", "featurealtname1_fr": null, "featurealtname2_fr": null, "popplaceclassnumber": 3, "popplaceclasstitle": "Admin3 Capital", "adm3_fr": "Falessade", "adm3_pcode": "GN00500203", "adm2_fr": "Dubreka", "adm2_pcode": "GN005002", "adm1_fr": "Kindia", "adm1_pcode": "GN005", "adm0_fr": "Guinea", "adm0_pcode": "GN", "date": "2016-01-26", "validon": "2016-03-23", "validto": null, "version": "v01" }, "geometry": { "type": "Point", "coordinates": [ -13.303290999999888, 10.141604 ] } },
{ "type": "Feature", "properties": { "featurename_fr": "Samaya", "pcode": "GN00500409000", "featurerefname": "Samaya", "featurealtname1_fr": null, "featurealtname2_fr": null, "popplaceclassnumber": 3, "popplaceclasstitle": "Admin3 Capital", "adm3_fr": "Samaya", "adm3_pcode": "GN00500409", "adm2_fr": "Kindia", "adm2_pcode": "GN005004", "adm1_fr": "Kindia", "adm1_pcode": "GN005", "adm0_fr": "Guinea", "adm0_pcode": "GN", "date": "2016-01-26", "validon": "2016-03-23", "validto": null, "version": "v01" }, "geometry": { "type": "Point", "coordinates": [ -13.027149, 10.080451000000153 ] } },
{ "type": "Feature", "properties": { "featurename_fr": "Gaya", "pcode": "GN00600405000", "featurerefname": "Gaya", "featurealtname1_fr": null, "featurealtname2_fr": null, "popplaceclassnumber": 3, "popplaceclasstitle": "Admin3 Capital", "adm3_fr": "Gayah", "adm3_pcode": "GN00600405", "adm2_fr": "Mali", "adm2_pcode": "GN006004", "adm1_fr": "Labe", "adm1_pcode": "GN006", "adm0_fr": "Guinea", "adm0_pcode": "GN", "date": "2016-01-26", "validon": "2016-03-23", "validto": null, "version": "v01" }, "geometry": { "type": "Point", "coordinates": [ -12.422134, 12.014824 ] } },
{ "type": "Feature", "properties": { "featurename_fr": "Yembering", "pcode": "GN00600413000", "featurerefname": "Yembering", "featurealtname1_fr": null, "featurealtname2_fr": null, "popplaceclassnumber": 3, "popplaceclasstitle": "Admin3 Capital", "adm3_fr": "Yimbering", "adm3_pcode": "GN00600413", "adm2_fr": "Mali", "adm2_pcode": "GN006004", "adm1_fr": "Labe", "adm1_pcode": "GN006", "adm0_fr": "Guinea", "adm0_pcode": "GN", "date": "2016-01-26", "validon": "2016-03-23", "validto": null, "version": "v01" }, "geometry": { "type": "Point", "coordinates": [ -12.349467308999976, 11.817179249999981 ] } },
{ "type": "Feature", "properties": { "featurename_fr": "Dongol Sigon", "pcode": "GN00600402000", "featurerefname": "Dongol Sigon", "featurealtname1_fr": null, "featurealtname2_fr": null, "popplaceclassnumber": 3, "popplaceclasstitle": "Admin3 Capital", "adm3_fr": "Donghol Sigon", "adm3_pcode": "GN00600402", "adm2_fr": "Mali", "adm2_pcode": "GN006004", "adm1_fr": "Labe", "adm1_pcode": "GN006", "adm0_fr": "Guinea", "adm0_pcode": "GN", "date": "2016-01-26", "validon": "2016-03-23", "validto": null, "version": "v01" }, "geometry": { "type": "Point", "coordinates": [ -12.207702849999976, 11.789113450000059 ] } },
{ "type": "Feature", "properties": { "featurename_fr": "Fafaya", "pcode": "GN00600101000", "featurerefname": "Fafaya", "featurealtname1_fr": null, "featurealtname2_fr": null, "popplaceclassnumber": 3, "popplaceclasstitle": "Admin3 Capital", "adm3_fr": "Fafaya", "adm3_pcode": "GN00600101", "adm2_fr": "Koubia", "adm2_pcode": "GN006001", "adm1_fr": "Labe", "adm1_pcode": "GN006", "adm0_fr": "Guinea", "adm0_pcode": "GN", "date": "2016-01-26", "validon": "2016-03-23", "validto": null, "version": "v01" }, "geometry": { "type": "Point", "coordinates": [ -11.700837, 11.70898 ] } },
{ "type": "Feature", "properties": { "featurename_fr": "Pilimini", "pcode": "GN00600106000", "featurerefname": "Pilimini", "featurealtname1_fr": null, "featurealtname2_fr": null, "popplaceclassnumber": 3, "popplaceclasstitle": "Admin3 Capital", "adm3_fr": "Pilimini", "adm3_pcode": "GN00600106", "adm2_fr": "Koubia", "adm2_pcode": "GN006001", "adm1_fr": "Labe", "adm1_pcode": "GN006", "adm0_fr": "Guinea", "adm0_pcode": "GN", "date": "2016-01-26", "validon": "2016-03-23", "validto": null, "version": "v01" }, "geometry": { "type": "Point", "coordinates": [ -12.154709, 11.555429 ] } },
{ "type": "Feature", "properties": { "featurename_fr": "Foulamory", "pcode": "GN00100301000", "featurerefname": "Foulamory", "featurealtname1_fr": null, "featurealtname2_fr": null, "popplaceclassnumber": 3, "popplaceclasstitle": "Admin3 Capital", "adm3_fr": "Foulamory", "adm3_pcode": "GN00100301", "adm2_fr": "Gaoual", "adm2_pcode": "GN001003", "adm1_fr": "Boke", "adm1_pcode": "GN001", "adm0_fr": "Guinea", "adm0_pcode": "GN", "date": "2016-01-26", "validon": "2016-03-23", "validto": null, "version": "v01" }, "geometry": { "type": "Point", "coordinates": [ -13.840388, 12.158979000000159 ] } },
{ "type": "Feature", "properties": { "featurename_fr": "Telire", "pcode": "GN00600411000", "featurerefname": "Telire", "featurealtname1_fr": null, "featurealtname2_fr": null, "popplaceclassnumber": 3, "popplaceclasstitle": "Admin3 Capital", "adm3_fr": "Telire", "adm3_pcode": "GN00600411", "adm2_fr": "Mali", "adm2_pcode": "GN006004", "adm1_fr": "Labe", "adm1_pcode": "GN006", "adm0_fr": "Guinea", "adm0_pcode": "GN", "date": "2016-01-26", "validon": "2016-03-23", "validto": null, "version": "v01" }, "geometry": { "type": "Point", "coordinates": [ -12.106380999999828, 11.83954 ] } },
{ "type": "Feature", "properties": { "featurename_fr": "Sangardo", "pcode": "GN00300411000", "featurerefname": "Sangardo", "featurealtname1_fr": null, "featurealtname2_fr": null, "popplaceclassnumber": 3, "popplaceclasstitle": "Admin3 Capital", "adm3_fr": "Sangardo", "adm3_pcode": "GN00300411", "adm2_fr": "Kissidougou", "adm2_pcode": "GN003004", "adm1_fr": "Faranah", "adm1_pcode": "GN003", "adm0_fr": "Guinea", "adm0_pcode": "GN", "date": "2016-01-26", "validon": "2016-03-23", "validto": null, "version": "v01" }, "geometry": { "type": "Point", "coordinates": [ -10.216144999999869, 9.391320000000121 ] } },
{ "type": "Feature", "properties": { "featurename_fr": "Gbangbadou", "pcode": "GN00300407000", "featurerefname": "Gbangbadou", "featurealtname1_fr": null, "featurealtname2_fr": null, "popplaceclassnumber": 3, "popplaceclasstitle": "Admin3 Capital", "adm3_fr": "Gbangbadou", "adm3_pcode": "GN00300407", "adm2_fr": "Kissidougou", "adm2_pcode": "GN003004", "adm1_fr": "Faranah", "adm1_pcode": "GN003", "adm0_fr": "Guinea", "adm0_pcode": "GN", "date": "2016-01-26", "validon": "2016-03-23", "validto": null, "version": "v01" }, "geometry": { "type": "Point", "coordinates": [ -9.998865, 9.281192 ] } },
{ "type": "Feature", "properties": { "featurename_fr": "Saraboido", "pcode": "GN00100405000", "featurerefname": "Saraboido", "featurealtname1_fr": null, "featurealtname2_fr": null, "popplaceclassnumber": 3, "popplaceclasstitle": "Admin3 Capital", "adm3_fr": "Sareboido", "adm3_pcode": "GN00100405", "adm2_fr": "Koundara", "adm2_pcode": "GN001004", "adm1_fr": "Boke", "adm1_pcode": "GN001", "adm0_fr": "Guinea", "adm0_pcode": "GN", "date": "2016-01-26", "validon": "2016-03-23", "validto": null, "version": "v01" }, "geometry": { "type": "Point", "coordinates": [ -13.527132419999873, 12.404694250000148 ] } },
{ "type": "Feature", "properties": { "featurename_fr": "Kamabi", "pcode": "GN00100402000", "featurerefname": "Kamabi", "featurealtname1_fr": null, "featurealtname2_fr": null, "popplaceclassnumber": 3, "popplaceclasstitle": "Admin3 Capital", "adm3_fr": "Kamabi", "adm3_pcode": "GN00100402", "adm2_fr": "Koundara", "adm2_pcode": "GN001004", "adm1_fr": "Boke", "adm1_pcode": "GN001", "adm0_fr": "Guinea", "adm0_pcode": "GN", "date": "2016-01-26", "validon": "2016-03-23", "validto": null, "version": "v01" }, "geometry": { "type": "Point", "coordinates": [ -13.411654999999826, 12.39331 ] } },
{ "type": "Feature", "properties": { "featurename_fr": "Kanfarande", "pcode": "GN00100205000", "featurerefname": "Kanfarande", "featurealtname1_fr": null, "featurealtname2_fr": null, "popplaceclassnumber": 3, "popplaceclasstitle": "Admin3 Capital", "adm3_fr": "Kanfarande", "adm3_pcode": "GN00100205", "adm2_fr": "Boke", "adm2_pcode": "GN001002", "adm1_fr": "Boke", "adm1_pcode": "GN001", "adm0_fr": "Guinea", "adm0_pcode": "GN", "date": "2016-01-26", "validon": "2016-03-23", "validto": null, "version": "v01" }, "geometry": { "type": "Point", "coordinates": [ -14.533264, 10.864922 ] } },
{ "type": "Feature", "properties": { "featurename_fr": "Tanene", "pcode": "GN00100104001", "featurerefname": "Tanene", "featurealtname1_fr": null, "featurealtname2_fr": null, "popplaceclassnumber": 3, "popplaceclasstitle": null, "adm3_fr": "Kolia", "adm3_pcode": "GN00100104", "adm2_fr": "Boffa", "adm2_pcode": "GN001001", "adm1_fr": "Boke", "adm1_pcode": "GN001", "adm0_fr": "Guinea", "adm0_pcode": "GN", "date": "2016-01-26", "validon": "2016-03-23", "validto": null, "version": "v01" }, "geometry": { "type": "Point", "coordinates": [ -14.153041, 10.641802 ] } },
{ "type": "Feature", "properties": { "featurename_fr": "Benty", "pcode": "GN00500302000", "featurerefname": "Benty", "featurealtname1_fr": null, "featurealtname2_fr": null, "popplaceclassnumber": 3, "popplaceclasstitle": "Admin3 Capital", "adm3_fr": "Benty", "adm3_pcode": "GN00500302", "adm2_fr": "Forecariah", "adm2_pcode": "GN005003", "adm1_fr": "Kindia", "adm1_pcode": "GN005", "adm0_fr": "Guinea", "adm0_pcode": "GN", "date": "2016-01-26", "validon": "2016-03-23", "validto": null, "version": "v01" }, "geometry": { "type": "Point", "coordinates": [ -13.215821, 9.163649 ] } },
{ "type": "Feature", "properties": { "featurename_fr": "Wonkifong", "pcode": "GN00500104000", "featurerefname": "Wonkifong", "featurealtname1_fr": null, "featurealtname2_fr": null, "popplaceclassnumber": 3, "popplaceclasstitle": "Admin3 Capital", "adm3_fr": "Wonkifong", "adm3_pcode": "GN00500104", "adm2_fr": "Coyah", "adm2_pcode": "GN005001", "adm1_fr": "Kindia", "adm1_pcode": "GN005", "adm0_fr": "Guinea", "adm0_pcode": "GN", "date": "2016-01-26", "validon": "2016-03-23", "validto": null, "version": "v01" }, "geometry": { "type": "Point", "coordinates": [ -13.386155, 9.655812 ] } },
{ "type": "Feature", "properties": { "featurename_fr": "Banguinet", "pcode": "GN00100501000", "featurerefname": "Banguinet", "featurealtname1_fr": null, "featurealtname2_fr": null, "popplaceclassnumber": 3, "popplaceclasstitle": "Admin3 Capital", "adm3_fr": "Baguinet", "adm3_pcode": "GN00100501", "adm2_fr": "Fria", "adm2_pcode": "GN001005", "adm1_fr": "Boke", "adm1_pcode": "GN001", "adm0_fr": "Guinea", "adm0_pcode": "GN", "date": "2016-01-26", "validon": "2016-03-23", "validto": null, "version": "v01" }, "geometry": { "type": "Point", "coordinates": [ -13.556043, 10.511053000000118 ] } },
{ "type": "Feature", "properties": { "featurename_fr": "Kakoni", "pcode": "GN00100303000", "featurerefname": "Kakoni", "featurealtname1_fr": null, "featurealtname2_fr": null, "popplaceclassnumber": 3, "popplaceclasstitle": "Admin3 Capital", "adm3_fr": "Kakony", "adm3_pcode": "GN00100303", "adm2_fr": "Gaoual", "adm2_pcode": "GN001003", "adm1_fr": "Boke", "adm1_pcode": "GN001", "adm0_fr": "Guinea", "adm0_pcode": "GN", "date": "2016-01-26", "validon": "2016-03-23", "validto": null, "version": "v01" }, "geometry": { "type": "Point", "coordinates": [ -13.198979, 11.321043 ] } },
{ "type": "Feature", "properties": { "featurename_fr": "Kokota", "pcode": "GN00800305000", "featurerefname": "Kokota", "featurealtname1_fr": null, "featurealtname2_fr": null, "popplaceclassnumber": 3, "popplaceclasstitle": "Admin3 Capital", "adm3_fr": "Kokota", "adm3_pcode": "GN00800305", "adm2_fr": "Lola", "adm2_pcode": "GN008003", "adm1_fr": "Nzerekore", "adm1_pcode": "GN008", "adm0_fr": "Guinea", "adm0_pcode": "GN", "date": "2016-01-26", "validon": "2016-03-23", "validto": null, "version": "v01" }, "geometry": { "type": "Point", "coordinates": [ -8.499592999999891, 7.917064 ] } },
{ "type": "Feature", "properties": { "featurename_fr": "Tounkarata", "pcode": "GN00800309000", "featurerefname": "Tounkarata", "featurealtname1_fr": null, "featurealtname2_fr": null, "popplaceclassnumber": 3, "popplaceclasstitle": "Admin3 Capital", "adm3_fr": "Tounkarata", "adm3_pcode": "GN00800309", "adm2_fr": "Lola", "adm2_pcode": "GN008003", "adm1_fr": "Nzerekore", "adm1_pcode": "GN008", "adm0_fr": "Guinea", "adm0_pcode": "GN", "date": "2016-01-26", "validon": "2016-03-23", "validto": null, "version": "v01" }, "geometry": { "type": "Point", "coordinates": [ -8.199413, 7.778471000000138 ] } },
{ "type": "Feature", "properties": { "featurename_fr": "Bossou", "pcode": "GN00800301000", "featurerefname": "Bossou", "featurealtname1_fr": null, "featurealtname2_fr": null, "popplaceclassnumber": 3, "popplaceclasstitle": "Admin3 Capital", "adm3_fr": "Bossou", "adm3_pcode": "GN00800301", "adm2_fr": "Lola", "adm2_pcode": "GN008003", "adm1_fr": "Nzerekore", "adm1_pcode": "GN008", "adm0_fr": "Guinea", "adm0_pcode": "GN", "date": "2016-01-26", "validon": "2016-03-23", "validto": null, "version": "v01" }, "geometry": { "type": "Point", "coordinates": [ -8.510267, 7.635974 ] } },
{ "type": "Feature", "properties": { "featurename_fr": "N'zoo", "pcode": "GN00800308000", "featurerefname": "Nzoo", "featurealtname1_fr": null, "featurealtname2_fr": null, "popplaceclassnumber": 3, "popplaceclasstitle": "Admin3 Capital", "adm3_fr": "Nzoo", "adm3_pcode": "GN00800308", "adm2_fr": "Lola", "adm2_pcode": "GN008003", "adm1_fr": "Nzerekore", "adm1_pcode": "GN008", "adm0_fr": "Guinea", "adm0_pcode": "GN", "date": "2016-01-26", "validon": "2016-03-23", "validto": null, "version": "v01" }, "geometry": { "type": "Point", "coordinates": [ -8.309079, 7.635559 ] } },
{ "type": "Feature", "properties": { "featurename_fr": "Yalenzou", "pcode": "GN00800511000", "featurerefname": "Yalenzou", "featurealtname1_fr": null, "featurealtname2_fr": null, "popplaceclassnumber": 3, "popplaceclasstitle": "Admin3 Capital", "adm3_fr": "Yalenzou", "adm3_pcode": "GN00800511", "adm2_fr": "Nzerekore", "adm2_pcode": "GN008005", "adm1_fr": "Nzerekore", "adm1_pcode": "GN008", "adm0_fr": "Guinea", "adm0_pcode": "GN", "date": "2016-01-26", "validon": "2016-03-23", "validto": null, "version": "v01" }, "geometry": { "type": "Point", "coordinates": [ -8.690576, 7.708511 ] } },
{ "type": "Feature", "properties": { "featurename_fr": "Kolaboui", "pcode": "GN00100206000", "featurerefname": "Kolaboui", "featurealtname1_fr": null, "featurealtname2_fr": null, "popplaceclassnumber": 3, "popplaceclasstitle": "Admin3 Capital", "adm3_fr": "Kolaboui", "adm3_pcode": "GN00100206", "adm2_fr": "Boke", "adm2_pcode": "GN001002", "adm1_fr": "Boke", "adm1_pcode": "GN001", "adm0_fr": "Guinea", "adm0_pcode": "GN", "date": "2016-01-26", "validon": "2016-03-23", "validto": null, "version": "v01" }, "geometry": { "type": "Point", "coordinates": [ -14.38982899999985, 10.792341000000135 ] } },
{ "type": "Feature", "properties": { "featurename_fr": "Wendou Nbour", "pcode": "GN00100308000", "featurerefname": "Wendou Nbour", "featurealtname1_fr": null, "featurealtname2_fr": null, "popplaceclassnumber": 3, "popplaceclasstitle": "Admin3 Capital", "adm3_fr": "Wendou Mbour", "adm3_pcode": "GN00100308", "adm2_fr": "Gaoual", "adm2_pcode": "GN001003", "adm1_fr": "Boke", "adm1_pcode": "GN001", "adm0_fr": "Guinea", "adm0_pcode": "GN", "date": "2016-01-26", "validon": "2016-03-23", "validto": null, "version": "v01" }, "geometry": { "type": "Point", "coordinates": [ -13.873668, 11.431899000000101 ] } },
{ "type": "Feature", "properties": { "featurename_fr": "Kounsitel", "pcode": "GN00100305000", "featurerefname": "Kounsitel", "featurealtname1_fr": null, "featurealtname2_fr": null, "popplaceclassnumber": 3, "popplaceclasstitle": "Admin3 Capital", "adm3_fr": "Kounsitel", "adm3_pcode": "GN00100305", "adm2_fr": "Gaoual", "adm2_pcode": "GN001003", "adm1_fr": "Boke", "adm1_pcode": "GN001", "adm0_fr": "Guinea", "adm0_pcode": "GN", "date": "2016-01-26", "validon": "2016-03-23", "validto": null, "version": "v01" }, "geometry": { "type": "Point", "coordinates": [ -13.07378, 11.80323 ] } },
{ "type": "Feature", "properties": { "featurename_fr": "Ganiakali", "pcode": "GN00300205000", "featurerefname": "Ganiakali", "featurealtname1_fr": null, "featurealtname2_fr": null, "popplaceclassnumber": 3, "popplaceclasstitle": "Admin3 Capital", "adm3_fr": "Gagnakaly", "adm3_pcode": "GN00300205", "adm2_fr": "Dinguiraye", "adm2_pcode": "GN003002", "adm1_fr": "Faranah", "adm1_pcode": "GN003", "adm0_fr": "Guinea", "adm0_pcode": "GN", "date": "2016-01-26", "validon": "2016-03-23", "validto": null, "version": "v01" }, "geometry": { "type": "Point", "coordinates": [ -10.975901, 11.531395 ] } },
{ "type": "Feature", "properties": { "featurename_fr": "Lansanaya", "pcode": "GN00300207000", "featurerefname": "Lansanaya", "featurealtname1_fr": null, "featurealtname2_fr": null, "popplaceclassnumber": 3, "popplaceclasstitle": "Admin3 Capital", "adm3_fr": "Lansanaya", "adm3_pcode": "GN00300207", "adm2_fr": "Dinguiraye", "adm2_pcode": "GN003002", "adm1_fr": "Faranah", "adm1_pcode": "GN003", "adm0_fr": "Guinea", "adm0_pcode": "GN", "date": "2016-01-26", "validon": "2016-03-23", "validto": null, "version": "v01" }, "geometry": { "type": "Point", "coordinates": [ -10.89143, 11.392679 ] } },
{ "type": "Feature", "properties": { "featurename_fr": "Dialakoro", "pcode": "GN00300202000", "featurerefname": "Dialakoro", "featurealtname1_fr": null, "featurealtname2_fr": null, "popplaceclassnumber": 3, "popplaceclasstitle": "Admin3 Capital", "adm3_fr": "Dialakoro", "adm3_pcode": "GN00300202", "adm2_fr": "Dinguiraye", "adm2_pcode": "GN003002", "adm1_fr": "Faranah", "adm1_pcode": "GN003", "adm0_fr": "Guinea", "adm0_pcode": "GN", "date": "2016-01-26", "validon": "2016-03-23", "validto": null, "version": "v01" }, "geometry": { "type": "Point", "coordinates": [ -11.05178, 10.971146000000147 ] } },
{ "type": "Feature", "properties": { "featurename_fr": "Tokounou", "pcode": "GN00400113000", "featurerefname": "Tokounou", "featurealtname1_fr": null, "featurealtname2_fr": null, "popplaceclassnumber": 3, "popplaceclasstitle": "Admin3 Capital", "adm3_fr": "Tokounou", "adm3_pcode": "GN00400113", "adm2_fr": "Kankan", "adm2_pcode": "GN004001", "adm1_fr": "Kankan", "adm1_pcode": "GN004", "adm0_fr": "Guinea", "adm0_pcode": "GN", "date": "2016-01-26", "validon": "2016-03-23", "validto": null, "version": "v01" }, "geometry": { "type": "Point", "coordinates": [ -9.783481, 9.655812 ] } },
{ "type": "Feature", "properties": { "featurename_fr": "Missamana", "pcode": "GN00400109000", "featurerefname": "Missamana", "featurealtname1_fr": null, "featurealtname2_fr": null, "popplaceclassnumber": 3, "popplaceclasstitle": "Admin3 Capital", "adm3_fr": "Missamana", "adm3_pcode": "GN00400109", "adm2_fr": "Kankan", "adm2_pcode": "GN004001", "adm1_fr": "Kankan", "adm1_pcode": "GN004", "adm0_fr": "Guinea", "adm0_pcode": "GN", "date": "2016-01-26", "validon": "2016-03-23", "validto": null, "version": "v01" }, "geometry": { "type": "Point", "coordinates": [ -9.049049, 10.294825 ] } },
{ "type": "Feature", "properties": { "featurename_fr": "Sabadou Baranama", "pcode": "GN00400111000", "featurerefname": "Sabadou Baranama", "featurealtname1_fr": null, "featurealtname2_fr": null, "popplaceclassnumber": 3, "popplaceclasstitle": "Admin3 Capital", "adm3_fr": "Sabadou Baranama", "adm3_pcode": "GN00400111", "adm2_fr": "Kankan", "adm2_pcode": "GN004001", "adm1_fr": "Kankan", "adm1_pcode": "GN004", "adm0_fr": "Guinea", "adm0_pcode": "GN", "date": "2016-01-26", "validon": "2016-03-23", "validto": null, "version": "v01" }, "geometry": { "type": "Point", "coordinates": [ -8.759906999999885, 10.113852 ] } },
{ "type": "Feature", "properties": { "featurename_fr": "Banankoro", "pcode": "GN00400201000", "featurerefname": "Banankoro", "featurealtname1_fr": null, "featurealtname2_fr": null, "popplaceclassnumber": 3, "popplaceclasstitle": "Admin3 Capital", "adm3_fr": "Banankoro", "adm3_pcode": "GN00400201", "adm2_fr": "Kerouane", "adm2_pcode": "GN004002", "adm1_fr": "Kankan", "adm1_pcode": "GN004", "adm0_fr": "Guinea", "adm0_pcode": "GN", "date": "2016-01-26", "validon": "2016-03-23", "validto": null, "version": "v01" }, "geometry": { "type": "Point", "coordinates": [ -9.298862, 9.183468000000175 ] } },
{ "type": "Feature", "properties": { "featurename_fr": "Babila", "pcode": "GN00400301000", "featurerefname": "Babila", "featurealtname1_fr": null, "featurealtname2_fr": null, "popplaceclassnumber": 3, "popplaceclasstitle": "Admin3 Capital", "adm3_fr": "Babila", "adm3_pcode": "GN00400301", "adm2_fr": "Kouroussa", "adm2_pcode": "GN004003", "adm1_fr": "Kankan", "adm1_pcode": "GN004", "adm0_fr": "Guinea", "adm0_pcode": "GN", "date": "2016-01-26", "validon": "2016-03-23", "validto": null, "version": "v01" }, "geometry": { "type": "Point", "coordinates": [ -9.681215999999893, 10.652466000000175 ] } },
{ "type": "Feature", "properties": { "featurename_fr": "Baro", "pcode": "GN00400304000", "featurerefname": "Baro", "featurealtname1_fr": null, "featurealtname2_fr": null, "popplaceclassnumber": 3, "popplaceclasstitle": "Admin3 Capital", "adm3_fr": "Baro", "adm3_pcode": "GN00400304", "adm2_fr": "Kouroussa", "adm2_pcode": "GN004003", "adm1_fr": "Kankan", "adm1_pcode": "GN004", "adm0_fr": "Guinea", "adm0_pcode": "GN", "date": "2016-01-26", "validon": "2016-03-23", "validto": null, "version": "v01" }, "geometry": { "type": "Point", "coordinates": [ -9.699539, 10.613413 ] } },
{ "type": "Feature", "properties": { "featurename_fr": "Komola Koura", "pcode": "GN00400309000", "featurerefname": "Komola Koura", "featurealtname1_fr": null, "featurealtname2_fr": null, "popplaceclassnumber": 3, "popplaceclasstitle": "Admin3 Capital", "adm3_fr": "Komola Khoura", "adm3_pcode": "GN00400309", "adm2_fr": "Kouroussa", "adm2_pcode": "GN004003", "adm1_fr": "Kankan", "adm1_pcode": "GN004", "adm0_fr": "Guinea", "adm0_pcode": "GN", "date": "2016-01-26", "validon": "2016-03-23", "validto": null, "version": "v01" }, "geometry": { "type": "Point", "coordinates": [ -10.41023, 11.047497 ] } },
{ "type": "Feature", "properties": { "featurename_fr": "Sansando", "pcode": "GN00400412000", "featurerefname": "Sansando", "featurealtname1_fr": null, "featurealtname2_fr": null, "popplaceclassnumber": 3, "popplaceclasstitle": "Admin3 Capital", "adm3_fr": "Sansando", "adm3_pcode": "GN00400412", "adm2_fr": "Mandiana", "adm2_pcode": "GN004004", "adm1_fr": "Kankan", "adm1_pcode": "GN004", "adm0_fr": "Guinea", "adm0_pcode": "GN", "date": "2016-01-26", "validon": "2016-03-23", "validto": null, "version": "v01" }, "geometry": { "type": "Point", "coordinates": [ -9.198738, 11.073730000000182 ] } },
{ "type": "Feature", "properties": { "featurename_fr": "Norassoba", "pcode": "GN00400510000", "featurerefname": "Norassoba", "featurealtname1_fr": null, "featurealtname2_fr": null, "popplaceclassnumber": 3, "popplaceclasstitle": "Admin3 Capital", "adm3_fr": "Norassoba", "adm3_pcode": "GN00400510", "adm2_fr": "Siguiri", "adm2_pcode": "GN004005", "adm1_fr": "Kankan", "adm1_pcode": "GN004", "adm0_fr": "Guinea", "adm0_pcode": "GN", "date": "2016-01-26", "validon": "2016-03-23", "validto": null, "version": "v01" }, "geometry": { "type": "Point", "coordinates": [ -9.487456999999836, 10.916231 ] } },
{ "type": "Feature", "properties": { "featurename_fr": "Kolente", "pcode": "GN00500405000", "featurerefname": "Kolente", "featurealtname1_fr": null, "featurealtname2_fr": null, "popplaceclassnumber": 3, "popplaceclasstitle": "Admin3 Capital", "adm3_fr": "Kolente", "adm3_pcode": "GN00500405", "adm2_fr": "Kindia", "adm2_pcode": "GN005004", "adm1_fr": "Kindia", "adm1_pcode": "GN005", "adm0_fr": "Guinea", "adm0_pcode": "GN", "date": "2016-01-26", "validon": "2016-03-23", "validto": null, "version": "v01" }, "geometry": { "type": "Point", "coordinates": [ -12.624561, 10.094219000000123 ] } },
{ "type": "Feature", "properties": { "featurename_fr": "Bady", "pcode": "GN00500201000", "featurerefname": "Bady", "featurealtname1_fr": null, "featurealtname2_fr": null, "popplaceclassnumber": 3, "popplaceclasstitle": "Admin3 Capital", "adm3_fr": "Badi", "adm3_pcode": "GN00500201", "adm2_fr": "Dubreka", "adm2_pcode": "GN005002", "adm1_fr": "Kindia", "adm1_pcode": "GN005", "adm0_fr": "Guinea", "adm0_pcode": "GN", "date": "2016-01-26", "validon": "2016-03-23", "validto": null, "version": "v01" }, "geometry": { "type": "Point", "coordinates": [ -13.41506, 10.276275000000169 ] } },
{ "type": "Feature", "properties": { "featurename_fr": "Tanene", "pcode": "GN00500208000", "featurerefname": "Tanene", "featurealtname1_fr": null, "featurealtname2_fr": null, "popplaceclassnumber": 3, "popplaceclasstitle": "Admin3 Capital", "adm3_fr": "Tanene", "adm3_pcode": "GN00500208", "adm2_fr": "Dubreka", "adm2_pcode": "GN005002", "adm1_fr": "Kindia", "adm1_pcode": "GN005", "adm0_fr": "Guinea", "adm0_pcode": "GN", "date": "2016-01-26", "validon": "2016-03-23", "validto": null, "version": "v01" }, "geometry": { "type": "Point", "coordinates": [ -13.694806, 10.082325000000139 ] } },
{ "type": "Feature", "properties": { "featurename_fr": "Allassoyah", "pcode": "GN00500301000", "featurerefname": "Allassoyah", "featurealtname1_fr": null, "featurealtname2_fr": null, "popplaceclassnumber": 3, "popplaceclasstitle": "Admin3 Capital", "adm3_fr": "Allassoyah", "adm3_pcode": "GN00500301", "adm2_fr": "Forecariah", "adm2_pcode": "GN005003", "adm1_fr": "Kindia", "adm1_pcode": "GN005", "adm0_fr": "Guinea", "adm0_pcode": "GN", "date": "2016-01-26", "validon": "2016-03-23", "validto": null, "version": "v01" }, "geometry": { "type": "Point", "coordinates": [ -13.137979, 9.478561 ] } },
{ "type": "Feature", "properties": { "featurename_fr": "Maferenya", "pcode": "GN00500308000", "featurerefname": "Maferenya", "featurealtname1_fr": null, "featurealtname2_fr": null, "popplaceclassnumber": 3, "popplaceclasstitle": "Admin3 Capital", "adm3_fr": "Maferinya", "adm3_pcode": "GN00500308", "adm2_fr": "Forecariah", "adm2_pcode": "GN005003", "adm1_fr": "Kindia", "adm1_pcode": "GN005", "adm0_fr": "Guinea", "adm0_pcode": "GN", "date": "2016-01-26", "validon": "2016-03-23", "validto": null, "version": "v01" }, "geometry": { "type": "Point", "coordinates": [ -13.287104, 9.544562 ] } },
{ "type": "Feature", "properties": { "featurename_fr": "Kakossa", "pcode": "GN00500306000", "featurerefname": "Kakossa", "featurealtname1_fr": null, "featurealtname2_fr": null, "popplaceclassnumber": 3, "popplaceclasstitle": "Admin3 Capital", "adm3_fr": "Kakossa", "adm3_pcode": "GN00500306", "adm2_fr": "Forecariah", "adm2_pcode": "GN005003", "adm1_fr": "Kindia", "adm1_pcode": "GN005", "adm0_fr": "Guinea", "adm0_pcode": "GN", "date": "2016-01-26", "validon": "2016-03-23", "validto": null, "version": "v01" }, "geometry": { "type": "Point", "coordinates": [ -13.425548, 9.471436 ] } },
{ "type": "Feature", "properties": { "featurename_fr": "Santou", "pcode": "GN00500508000", "featurerefname": "Santou", "featurealtname1_fr": null, "featurealtname2_fr": null, "popplaceclassnumber": 3, "popplaceclasstitle": "Admin3 Capital", "adm3_fr": "Santou", "adm3_pcode": "GN00500508", "adm2_fr": "Telimele", "adm2_pcode": "GN005005", "adm1_fr": "Kindia", "adm1_pcode": "GN005", "adm0_fr": "Guinea", "adm0_pcode": "GN", "date": "2016-01-26", "validon": "2016-03-23", "validto": null, "version": "v01" }, "geometry": { "type": "Point", "coordinates": [ -13.154179, 11.114618 ] } },
{ "type": "Feature", "properties": { "featurename_fr": "Missira", "pcode": "GN00500507000", "featurerefname": "Missira", "featurealtname1_fr": null, "featurealtname2_fr": null, "popplaceclassnumber": 3, "popplaceclasstitle": "Admin3 Capital", "adm3_fr": "Missira", "adm3_pcode": "GN00500507", "adm2_fr": "Telimele", "adm2_pcode": "GN005005", "adm1_fr": "Kindia", "adm1_pcode": "GN005", "adm0_fr": "Guinea", "adm0_pcode": "GN", "date": "2016-01-26", "validon": "2016-03-23", "validto": null, "version": "v01" }, "geometry": { "type": "Point", "coordinates": [ -13.537204, 11.209105 ] } },
{ "type": "Feature", "properties": { "featurename_fr": "Tarihoye", "pcode": "GN00500512000", "featurerefname": "Tarihoye", "featurealtname1_fr": null, "featurealtname2_fr": null, "popplaceclassnumber": 3, "popplaceclasstitle": "Admin3 Capital", "adm3_fr": "Tarihoye", "adm3_pcode": "GN00500512", "adm2_fr": "Telimele", "adm2_pcode": "GN005005", "adm1_fr": "Kindia", "adm1_pcode": "GN005", "adm0_fr": "Guinea", "adm0_pcode": "GN", "date": "2016-01-26", "validon": "2016-03-23", "validto": null, "version": "v01" }, "geometry": { "type": "Point", "coordinates": [ -13.283975999999882, 10.9804630000001 ] } },
{ "type": "Feature", "properties": { "featurename_fr": "Sinta", "pcode": "GN00500510000", "featurerefname": "Sinta", "featurealtname1_fr": null, "featurealtname2_fr": null, "popplaceclassnumber": 3, "popplaceclasstitle": "Admin3 Capital", "adm3_fr": "Sinta", "adm3_pcode": "GN00500510", "adm2_fr": "Telimele", "adm2_pcode": "GN005005", "adm1_fr": "Kindia", "adm1_pcode": "GN005", "adm0_fr": "Guinea", "adm0_pcode": "GN", "date": "2016-01-26", "validon": "2016-03-23", "validto": null, "version": "v01" }, "geometry": { "type": "Point", "coordinates": [ -12.972595999999839, 10.708491 ] } },
{ "type": "Feature", "properties": { "featurename_fr": "Diari", "pcode": "GN00600203000", "featurerefname": "Diari", "featurealtname1_fr": null, "featurealtname2_fr": null, "popplaceclassnumber": 3, "popplaceclasstitle": "Admin3 Capital", "adm3_fr": "Diari", "adm3_pcode": "GN00600203", "adm2_fr": "Labe", "adm2_pcode": "GN006002", "adm1_fr": "Labe", "adm1_pcode": "GN006", "adm0_fr": "Guinea", "adm0_pcode": "GN", "date": "2016-01-26", "validon": "2016-03-23", "validto": null, "version": "v01" }, "geometry": { "type": "Point", "coordinates": [ -12.495467749999932, 11.334800720000089 ] } },
{ "type": "Feature", "properties": { "featurename_fr": "Dalein", "pcode": "GN00600201000", "featurerefname": "Dalein", "featurealtname1_fr": null, "featurealtname2_fr": null, "popplaceclassnumber": 3, "popplaceclasstitle": "Admin3 Capital", "adm3_fr": "Dalein", "adm3_pcode": "GN00600201", "adm2_fr": "Labe", "adm2_pcode": "GN006002", "adm1_fr": "Labe", "adm1_pcode": "GN006", "adm0_fr": "Guinea", "adm0_pcode": "GN", "date": "2016-01-26", "validon": "2016-03-23", "validto": null, "version": "v01" }, "geometry": { "type": "Point", "coordinates": [ -12.309687, 11.516883000000178 ] } },
{ "type": "Feature", "properties": { "featurename_fr": "Garambe", "pcode": "GN00600205000", "featurerefname": "Garambe", "featurealtname1_fr": null, "featurealtname2_fr": null, "popplaceclassnumber": 3, "popplaceclasstitle": "Admin3 Capital", "adm3_fr": "Garambe", "adm3_pcode": "GN00600205", "adm2_fr": "Labe", "adm2_pcode": "GN006002", "adm1_fr": "Labe", "adm1_pcode": "GN006", "adm0_fr": "Guinea", "adm0_pcode": "GN", "date": "2016-01-26", "validon": "2016-03-23", "validto": null, "version": "v01" }, "geometry": { "type": "Point", "coordinates": [ -12.356474249999962, 11.262323830000128 ] } },
{ "type": "Feature", "properties": { "featurename_fr": "Hafia", "pcode": "GN00600206000", "featurerefname": "Hafia", "featurealtname1_fr": null, "featurealtname2_fr": null, "popplaceclassnumber": 3, "popplaceclasstitle": "Admin3 Capital", "adm3_fr": "Hafia", "adm3_pcode": "GN00600206", "adm2_fr": "Labe", "adm2_pcode": "GN006002", "adm1_fr": "Labe", "adm1_pcode": "GN006", "adm0_fr": "Guinea", "adm0_pcode": "GN", "date": "2016-01-26", "validon": "2016-03-23", "validto": null, "version": "v01" }, "geometry": { "type": "Point", "coordinates": [ -12.392331449999972, 11.216767430000175 ] } },
{ "type": "Feature", "properties": { "featurename_fr": "Manda", "pcode": "GN00600308000", "featurerefname": "Manda", "featurealtname1_fr": null, "featurealtname2_fr": null, "popplaceclassnumber": 3, "popplaceclasstitle": "Admin3 Capital", "adm3_fr": "Manda", "adm3_pcode": "GN00600308", "adm2_fr": "Lelouma", "adm2_pcode": "GN006003", "adm1_fr": "Labe", "adm1_pcode": "GN006", "adm0_fr": "Guinea", "adm0_pcode": "GN", "date": "2016-01-26", "validon": "2016-03-23", "validto": null, "version": "v01" }, "geometry": { "type": "Point", "coordinates": [ -12.616867, 11.684041 ] } },
{ "type": "Feature", "properties": { "featurename_fr": "Thianguel Bori", "pcode": "GN00600311000", "featurerefname": "Thianguel Bori", "featurealtname1_fr": null, "featurealtname2_fr": null, "popplaceclassnumber": 3, "popplaceclasstitle": "Admin3 Capital", "adm3_fr": "Tianguel Bori", "adm3_pcode": "GN00600311", "adm2_fr": "Lelouma", "adm2_pcode": "GN006003", "adm1_fr": "Labe", "adm1_pcode": "GN006", "adm0_fr": "Guinea", "adm0_pcode": "GN", "date": "2016-01-26", "validon": "2016-03-23", "validto": null, "version": "v01" }, "geometry": { "type": "Point", "coordinates": [ -12.539665609999872, 11.63192318 ] } },
{ "type": "Feature", "properties": { "featurename_fr": "Lafou", "pcode": "GN00600305000", "featurerefname": "Lafou", "featurealtname1_fr": null, "featurealtname2_fr": null, "popplaceclassnumber": 3, "popplaceclasstitle": "Admin3 Capital", "adm3_fr": "Lafou", "adm3_pcode": "GN00600305", "adm2_fr": "Lelouma", "adm2_pcode": "GN006003", "adm1_fr": "Labe", "adm1_pcode": "GN006", "adm0_fr": "Guinea", "adm0_pcode": "GN", "date": "2016-01-26", "validon": "2016-03-23", "validto": null, "version": "v01" }, "geometry": { "type": "Point", "coordinates": [ -12.458650990999956, 11.575633475000132 ] } },
{ "type": "Feature", "properties": { "featurename_fr": "Sagale", "pcode": "GN00600310000", "featurerefname": "Sagale", "featurealtname1_fr": null, "featurealtname2_fr": null, "popplaceclassnumber": 3, "popplaceclasstitle": "Admin3 Capital", "adm3_fr": "Sagale", "adm3_pcode": "GN00600310", "adm2_fr": "Lelouma", "adm2_pcode": "GN006003", "adm1_fr": "Labe", "adm1_pcode": "GN006", "adm0_fr": "Guinea", "adm0_pcode": "GN", "date": "2016-01-26", "validon": "2016-03-23", "validto": null, "version": "v01" }, "geometry": { "type": "Point", "coordinates": [ -12.831283999999869, 11.307377000000145 ] } },
{ "type": "Feature", "properties": { "featurename_fr": "Balaya", "pcode": "GN00600301000", "featurerefname": "Balaya", "featurealtname1_fr": null, "featurealtname2_fr": null, "popplaceclassnumber": 3, "popplaceclasstitle": "Admin3 Capital", "adm3_fr": "Balaya", "adm3_pcode": "GN00600301", "adm2_fr": "Lelouma", "adm2_pcode": "GN006003", "adm1_fr": "Labe", "adm1_pcode": "GN006", "adm0_fr": "Guinea", "adm0_pcode": "GN", "date": "2016-01-26", "validon": "2016-03-23", "validto": null, "version": "v01" }, "geometry": { "type": "Point", "coordinates": [ -12.738100369999927, 11.41850173000006 ] } },
{ "type": "Feature", "properties": { "featurename_fr": "Lebekere", "pcode": "GN00600407000", "featurerefname": "Lebekere", "featurealtname1_fr": null, "featurealtname2_fr": null, "popplaceclassnumber": 3, "popplaceclasstitle": "Admin3 Capital", "adm3_fr": "Lebekeren", "adm3_pcode": "GN00600407", "adm2_fr": "Mali", "adm2_pcode": "GN006004", "adm1_fr": "Labe", "adm1_pcode": "GN006", "adm0_fr": "Guinea", "adm0_pcode": "GN", "date": "2016-01-26", "validon": "2016-03-23", "validto": null, "version": "v01" }, "geometry": { "type": "Point", "coordinates": [ -12.398889999999881, 12.105689 ] } },
{ "type": "Feature", "properties": { "featurename_fr": "Hydayatou", "pcode": "GN00600406000", "featurerefname": "Hydayatou", "featurealtname1_fr": null, "featurealtname2_fr": null, "popplaceclassnumber": 3, "popplaceclasstitle": "Admin3 Capital", "adm3_fr": "Hidayatou", "adm3_pcode": "GN00600406", "adm2_fr": "Mali", "adm2_pcode": "GN006004", "adm1_fr": "Labe", "adm1_pcode": "GN006", "adm0_fr": "Guinea", "adm0_pcode": "GN", "date": "2016-01-26", "validon": "2016-03-23", "validto": null, "version": "v01" }, "geometry": { "type": "Point", "coordinates": [ -12.230366, 11.911374000000137 ] } },
{ "type": "Feature", "properties": { "featurename_fr": "Kollet", "pcode": "GN00600506000", "featurerefname": "Kollet", "featurealtname1_fr": null, "featurealtname2_fr": null, "popplaceclassnumber": 3, "popplaceclasstitle": "Admin3 Capital", "adm3_fr": "Kolet", "adm3_pcode": "GN00600506", "adm2_fr": "Tougue", "adm2_pcode": "GN006005", "adm1_fr": "Labe", "adm1_pcode": "GN006", "adm0_fr": "Guinea", "adm0_pcode": "GN", "date": "2016-01-26", "validon": "2016-03-23", "validto": null, "version": "v01" }, "geometry": { "type": "Point", "coordinates": [ -11.547507571999915, 11.488449506000165 ] } },
{ "type": "Feature", "properties": { "featurename_fr": "Koba", "pcode": "GN00700107000", "featurerefname": "Koba", "featurealtname1_fr": null, "featurealtname2_fr": null, "popplaceclassnumber": 3, "popplaceclasstitle": "Admin3 Capital", "adm3_fr": "Koba", "adm3_pcode": "GN00700107", "adm2_fr": "Dalaba", "adm2_pcode": "GN007001", "adm1_fr": "Mamou", "adm1_pcode": "GN007", "adm0_fr": "Guinea", "adm0_pcode": "GN", "date": "2016-01-26", "validon": "2016-03-23", "validto": null, "version": "v01" }, "geometry": { "type": "Point", "coordinates": [ -12.324513, 10.640746000000149 ] } },
{ "type": "Feature", "properties": { "featurename_fr": "Mafara", "pcode": "GN00700108000", "featurerefname": "Mafara", "featurealtname1_fr": null, "featurealtname2_fr": null, "popplaceclassnumber": 3, "popplaceclasstitle": "Admin3 Capital", "adm3_fr": "Mafara", "adm3_pcode": "GN00700108", "adm2_fr": "Dalaba", "adm2_pcode": "GN007001", "adm1_fr": "Mamou", "adm1_pcode": "GN007", "adm0_fr": "Guinea", "adm0_pcode": "GN", "date": "2016-01-26", "validon": "2016-03-23", "validto": null, "version": "v01" }, "geometry": { "type": "Point", "coordinates": [ -11.990923, 10.909258 ] } },
{ "type": "Feature", "properties": { "featurename_fr": "Donghol Touma", "pcode": "GN00700303000", "featurerefname": "Donghol Touma", "featurealtname1_fr": null, "featurealtname2_fr": null, "popplaceclassnumber": 3, "popplaceclasstitle": "Admin3 Capital", "adm3_fr": "Donghol Touma", "adm3_pcode": "GN00700303", "adm2_fr": "Pita", "adm2_pcode": "GN007003", "adm1_fr": "Mamou", "adm1_pcode": "GN007", "adm0_fr": "Guinea", "adm0_pcode": "GN", "date": "2016-01-26", "validon": "2016-03-23", "validto": null, "version": "v01" }, "geometry": { "type": "Point", "coordinates": [ -12.70769, 11.003168 ] } },
{ "type": "Feature", "properties": { "featurename_fr": "Maci", "pcode": "GN00700306000", "featurerefname": "Maci", "featurealtname1_fr": null, "featurealtname2_fr": null, "popplaceclassnumber": 3, "popplaceclasstitle": "Admin3 Capital", "adm3_fr": "Maci", "adm3_pcode": "GN00700306", "adm2_fr": "Pita", "adm2_pcode": "GN007003", "adm1_fr": "Mamou", "adm1_pcode": "GN007", "adm0_fr": "Guinea", "adm0_pcode": "GN", "date": "2016-01-26", "validon": "2016-03-23", "validto": null, "version": "v01" }, "geometry": { "type": "Point", "coordinates": [ -12.439831, 10.910262000000159 ] } },
{ "type": "Feature", "properties": { "featurename_fr": "Brouwal Tape", "pcode": "GN00700302000", "featurerefname": "Brouwal Tape", "featurealtname1_fr": null, "featurealtname2_fr": null, "popplaceclassnumber": 3, "popplaceclasstitle": "Admin3 Capital", "adm3_fr": "Brouwal Tape", "adm3_pcode": "GN00700302", "adm2_fr": "Pita", "adm2_pcode": "GN007003", "adm1_fr": "Mamou", "adm1_pcode": "GN007", "adm0_fr": "Guinea", "adm0_pcode": "GN", "date": "2016-01-26", "validon": "2016-03-23", "validto": null, "version": "v01" }, "geometry": { "type": "Point", "coordinates": [ -12.386517999999853, 10.990234000000157 ] } },
{ "type": "Feature", "properties": { "featurename_fr": "Gbakedou", "pcode": "GN00800106000", "featurerefname": "Gbakedou", "featurealtname1_fr": null, "featurealtname2_fr": null, "popplaceclassnumber": 3, "popplaceclasstitle": "Admin3 Capital", "adm3_fr": "Gbakedou", "adm3_pcode": "GN00800106", "adm2_fr": "Beyla", "adm2_pcode": "GN008001", "adm1_fr": "Nzerekore", "adm1_pcode": "GN008", "adm0_fr": "Guinea", "adm0_pcode": "GN", "date": "2016-01-26", "validon": "2016-03-23", "validto": null, "version": "v01" }, "geometry": { "type": "Point", "coordinates": [ -8.394156, 8.730652 ] } },
{ "type": "Feature", "properties": { "featurename_fr": "Koumandou", "pcode": "GN00800109000", "featurerefname": "Koumandou", "featurealtname1_fr": null, "featurealtname2_fr": null, "popplaceclassnumber": 3, "popplaceclasstitle": "Admin3 Capital", "adm3_fr": "Koumandou", "adm3_pcode": "GN00800109", "adm2_fr": "Beyla", "adm2_pcode": "GN008001", "adm1_fr": "Nzerekore", "adm1_pcode": "GN008", "adm0_fr": "Guinea", "adm0_pcode": "GN", "date": "2016-01-26", "validon": "2016-03-23", "validto": null, "version": "v01" }, "geometry": { "type": "Point", "coordinates": [ -7.999565, 9.16854700000016 ] } },
{ "type": "Feature", "properties": { "featurename_fr": "Gueassou", "pcode": "GN00800304000", "featurerefname": "Gueassou", "featurealtname1_fr": null, "featurealtname2_fr": null, "popplaceclassnumber": 3, "popplaceclasstitle": "Admin3 Capital", "adm3_fr": "Gueasso", "adm3_pcode": "GN00800304", "adm2_fr": "Lola", "adm2_pcode": "GN008003", "adm1_fr": "Nzerekore", "adm1_pcode": "GN008", "adm0_fr": "Guinea", "adm0_pcode": "GN", "date": "2016-01-26", "validon": "2016-03-23", "validto": null, "version": "v01" }, "geometry": { "type": "Point", "coordinates": [ -8.233735, 8.022236 ] } },
{ "type": "Feature", "properties": { "featurename_fr": "Gama", "pcode": "GN00800303000", "featurerefname": "Gama", "featurealtname1_fr": null, "featurealtname2_fr": null, "popplaceclassnumber": 3, "popplaceclasstitle": "Admin3 Capital", "adm3_fr": "Gama Berema", "adm3_pcode": "GN00800303", "adm2_fr": "Lola", "adm2_pcode": "GN008003", "adm1_fr": "Nzerekore", "adm1_pcode": "GN008", "adm0_fr": "Guinea", "adm0_pcode": "GN", "date": "2016-01-26", "validon": "2016-03-23", "validto": null, "version": "v01" }, "geometry": { "type": "Point", "coordinates": [ -8.23588199999989, 7.895915000000116 ] } },
{ "type": "Feature", "properties": { "featurename_fr": "Ninguelande", "pcode": "GN00700307000", "featurerefname": "Ninguelande", "featurealtname1_fr": null, "featurealtname2_fr": null, "popplaceclassnumber": 3, "popplaceclasstitle": "Admin3 Capital", "adm3_fr": "Ninguelande", "adm3_pcode": "GN00700307", "adm2_fr": "Pita", "adm2_pcode": "GN007003", "adm1_fr": "Mamou", "adm1_pcode": "GN007", "adm0_fr": "Guinea", "adm0_pcode": "GN", "date": "2016-01-26", "validon": "2016-03-23", "validto": null, "version": "v01" }, "geometry": { "type": "Point", "coordinates": [ -12.659052069999973, 11.18438269000012 ] } },
{ "type": "Feature", "properties": { "featurename_fr": "Missira", "pcode": "GN00600105000", "featurerefname": "Missira", "featurealtname1_fr": null, "featurealtname2_fr": null, "popplaceclassnumber": 3, "popplaceclasstitle": "Admin3 Capital", "adm3_fr": "Missira", "adm3_pcode": "GN00600105", "adm2_fr": "Koubia", "adm2_pcode": "GN006001", "adm1_fr": "Labe", "adm1_pcode": "GN006", "adm0_fr": "Guinea", "adm0_pcode": "GN", "date": "2016-01-26", "validon": "2016-03-23", "validto": null, "version": "v01" }, "geometry": { "type": "Point", "coordinates": [ -11.973051379999958, 11.440447490000054 ] } },
{ "type": "Feature", "properties": { "featurename_fr": "Matakaou", "pcode": "GN00600104000", "featurerefname": "Matakaou", "featurealtname1_fr": null, "featurealtname2_fr": null, "popplaceclassnumber": 3, "popplaceclasstitle": "Admin3 Capital", "adm3_fr": "Matakaou", "adm3_pcode": "GN00600104", "adm2_fr": "Koubia", "adm2_pcode": "GN006001", "adm1_fr": "Labe", "adm1_pcode": "GN006", "adm0_fr": "Guinea", "adm0_pcode": "GN", "date": "2016-01-26", "validon": "2016-03-23", "validto": null, "version": "v01" }, "geometry": { "type": "Point", "coordinates": [ -11.949312319999819, 11.719737950000024 ] } },
{ "type": "Feature", "properties": { "featurename_fr": "Sallanbande", "pcode": "GN00600410000", "featurerefname": "Sallanbande", "featurealtname1_fr": null, "featurealtname2_fr": null, "popplaceclassnumber": 3, "popplaceclasstitle": "Admin3 Capital", "adm3_fr": "Salambande", "adm3_pcode": "GN00600410", "adm2_fr": "Mali", "adm2_pcode": "GN006004", "adm1_fr": "Labe", "adm1_pcode": "GN006", "adm0_fr": "Guinea", "adm0_pcode": "GN", "date": "2016-01-26", "validon": "2016-03-23", "validto": null, "version": "v01" }, "geometry": { "type": "Point", "coordinates": [ -11.884462, 11.944874 ] } },
{ "type": "Feature", "properties": { "featurename_fr": "Coyah centre", "pcode": "GN00500101001", "featurerefname": "Coyah centre", "featurealtname1_fr": null, "featurealtname2_fr": null, "popplaceclassnumber": 3, "popplaceclasstitle": "Admin3 Capital", "adm3_fr": "Coyah Ctre", "adm3_pcode": "GN00500101", "adm2_fr": "Coyah", "adm2_pcode": "GN005001", "adm1_fr": "Kindia", "adm1_pcode": "GN005", "adm0_fr": "Guinea", "adm0_pcode": "GN", "date": "2016-01-26", "validon": "2016-03-23", "validto": null, "version": "v01" }, "geometry": { "type": "Point", "coordinates": [ -13.392555958999878, 9.697008222000022 ] } }
]
}
