{
"type": "FeatureCollection",
"name": "gin_admin0_em",
"crs": { "type": "name", "properties": { "name": "urn:ogc:def:crs:OGC:1.3:CRS84" } },
"features": [
{ "type": "Feature", "properties": { "iso2": "GN", "iso3": "GIN", "adm0_name": "Guinée", "adm0_name1": null, "adm0_name2": null, "adm0_name3": null, "adm0_pcode": "GN", "valid_on": "2016-03-04", "valid_to": null, "area_sqkm": 245057.47842795, "version": "v01", "lang": "fr", "lang1": null, "lang2": null, "lang3": null, "center_lat": 9.9335735, "center_lon": -9.6629878 }, "geometry": { "type": "MultiPolygon", "coordinates": [ [ [ [ -13.467379999999821, 12.66686 ], [ -13.475945902999968, 12.667486270000154 ], [ -13.484511847999954, 12.668112265000161 ], [ -13.487288840999952, 12.668315115999974 ], [ -13.493077834999951, 12.668737984000131 ], [ -13.501643863999959, 12.669363427000121 ], [ -13.510209934999921, 12.669988594000074 ], [ -13.518776046999903, 12.670613486000093 ], [ -13.52734220099984, 12.671238100999972 ], [ -13.535908395999911, 12.671862441000144 ], [ -13.544474633999926, 12.672486504000176 ], [ -13.553040912999961, 12.673110292000104 ], [ -13.56160723399995, 12.673733804000165 ], [ -13.570173595999961, 12.674357040000018 ], [ -13.57874, 12.67498 ], [ -13.625959549999948, 12.675433782000141 ], [ -13.635105478999947, 12.675521594000088 ], [ -13.644251413999882, 12.675609093000162 ], [ -13.653397354999981, 12.675696276000167 ], [ -13.662543302999893, 12.675783144999968 ], [ -13.671689256999912, 12.675869700000135 ], [ -13.680835215999934, 12.675955940000165 ], [ -13.689981182999929, 12.676041865000059 ], [ -13.699127154999871, 12.676127476000147 ], [ -13.709029999999871, 12.676220000000171 ], [ -13.708333299999879, 12.675000000000125 ], [ -13.709166486999891, 12.667193103000159 ], [ -13.709999622999931, 12.659386198000163 ], [ -13.710832707999941, 12.651579286000128 ], [ -13.711665742999912, 12.643772367000111 ], [ -13.711111617999904, 12.599442368000155 ], [ -13.700583242999926, 12.571736118000103 ], [ -13.697257925999907, 12.564374307000037 ], [ -13.693932797999878, 12.557012451 ], [ -13.69060785899984, 12.549650550000081 ], [ -13.687283109999896, 12.542288602999975 ], [ -13.683958548999897, 12.534926612000049 ], [ -13.680634176999888, 12.527564575000099 ], [ -13.677309992999938, 12.520202493000113 ], [ -13.677297501999874, 12.520018916000083 ], [ -13.677275785999939, 12.519797270000026 ], [ -13.677246865999962, 12.519576449000169 ], [ -13.677210774999878, 12.519356685999981 ], [ -13.677167548999876, 12.519138214000066 ], [ -13.677117234999969, 12.518921264000028 ], [ -13.677059885999938, 12.518706067999972 ], [ -13.676995561999945, 12.518492852000122 ], [ -13.676924332999931, 12.518281842000079 ], [ -13.676846273999956, 12.518073264000066 ], [ -13.676761465999846, 12.517867336000052 ], [ -13.676670000999934, 12.517664278000154 ], [ -13.676571973999955, 12.517464305000033 ], [ -13.676467490999926, 12.517267628000184 ], [ -13.676356660999943, 12.517074457000092 ], [ -13.676239601999896, 12.516884995000055 ], [ -13.676116437999951, 12.516699444000039 ], [ -13.675987299999917, 12.516518000000133 ], [ -13.675852323999948, 12.516340856000056 ], [ -13.67571165399994, 12.516168199000049 ], [ -13.675565438999911, 12.516000212000108 ], [ -13.67541383299988, 12.515837074000103 ], [ -13.675256996999963, 12.515678955999988 ], [ -13.675095097999815, 12.515526028000124 ], [ -13.674928306999959, 12.515378450000185 ], [ -13.674756800999887, 12.515236379000044 ], [ -13.674580760999959, 12.515099966000037 ], [ -13.674400373999958, 12.514969356000108 ], [ -13.67421583099997, 12.51484468600006 ], [ -13.674027328999841, 12.514726089000135 ], [ -13.673835065999924, 12.514613691000079 ], [ -13.67363924599988, 12.514507610000067 ], [ -13.673440076999839, 12.514407959000096 ], [ -13.673237769999957, 12.514314844000126 ], [ -13.673032539999951, 12.514228363000143 ], [ -13.672824602999981, 12.514148609000131 ], [ -13.672614179999982, 12.514075664000018 ], [ -13.672401494999974, 12.514009608000094 ], [ -13.672186771999975, 12.513950509000097 ], [ -13.671970239999894, 12.51389843100003 ], [ -13.671752126999877, 12.513853429000051 ], [ -13.671532663999926, 12.513815550000174 ], [ -13.671312085999887, 12.513784834000148 ], [ -13.67109062399993, 12.513761315000067 ], [ -13.670868513999949, 12.51374501600003 ], [ -13.670645990999844, 12.513735956000176 ], [ -13.670423290999963, 12.513734143000136 ], [ -13.670200649999856, 12.513739580000106 ], [ -13.669978303999926, 12.513752261000036 ], [ -13.669756488999951, 12.513772173000064 ], [ -13.669535438999958, 12.51379929400008 ], [ -13.669315389999952, 12.513833596000097 ], [ -13.669096572999877, 12.513875043000041 ], [ -13.66887922199993, 12.513923589000171 ], [ -13.668663564999974, 12.513979185000153 ], [ -13.668449832999954, 12.514041771000166 ], [ -13.668238250999934, 12.514111280000122 ], [ -13.668029043999923, 12.514187640000046 ], [ -13.667822432999969, 12.514270768000188 ], [ -13.667618636999919, 12.514360578000151 ], [ -13.66741787199993, 12.514456974000154 ], [ -13.667220351999902, 12.514559853000037 ], [ -13.667026284999906, 12.514669107000032 ], [ -13.666835876999812, 12.514784620000057 ], [ -13.666649328999938, 12.51490627000004 ], [ -13.666466840999931, 12.515033927 ], [ -13.666288603999931, 12.515167456000142 ], [ -13.666114807999918, 12.515306717000044 ], [ -13.665945635999947, 12.515451560000031 ], [ -13.665781268999922, 12.515601833000119 ], [ -13.665621880999879, 12.51575737700017 ], [ -13.665467639999918, 12.515918026000065 ], [ -13.665318708999962, 12.516083610000067 ], [ -13.665175247999969, 12.516253955000082 ], [ -13.665119242999879, 12.516323618000058 ], [ -13.665069073999973, 12.51631765400009 ], [ -13.664801880999903, 12.516281565000043 ], [ -13.664535753999928, 12.51623831500018 ], [ -13.664270884999951, 12.516187936 ], [ -13.664007462999905, 12.516130464000071 ], [ -13.663745678999931, 12.516065940000033 ], [ -13.663485721999905, 12.515994411000065 ], [ -13.663227778999953, 12.515915928000084 ], [ -13.662972035999928, 12.515830549000043 ], [ -13.662718677999919, 12.515738334000105 ], [ -13.662467885999888, 12.515639350000072 ], [ -13.662219842999946, 12.515533669000149 ], [ -13.661974725999926, 12.515421366000169 ], [ -13.661732712999878, 12.515302523 ], [ -13.661493977999953, 12.515177225000116 ], [ -13.661258692999922, 12.515045562000182 ], [ -13.661027026999932, 12.514907631000028 ], [ -13.66079914799991, 12.514763529 ], [ -13.660575219999942, 12.514613361000045 ], [ -13.660355404999962, 12.514457235000066 ], [ -13.660139860999891, 12.514295264000111 ], [ -13.65992874199992, 12.514127564000091 ], [ -13.659722202999887, 12.513954257000023 ], [ -13.659520389999898, 12.51377546700013 ], [ -13.659323450999864, 12.513591323000185 ], [ -13.659131526999886, 12.513401958000088 ], [ -13.658944754999879, 12.513207508000164 ], [ -13.658763271999874, 12.513008114000172 ], [ -13.658587206999982, 12.512803920000124 ], [ -13.658416687999875, 12.512595072000124 ], [ -13.658251837999842, 12.512381722000043 ], [ -13.658092774999886, 12.51216402200015 ], [ -13.657939614999918, 12.511942131000183 ], [ -13.657792465999933, 12.51171620700012 ], [ -13.65765143699997, 12.511486414000046 ], [ -13.657516627999939, 12.511252918000082 ], [ -13.657388135999952, 12.511015886000166 ], [ -13.657266053999876, 12.510775490000185 ], [ -13.657150470999909, 12.510531903000185 ], [ -13.657041468999978, 12.51028530100001 ], [ -13.65693912699993, 12.510035861000176 ], [ -13.656843518999949, 12.50978376400019 ], [ -13.656754713999931, 12.50952919000008 ], [ -13.656672774999947, 12.509272324000165 ], [ -13.656597762999922, 12.509013350000032 ], [ -13.656529729999818, 12.508752457000014 ], [ -13.656468726999833, 12.508489830000087 ], [ -13.656414795999979, 12.508225660000051 ], [ -13.656367976999945, 12.507960138000101 ], [ -13.656328303999942, 12.507693454999981 ], [ -13.6562958049999, 12.507425802000114 ], [ -13.656270503999963, 12.507157373000041 ], [ -13.656252418999941, 12.506888362000097 ], [ -13.656241561999934, 12.506618962000175 ], [ -13.656237942999894, 12.506349368000087 ], [ -13.656241561999934, 12.50607977400017 ], [ -13.656252418999941, 12.505810374000077 ], [ -13.656253243999856, 12.505795243000136 ], [ -13.656224352999971, 12.505705452000086 ], [ -13.656114603999924, 12.505379337000022 ], [ -13.655998047999958, 12.505055592000133 ], [ -13.655874737999966, 12.504734360000043 ], [ -13.655744727999945, 12.504415780000159 ], [ -13.655608074999918, 12.504099992000135 ], [ -13.655464837999887, 12.503787135999971 ], [ -13.655315080999856, 12.503477348000104 ], [ -13.655158868999877, 12.503170764000174 ], [ -13.654996269999856, 12.502867519 ], [ -13.654827355999828, 12.502567745000079 ], [ -13.654652201999966, 12.502271575000066 ], [ -13.654470882999817, 12.501979138000138 ], [ -13.654283479999947, 12.501690563000182 ], [ -13.654090073999839, 12.501405975000068 ], [ -13.653890750999949, 12.501125500000057 ], [ -13.653685597999925, 12.500849260999985 ], [ -13.653474704999894, 12.500577379000049 ], [ -13.653258163999908, 12.500309973000128 ], [ -13.653036069999928, 12.500047161000055 ], [ -13.65280852099994, 12.499789057000044 ], [ -13.652575616999854, 12.49953577600013 ], [ -13.652337458999966, 12.49928742700007 ], [ -13.652094152999894, 12.499044121000054 ], [ -13.651845804999937, 12.498805964000155 ], [ -13.651592522999977, 12.498573059000137 ], [ -13.651334419999898, 12.498345511000139 ], [ -13.647867225999903, 12.491408399000079 ], [ -13.647233601999972, 12.490140653000026 ], [ -13.647169081999891, 12.489736745000187 ], [ -13.647097463999899, 12.489334033999967 ], [ -13.647018769999875, 12.488932645999967 ], [ -13.646933023999964, 12.488532705000011 ], [ -13.646840252999937, 12.48813433600003 ], [ -13.646740484999953, 12.48773766000005 ], [ -13.6466337519999, 12.487342802000057 ], [ -13.646520084999906, 12.486949884000069 ], [ -13.646399521999967, 12.486559026000066 ], [ -13.64627209799994, 12.486170351000112 ], [ -13.646137853999903, 12.485783979000132 ], [ -13.645996830999877, 12.485400029000175 ], [ -13.645849072999908, 12.485018621000052 ], [ -13.645694624999919, 12.484639872000059 ], [ -13.645533534999913, 12.48426390000003 ], [ -13.645365853999976, 12.483890820999989 ], [ -13.645191631999978, 12.483520751000128 ], [ -13.645010924999951, 12.48315380400004 ], [ -13.644823787999883, 12.482790095000041 ], [ -13.644630278999955, 12.482429735000096 ], [ -13.644430457999874, 12.4820728360001 ], [ -13.644224385999962, 12.48171951 ], [ -13.644012128999975, 12.481369865000147 ], [ -13.643793750999862, 12.481024009000123 ], [ -13.643569319999926, 12.480682051000088 ], [ -13.643338904999951, 12.480344095000021 ], [ -13.643102578999958, 12.480010246000177 ], [ -13.64286041299988, 12.479680609000184 ], [ -13.642612483999926, 12.479355284000178 ], [ -13.642358867999974, 12.479034373000161 ], [ -13.642099643999927, 12.478717975000109 ], [ -13.641834890999974, 12.478406188000122 ], [ -13.641564691999974, 12.478099109000027 ], [ -13.641289130999837, 12.47779683300007 ], [ -13.64100829299997, 12.477499453000178 ], [ -13.640722263999919, 12.477207062000048 ], [ -13.640431133999982, 12.476919750000093 ], [ -13.64013499299989, 12.476637605000121 ], [ -13.635305486999982, 12.468205953000052 ], [ -13.635312723999959, 12.467939948000151 ], [ -13.635312723999959, 12.467673845000036 ], [ -13.635305486999982, 12.467407839999964 ], [ -13.635291017999975, 12.467142130000013 ], [ -13.635269327999936, 12.466876912000089 ], [ -13.635240432999922, 12.466612382000051 ], [ -13.635204354999871, 12.4663487360001 ], [ -13.635161118999974, 12.466086168000061 ], [ -13.635110758999872, 12.465824874000134 ], [ -13.635053310999979, 12.465565045 ], [ -13.634988816999908, 12.465306876000056 ], [ -13.634917326999926, 12.465050555000062 ], [ -13.634838890999958, 12.464796274000093 ], [ -13.634753568999884, 12.46454422 ], [ -13.634661423999887, 12.464294580000171 ], [ -13.634562522999886, 12.464047538000159 ], [ -13.634456940999939, 12.463803277000068 ], [ -13.634344753999926, 12.463561978000087 ], [ -13.634226045999924, 12.463323820000141 ], [ -13.634100904999968, 12.46308897800003 ], [ -13.633969423999929, 12.462857626000073 ], [ -13.633831698999927, 12.462629936000098 ], [ -13.633687831999907, 12.462406075000104 ], [ -13.633537930999921, 12.462186210000141 ], [ -13.633382104999839, 12.461970504000078 ], [ -13.633220470999959, 12.461759115000064 ], [ -13.633053146999885, 12.461552200000085 ], [ -13.632880257999886, 12.46134991200006 ], [ -13.632701931999975, 12.461152401000106 ], [ -13.632518298999969, 12.460959812999988 ], [ -13.632329496999944, 12.460772290000023 ], [ -13.632135664999907, 12.460589971000161 ], [ -13.631936945999882, 12.460412992000158 ], [ -13.631871743999909, 12.460356994000108 ], [ -13.631991982999921, 12.459946663000039 ], [ -13.632279283999878, 12.458984458000089 ], [ -13.632573469999897, 12.458024335000118 ], [ -13.632874527999945, 12.457066345000101 ], [ -13.633182441999907, 12.456110537000029 ], [ -13.633497194999961, 12.455156959000021 ], [ -13.633818771999927, 12.454205660000071 ], [ -13.634147155999813, 12.453256690000103 ], [ -13.634482329999912, 12.452310097 ], [ -13.634824277999883, 12.451365929000076 ], [ -13.635172980999869, 12.45042423600006 ], [ -13.635528421999879, 12.449485064000157 ], [ -13.635890581999888, 12.448548464000112 ], [ -13.636259442999972, 12.447614482000063 ], [ -13.636634985999933, 12.446683167 ], [ -13.637017191999973, 12.445754566 ], [ -13.637406039999973, 12.444828727000072 ], [ -13.637801511999839, 12.44390569799998 ], [ -13.638203585999975, 12.442985526000086 ], [ -13.638612242999955, 12.442068258 ], [ -13.639027459999909, 12.441153941000152 ], [ -13.639449217999925, 12.440242623000017 ], [ -13.639877493999904, 12.439334349000035 ], [ -13.64031226499992, 12.438429168000027 ], [ -13.640753510999843, 12.437527124000155 ], [ -13.641201207999927, 12.436628264000035 ], [ -13.64165533299996, 12.435732636000182 ], [ -13.642115862999958, 12.434840282999971 ], [ -13.642582774999937, 12.433951253000146 ], [ -13.643056043999934, 12.433065591000059 ], [ -13.643535644999929, 12.432183343000077 ], [ -13.644021555999871, 12.431304553000189 ], [ -13.644513748999941, 12.430429266000147 ], [ -13.645012200999929, 12.429557529000022 ], [ -13.645516885999882, 12.428689385000155 ], [ -13.646027776999972, 12.427824879000013 ], [ -13.646544848999952, 12.426964055000042 ], [ -13.647068074999879, 12.426106958000105 ], [ -13.64759742799987, 12.425253632000022 ], [ -13.648132880999981, 12.424404119000144 ], [ -13.648674405999941, 12.423558464999985 ], [ -13.649221975999922, 12.422716712000067 ], [ -13.649775562999878, 12.421878904000039 ], [ -13.650335136999843, 12.421045084000127 ], [ -13.650900670999931, 12.420215293000126 ], [ -13.651472135999938, 12.419389576000128 ], [ -13.652049500999908, 12.418567973999984 ], [ -13.652632737999966, 12.417750530000035 ], [ -13.653221816999917, 12.416937285000188 ], [ -13.653816705999873, 12.416128281 ], [ -13.654417376999902, 12.415323561000037 ], [ -13.655023796999899, 12.414523164000173 ], [ -13.655144993999897, 12.414364619000082 ], [ -13.655325214999891, 12.414277347000166 ], [ -13.655730195999922, 12.414075454000056 ], [ -13.656131905999928, 12.413867128000049 ], [ -13.656530242999963, 12.413652422000041 ], [ -13.656925104999914, 12.413431392000064 ], [ -13.657316392999974, 12.413204093 ], [ -13.65770400599996, 12.412970584000163 ], [ -13.658087845999944, 12.41273092300014 ], [ -13.658467815999927, 12.412485172000117 ], [ -13.65884381799998, 12.412233392000076 ], [ -13.659215757999903, 12.411975649000169 ], [ -13.659583539999971, 12.411712007000176 ], [ -13.659947071999966, 12.411442535000106 ], [ -13.660306259999913, 12.411167299000056 ], [ -13.660661012999867, 12.410886370000185 ], [ -13.661011240999869, 12.410599821000176 ], [ -13.661356855999884, 12.410307722000084 ], [ -13.661697767999954, 12.410010150000176 ], [ -13.662033891999954, 12.409707179000065 ], [ -13.662365141999828, 12.40939888600019 ], [ -13.662691432999907, 12.409085351000101 ], [ -13.663012683999909, 12.408766652000111 ], [ -13.663328810999872, 12.408442871000034 ], [ -13.663639734999947, 12.40811409000014 ], [ -13.663945375999901, 12.407780392000063 ], [ -13.66424565799997, 12.407441863000031 ], [ -13.664540501999966, 12.407098589000043 ], [ -13.664829834999921, 12.406750657000032 ], [ -13.665113583999926, 12.406398154999977 ], [ -13.665391674999967, 12.406041173000119 ], [ -13.665664036999942, 12.405679801000076 ], [ -13.665930602999936, 12.405314133 ], [ -13.666191303999938, 12.404944260000036 ], [ -13.666446072999975, 12.404570277000118 ], [ -13.666694845999928, 12.404192279000085 ], [ -13.666937559999951, 12.403810362 ], [ -13.667174152999905, 12.403424623000149 ], [ -13.66740456399998, 12.403035160000172 ], [ -13.667628735999926, 12.402642073000095 ], [ -13.667846610999959, 12.402245460000017 ], [ -13.668058132999931, 12.401845424000157 ], [ -13.668263249999939, 12.401442066000186 ], [ -13.66846190799987, 12.401035488000105 ], [ -13.668654056999969, 12.400625794000121 ], [ -13.668839648999949, 12.4002130880001 ], [ -13.669018635999919, 12.399797473999968 ], [ -13.669190972999957, 12.399379060000172 ], [ -13.669356614999913, 12.398957950000181 ], [ -13.669515520999937, 12.39853425299998 ], [ -13.669667650999884, 12.398108075000096 ], [ -13.669812964999949, 12.397679526000047 ], [ -13.669951426999944, 12.397248714000114 ], [ -13.670083000999966, 12.396815748 ], [ -13.670207653999967, 12.396380740000097 ], [ -13.670325354999875, 12.395943799000065 ], [ -13.670436072999962, 12.395505037000021 ], [ -13.670539779999956, 12.395064565000155 ], [ -13.670636449999961, 12.394622495000021 ], [ -13.6707260579999, 12.394178940000131 ], [ -13.67080858099996, 12.393734013000028 ], [ -13.670883998999898, 12.393287826000119 ], [ -13.670952292999971, 12.392840493000165 ], [ -13.671013443999982, 12.392392128000097 ], [ -13.671067437999966, 12.391942845000131 ], [ -13.671114259999968, 12.39149275800014 ], [ -13.671153898999933, 12.391041981000058 ], [ -13.671186344999967, 12.390590630000077 ], [ -13.671211588999938, 12.390138819000072 ], [ -13.67122962499991, 12.389686662000088 ], [ -13.671240448999981, 12.389234276000138 ], [ -13.671244056999967, 12.388781774000165 ], [ -13.671240448999981, 12.388329273000124 ], [ -13.67122962499991, 12.387876886000072 ], [ -13.671211588999938, 12.387424730000134 ], [ -13.671186344999967, 12.386972918000083 ], [ -13.671153898999933, 12.386521567000102 ], [ -13.671114259999968, 12.386070791000122 ], [ -13.671067437999966, 12.385620704000075 ], [ -13.671013443999982, 12.385171420000063 ], [ -13.670952292999971, 12.384723055000165 ], [ -13.670883998999898, 12.384275722000041 ], [ -13.67080858099996, 12.383829536000064 ], [ -13.6707260579999, 12.383384608000028 ], [ -13.670660492999957, 12.383056557000145 ], [ -13.670502184999918, 12.382644540000058 ], [ -13.670274050999978, 12.382067948000156 ], [ -13.67003924799991, 12.381494040000064 ], [ -13.669797806999895, 12.380922892000058 ], [ -13.669549761999917, 12.380354581 ], [ -13.669295145999968, 12.379789183000128 ], [ -13.669033992999971, 12.379226776000053 ], [ -13.668766336999909, 12.378667433000032 ], [ -13.668492215999891, 12.378111231000048 ], [ -13.668211664999944, 12.377558244000056 ], [ -13.667924721999839, 12.377008546000013 ], [ -13.66763142699989, 12.376462212000092 ], [ -13.66733181799998, 12.375919314000157 ], [ -13.667025935999902, 12.375379926000107 ], [ -13.666713820999917, 12.374844119999977 ], [ -13.666395515999966, 12.374311968000029 ], [ -13.666071063999937, 12.373783542000183 ], [ -13.665740507999942, 12.373258912000097 ], [ -13.665403891999972, 12.372738150000032 ], [ -13.665061261999881, 12.372221325000169 ], [ -13.664712663999978, 12.371708506000061 ], [ -13.664358144999881, 12.371199763000163 ], [ -13.663997751999887, 12.370695164000097 ], [ -13.663631533999876, 12.370194777000165 ], [ -13.66325953899991, 12.369698668000069 ], [ -13.662881818999949, 12.369206905000112 ], [ -13.662498422999931, 12.368719554000052 ], [ -13.662109402999874, 12.368236680000052 ], [ -13.661714811999843, 12.367758348000109 ], [ -13.66131470299996, 12.36728462200017 ], [ -13.660909128999947, 12.366815567000174 ], [ -13.660498143999973, 12.366351245000089 ], [ -13.660081804999891, 12.365891718 ], [ -13.659660165999924, 12.365437048000047 ], [ -13.65923328599996, 12.364987296000152 ], [ -13.65880121999993, 12.364542524000115 ], [ -13.658364026999948, 12.364102790000118 ], [ -13.657921765999959, 12.363668153000162 ], [ -13.657915618999823, 12.363662182000098 ], [ -13.657750438999926, 12.363488084999972 ], [ -13.657588056999884, 12.363306476000162 ], [ -13.65743115399988, 12.363120114000026 ], [ -13.657279868999979, 12.362929162 ], [ -13.657134336999945, 12.362733791000096 ], [ -13.656994685999905, 12.362534173000142 ], [ -13.656861040999956, 12.362330486000076 ], [ -13.656733518999886, 12.362122910000096 ], [ -13.656612233999965, 12.36191163 ], [ -13.656497293999962, 12.361696832 ], [ -13.656388798999956, 12.361478707000174 ], [ -13.656286847999979, 12.36125744800006 ], [ -13.656191528999898, 12.361033252000027 ], [ -13.656102927999939, 12.36080631700014 ], [ -13.656021121999913, 12.360576844999969 ], [ -13.655946184999948, 12.360345038999981 ], [ -13.65587818299997, 12.360111104999987 ], [ -13.655817175999914, 12.35987525000013 ], [ -13.65576321899988, 12.359637683000074 ], [ -13.655716358999939, 12.359398614000099 ], [ -13.655676636999942, 12.359158257000047 ], [ -13.655644089999896, 12.358916823000129 ], [ -13.655618744999913, 12.358674527000176 ], [ -13.655600625999966, 12.358431585000119 ], [ -13.655589747999954, 12.358188210000151 ], [ -13.655586119999896, 12.357944618999966 ], [ -13.655589747999954, 12.357701029000054 ], [ -13.655600625999966, 12.357457654000086 ], [ -13.655618744999913, 12.357214711000154 ], [ -13.655644089999896, 12.356972416000076 ], [ -13.655676636999942, 12.356730982000045 ], [ -13.655716358999939, 12.356490625000106 ], [ -13.65576321899988, 12.356251556000132 ], [ -13.655817175999914, 12.356013989000132 ], [ -13.65587818299997, 12.355778134000047 ], [ -13.655946184999948, 12.355544200000054 ], [ -13.656021121999913, 12.355312394000066 ], [ -13.656102927999939, 12.355082922000065 ], [ -13.656191528999898, 12.354855987000064 ], [ -13.656286847999979, 12.354631791000145 ], [ -13.656388798999956, 12.354410532000031 ], [ -13.656497293999962, 12.354192407000028 ], [ -13.656612233999965, 12.353977609000026 ], [ -13.656733518999886, 12.353766328000063 ], [ -13.656861040999956, 12.353558753000186 ], [ -13.656994685999905, 12.35335506600012 ], [ -13.657134336999945, 12.353155448000109 ], [ -13.657279868999979, 12.352960077000034 ], [ -13.65743115399988, 12.352769125000066 ], [ -13.657588056999884, 12.3525827630001 ], [ -13.657750438999926, 12.352401154000063 ], [ -13.657918155999937, 12.352224461000105 ], [ -13.658091059999947, 12.35205284 ], [ -13.658268996999936, 12.351886443000183 ], [ -13.658451808999928, 12.351725417000182 ], [ -13.658639333999929, 12.351569906 ], [ -13.658831406999923, 12.351420047000147 ], [ -13.659027855999909, 12.351275973000156 ], [ -13.659228507999899, 12.351137812000161 ], [ -13.659433183999965, 12.351005687000168 ], [ -13.659641702999977, 12.350879714000143 ], [ -13.659853880999947, 12.350760005000097 ], [ -13.660069528999941, 12.350646667000092 ], [ -13.660288455999932, 12.350539800000035 ], [ -13.660510466999938, 12.350439498000128 ], [ -13.660735366999972, 12.3503458510001 ], [ -13.660962953999956, 12.350258941 ], [ -13.661193028999833, 12.350178846000063 ], [ -13.661425386999952, 12.350105637000127 ], [ -13.661659820999887, 12.350039379000123 ], [ -13.661896123999895, 12.349980129000016 ], [ -13.66213408599998, 12.349927942000079 ], [ -13.662373495999873, 12.349882863000175 ], [ -13.662614142999928, 12.34984493200011 ], [ -13.662855811999918, 12.349814183000149 ], [ -13.662902742999961, 12.349809057000073 ], [ -13.663003770999978, 12.349750269000026 ], [ -13.663285544999951, 12.349580659000026 ], [ -13.663563537999948, 12.34940492100003 ], [ -13.663837616999956, 12.34922314 ], [ -13.664107651999927, 12.349035403000187 ], [ -13.664373511999884, 12.348841799000184 ], [ -13.664635069999974, 12.348642422000125 ], [ -13.66489220099993, 12.348437367000088 ], [ -13.66514478199997, 12.348226732000171 ], [ -13.665392690999965, 12.348010618000046 ], [ -13.665635809999969, 12.347789130000024 ], [ -13.665874021999969, 12.347562372000084 ], [ -13.666107212999918, 12.347330454000087 ], [ -13.666335270999866, 12.347093486 ], [ -13.666558086999828, 12.346851584000092 ], [ -13.666775553999969, 12.346604861000174 ], [ -13.666987567999911, 12.346353437000175 ], [ -13.667194026999937, 12.346097432000022 ], [ -13.667394832999946, 12.345836969000061 ], [ -13.667589888999942, 12.345572173000164 ], [ -13.66777910199994, 12.345303169000147 ], [ -13.667962379999949, 12.34503008900009 ], [ -13.668139636999967, 12.344753062000166 ], [ -13.668310785999893, 12.34447222 ], [ -13.668475746999945, 12.344187700000134 ], [ -13.668634439999948, 12.34389963600006 ], [ -13.66878678899991, 12.343608168000117 ], [ -13.668932720999919, 12.34331343499997 ], [ -13.669072165999921, 12.343015577000017 ], [ -13.669205056999886, 12.342714738000097 ], [ -13.669331330999967, 12.3424110630001 ], [ -13.669450925999911, 12.34210469500016 ], [ -13.669563786999902, 12.341795784000112 ], [ -13.669669857999907, 12.341484475000186 ], [ -13.669769087999953, 12.341170918999978 ], [ -13.669861430999958, 12.340855266000062 ], [ -13.669946841999888, 12.340537668000081 ], [ -13.670025279999891, 12.340218275000041 ], [ -13.67009670799996, 12.339897242 ], [ -13.670161089999965, 12.339574723000055 ], [ -13.670218396999815, 12.339250871000104 ], [ -13.670268600999975, 12.338925843000027 ], [ -13.670311676999972, 12.338599793000071 ], [ -13.67034760599995, 12.338272878000112 ], [ -13.670376369999929, 12.337945256000182 ], [ -13.670397953999839, 12.337617082 ], [ -13.670412349999879, 12.337288514000022 ], [ -13.670419549999849, 12.336959709999974 ], [ -13.670419549999849, 12.336630827000022 ], [ -13.670412349999879, 12.33630202300003 ], [ -13.670397953999839, 12.335973454999987 ], [ -13.670376369999929, 12.335645281000041 ], [ -13.67034760599995, 12.335317659000111 ], [ -13.670311676999972, 12.334990744000152 ], [ -13.670268600999975, 12.334664693999969 ], [ -13.670218396999815, 12.334339666000119 ], [ -13.670161089999965, 12.334015814000111 ], [ -13.67009670799996, 12.33369329500016 ], [ -13.670025279999891, 12.333372262000182 ], [ -13.669946841999888, 12.333052869000142 ], [ -13.669861430999958, 12.332735270000057 ], [ -13.669769087999953, 12.332419618000017 ], [ -13.669669857999907, 12.332106062000037 ], [ -13.669563786999902, 12.331794753000111 ], [ -13.669450925999911, 12.331485842000063 ], [ -13.669331330999967, 12.331179474000123 ], [ -13.669205056999886, 12.330875799000125 ], [ -13.669072165999921, 12.330574959999979 ], [ -13.668998117999934, 12.330414682000082 ], [ -13.668834270999866, 12.330221084000016 ], [ -13.668637125999965, 12.329978013000073 ], [ -13.668445646999942, 12.329730453000025 ], [ -13.668259937999949, 12.329478536000067 ], [ -13.668080096999972, 12.32922239700008 ], [ -13.667906220999896, 12.328962172000161 ], [ -13.667738400999951, 12.328698000000145 ], [ -13.667576727999915, 12.328430023000067 ], [ -13.667421287999844, 12.32815838300013 ], [ -13.66727216299995, 12.327883225000107 ], [ -13.667129433999946, 12.327604696000094 ], [ -13.666993176999938, 12.327322944000059 ], [ -13.66686346399996, 12.327038120999987 ], [ -13.666740363999963, 12.326750377 ], [ -13.666623942999934, 12.326459867000153 ], [ -13.666514262999954, 12.326166745000023 ], [ -13.666411383999957, 12.325871168 ], [ -13.666315357999906, 12.325573293000161 ], [ -13.666226238999968, 12.32527328000009 ], [ -13.666144072999941, 12.324971289000075 ], [ -13.666068904999918, 12.324667480000073 ], [ -13.666000773999883, 12.32436201600018 ], [ -13.665939715999912, 12.324055060000035 ], [ -13.665885764999871, 12.323746776000064 ], [ -13.665838948999919, 12.323437326999965 ], [ -13.665799293999839, 12.323126880000132 ], [ -13.665766818999884, 12.322815600000126 ], [ -13.665741542999967, 12.32250365200008 ], [ -13.665723478999951, 12.322191205000081 ], [ -13.665712636999956, 12.321878423000157 ], [ -13.66570902199993, 12.321565474000067 ], [ -13.665712636999956, 12.321252525000034 ], [ -13.665723478999951, 12.32093974300011 ], [ -13.665741542999967, 12.320627295000179 ], [ -13.665766818999884, 12.320315348 ], [ -13.665799293999839, 12.32000406800006 ], [ -13.665838948999919, 12.319693620000123 ], [ -13.665885764999871, 12.319384172000071 ], [ -13.665939715999912, 12.319075888000157 ], [ -13.666000773999883, 12.318768932000182 ], [ -13.666068904999918, 12.318463468000118 ], [ -13.666144072999941, 12.318159659000116 ], [ -13.666226238999968, 12.317857668000102 ], [ -13.666315357999906, 12.31755765500003 ], [ -13.666411383999957, 12.317259779999972 ], [ -13.666514262999954, 12.316964203000111 ], [ -13.666623942999934, 12.316671081000038 ], [ -13.666740363999963, 12.316380570999968 ], [ -13.66686346399996, 12.316092827000148 ], [ -13.666993176999938, 12.315808004000132 ], [ -13.667129433999946, 12.315526252000097 ], [ -13.66727216299995, 12.315247723000027 ], [ -13.667421287999844, 12.314972565 ], [ -13.667576727999915, 12.314700925000125 ], [ -13.667738400999951, 12.314432947000114 ], [ -13.667906220999896, 12.314168776000031 ], [ -13.668080096999972, 12.313908551000111 ], [ -13.668259937999949, 12.313652412000124 ], [ -13.668445646999942, 12.313400495000167 ], [ -13.668637125999965, 12.313152935000119 ], [ -13.668834270999866, 12.312909863000073 ], [ -13.669036977999951, 12.312671411000053 ], [ -13.669245138999941, 12.312437703000057 ], [ -13.669458642999928, 12.312208867000152 ], [ -13.669677374999878, 12.311985021999988 ], [ -13.669901218999939, 12.311766290000037 ], [ -13.670130055999948, 12.311552787000039 ], [ -13.670363762999955, 12.311344626000107 ], [ -13.670602215999963, 12.311141918000033 ], [ -13.670845287999896, 12.310944773000188 ], [ -13.671092847999944, 12.310753295000154 ], [ -13.671344764999844, 12.310567585000058 ], [ -13.671600903999888, 12.310387744000025 ], [ -13.671861128999922, 12.310213868000176 ], [ -13.672125299999948, 12.310046048000174 ], [ -13.672393277999902, 12.309884375000024 ], [ -13.672664917999896, 12.309728935000123 ], [ -13.672940075999918, 12.309579811000049 ], [ -13.673218604999875, 12.309437082000045 ], [ -13.67350035599992, 12.309300824000161 ], [ -13.673785179999982, 12.309171111000126 ], [ -13.674072923999972, 12.309048011000073 ], [ -13.674363433999929, 12.308931590000157 ], [ -13.674656555999945, 12.30882191000012 ], [ -13.674952132999977, 12.308719031000066 ], [ -13.675250006999931, 12.308623006000175 ], [ -13.675550019999889, 12.308533886000077 ], [ -13.675852011999893, 12.308451721000154 ], [ -13.676155819999906, 12.308376552000027 ], [ -13.67646128399997, 12.308308421 ], [ -13.67675586799993, 12.308249682000053 ], [ -13.676785849999931, 12.30824227100004 ], [ -13.677217290999977, 12.308131644000014 ], [ -13.677646884999831, 12.308014046000096 ], [ -13.67807451699997, 12.30788950699997 ], [ -13.6785000779999, 12.307758059000093 ], [ -13.678923452999925, 12.307619738000142 ], [ -13.679344533999938, 12.307474579000086 ], [ -13.67976320799994, 12.307322620000036 ], [ -13.680179366999937, 12.30716390200007 ], [ -13.680592901999944, 12.306998465000163 ], [ -13.681003702999931, 12.306826354 ], [ -13.681411662999949, 12.306647613000052 ], [ -13.681816675999869, 12.306462290000127 ], [ -13.68221863399998, 12.306270432000019 ], [ -13.682617432999962, 12.30607209100009 ], [ -13.6830129679999, 12.305867318000082 ], [ -13.68340513499993, 12.305656167000109 ], [ -13.683793831999935, 12.305438693000042 ], [ -13.684178955999926, 12.305214953000188 ], [ -13.684560405999946, 12.304985007000028 ], [ -13.684938082999963, 12.304748914000072 ], [ -13.685311886999955, 12.304506736000121 ], [ -13.685681720999924, 12.304258536000191 ], [ -13.686047486999882, 12.304004381000027 ], [ -13.68640908999987, 12.303744336000136 ], [ -13.686766433999878, 12.303478469000027 ], [ -13.687119425999867, 12.303206851000141 ], [ -13.687467973999901, 12.302929553000126 ], [ -13.687811984999882, 12.302646647000131 ], [ -13.68815137099989, 12.302358207000111 ], [ -13.688486040999976, 12.302064309000116 ], [ -13.688815907999981, 12.301765031000059 ], [ -13.689140885999961, 12.30146045000015 ], [ -13.689460888999974, 12.301150646999986 ], [ -13.689775832999942, 12.300835703000075 ], [ -13.690085635999878, 12.300515700000119 ], [ -13.690390216999958, 12.300190722000082 ], [ -13.690689494999845, 12.29986085500002 ], [ -13.690983392999897, 12.299526185000047 ], [ -13.69127183199987, 12.299186800000143 ], [ -13.691554738999912, 12.298842788000115 ], [ -13.69183203699987, 12.298494240000025 ], [ -13.692103654999869, 12.29814124800015 ], [ -13.692369521999922, 12.297783904000084 ], [ -13.692629566999869, 12.297422301000097 ], [ -13.69288372199992, 12.297056535000024 ], [ -13.693131921999964, 12.296686701000112 ], [ -13.693374099999915, 12.296312897000121 ], [ -13.693610192999927, 12.295935220000047 ], [ -13.693840138999917, 12.295553770000083 ], [ -13.694063878999884, 12.295168646000036 ], [ -13.694281352999951, 12.294779949000088 ], [ -13.696020296999848, 12.294935807000059 ], [ -13.697292991999973, 12.294262027000059 ], [ -13.698565686999871, 12.292914467000116 ], [ -13.69938919599997, 12.290893128000107 ], [ -13.699988111999971, 12.288497466000138 ], [ -13.701630759999887, 12.281715348000148 ], [ -13.703666571999918, 12.273754959000087 ], [ -13.704899428999965, 12.26988026600003 ], [ -13.707071604999953, 12.264009519000012 ], [ -13.707658679999952, 12.262600540000051 ], [ -13.708062437999956, 12.26196966800012 ], [ -13.708597998999949, 12.261132853000049 ], [ -13.71006568599995, 12.259019384000055 ], [ -13.711892015999979, 12.256584277000115 ], [ -13.714292622999949, 12.253383467000106 ], [ -13.715349357999969, 12.25203319600007 ], [ -13.717697656999917, 12.249684897000179 ], [ -13.719576295999957, 12.248393333000081 ], [ -13.72145493499994, 12.247806258000082 ], [ -13.724272892999977, 12.247454013000151 ], [ -13.729145612999901, 12.247336598000118 ], [ -13.730672006999896, 12.24804108800015 ], [ -13.731728740999927, 12.248804285000119 ], [ -13.732844182999941, 12.25003714200011 ], [ -13.734748545999935, 12.253050665000103 ], [ -13.735420116999933, 12.255033465000054 ], [ -13.737570361999929, 12.259144229000185 ], [ -13.738708727999949, 12.261104747000047 ], [ -13.743135703999883, 12.268504122000024 ], [ -13.744084341999951, 12.269895457000132 ], [ -13.746487557999956, 12.271666248000031 ], [ -13.748321590999979, 12.272867856000119 ], [ -13.75059832099987, 12.274195948000056 ], [ -13.753507476999971, 12.275587284000096 ], [ -13.755404752999937, 12.276409437000154 ], [ -13.756732845999977, 12.27685213400008 ], [ -13.758566878999829, 12.277168347000043 ], [ -13.760780366999938, 12.277231589000166 ], [ -13.762171701999932, 12.2771051040001 ], [ -13.763942492999888, 12.275903496000126 ], [ -13.764954372999966, 12.274828373999981 ], [ -13.769950531999882, 12.266859816000078 ], [ -13.771974292999914, 12.263128508000079 ], [ -13.77254347499985, 12.261547445000076 ], [ -13.77368184099987, 12.25591886 ], [ -13.77412453799991, 12.254021584999975 ], [ -13.775073175999978, 12.252819977000058 ], [ -13.776274783999952, 12.251808097000151 ], [ -13.777286663999973, 12.251555127000188 ], [ -13.778172058999871, 12.251555127000188 ], [ -13.779563394999968, 12.25174485399998 ], [ -13.781397427999934, 12.252250794000133 ], [ -13.783357945999967, 12.252567007000096 ], [ -13.78500225199997, 12.252567007000096 ], [ -13.786773041999936, 12.252567007000096 ], [ -13.788607074999959, 12.252377279000029 ], [ -13.792085413999928, 12.251871339000047 ], [ -13.795057811999982, 12.251238914000055 ], [ -13.797144814999911, 12.251049187000092 ], [ -13.79891560599998, 12.251365399000122 ], [ -13.800243698999907, 12.251934582000047 ], [ -13.801571790999958, 12.253009705000125 ], [ -13.80340582499997, 12.254780495000091 ], [ -13.80505012999987, 12.256677771 ], [ -13.806378222999967, 12.25838531900007 ], [ -13.806884162999836, 12.259460442000147 ], [ -13.806947405999892, 12.260978262000151 ], [ -13.806884162999836, 12.262369597000031 ], [ -13.80682092099994, 12.263507963000109 ], [ -13.806378222999967, 12.264393358000063 ], [ -13.805872282999871, 12.265215511000179 ], [ -13.803785279999943, 12.266606846000059 ], [ -13.80055991099988, 12.268377637000128 ], [ -13.798725877999914, 12.269326274000036 ], [ -13.797524269999883, 12.269832215000065 ], [ -13.796322661999852, 12.270780852000144 ], [ -13.795121054999981, 12.271982460000061 ], [ -13.79429890199998, 12.273057583000138 ], [ -13.793919446999951, 12.274765130999981 ], [ -13.793539991999921, 12.278686167000046 ], [ -13.793476748999922, 12.280267230000049 ], [ -13.793350263999855, 12.284314751000181 ], [ -13.793350263999855, 12.286401755000043 ], [ -13.793919446999951, 12.290196306000041 ], [ -13.795247539999878, 12.29399085700004 ], [ -13.795879964999926, 12.295255707000024 ], [ -13.796638874999815, 12.296330830000102 ], [ -13.79765075499995, 12.297026498000093 ], [ -13.79891560599998, 12.297658923000085 ], [ -13.799737757999878, 12.297722165000039 ], [ -13.800370183999974, 12.297469195000019 ], [ -13.801318820999882, 12.296520558000168 ], [ -13.802646913999979, 12.294560040000135 ], [ -13.804733916999908, 12.290512518000071 ], [ -13.806504707999977, 12.285642844000051 ], [ -13.807832800999904, 12.281911536000052 ], [ -13.809224135999898, 12.277168347000043 ], [ -13.810046288999899, 12.275144586000067 ], [ -13.81137438199994, 12.273437038000168 ], [ -13.815358660999891, 12.269516002000103 ], [ -13.818014845999926, 12.267239271000108 ], [ -13.819279696999956, 12.266037663000134 ], [ -13.82067103199995, 12.262306354999964 ], [ -13.821999124999877, 12.259270714000081 ], [ -13.822631549999926, 12.25832207600007 ], [ -13.82351694599987, 12.257816136000145 ], [ -13.824655310999958, 12.257879379000144 ], [ -13.82566719099998, 12.25857504600009 ], [ -13.826615828999877, 12.259397199000148 ], [ -13.827501223999946, 12.260535564000122 ], [ -13.827943921999974, 12.26142096000018 ], [ -13.829398499999968, 12.266543604 ], [ -13.830094166999913, 12.26919978900014 ], [ -13.830600107999942, 12.271350035000069 ], [ -13.830663349999952, 12.272931098000015 ], [ -13.830347137999979, 12.276535922000051 ], [ -13.830030924999903, 12.279887775000191 ], [ -13.83028389499998, 12.281342353000127 ], [ -13.830979562999971, 12.282860174000177 ], [ -13.831548744999907, 12.283619084000122 ], [ -13.832560625999974, 12.284061781000048 ], [ -13.834331415999941, 12.284630964000144 ], [ -13.835722751999924, 12.284694207000143 ], [ -13.837177329999975, 12.284567722000077 ], [ -13.843311853999921, 12.283872054000085 ], [ -13.851723108999977, 12.282543961000044 ], [ -13.853810111999906, 12.282101263000186 ], [ -13.855960357999948, 12.281279111 ], [ -13.862158124999894, 12.277864015000091 ], [ -13.863233246999869, 12.2771051040001 ], [ -13.864118642999927, 12.275903496000126 ], [ -13.864434854999899, 12.274891616000048 ], [ -13.86430836999989, 12.27406946300016 ], [ -13.863296489999925, 12.273247310999977 ], [ -13.860007878999966, 12.270780852000144 ], [ -13.857667905999904, 12.269136547000073 ], [ -13.8560868429999, 12.267934939000099 ], [ -13.85450577999984, 12.266543604 ], [ -13.853430656999876, 12.265152268000179 ], [ -13.852861473999951, 12.264013903000034 ], [ -13.852418776999912, 12.262306354999964 ], [ -13.852292291999902, 12.26135771700018 ], [ -13.852292291999902, 12.258891259000052 ], [ -13.852608503999875, 12.25591886 ], [ -13.853114443999914, 12.253578887000117 ], [ -13.856845752999902, 12.243017387000066 ], [ -13.85792087599998, 12.241436324000063 ], [ -13.858932755999945, 12.2411201110001 ], [ -13.86241109499997, 12.240867141000138 ], [ -13.865130522999891, 12.240677413000071 ], [ -13.868798588999823, 12.240424443000109 ], [ -13.87341529299988, 12.240361201000042 ], [ -13.875881750999952, 12.240234716000145 ], [ -13.879866029999903, 12.239665533 ], [ -13.888467011999978, 12.23833744000018 ], [ -13.893083715999921, 12.237452045 ], [ -13.898712299999886, 12.236882862000073 ], [ -13.908135435999839, 12.235934225 ], [ -13.911550531999978, 12.235934225 ], [ -13.915028869999901, 12.235744497000098 ], [ -13.916926145999923, 12.235428283999966 ], [ -13.91869693599989, 12.234795859000144 ], [ -13.920657454999855, 12.233783979000066 ], [ -13.921479606999924, 12.232519128000149 ], [ -13.921922304999953, 12.229862943 ], [ -13.922238516999926, 12.226700817000051 ], [ -13.922491487999878, 12.223601933000168 ], [ -13.923566609999966, 12.219870625000169 ], [ -13.925274157999922, 12.215380406000179 ], [ -13.926791978999916, 12.212724220000098 ], [ -13.929195194999977, 12.209119397 ], [ -13.931029227999943, 12.206905908000124 ], [ -13.934760535999942, 12.202984872000059 ], [ -13.936404841999945, 12.202099477000047 ], [ -13.937669691999872, 12.201972992000151 ], [ -13.939313997999932, 12.20235244700001 ], [ -13.94178045599989, 12.20241569000018 ], [ -13.945005823999963, 12.202225962000114 ], [ -13.948990102999915, 12.201403809000055 ], [ -13.955124626999918, 12.200581656000168 ], [ -13.956958659999941, 12.20064489900011 ], [ -13.957148387999951, 12.200138959000185 ], [ -13.956958659999941, 12.194194162000088 ], [ -13.956895417999874, 12.192676342000084 ], [ -13.956579204999912, 12.191221764000034 ], [ -13.95582029499991, 12.189261246000171 ], [ -13.955251111999814, 12.188122880000094 ], [ -13.954871656999956, 12.186478575000024 ], [ -13.956452719999959, 12.184138602000132 ], [ -13.957780812999943, 12.181988356000033 ], [ -13.958223510999971, 12.180849991000116 ], [ -13.957844055999942, 12.180027838 ], [ -13.957338114999914, 12.179268928000113 ], [ -13.956705689999978, 12.178889472000151 ], [ -13.954112746999954, 12.177371652000147 ], [ -13.948737132999952, 12.167505818999985 ], [ -13.949306315999877, 12.164723148000064 ], [ -13.949496042999954, 12.161750750000181 ], [ -13.949559285999953, 12.159726989000148 ], [ -13.948863617999962, 12.157892956000182 ], [ -13.947282554999958, 12.15473083 ], [ -13.945764734999955, 12.152770311999973 ], [ -13.941527485999927, 12.148596306000115 ], [ -13.937637915999971, 12.145059871000171 ], [ -13.934986325999887, 12.142882396000061 ], [ -13.928907333999973, 12.14262910500014 ], [ -13.923841506999963, 12.143135688000029 ], [ -13.920548718999896, 12.142122522000079 ], [ -13.912190104999922, 12.139083026000094 ], [ -13.908897317999902, 12.13806986100019 ], [ -13.90028541199996, 12.137056695000012 ], [ -13.894206419999932, 12.135790239000073 ], [ -13.88838071899994, 12.134017199000084 ], [ -13.884581348999973, 12.132750743000088 ], [ -13.881541852999931, 12.129711247000159 ], [ -13.880022104999966, 12.127431624999986 ], [ -13.88052868799997, 12.123632254000142 ], [ -13.88052868799997, 12.119326302000047 ], [ -13.88052868799997, 12.115273640000055 ], [ -13.879515522999952, 12.112487436000094 ], [ -13.875969443999907, 12.108434773999988 ], [ -13.872676655999953, 12.105141987000138 ], [ -13.865584498999965, 12.100582743000189 ], [ -13.857225884999934, 12.097036663999972 ], [ -13.845574482999893, 12.092224128000055 ], [ -13.83949549099998, 12.090704380000091 ], [ -13.835189537999952, 12.090451089000169 ], [ -13.83215004199991, 12.089691215000187 ], [ -13.821511805999876, 12.085891845000049 ], [ -13.818978892999951, 12.084118806000163 ], [ -13.815939395999976, 12.080826018000039 ], [ -13.813406482999937, 12.075253609000015 ], [ -13.812140025999952, 12.069427908000023 ], [ -13.81138015199997, 12.064615372999981 ], [ -13.811126860999934, 12.059042963000081 ], [ -13.811633443999938, 12.055496884000036 ], [ -13.810109961999842, 12.050488619000191 ], [ -13.809723992999977, 12.050461590000168 ], [ -13.809338594999872, 12.05042736900009 ], [ -13.808953901999928, 12.050385969000047 ], [ -13.808570046999876, 12.050337404000175 ], [ -13.808187164999822, 12.050281691000123 ], [ -13.807805387999963, 12.050218850000135 ], [ -13.807424848999972, 12.050148902000046 ], [ -13.807045679999874, 12.050071872000046 ], [ -13.806668012999978, 12.049987786000031 ], [ -13.806291978999866, 12.049896674000138 ], [ -13.805917708999971, 12.049798566 ], [ -13.805545333999817, 12.049693499000114 ], [ -13.805174981999926, 12.049581507000084 ], [ -13.804806781999901, 12.049462630000107 ], [ -13.804440861999979, 12.049336910000022 ], [ -13.804077349999943, 12.049204389000124 ], [ -13.80371637199994, 12.049065114000086 ], [ -13.803358052999954, 12.04891913299997 ], [ -13.803002517999914, 12.048766498000077 ], [ -13.802649889999941, 12.048607261000086 ], [ -13.802300292999973, 12.048441477000097 ], [ -13.801953845999947, 12.048269204000121 ], [ -13.801610671999867, 12.048090502999969 ], [ -13.801270888999909, 12.047905434000029 ], [ -13.80093461599995, 12.047714063000114 ], [ -13.800601967999967, 12.047516455999983 ], [ -13.800273062999963, 12.04731268200004 ], [ -13.799948013999881, 12.047102811000173 ], [ -13.799626933999946, 12.046886916000119 ], [ -13.79930993499994, 12.046665072999986 ], [ -13.798997125999961, 12.046437359000151 ], [ -13.798688617999858, 12.046203852000133 ], [ -13.798384515999942, 12.045964635000132 ], [ -13.798084926999934, 12.045719789000145 ], [ -13.797789954999928, 12.045469401 ], [ -13.797499702999971, 12.045213557000181 ], [ -13.797214269999927, 12.044952346000116 ], [ -13.796933756999977, 12.044685859000026 ], [ -13.796658260999891, 12.044414189000122 ], [ -13.796387877999905, 12.044137430000035 ], [ -13.796122701999934, 12.04385567800017 ], [ -13.795862823999926, 12.043569031000175 ], [ -13.795608335999816, 12.043277589000013 ], [ -13.795359324999879, 12.042981453000039 ], [ -13.795115878999923, 12.042680726000128 ], [ -13.794878080999979, 12.042375512999968 ], [ -13.794646014999955, 12.042065919000152 ], [ -13.794419760999972, 12.041752053000096 ], [ -13.794199397999932, 12.041434023000079 ], [ -13.793985002999875, 12.041111940000178 ], [ -13.793776648999938, 12.040785916000175 ], [ -13.789185240999927, 12.038405976000092 ], [ -13.772008687999914, 12.030182053999965 ], [ -13.76155278799996, 12.025915392000115 ], [ -13.76099827999991, 12.025866777999966 ], [ -13.76044444899992, 12.025810985000078 ], [ -13.759891385999879, 12.02574802200013 ], [ -13.759339185999977, 12.025677899000073 ], [ -13.75878794099998, 12.025600629000053 ], [ -13.758237741999949, 12.025516224000114 ], [ -13.757688683999902, 12.025424699000098 ], [ -13.757140856999968, 12.025326068000027 ], [ -13.756594352999969, 12.025220349000051 ], [ -13.756049265999877, 12.025107559000162 ], [ -13.755505684999946, 12.024987716000055 ], [ -13.754963701999941, 12.024860842000066 ], [ -13.754423407999923, 12.024726957999974 ], [ -13.753884893999953, 12.02458608500018 ], [ -13.753348250999977, 12.024438248000081 ], [ -13.752813566999862, 12.02428347100016 ], [ -13.752280932999952, 12.024121781000133 ], [ -13.751750438999977, 12.023953204000122 ], [ -13.751222172999974, 12.023777769000048 ], [ -13.75069622399991, 12.02359550500006 ], [ -13.750172680999924, 12.023406443000056 ], [ -13.749651630999892, 12.023210614000106 ], [ -13.749133160999975, 12.02300805200008 ], [ -13.748617358999923, 12.022798789999968 ], [ -13.748104310999963, 12.022582864000071 ], [ -13.747594102999926, 12.022360310000124 ], [ -13.747086820999868, 12.022131163999973 ], [ -13.74658255099996, 12.021895467000093 ], [ -13.746081375999893, 12.021653256000036 ], [ -13.745583380999904, 12.021404572999984 ], [ -13.745088648999911, 12.021149460000117 ], [ -13.744597263999935, 12.020887958000174 ], [ -13.744109306999974, 12.020620114 ], [ -13.743624861999933, 12.020345970000051 ], [ -13.743144007999945, 12.020065573000068 ], [ -13.742666826999823, 12.019778971000164 ], [ -13.742193398999973, 12.019486211000071 ], [ -13.741723803999946, 12.019187343000056 ], [ -13.741258118999951, 12.01888241600011 ], [ -13.740796423999939, 12.018571482000141 ], [ -13.740369417999887, 12.018276072000049 ], [ -13.731226336999953, 12.017722097000103 ], [ -13.722076044999937, 12.017168235000156 ], [ -13.721696077999923, 12.017186226000092 ], [ -13.721315837999896, 12.017197023000051 ], [ -13.720935462999876, 12.017200623000122 ], [ -13.720555086999923, 12.017197023000051 ], [ -13.720174846999896, 12.017186226000092 ], [ -13.719794879999938, 12.017168235000156 ], [ -13.719415321999975, 12.017143057000169 ], [ -13.719036307999943, 12.017110700999979 ], [ -13.718657973999882, 12.017071177000105 ], [ -13.718280454999956, 12.017024502000027 ], [ -13.717903887999967, 12.016970690000051 ], [ -13.717528405999872, 12.016909762000125 ], [ -13.717154144999824, 12.016841739000142 ], [ -13.716781237999953, 12.016766646 ], [ -13.716409818999978, 12.016684509000072 ], [ -13.716040020999912, 12.016595358000075 ], [ -13.715671975999953, 12.016499225000189 ], [ -13.715305815999841, 12.016396144000112 ], [ -13.714941671999895, 12.016286153000181 ], [ -13.714579674999982, 12.016169290000164 ], [ -13.714219954999976, 12.016045597000129 ], [ -13.713862639999888, 12.015915119 ], [ -13.713507856999911, 12.015777903000014 ], [ -13.713155735999919, 12.015633997 ], [ -13.712806399999977, 12.015483454000105 ], [ -13.712459975999934, 12.015326327000139 ], [ -13.712116586999912, 12.015162672000031 ], [ -13.711776356999906, 12.014992548000123 ], [ -13.711439407999933, 12.014816015 ], [ -13.711105858999872, 12.014633138000079 ], [ -13.710775830999921, 12.014443982000046 ], [ -13.710449441999913, 12.014248614000053 ], [ -13.71012680799987, 12.014047104999975 ], [ -13.709808044999875, 12.013839525000037 ], [ -13.70949326799996, 12.013625951000165 ], [ -13.709182588999909, 12.01340645800019 ], [ -13.708876118999967, 12.013181125000131 ], [ -13.708573967999882, 12.012950032999981 ], [ -13.708276244999979, 12.012713264000013 ], [ -13.707983055999932, 12.012470904000054 ], [ -13.707694504999949, 12.012223038000172 ], [ -13.707410696999943, 12.011969757000088 ], [ -13.707131732999926, 12.011711150000053 ], [ -13.70685771199993, 12.011447310000108 ], [ -13.706588733999979, 12.01117833100011 ], [ -13.706324893999977, 12.010904311 ], [ -13.706066286999885, 12.01062534700003 ], [ -13.705813004999982, 12.010341538999967 ], [ -13.705565139999976, 12.010052987999984 ], [ -13.705322778999914, 12.009759799000165 ], [ -13.705086010999878, 12.009462075000044 ], [ -13.704854917999967, 12.00915992500012 ], [ -13.704629584999964, 12.008853455000121 ], [ -13.704410092999979, 12.008542776000127 ], [ -13.70419651799989, 12.008227999000098 ], [ -13.703988938999885, 12.007909236000103 ], [ -13.703787429999977, 12.00758660200006 ], [ -13.703592061999927, 12.007260213000109 ], [ -13.703402904999962, 12.006930184999987 ], [ -13.703220027999919, 12.00659663600004 ], [ -13.703043495999907, 12.006259686000021 ], [ -13.702873371999942, 12.005919456000129 ], [ -13.702709716999891, 12.005576068000153 ], [ -13.702688917999978, 12.005531197000039 ], [ -13.702689730999964, 12.005502449000176 ], [ -13.702700578999952, 12.005262046999974 ], [ -13.702718648999848, 12.005022080000117 ], [ -13.7027439229999, 12.004782764000026 ], [ -13.702776378999829, 12.004544316000022 ], [ -13.702815987999884, 12.004306952000093 ], [ -13.702862714999867, 12.004070885000033 ], [ -13.70291651499997, 12.00383633000007 ], [ -13.70297734199994, 12.003603498000189 ], [ -13.703045139999972, 12.003372599000159 ], [ -13.703119847999915, 12.003143842000156 ], [ -13.703201397999976, 12.002917434999972 ], [ -13.703289716999848, 12.002693581000131 ], [ -13.703384724999978, 12.002472483000133 ], [ -13.703486334999866, 12.002254341000025 ], [ -13.703594456999838, 12.002039351000178 ], [ -13.703708991999974, 12.001827709000054 ], [ -13.703829836999944, 12.001619605000087 ], [ -13.703956882999876, 12.001415227000052 ], [ -13.704090013999974, 12.001214761000142 ], [ -13.704229110999961, 12.001018387000045 ], [ -13.704374048999966, 12.000826283000151 ], [ -13.704524693999872, 12.000638622000167 ], [ -13.704680912999947, 12.000455574000114 ], [ -13.704842562999886, 12.000277305000054 ], [ -13.705009498999857, 12.000103975000059 ], [ -13.705181568999876, 11.999935741 ], [ -13.705358618999981, 11.999772756000141 ], [ -13.705540486999894, 11.999615166000069 ], [ -13.705727010999965, 11.999463114000093 ], [ -13.705918019999956, 11.999316737000129 ], [ -13.70611334299997, 11.999176168000133 ], [ -13.706312802999946, 11.999041533000081 ], [ -13.706516219999912, 11.998912955000094 ], [ -13.706723409999825, 11.998790549000091 ], [ -13.706934185999955, 11.998674427000083 ], [ -13.70714835699988, 11.998564692000173 ], [ -13.707365728999946, 11.998461445000089 ], [ -13.707586106999884, 11.998364778000166 ], [ -13.707676042999935, 11.998327572000107 ], [ -13.707694210999932, 11.99826502600007 ], [ -13.708049038999889, 11.997029913000119 ], [ -13.708396950999827, 11.995792834000156 ], [ -13.708737935999977, 11.994553827000061 ], [ -13.709071982999887, 11.993312932000151 ], [ -13.70939908299988, 11.992070188000184 ], [ -13.709719223999969, 11.9908256330001 ], [ -13.710032396999964, 11.98957930600011 ], [ -13.710338591999971, 11.988331247000133 ], [ -13.710637798999869, 11.987081494000051 ], [ -13.71093000999997, 11.985830086000078 ], [ -13.711215213999935, 11.984577064000121 ], [ -13.711493402999963, 11.983322465000128 ], [ -13.711764567999921, 11.982066329000133 ], [ -13.712028700999952, 11.980808696000054 ], [ -13.712285792999978, 11.979549604000169 ], [ -13.712535836999962, 11.978289094000161 ], [ -13.71277882399994, 11.977027205000127 ], [ -13.713014747999978, 11.97576397600011 ], [ -13.713243599999828, 11.974499446000095 ], [ -13.713465372999963, 11.973233656 ], [ -13.713680060999877, 11.971966645000066 ], [ -13.713887655999827, 11.970698453000125 ], [ -13.714088152999977, 11.969429119000097 ], [ -13.714281544999892, 11.968158683000127 ], [ -13.714467824999872, 11.966887185000076 ], [ -13.714484071999948, 11.966771792000031 ], [ -13.714646988999959, 11.965614665000146 ], [ -13.714819029999887, 11.964341162000039 ], [ -13.714983943999925, 11.963066717000174 ], [ -13.71514172399992, 11.961791368000092 ], [ -13.715292365999971, 11.960515157000088 ], [ -13.71543586599995, 11.959238124000024 ], [ -13.71557221799992, 11.957960307000064 ], [ -13.71570141899997, 11.956681747000175 ], [ -13.715823463999925, 11.955402485000036 ], [ -13.715938349999931, 11.954122559000155 ], [ -13.716046072999973, 11.952842011000087 ], [ -13.716146629999969, 11.951560880000045 ], [ -13.716240016999961, 11.950279207000108 ], [ -13.716326231999972, 11.94899703100009 ], [ -13.716405271999861, 11.947714393000183 ], [ -13.716477133999945, 11.946431333000078 ], [ -13.71654181699995, 11.94514789100009 ], [ -13.716599316999918, 11.943864107000138 ], [ -13.716649633999907, 11.942580021000083 ], [ -13.716692765999937, 11.941295674000116 ], [ -13.716728710999973, 11.9400111060001 ], [ -13.716757468999958, 11.938726357000121 ], [ -13.716779036999981, 11.937441466999985 ], [ -13.716793416999906, 11.936156476000178 ], [ -13.716800606999982, 11.934871424999983 ], [ -13.716800606999982, 11.93358635400017 ], [ -13.716799932999891, 11.933379035000144 ], [ -13.716764429999898, 11.93315809700016 ], [ -13.716653410999982, 11.932437616000129 ], [ -13.716549503999886, 11.931716074000121 ], [ -13.71645271899996, 11.930993543000113 ], [ -13.716363064999939, 11.930270093000104 ], [ -13.716280550999841, 11.929545793000045 ], [ -13.716205185999911, 11.928820715000086 ], [ -13.716136975999973, 11.928094928000178 ], [ -13.716075928999942, 11.927368504000128 ], [ -13.716022048999946, 11.926641514000039 ], [ -13.715975342999968, 11.925914027000147 ], [ -13.715935814999909, 11.925186115000145 ], [ -13.715903467999908, 11.924457847999975 ], [ -13.715878305999865, 11.923729298000126 ], [ -13.715860331999977, 11.923000535000142 ], [ -13.715849546999948, 11.922271630000125 ], [ -13.715845950999949, 11.921542654 ], [ -13.715849546999948, 11.920813679 ], [ -13.715860331999977, 11.920084774000031 ], [ -13.715878305999865, 11.919356011 ], [ -13.715903467999908, 11.918627461000142 ], [ -13.715935814999909, 11.917899194000029 ], [ -13.715975342999968, 11.91717128199997 ], [ -13.716022048999946, 11.916443795000134 ], [ -13.716075928999942, 11.915716804999988 ], [ -13.716136975999973, 11.914990381000109 ], [ -13.716205185999911, 11.914264594000031 ], [ -13.716280550999841, 11.913539516000071 ], [ -13.716363064999939, 11.912815216000183 ], [ -13.71645271899996, 11.912091766000174 ], [ -13.716549503999886, 11.911369235000166 ], [ -13.716653410999982, 11.910647693000158 ], [ -13.716764429999898, 11.909927212000127 ], [ -13.71688254999998, 11.909207861000027 ], [ -13.717007758999955, 11.908489710000026 ], [ -13.717140046999816, 11.907772829000123 ], [ -13.71727939799996, 11.9070572870001 ], [ -13.717425800999933, 11.906343155000172 ], [ -13.717579239999907, 11.905630502000065 ], [ -13.71773970199996, 11.904919396000025 ], [ -13.717907168999943, 11.904209908000155 ], [ -13.71808162699989, 11.903502107000122 ], [ -13.718263056999831, 11.902796060000014 ], [ -13.718451442999935, 11.902091838000047 ], [ -13.71864676499996, 11.901389508000022 ], [ -13.718849005999971, 11.900689139000065 ], [ -13.719058144999963, 11.89999079800009 ], [ -13.719274161999977, 11.899294554000051 ], [ -13.719497034999961, 11.89860047500008 ], [ -13.719726744999946, 11.897908628000096 ], [ -13.719963265999979, 11.897219081000173 ], [ -13.720206577999875, 11.89653190000007 ], [ -13.720456655999953, 11.895847152000101 ], [ -13.720713475999958, 11.895164904000126 ], [ -13.720977012999924, 11.894485223000117 ], [ -13.721247240999901, 11.893808174000128 ], [ -13.721524133999822, 11.893133823000028 ], [ -13.721715017999884, 11.888577892000114 ], [ -13.72175128899994, 11.882631632000141 ], [ -13.720982523999965, 11.878412073000163 ], [ -13.720448561999888, 11.870087624000178 ], [ -13.71791564799986, 11.857676349000087 ], [ -13.716221487999917, 11.853122318000146 ], [ -13.716902482999956, 11.850584191 ], [ -13.714577977999909, 11.844703200000026 ], [ -13.714622860999896, 11.833866963000048 ], [ -13.714622860999896, 11.82449518300001 ], [ -13.714369569999974, 11.809804286000144 ], [ -13.714116277999892, 11.806258207000099 ], [ -13.713356560999955, 11.80324059100019 ], [ -13.713400514999933, 11.790036892999979 ], [ -13.713538682999911, 11.789884147000123 ], [ -13.713825395999891, 11.789559261000079 ], [ -13.714106670999911, 11.789229654000053 ], [ -13.714382426999975, 11.788895417000049 ], [ -13.714652590999947, 11.788556643000106 ], [ -13.7149170859999, 11.788213425000095 ], [ -13.715175838999926, 11.787865859000135 ], [ -13.715428779999968, 11.787514039000143 ], [ -13.715675837999981, 11.787158064000096 ], [ -13.715916945999936, 11.786798032000149 ], [ -13.716152034999936, 11.786434042000053 ], [ -13.716381042999899, 11.786066195000103 ], [ -13.716603903999953, 11.785694592000141 ], [ -13.716820557999938, 11.785319335999986 ], [ -13.717030944999919, 11.784940531000188 ], [ -13.717235006999942, 11.784558280999988 ], [ -13.717432685999938, 11.78417269199997 ], [ -13.717623929999945, 11.783783871000082 ], [ -13.717808683999976, 11.78339192500016 ], [ -13.717986897999879, 11.782996962000084 ], [ -13.718158522999886, 11.782599091000066 ], [ -13.718323509999948, 11.782198423000182 ], [ -13.718481815999894, 11.781795068000065 ], [ -13.718633394999927, 11.78138913700019 ], [ -13.718778205999911, 11.7809807430001 ], [ -13.718916208999872, 11.780569999000079 ], [ -13.719047364999881, 11.780157017000022 ], [ -13.719171638999967, 11.77974191200002 ], [ -13.719288996999978, 11.779324799000051 ], [ -13.719399404999876, 11.778905793000035 ], [ -13.719502832999979, 11.778485010000111 ], [ -13.719599252999899, 11.778062566000187 ], [ -13.719688638999912, 11.777638577000175 ], [ -13.719770963999963, 11.777213162000066 ], [ -13.719846206999875, 11.776786436000123 ], [ -13.719914346999929, 11.776358520000031 ], [ -13.719975364999925, 11.775929529000166 ], [ -13.720029244999921, 11.775499584000045 ], [ -13.720075969999982, 11.775068802000078 ], [ -13.720115528999884, 11.774637304000066 ], [ -13.72014790999998, 11.774205207000136 ], [ -13.720173103999969, 11.773772632000146 ], [ -13.720191105999902, 11.773339698000029 ], [ -13.720201907999922, 11.772906524000064 ], [ -13.720205508999982, 11.772473231 ], [ -13.720201907999922, 11.772039938000148 ], [ -13.720199351999895, 11.771906662000106 ], [ -13.720199023999953, 11.771894710000026 ], [ -13.720188230999952, 11.771366852000028 ], [ -13.720184632999917, 11.770838896000043 ], [ -13.720188230999952, 11.770310939000126 ], [ -13.720199023999953, 11.769783081000185 ], [ -13.720217009999942, 11.769255419000046 ], [ -13.720242186999883, 11.768728051000096 ], [ -13.720274547999907, 11.768201075000036 ], [ -13.720314088999885, 11.767674588999967 ], [ -13.720360800999913, 11.767148691000159 ], [ -13.720414676999951, 11.766623479000032 ], [ -13.720475704999956, 11.766099049 ], [ -13.720543875999965, 11.765575500000125 ], [ -13.720619174999911, 11.765052929000149 ], [ -13.720701589999976, 11.764531432000069 ], [ -13.720791104999932, 11.764011107000101 ], [ -13.720887702999903, 11.763492051000128 ], [ -13.720991365999964, 11.762974359000111 ], [ -13.721102074999976, 11.762458128000105 ], [ -13.721219809999866, 11.761943454000175 ], [ -13.721344547999877, 11.761430432000168 ], [ -13.721476265999968, 11.760919158000149 ], [ -13.717663141999935, 11.753517519000127 ], [ -13.717445924999879, 11.753235665999966 ], [ -13.717234445999964, 11.752949482000133 ], [ -13.717028790999848, 11.752659084000072 ], [ -13.71682904499994, 11.752364592000049 ], [ -13.716635288999953, 11.752066124 ], [ -13.71644760199996, 11.751763802000085 ], [ -13.716266060999885, 11.751457751000032 ], [ -13.716090739999856, 11.75114809500019 ], [ -13.715921709999975, 11.750834960000134 ], [ -13.715759039999966, 11.750518474000046 ], [ -13.715602797999964, 11.750198767000143 ], [ -13.715453045999936, 11.749875968000026 ], [ -13.715309844999979, 11.749550210000052 ], [ -13.715173254999968, 11.749221626000065 ], [ -13.715043329999958, 11.748890350000181 ], [ -13.714920123999889, 11.748556516000065 ], [ -13.714803687999961, 11.748220261000029 ], [ -13.714694067999915, 11.747881723000091 ], [ -13.714591309999946, 11.747541040000101 ], [ -13.714495454999849, 11.747198350000133 ], [ -13.714406542999939, 11.746853793000128 ], [ -13.714324608999902, 11.746507511000118 ], [ -13.714249687999938, 11.746159643999988 ], [ -13.714181808999911, 11.745810335000158 ], [ -13.714121000999967, 11.745459725000103 ], [ -13.714067288999956, 11.745107959000109 ], [ -13.714020692999895, 11.744755180000141 ], [ -13.713981233999846, 11.744401531000108 ], [ -13.713948926999933, 11.744047157000068 ], [ -13.713923785999953, 11.743692203000023 ], [ -13.713905820999912, 11.743336813000099 ], [ -13.713895038999908, 11.742981133000171 ], [ -13.713891443999955, 11.742625308000129 ], [ -13.713895038999908, 11.742269481999983 ], [ -13.713905820999912, 11.741913802000056 ], [ -13.713923785999953, 11.741558413000064 ], [ -13.713948926999933, 11.741203458000086 ], [ -13.713981233999846, 11.74084908500015 ], [ -13.714020692999895, 11.740495436000117 ], [ -13.714067288999956, 11.740142656000046 ], [ -13.714121000999967, 11.739790890000108 ], [ -13.713862779999886, 11.723632097000063 ], [ -13.713787325999874, 11.722439671000188 ], [ -13.713719050999885, 11.721246812000174 ], [ -13.713657954999917, 11.720053564000011 ], [ -13.713604041999872, 11.71885997000004 ], [ -13.713557313999956, 11.717666071999986 ], [ -13.713517771999932, 11.71647191600016 ], [ -13.713485416999958, 11.715277543000184 ], [ -13.713460250999901, 11.714082996 ], [ -13.71344227499992, 11.712888320000104 ], [ -13.713431487999912, 11.711693558000036 ], [ -13.71342789299996, 11.710498752000092 ], [ -13.713428435999845, 11.710034618000066 ], [ -13.713472387999843, 11.709909633000109 ], [ -13.713553506999972, 11.709696130000111 ], [ -13.713641325999959, 11.709485295000036 ], [ -13.713735756999938, 11.70927733700006 ], [ -13.713836704999949, 11.709072463000155 ], [ -13.713944070999958, 11.708870879000131 ], [ -13.71405774699997, 11.708672784000044 ], [ -13.714177620999919, 11.708478377000176 ], [ -13.715551132999963, 11.706333479000023 ], [ -13.716502475999903, 11.705323890000045 ], [ -13.719193556999812, 11.705219112000066 ], [ -13.720932752999829, 11.7051712170001 ], [ -13.721443555999883, 11.705232402000092 ], [ -13.721955167999965, 11.705286416000149 ], [ -13.72246748699996, 11.705333250000081 ], [ -13.72298041199997, 11.705372894 ], [ -13.723493842999972, 11.70540534100013 ], [ -13.724007677999964, 11.705430584000169 ], [ -13.724521816999982, 11.705448619000151 ], [ -13.725036157999966, 11.70545944100013 ], [ -13.725550599999906, 11.705463048000183 ], [ -13.726065041999902, 11.70545944100013 ], [ -13.726579383999933, 11.705448619000151 ], [ -13.727093521999848, 11.705430584000169 ], [ -13.727607357999887, 11.70540534100013 ], [ -13.728120787999956, 11.705372894 ], [ -13.728633712999908, 11.705333250000081 ], [ -13.72914603199996, 11.705286416000149 ], [ -13.729657643999928, 11.705232402000092 ], [ -13.730168446999869, 11.7051712170001 ], [ -13.730678342999965, 11.705102875000136 ], [ -13.731187229999875, 11.705027389000122 ], [ -13.731695007999974, 11.704944774000126 ], [ -13.732201576999898, 11.704855045000045 ], [ -13.732706837999956, 11.704758220000144 ], [ -13.733210691999886, 11.704654319000156 ], [ -13.733713038999895, 11.704543362000095 ], [ -13.734213779999948, 11.704425371000013 ], [ -13.734712817999934, 11.704300368000077 ], [ -13.735210052999946, 11.704168380000169 ], [ -13.735705387999815, 11.704029430000048 ], [ -13.736198725999941, 11.703883548000078 ], [ -13.73668996899994, 11.703730761000145 ], [ -13.737179021999964, 11.703571100000147 ], [ -13.737665786999912, 11.703404595000109 ], [ -13.738150168999937, 11.703231280000068 ], [ -13.738632071999916, 11.70305119000011 ], [ -13.739111402999981, 11.702864358000113 ], [ -13.739588065999897, 11.702670822000073 ], [ -13.740061968999953, 11.702470621000145 ], [ -13.740533015999915, 11.702263793000043 ], [ -13.740597657999956, 11.702234323000141 ], [ -13.741001116999939, 11.702050379000184 ], [ -13.741466178999929, 11.701830421000068 ], [ -13.74192810999989, 11.701603963000025 ], [ -13.742386819999922, 11.701371048 ], [ -13.742842217999964, 11.701131723 ], [ -13.743294214999935, 11.70088603500011 ], [ -13.743742721999922, 11.700634032000153 ], [ -13.744187650999891, 11.700375764000057 ], [ -13.744628912999872, 11.700111281000147 ], [ -13.745066423999958, 11.699840636000033 ], [ -13.745500094999954, 11.699563882000064 ], [ -13.745929841999953, 11.699281073000179 ], [ -13.746355580999932, 11.698992264000026 ], [ -13.746777227999928, 11.69869751300007 ], [ -13.747194698999976, 11.698396878000153 ], [ -13.747607912999911, 11.698090418000163 ], [ -13.748016788999962, 11.697778192000101 ], [ -13.748421244999975, 11.697460262999982 ], [ -13.74882120299992, 11.697136693000061 ], [ -13.749216583999953, 11.696807546000059 ], [ -13.749607309999874, 11.696472886000095 ], [ -13.74999330299994, 11.696132779000095 ], [ -13.75245181799994, 11.693912311000076 ], [ -13.752607196999918, 11.693765903000042 ], [ -13.752757513999939, 11.693614303000118 ], [ -13.752902597999935, 11.693457687000091 ], [ -13.753042278999942, 11.693296234000172 ], [ -13.753176396999947, 11.693130132000078 ], [ -13.753304797999931, 11.692959571000131 ], [ -13.753427332999934, 11.692784748000122 ], [ -13.753543860999969, 11.692605866000065 ], [ -13.753654247999975, 11.692423129000133 ], [ -13.753758365999943, 11.692236750000063 ], [ -13.753856094999946, 11.692046942 ], [ -13.753947321999874, 11.691853926000022 ], [ -13.754031941999926, 11.691657923000037 ], [ -13.754109858999982, 11.691459159000146 ], [ -13.754180979999944, 11.691257865000182 ], [ -13.75424522599991, 11.691054271000041 ], [ -13.754302520999943, 11.690848614000174 ], [ -13.754352799999936, 11.690641129000142 ], [ -13.754396003999943, 11.690432057000066 ], [ -13.754432083999916, 11.690221638000139 ], [ -13.7544609979999, 11.690010116000053 ], [ -13.754482712999959, 11.689797733000148 ], [ -13.754497202999971, 11.689584736000029 ], [ -13.755177894999974, 11.689536702000112 ], [ -13.75675299299985, 11.687897372 ], [ -13.758063741999933, 11.685089977000189 ], [ -13.758134741999868, 11.684987359000047 ], [ -13.758211535999976, 11.684889001000101 ], [ -13.758293869999875, 11.684795231000123 ], [ -13.758381468999914, 11.684706361000053 ], [ -13.758474041999875, 11.684622685000079 ], [ -13.758571282999924, 11.68454448100016 ], [ -13.758672866999973, 11.684472009000046 ], [ -13.758778457999938, 11.684405510000147 ], [ -13.758887704999893, 11.684345205 ], [ -13.759000243999878, 11.684291294000104 ], [ -13.75911570299985, 11.684243956000103 ], [ -13.759233696999843, 11.684203349000029 ], [ -13.759353834999899, 11.684169607000058 ], [ -13.759475715999884, 11.684142842000085 ], [ -13.759598937999954, 11.684123143000136 ], [ -13.759723089999909, 11.684110577000126 ], [ -13.759847758999911, 11.684105183000042 ], [ -13.759972531999949, 11.684106982000117 ], [ -13.760096993999866, 11.684115965000046 ], [ -13.76022073199988, 11.684132105000174 ], [ -13.766636748999872, 11.68515611100014 ], [ -13.764408905999915, 11.687681 ], [ -13.764475651999931, 11.687754935000044 ], [ -13.764550081999971, 11.68782681100015 ], [ -13.764629343999957, 11.687893320000057 ], [ -13.764713051999877, 11.68795413700019 ], [ -13.764800798999943, 11.688008967000144 ], [ -13.764892155999974, 11.68805754300007 ], [ -13.764986679999936, 11.688099628000089 ], [ -13.765083908999941, 11.68813501600016 ], [ -13.765183369999875, 11.688163536000047 ], [ -13.765284577999921, 11.68818504900014 ], [ -13.765387039999951, 11.688199449000081 ], [ -13.765490256999954, 11.688206666000042 ], [ -13.765593725999906, 11.688206666000042 ], [ -13.765696942999909, 11.688199449000081 ], [ -13.765799404999882, 11.68818504900014 ], [ -13.765900612999928, 11.688163536000047 ], [ -13.766000073999976, 11.68813501600016 ], [ -13.766097302999924, 11.688099628000089 ], [ -13.766191826999943, 11.68805754300007 ], [ -13.766283184999963, 11.688008967000144 ], [ -13.766370930999926, 11.68795413700019 ], [ -13.766454638999903, 11.687893320000057 ], [ -13.766533900999889, 11.68782681100015 ], [ -13.766608330999929, 11.687754935000044 ], [ -13.768567545999929, 11.685601680000161 ], [ -13.767527885999982, 11.683670883 ], [ -13.773320276999982, 11.680848948 ], [ -13.773352968999859, 11.68091787000003 ], [ -13.773395781999909, 11.68102242599997 ], [ -13.773431738999875, 11.681129535000082 ], [ -13.773460685999964, 11.681238747 ], [ -13.773482503999901, 11.681349604000047 ], [ -13.773497099999872, 11.681461640000066 ], [ -13.773504412999955, 11.681574386000023 ], [ -13.773504412999955, 11.681687369000031 ], [ -13.773497099999872, 11.681800115000101 ], [ -13.773482503999901, 11.681912152000052 ], [ -13.773460685999964, 11.682023007999987 ], [ -13.773431738999875, 11.682132220000142 ], [ -13.773395781999909, 11.682239329000026 ], [ -13.773352968999859, 11.682343886000069 ], [ -13.773303476999956, 11.682445452000138 ], [ -13.773247513999934, 11.682543602000067 ], [ -13.77318531599991, 11.682637923000186 ], [ -13.773117141999876, 11.682728021000173 ], [ -13.773043279999968, 11.68281351600001 ], [ -13.772964037999827, 11.682894052000108 ], [ -13.772879749999959, 11.682969289000027 ], [ -13.772790767999879, 11.683038912000029 ], [ -13.772697465999954, 11.683102630000178 ], [ -13.772600235999903, 11.683160174000136 ], [ -13.772499483999923, 11.683211304999986 ], [ -13.772395633999963, 11.683255806000034 ], [ -13.772289121999961, 11.683293492000132 ], [ -13.772180392999928, 11.68332420400003 ], [ -13.77206990399992, 11.683347814 ], [ -13.771958118999976, 11.683364222000137 ], [ -13.77184550599992, 11.683373360000189 ], [ -13.772274976999938, 11.685249611000074 ], [ -13.775595446999944, 11.69048577500007 ], [ -13.775666601999887, 11.690584941999987 ], [ -13.775743506999959, 11.690679720000048 ], [ -13.77582589199983, 11.690769776000025 ], [ -13.775913466999953, 11.690854793000028 ], [ -13.77600592399989, 11.690934473000084 ], [ -13.77610293999993, 11.691008536000083 ], [ -13.77620417199995, 11.691076721000115 ], [ -13.776309265999942, 11.691138790000025 ], [ -13.776417852999941, 11.691194523000092 ], [ -13.776529550999953, 11.691243726000152 ], [ -13.776643966999927, 11.691286226000102 ], [ -13.776760699999897, 11.69132187200006 ], [ -13.776879338999947, 11.69135054100019 ], [ -13.776999468999918, 11.69137213200014 ], [ -13.777120666999849, 11.691386567000166 ], [ -13.777242506999869, 11.691393798000149 ], [ -13.777364560999956, 11.691393798000149 ], [ -13.777486400999976, 11.691386567000166 ], [ -13.777607598999964, 11.69137213200014 ], [ -13.777727727999888, 11.69135054100019 ], [ -13.777846367999928, 11.69132187200006 ], [ -13.777963100999898, 11.691286226000102 ], [ -13.778077516999872, 11.691243726000152 ], [ -13.778189214999884, 11.691194523000092 ], [ -13.778297800999894, 11.691138790000025 ], [ -13.778370053999936, 11.691097026000079 ], [ -13.779855282999961, 11.68723543100009 ], [ -13.783568353999954, 11.686492817000101 ], [ -13.788618130999907, 11.690205888000094 ], [ -13.790022903999954, 11.691622912000071 ], [ -13.79328329599997, 11.692319116000135 ], [ -13.799014730999943, 11.693621914000119 ], [ -13.799308373999963, 11.698249618000034 ], [ -13.799312013999838, 11.698349213000029 ], [ -13.799308373999963, 11.69844880900007 ], [ -13.799297473999957, 11.698547873000109 ], [ -13.799105358999952, 11.699751991000085 ], [ -13.799072810999917, 11.699955169000191 ], [ -13.79903311299995, 11.700157072000081 ], [ -13.798986313999876, 11.700357447999977 ], [ -13.798932472999979, 11.700556048000067 ], [ -13.798871655999903, 11.700752624000188 ], [ -13.798803939999971, 11.700946930999976 ], [ -13.798729408999861, 11.701138727000057 ], [ -13.798648154999967, 11.70132777300006 ], [ -13.79856027999989, 11.701513834000082 ], [ -13.798465893999889, 11.701696678000133 ], [ -13.798365112999932, 11.701876077000122 ], [ -13.798258063999924, 11.702051808000022 ], [ -13.798144879999882, 11.702223651000111 ], [ -13.798025701999961, 11.702391393000141 ], [ -13.797900677999962, 11.70255482400006 ], [ -13.797769964999873, 11.702713740999968 ], [ -13.797633723999979, 11.702867946000026 ], [ -13.797492125999895, 11.703017247000048 ], [ -13.797380979999843, 11.703127377000101 ], [ -13.797299749999979, 11.703144120000161 ], [ -13.79720529399998, 11.703156707000062 ], [ -13.797110156999906, 11.703162114000065 ], [ -13.797014882999918, 11.703160310999976 ], [ -13.79692001899997, 11.703151307000155 ], [ -13.796826106999958, 11.703135155000041 ], [ -13.796733684999936, 11.703111945999979 ], [ -13.796643283999913, 11.703081815000075 ], [ -13.796555419999947, 11.703044932000125 ], [ -13.796470597999928, 11.703001511000025 ], [ -13.796389301999966, 11.702951798000072 ], [ -13.796311998999954, 11.702896080000073 ], [ -13.796239130999936, 11.702834675000076 ], [ -13.796171114999936, 11.702767935000054 ], [ -13.796108341999968, 11.702696242000059 ], [ -13.796051170999931, 11.702620007000064 ], [ -13.795999928999947, 11.702539666000064 ], [ -13.795954909999978, 11.702455681000117 ], [ -13.795916370999976, 11.702368531000047 ], [ -13.795884533999924, 11.702278716000137 ], [ -13.795859580999888, 11.70218675000018 ], [ -13.795841654999947, 11.702093161000164 ], [ -13.795830856999942, 11.701998484000057 ], [ -13.795827250999878, 11.701903261000098 ], [ -13.795830856999942, 11.701808039000184 ], [ -13.795841654999947, 11.701713360999975 ], [ -13.795859580999888, 11.701619772000186 ], [ -13.795884533999924, 11.701527807000105 ], [ -13.795916370999976, 11.701437992000024 ], [ -13.795954909999978, 11.701350842000124 ], [ -13.795999928999947, 11.701266856000075 ], [ -13.796044273999826, 11.701196580000158 ], [ -13.796065926999916, 11.701158708000037 ], [ -13.796098033999897, 11.701090824000119 ], [ -13.796123331999979, 11.701020120000123 ], [ -13.796141577999947, 11.700947277000012 ], [ -13.796152596999889, 11.700872995999987 ], [ -13.796156281999856, 11.700797993000094 ], [ -13.796152596999889, 11.700722990000031 ], [ -13.796141577999947, 11.700648709 ], [ -13.796123331999979, 11.700575866000122 ], [ -13.796098033999897, 11.700505162000127 ], [ -13.796065926999916, 11.700437278000038 ], [ -13.79602732099994, 11.700372868000045 ], [ -13.795982587999958, 11.700312552000184 ], [ -13.795932157999971, 11.70025691100011 ], [ -13.795876517999886, 11.700206482000112 ], [ -13.795816201999969, 11.700161748000141 ], [ -13.795751791999976, 11.700123143000042 ], [ -13.795683907999944, 11.700091036000174 ], [ -13.795613203999949, 11.700065738000035 ], [ -13.795540360999951, 11.700047491000021 ], [ -13.795466079999926, 11.700036473000182 ], [ -13.795391076999977, 11.700032788000101 ], [ -13.79531607399997, 11.700036473000182 ], [ -13.795241792999946, 11.700047491000021 ], [ -13.795168949999947, 11.700065738000035 ], [ -13.795098245999952, 11.700091036000174 ], [ -13.795030361999864, 11.700123143000042 ], [ -13.794965951999927, 11.700161748000141 ], [ -13.794905635999953, 11.700206482000112 ], [ -13.794849994999936, 11.70025691100011 ], [ -13.794799564999948, 11.700312552000184 ], [ -13.794754831999967, 11.700372868000045 ], [ -13.794716225999878, 11.700437278000038 ], [ -13.794684119999886, 11.700505162000127 ], [ -13.794658820999928, 11.700575866000122 ], [ -13.79464057499996, 11.700648709 ], [ -13.794629556999894, 11.700722990000031 ], [ -13.794410522999897, 11.70372146800014 ], [ -13.794420172999935, 11.703740044000085 ], [ -13.794485653999914, 11.703857060000189 ], [ -13.794557320999957, 11.703970393000077 ], [ -13.794634967999912, 11.704079715000034 ], [ -13.794718370999874, 11.704184712000085 ], [ -13.794807289999881, 11.704285080999966 ], [ -13.794901467999921, 11.70438053200013 ], [ -13.795000633999962, 11.70447079000013 ], [ -13.795104501999958, 11.704555595000159 ], [ -13.795212771999957, 11.704634703000124 ], [ -13.795325131999903, 11.704707885000118 ], [ -13.795441257999926, 11.704774931000031 ], [ -13.795560815999977, 11.704835647000039 ], [ -13.795683460999896, 11.704889857000126 ], [ -13.795808837999971, 11.704937407000102 ], [ -13.795936586999971, 11.704978158000017 ], [ -13.796066338999935, 11.705011993000085 ], [ -13.796197719999896, 11.705038814999966 ], [ -13.79633035199987, 11.705058545000043 ], [ -13.796463851999874, 11.705071128999975 ], [ -13.796597833999954, 11.705076528000177 ], [ -13.796731912999974, 11.705074728000056 ], [ -13.796865701999934, 11.705065733000083 ], [ -13.796998815999928, 11.705049570000085 ], [ -13.797130869999933, 11.705026286000134 ], [ -13.797261483999819, 11.704995946000111 ], [ -13.797390280999878, 11.704958640000029 ], [ -13.797516889999883, 11.704914474000077 ], [ -13.797529502999964, 11.70490965100015 ], [ -13.797540220999963, 11.704906550000146 ], [ -13.797659066999927, 11.704876259000059 ], [ -13.797779484999865, 11.704852995000067 ], [ -13.797901060999891, 11.704836838000062 ], [ -13.798023375999946, 11.704827843000146 ], [ -13.7981460069999, 11.704826043000139 ], [ -13.798268532999828, 11.704831443000046 ], [ -13.798390530999882, 11.704844024000124 ], [ -13.798511580999957, 11.704863743000089 ], [ -13.798631263999823, 11.704890532000093 ], [ -13.798749168999962, 11.704924299000083 ], [ -13.798864888999958, 11.704964927999981 ], [ -13.798978024999826, 11.705012278000027 ], [ -13.799088186999882, 11.705066185000135 ], [ -13.799194995999926, 11.705126465000149 ], [ -13.79929808299994, 11.705192910000051 ], [ -13.799397092999925, 11.70526529000017 ], [ -13.799491683999975, 11.705343356000071 ], [ -13.799581530999944, 11.705426838000051 ], [ -13.79966632299994, 11.705515450000064 ], [ -13.799745768999912, 11.705608885000061 ], [ -13.799819594999974, 11.705706821000035 ], [ -13.799887544999933, 11.705808922000017 ], [ -13.79994938699997, 11.705914834000112 ], [ -13.80000490599997, 11.706024193000189 ], [ -13.80005391099985, 11.706136622000145 ], [ -13.800096233999966, 11.706251733000158 ], [ -13.800131727999883, 11.706369130000041 ], [ -13.800160271999857, 11.706488407000052 ], [ -13.800181765999923, 11.706609154000148 ], [ -13.800196136999887, 11.706730954000136 ], [ -13.800203333999946, 11.706853387000024 ], [ -13.800203333999946, 11.706976032000114 ], [ -13.800202913999897, 11.706988971000044 ], [ -13.800186598999971, 11.707024821000175 ], [ -13.80012392999987, 11.707151393000174 ], [ -13.800054878999902, 11.707274599000073 ], [ -13.799979626999914, 11.707394120000117 ], [ -13.799898370999927, 11.707509642000048 ], [ -13.799811321999925, 11.707620864000035 ], [ -13.799718706999897, 11.707727496000132 ], [ -13.799620768999887, 11.707829261000143 ], [ -13.79951776199988, 11.707925892000048 ], [ -13.79940995599992, 11.708017137000013 ], [ -13.799297630999888, 11.708102758000109 ], [ -13.799181079999926, 11.70818253300007 ], [ -13.79906060899998, 11.708256252000183 ], [ -13.798936529999935, 11.708323724000081 ], [ -13.798809168999981, 11.708384772000159 ], [ -13.798678855999924, 11.708439238000039 ], [ -13.798545931999968, 11.70848697800011 ], [ -13.798410743999966, 11.708527869000022 ], [ -13.798273643999892, 11.708561804000055 ], [ -13.79813498999988, 11.708588694000184 ], [ -13.797995143999856, 11.70860847 ], [ -13.793943684999931, 11.709064290000072 ], [ -13.793861806999814, 11.709053510000103 ], [ -13.793779300999915, 11.709049908000111 ], [ -13.793696794999903, 11.709053510000103 ], [ -13.793614915999967, 11.709064290000072 ], [ -13.793534288999979, 11.709082164000165 ], [ -13.793455526999935, 11.709106998000038 ], [ -13.793379228999925, 11.709138602 ], [ -13.793305974999896, 11.709176735000085 ], [ -13.793236323999906, 11.709221108000065 ], [ -13.793170804999932, 11.709271382000168 ], [ -13.793109916999924, 11.709327175000055 ], [ -13.793054123999866, 11.709388063000119 ], [ -13.793003848999945, 11.709453582000151 ], [ -13.792959476999954, 11.709523233000141 ], [ -13.792921342999875, 11.709596487000169 ], [ -13.79288973999985, 11.709672785000066 ], [ -13.79286490599992, 11.709751548000099 ], [ -13.792847030999951, 11.709832175000088 ], [ -13.792836251999972, 11.709914053000148 ], [ -13.792832648999934, 11.709996559000047 ], [ -13.792712604999849, 11.713301408000177 ], [ -13.793571063999934, 11.714584891000072 ], [ -13.795598705999907, 11.716940002000172 ], [ -13.795609599999921, 11.716942725000138 ], [ -13.795768064999947, 11.716978367000024 ], [ -13.795927950999953, 11.71700696500011 ], [ -13.796088945999941, 11.71702846200003 ], [ -13.796250733999955, 11.717042817000049 ], [ -13.79641299899987, 11.717050002 ], [ -13.796575422999979, 11.717050002 ], [ -13.796737687999894, 11.717042817000049 ], [ -13.796899475999965, 11.71702846200003 ], [ -13.797060470999952, 11.71700696500011 ], [ -13.797220356999958, 11.716978367000024 ], [ -13.797378821999928, 11.716942725000138 ], [ -13.797535555999843, 11.716900108000061 ], [ -13.79769024999996, 11.716850601000147 ], [ -13.797842603999925, 11.716794299000071 ], [ -13.797992317999956, 11.716731313000025 ], [ -13.801514814999905, 11.715089244000126 ], [ -13.802095151999879, 11.712513926000042 ], [ -13.802601163999952, 11.710543140000027 ], [ -13.804807122999932, 11.708622723000076 ], [ -13.806886442999939, 11.707583063000186 ], [ -13.810302467999975, 11.711296134000179 ], [ -13.814461107999875, 11.706097834000104 ], [ -13.819809638999914, 11.704229065000163 ], [ -13.819910042999879, 11.704200275000062 ], [ -13.820012210999892, 11.704178558000137 ], [ -13.820115643999941, 11.704164021999986 ], [ -13.820219839999936, 11.70415673600013 ], [ -13.820324289999974, 11.70415673600013 ], [ -13.820428485999969, 11.704164021999986 ], [ -13.820531918999905, 11.704178558000137 ], [ -13.820634086999917, 11.704200275000062 ], [ -13.820734490999882, 11.704229065000163 ], [ -13.820832641999914, 11.704264789000092 ], [ -13.820928061999894, 11.70430727300004 ], [ -13.821020285999907, 11.704356309 ], [ -13.821108864999871, 11.704411659000129 ], [ -13.821193365999932, 11.704473053000072 ], [ -13.82127337999998, 11.704540193000128 ], [ -13.821348514999954, 11.704612750000024 ], [ -13.821418405999964, 11.70469037100014 ], [ -13.821482711999977, 11.704772678999973 ], [ -13.821541118999903, 11.704859272000135 ], [ -13.821593343999893, 11.704949729000077 ], [ -13.821639131999973, 11.705043608000096 ], [ -13.821678259999885, 11.705140452000137 ], [ -13.821710536999888, 11.705239790000178 ], [ -13.821735805999936, 11.705341138000051 ], [ -13.821753942999862, 11.705444001000103 ], [ -13.821764860999963, 11.705547879 ], [ -13.821768506999888, 11.70565226500014 ], [ -13.821764860999963, 11.705756652000161 ], [ -13.826768656999889, 11.715831689000026 ], [ -13.828029666999953, 11.717682163000177 ], [ -13.82951862799996, 11.71766003100015 ], [ -13.83210725899994, 11.717810407000115 ], [ -13.832187909999959, 11.717830431000039 ], [ -13.832266476999962, 11.717857505000154 ], [ -13.832342342999937, 11.717891417000089 ], [ -13.832414914999902, 11.717931901000043 ], [ -13.832483624999895, 11.717978641 ], [ -13.83254793499998, 11.718031271000143 ], [ -13.832607341999903, 11.718089378000059 ], [ -13.832661381999969, 11.718152508000117 ], [ -13.832709629999954, 11.71822016700014 ], [ -13.832751709999968, 11.718291826000097 ], [ -13.832787291999978, 11.71836692300019 ], [ -13.832816096999977, 11.718444872000134 ], [ -13.832837900999891, 11.718525061000094 ], [ -13.832852531999947, 11.718606863000161 ], [ -13.833583038999905, 11.72463982000005 ], [ -13.833586677999961, 11.724746364000168 ], [ -13.833583038999905, 11.724852908000116 ], [ -13.833572136999976, 11.724958955000091 ], [ -13.83355402299992, 11.725064011000086 ], [ -13.833528782999963, 11.725167586000055 ], [ -13.833496532999959, 11.725269196999989 ], [ -13.833457423999903, 11.725368370000126 ], [ -13.833411637999973, 11.725464644000112 ], [ -13.833359389999885, 11.72555756800017 ], [ -13.833300920999932, 11.725646710000035 ], [ -13.833236505999935, 11.725731654000185 ], [ -13.833166443999914, 11.725812005000137 ], [ -13.83309106199988, 11.725887387000171 ], [ -13.833010711999975, 11.725957449000077 ], [ -13.832925767999882, 11.726021864000188 ], [ -13.83283662499997, 11.726080332000038 ], [ -13.832743700999913, 11.726132581 ], [ -13.832647427999973, 11.72617836600017 ], [ -13.831474725999897, 11.726718242000061 ], [ -13.831243943999937, 11.726816771000131 ], [ -13.831010418999938, 11.726908608000031 ], [ -13.830774342999973, 11.726993677000053 ], [ -13.830535913999938, 11.727071908000028 ], [ -13.830295329999956, 11.727143234999971 ], [ -13.830052789999968, 11.727207599000167 ], [ -13.829808495999885, 11.727264947000094 ], [ -13.82956265099989, 11.72731523200008 ], [ -13.829315458999872, 11.727358410000136 ], [ -13.829067125999927, 11.727394447000165 ], [ -13.828817855999887, 11.727423313000088 ], [ -13.828567858999918, 11.727444983000055 ], [ -13.828317340999888, 11.727459440000132 ], [ -13.828066509999928, 11.727466672 ], [ -13.827815574999931, 11.727466672 ], [ -13.827703405999898, 11.727464332000181 ], [ -13.827624905999869, 11.72745813500012 ], [ -13.827444947999936, 11.727449125000078 ], [ -13.827264771999921, 11.727447321999989 ], [ -13.82708466899993, 11.727452730000095 ], [ -13.826904925999884, 11.727465339000162 ], [ -13.826725831999909, 11.727485129 ], [ -13.826547672999936, 11.727512069000113 ], [ -13.826370734999955, 11.727546115000109 ], [ -13.826195299999881, 11.727587214000039 ], [ -13.826021649999916, 11.727635299000042 ], [ -13.825850062999848, 11.727690292000034 ], [ -13.825680813999952, 11.727752107000072 ], [ -13.825514172999931, 11.72782064400019 ], [ -13.825350407999963, 11.727895793000073 ], [ -13.825189780999949, 11.727977435000071 ], [ -13.823875166999869, 11.728680633000181 ], [ -13.823793781999882, 11.728729017000092 ], [ -13.823716339999976, 11.728783488999966 ], [ -13.823643293999964, 11.728843729000175 ], [ -13.823575074999894, 11.72890938400019 ], [ -13.823512080999933, 11.728980068000169 ], [ -13.823454682999966, 11.729055367000115 ], [ -13.823403216999964, 11.729134839000096 ], [ -13.823357985999962, 11.729218018000154 ], [ -13.823319254999944, 11.729304415000115 ], [ -13.823287250999897, 11.729393523 ], [ -13.823262162999868, 11.729484819000106 ], [ -13.823244135999971, 11.72957776800007 ], [ -13.823233277999975, 11.729671825000139 ], [ -13.823229650999906, 11.729766436000034 ], [ -13.823233277999975, 11.729861048000032 ], [ -13.82366358399986, 11.733761701000105 ], [ -13.82366937199987, 11.733773128999985 ], [ -13.823735835999969, 11.733895540000105 ], [ -13.823808614999962, 11.734014305000073 ], [ -13.823887510999896, 11.734129098000039 ], [ -13.823972304999927, 11.734239605000027 ], [ -13.824062767999919, 11.734345522000012 ], [ -13.824158648999969, 11.734446560000038 ], [ -13.824259686999881, 11.734542441000087 ], [ -13.827346950999981, 11.737361895000106 ], [ -13.828355152999904, 11.736834556000076 ], [ -13.831030317999932, 11.736886622000156 ], [ -13.831386772999906, 11.740926444000081 ], [ -13.831389848999891, 11.740930623000168 ], [ -13.831440717999953, 11.74099314900019 ], [ -13.831497061999812, 11.741050791000134 ], [ -13.831558414999904, 11.741103070000122 ], [ -13.831624266999938, 11.74114955400006 ], [ -13.831694072999937, 11.741189857000109 ], [ -13.831767254999875, 11.741223644000172 ], [ -13.841588785999932, 11.745163296000158 ], [ -13.84173571499997, 11.745193669000116 ], [ -13.841883930999927, 11.745216961999972 ], [ -13.842033092999884, 11.745233122000059 ], [ -13.842182858999934, 11.745242112000085 ], [ -13.842332882999926, 11.745243911000159 ], [ -13.842482820999976, 11.745238515000096 ], [ -13.842632327999922, 11.745225936 ], [ -13.842781059999879, 11.745206204000169 ], [ -13.842928674999939, 11.74517936400008 ], [ -13.843074833999935, 11.745145477 ], [ -13.843219198999975, 11.745104621 ], [ -13.843361439999967, 11.745056891000161 ], [ -13.84350122799998, 11.745002396000189 ], [ -13.843638243999919, 11.744941262000111 ], [ -13.843772169999909, 11.744873629000097 ], [ -13.843902699999944, 11.744799652000097 ], [ -13.844029532999969, 11.744719502 ], [ -13.844152376999943, 11.744633364000038 ], [ -13.84553208799997, 11.74364217699997 ], [ -13.845715667999968, 11.743504342000051 ], [ -13.854681054999958, 11.745957266000119 ], [ -13.860991499999898, 11.737742144000038 ], [ -13.863563376999934, 11.729052159 ], [ -13.863447193999889, 11.729115034000131 ], [ -13.863327722999941, 11.729171414 ], [ -13.863205327999935, 11.72922112700013 ], [ -13.863080379999928, 11.72926402100012 ], [ -13.86295325899988, 11.729299968000021 ], [ -13.862824349999869, 11.729328857000155 ], [ -13.862694045999945, 11.729350601000021 ], [ -13.862562741999966, 11.729365133000158 ], [ -13.862430836999977, 11.729372411000043 ], [ -13.862298730999896, 11.729372411000043 ], [ -13.862166825999907, 11.729365133000158 ], [ -13.862035521999871, 11.729350601000021 ], [ -13.861905217999947, 11.729328857000155 ], [ -13.861776309999925, 11.729299968000021 ], [ -13.861649188999877, 11.72926402100012 ], [ -13.861524240999927, 11.72922112700013 ], [ -13.861401845999922, 11.729171414 ], [ -13.861282374999917, 11.729115034000131 ], [ -13.861166190999882, 11.729052159 ], [ -13.861053647999825, 11.728982979000136 ], [ -13.860945085999901, 11.728907704000051 ], [ -13.860840835999966, 11.728826562999984 ], [ -13.860741213999972, 11.728739802000177 ], [ -13.860646522999957, 11.728647685000112 ], [ -13.860557049999954, 11.728550492000181 ], [ -13.860473067999919, 11.728448517000174 ], [ -13.860394829999848, 11.728342071000043 ], [ -13.860322574999884, 11.728231476000076 ], [ -13.859849560999919, 11.727466812000046 ], [ -13.859749609999938, 11.727296100000103 ], [ -13.859655959999884, 11.727121852000096 ], [ -13.859568736999961, 11.726944299000024 ], [ -13.859488055999975, 11.72676368000009 ], [ -13.859414025999968, 11.726580234000039 ], [ -13.859346743999879, 11.726394207000169 ], [ -13.859286301999873, 11.726205847000074 ], [ -13.859232779999957, 11.726015405000112 ], [ -13.859186247999958, 11.725823134999985 ], [ -13.859146769999882, 11.725629294000044 ], [ -13.859114397999974, 11.725434141000164 ], [ -13.859089173999905, 11.725237935000052 ], [ -13.859071132999929, 11.72504093900011 ], [ -13.859060298999907, 11.724843416000056 ], [ -13.859056685999974, 11.724645629000122 ], [ -13.859060298999907, 11.724447842000188 ], [ -13.859071132999929, 11.724250317999974 ], [ -13.859089173999905, 11.724053322000032 ], [ -13.859114397999974, 11.723857117000023 ], [ -13.859146769999882, 11.723661964000144 ], [ -13.859186247999958, 11.723468123000032 ], [ -13.859232779999957, 11.723275853000075 ], [ -13.859286301999873, 11.72308541100017 ], [ -13.859346743999879, 11.722897051000189 ], [ -13.859414025999968, 11.722711023999977 ], [ -13.859488055999975, 11.722527578000097 ], [ -13.859568736999961, 11.72234695800006 ], [ -13.859655959999884, 11.722169406000091 ], [ -13.859689287999913, 11.722105627000076 ], [ -13.854698919999919, 11.719729261999987 ], [ -13.851966099999913, 11.723412629000052 ], [ -13.851015553999957, 11.727571268000133 ], [ -13.851018610999972, 11.727633413000035 ], [ -13.851018610999972, 11.727746760000116 ], [ -13.851011421999885, 11.727859879000107 ], [ -13.850997072999974, 11.727972314000112 ], [ -13.850975621999964, 11.728083612000091 ], [ -13.850947154999915, 11.72819332600011 ], [ -13.850911786999916, 11.728301014000124 ], [ -13.850869659999887, 11.728406241000016 ], [ -13.850820943999963, 11.728508585000156 ], [ -13.850765834999947, 11.728607633000024 ], [ -13.850704555999926, 11.728702985999973 ], [ -13.850637350999932, 11.728794261000189 ], [ -13.850564492999979, 11.728881090000129 ], [ -13.85048627499998, 11.728963123000085 ], [ -13.850403011999902, 11.729040029999965 ], [ -13.850315037999906, 11.729111501000148 ], [ -13.850222707999933, 11.729177248000155 ], [ -13.850126394999961, 11.729237008000098 ], [ -13.850026484999944, 11.7292905380001 ], [ -13.84992338099994, 11.729337624000095 ], [ -13.849817497999879, 11.729378076000046 ], [ -13.849709262999966, 11.729411731000084 ], [ -13.849599110999918, 11.729438454000103 ], [ -13.84948748599993, 11.729458136000119 ], [ -13.84937483799996, 11.729470699 ], [ -13.849261619999879, 11.729476092000027 ], [ -13.849148286999934, 11.729474294000056 ], [ -13.849114460999886, 11.729472361000148 ], [ -13.848885461999942, 11.729095917000052 ], [ -13.848477743999979, 11.72841491500003 ], [ -13.848076216999971, 11.727730244000156 ], [ -13.847680913999852, 11.727041962000044 ], [ -13.8472918679999, 11.726350123000088 ], [ -13.846909110999945, 11.725654786 ], [ -13.846532672999956, 11.724956007 ], [ -13.846162585999878, 11.724253844000089 ], [ -13.845798880999894, 11.723548354000172 ], [ -13.845441586999925, 11.722839596000142 ], [ -13.845431093999935, 11.72281853700008 ], [ -13.846500458999969, 11.718659897000066 ], [ -13.849470915999973, 11.720442171000116 ], [ -13.850302643999953, 11.717946987000062 ], [ -13.847055588999979, 11.715553502000034 ], [ -13.851847281999881, 11.712481346 ], [ -13.851253189999909, 11.709510889000171 ], [ -13.856481194999958, 11.704758158000118 ], [ -13.856484848999969, 11.704701459000148 ], [ -13.856484848999969, 11.704609624999989 ], [ -13.856477552999934, 11.704518083000096 ], [ -13.856463006999945, 11.704427409 ], [ -13.85644130299994, 11.704338177000125 ], [ -13.856412577999947, 11.704250952000109 ], [ -13.856377012999928, 11.704166285000099 ], [ -13.856334834999927, 11.704084712 ], [ -13.856286307999881, 11.704006747000051 ], [ -13.856231740999931, 11.703932884000039 ], [ -13.856171476999975, 11.703863590000026 ], [ -13.856105898999886, 11.703799303000096 ], [ -13.856035420999945, 11.70374042900005 ], [ -13.855960486999948, 11.703687341000091 ], [ -13.855881572999976, 11.703640374000031 ], [ -13.855799176999938, 11.703599826000016 ], [ -13.855713819999949, 11.703565952000076 ], [ -13.856124739999927, 11.699530153000183 ], [ -13.858786268999893, 11.687161170000024 ], [ -13.858820334999962, 11.687097182000059 ], [ -13.858886213999881, 11.686985502000084 ], [ -13.858958249999887, 11.686877692000053 ], [ -13.859036217999972, 11.686774091000075 ], [ -13.859119872999941, 11.686675024000124 ], [ -13.859208949999982, 11.686580803000084 ], [ -13.859303170999851, 11.686491726000099 ], [ -13.859402237999973, 11.686408071000187 ], [ -13.859505838999837, 11.686330103000103 ], [ -13.859613648999982, 11.68625806700004 ], [ -13.859725328999957, 11.686192189000053 ], [ -13.859840526999903, 11.686132676000057 ], [ -13.859958880999841, 11.686079716000108 ], [ -13.860080016999916, 11.686033475999977 ], [ -13.860203555999931, 11.68599410000013 ], [ -13.860329108999906, 11.685961714000086 ], [ -13.860456279999937, 11.685936418000153 ], [ -13.860584668999934, 11.685918292000053 ], [ -13.860713871999963, 11.685907394000026 ], [ -13.860843483999929, 11.685903758000109 ], [ -13.860973094999906, 11.685907394000026 ], [ -13.861102297999935, 11.685918292000053 ], [ -13.861230687999978, 11.685936418000153 ], [ -13.861357857999963, 11.685961714000086 ], [ -13.861483410999938, 11.68599410000013 ], [ -13.861606949999953, 11.686033475999977 ], [ -13.86172808699996, 11.686079716000108 ], [ -13.861846439999965, 11.686132676000057 ], [ -13.861961637999968, 11.686192189000053 ], [ -13.861994362999951, 11.686210624000068 ], [ -13.862022040999932, 11.686230807000072 ], [ -13.862141403999942, 11.68632334800003 ], [ -13.862256191999847, 11.686421506000158 ], [ -13.862366140999882, 11.686525053000082 ], [ -13.862470999999857, 11.686633754000127 ], [ -13.862570526999832, 11.686747357000172 ], [ -13.862664491999965, 11.68686560000009 ], [ -13.862752679999971, 11.68698821400011 ], [ -13.86482660199988, 11.685695929000076 ], [ -13.865982752999969, 11.680915207999988 ], [ -13.866747093999891, 11.674209977000032 ], [ -13.867935276999958, 11.673021794000078 ], [ -13.870905733999905, 11.667912608000108 ], [ -13.868885823999847, 11.663991604000046 ], [ -13.886101096999937, 11.664668348000077 ], [ -13.894206419999932, 11.664668348000077 ], [ -13.89851237299996, 11.664415057000156 ], [ -13.902311742999927, 11.665681514000084 ], [ -13.90636440399993, 11.667707845000109 ], [ -13.913963144999911, 11.672267089000059 ], [ -13.917002640999954, 11.674293419000037 ], [ -13.920295427999918, 11.676573040999983 ], [ -13.922828340999956, 11.677586207000161 ], [ -13.926627711999913, 11.677586207000161 ], [ -13.929667207999955, 11.676066459000026 ], [ -13.934986325999887, 11.671000632000187 ], [ -13.938532403999943, 11.665174930999967 ], [ -13.941571900999975, 11.660109104000128 ], [ -13.944743235999908, 11.656170453000129 ], [ -13.945255568999926, 11.655998681000142 ], [ -13.945770146999962, 11.655833758000085 ], [ -13.946286879999832, 11.655675714000154 ], [ -13.94680567499995, 11.655524577000165 ], [ -13.94732643999987, 11.655380375000107 ], [ -13.947849081999948, 11.655243132000066 ], [ -13.948373508999907, 11.655112873 ], [ -13.9488996259999, 11.654989621000141 ], [ -13.949427340999875, 11.654873398000177 ], [ -13.949956558999872, 11.654764226000054 ], [ -13.950487186999908, 11.654662123000037 ], [ -13.951019128999974, 11.654567107000162 ], [ -13.951552291999917, 11.654479196000068 ], [ -13.952086578999968, 11.654398404000119 ], [ -13.952621896999972, 11.654324748000079 ], [ -13.953158149999922, 11.654258238000068 ], [ -13.95369524299997, 11.654198888000167 ], [ -13.954233078999948, 11.654146708000098 ], [ -13.954771562999838, 11.654101708000098 ], [ -13.955310599999962, 11.654063893999989 ], [ -13.967892395999911, 11.651087029000166 ], [ -13.969831130999921, 11.650533432000088 ], [ -13.97177182799993, 11.649986753000064 ], [ -13.973714461999975, 11.649446996999984 ], [ -13.975659007999923, 11.648914173000151 ], [ -13.97760544099998, 11.648388285000181 ], [ -13.979553737999879, 11.647869342000092 ], [ -13.981503872999951, 11.64735735000005 ], [ -13.98345582099995, 11.646852315000103 ], [ -13.985409557999958, 11.646354244000179 ], [ -13.987365057999966, 11.645863142000053 ], [ -13.987518547999969, 11.645824909000169 ], [ -13.987842894999972, 11.645818476000045 ], [ -13.988240209999958, 11.645804039000041 ], [ -13.988637197999935, 11.645782391000182 ], [ -13.989033726999878, 11.645753537000132 ], [ -13.989429666999968, 11.645717487000127 ], [ -13.989824886999884, 11.645674254000028 ], [ -13.990219255999932, 11.645623852000142 ], [ -13.990612645999875, 11.64556629599997 ], [ -13.991004924999913, 11.645501607000028 ], [ -13.991395964999867, 11.645429805000163 ], [ -13.991785636999964, 11.645350914000119 ], [ -13.992173811999919, 11.645264960000077 ], [ -13.992560361999949, 11.645171972000071 ], [ -13.992945159999977, 11.645071980000125 ], [ -13.993328078999923, 11.644965018000164 ], [ -13.993708991999938, 11.644851119000066 ], [ -13.994087774999912, 11.644730323000033 ], [ -13.99446430099988, 11.644602668 ], [ -13.994838447999939, 11.644468196999981 ], [ -13.995210089999944, 11.644326955000054 ], [ -13.995579106999969, 11.644178987000032 ], [ -13.995945375999952, 11.644024343000012 ], [ -13.996308776999911, 11.643863073000034 ], [ -13.996669188999817, 11.643695232000084 ], [ -13.997026493999954, 11.643520873000114 ], [ -13.997308872999895, 11.643377327000167 ], [ -13.997421495999959, 11.643380356000137 ], [ -13.997781240999814, 11.643394760999968 ], [ -13.998140625999952, 11.643416361 ], [ -13.998499506999906, 11.643445147000079 ], [ -13.998857739999949, 11.643481109000049 ], [ -13.999215181999887, 11.643524231000072 ], [ -13.999571688999879, 11.643574497000145 ], [ -13.999927119999882, 11.643631885000048 ], [ -14.000281330999883, 11.643696374000172 ], [ -14.000634179999963, 11.643767938000053 ], [ -14.000985527999887, 11.643846547000066 ], [ -14.001335230999871, 11.643932171000074 ], [ -14.001683151999885, 11.644024774000172 ], [ -14.002029149999942, 11.644124321000163 ], [ -14.002373086999967, 11.644230770000149 ], [ -14.002714825999874, 11.64434408000011 ], [ -14.003054227999826, 11.64446420500019 ], [ -14.003391158999818, 11.644591097000045 ], [ -14.003725483999858, 11.644724705999977 ], [ -14.004057068999941, 11.644864977000111 ], [ -14.00438577999995, 11.645011854000131 ], [ -14.004711486999895, 11.645165279000139 ], [ -14.005034058999968, 11.64532519100004 ], [ -14.005353365999895, 11.645491525000125 ], [ -14.005467476999911, 11.645552955000028 ], [ -14.005723003999947, 11.645700905000012 ], [ -14.006528203999949, 11.646161633000133 ], [ -14.007336952999879, 11.646616100000188 ], [ -14.008149203999949, 11.647064281000041 ], [ -14.008964905999846, 11.647506148000105 ], [ -14.009784011999955, 11.647941674000037 ], [ -14.01060647099996, 11.648370833000115 ], [ -14.011432233999869, 11.648793600000033 ], [ -14.012261251999917, 11.649209948000191 ], [ -14.013093473999959, 11.64961985399998 ], [ -14.013928851999935, 11.650023291000082 ], [ -14.014767332999952, 11.650420236000173 ], [ -14.015608867999958, 11.650810666000098 ], [ -14.016453406999858, 11.651194555000188 ], [ -14.017300897999974, 11.651571883000145 ], [ -14.018151289999935, 11.651942625000061 ], [ -14.019004532999816, 11.652306759 ], [ -14.024944132999906, 11.653099058000123 ], [ -14.025419197999952, 11.653075663000038 ], [ -14.025894562999952, 11.653059463000091 ], [ -14.026370118999978, 11.653050462000181 ], [ -14.026845755999943, 11.653048662 ], [ -14.027321366999956, 11.653054063000013 ], [ -14.027796839999951, 11.653066664000107 ], [ -14.028272068999854, 11.653086462000147 ], [ -14.028746942999874, 11.653113452000071 ], [ -14.029221354999947, 11.653147629000102 ], [ -14.029695193999828, 11.65318898400011 ], [ -14.030168352999965, 11.653237508000188 ], [ -14.030640723999966, 11.65329319000017 ], [ -14.031112196999914, 11.653356017000135 ], [ -14.03158266499986, 11.653425975000061 ], [ -14.032052019999981, 11.653503048000118 ], [ -14.032520153999883, 11.653587217999984 ], [ -14.03298695999996, 11.653678464999984 ], [ -14.033452330999921, 11.65377676900016 ], [ -14.033916160999922, 11.653882108000062 ], [ -14.034378342999958, 11.653994456000135 ], [ -14.034838770999954, 11.654113789000121 ], [ -14.035297338999897, 11.65424007900009 ], [ -14.035753942999918, 11.65437329700012 ], [ -14.036208477999878, 11.654513413000132 ], [ -14.036660838999921, 11.654660394000132 ], [ -14.037068469999895, 11.654799373 ], [ -14.037125606999894, 11.654835763 ], [ -14.037272358999871, 11.654923263000114 ], [ -14.037422667999977, 11.655004499000086 ], [ -14.037576268999885, 11.655079326000191 ], [ -14.037732886999891, 11.655147611000075 ], [ -14.03789224499991, 11.655209233000164 ], [ -14.038054058999819, 11.655264082000031 ], [ -14.038218041999869, 11.655312061000132 ], [ -14.038383900999918, 11.655353084000069 ], [ -14.038551341999948, 11.65538707900015 ], [ -14.038720067999861, 11.655413985000052 ], [ -14.038889776999952, 11.655433754 ], [ -14.039060169999914, 11.65544635100008 ], [ -14.039230940999914, 11.655451754000069 ], [ -14.039401788999953, 11.655449953000186 ], [ -14.039572408999959, 11.655440951000173 ], [ -14.039742497999896, 11.655424764000145 ], [ -14.039911752999956, 11.655401421000079 ], [ -14.0400798739999, 11.655370964000156 ], [ -14.040246560999947, 11.655333447000146 ], [ -14.040411518999917, 11.65528893600009 ], [ -14.040574452999977, 11.65523751000012 ], [ -14.040735074999873, 11.655179262000104 ], [ -14.04089309799997, 11.655114294000043 ], [ -14.041048241999931, 11.655042722000189 ], [ -14.041200230999891, 11.654964673 ], [ -14.04134879399993, 11.65488028700014 ], [ -14.04149366799993, 11.654789712000024 ], [ -14.041634594999948, 11.654693111000086 ], [ -14.041771323999967, 11.65459065400006 ], [ -14.041903612999931, 11.654482525000105 ], [ -14.042031224999903, 11.654368915000077 ], [ -14.042153934999931, 11.654250026000113 ], [ -14.042271522999897, 11.654126070000189 ], [ -14.042383781999945, 11.653997267000079 ], [ -14.042490510999812, 11.653863846000149 ], [ -14.042591519999974, 11.653726044000109 ], [ -14.042686629999935, 11.653584107000029 ], [ -14.042775672999937, 11.653438286000096 ], [ -14.042858487999979, 11.653288841000062 ], [ -14.042934929999888, 11.653136038000127 ], [ -14.043004862999908, 11.65298014800004 ], [ -14.043068160999894, 11.652821449000157 ], [ -14.043124712999884, 11.652660222 ], [ -14.043174417999978, 11.652496754000026 ], [ -14.043217187999971, 11.652331337000078 ], [ -14.043252945999939, 11.652164263000145 ], [ -14.043780416999937, 11.649317126000028 ], [ -14.043848523999884, 11.648930872 ], [ -14.043909522999968, 11.648543433000043 ], [ -14.043963394999821, 11.648154939000051 ], [ -14.044010120999928, 11.647765520000064 ], [ -14.044049684999948, 11.647375308999983 ], [ -14.04408207299997, 11.646984436000082 ], [ -14.044107275999977, 11.646593035000137 ], [ -14.044125283999961, 11.646201237000014 ], [ -14.044136090999871, 11.645809174000021 ], [ -14.04413969299992, 11.645416979000174 ], [ -14.044139259999895, 11.645281002 ], [ -14.044282255999974, 11.645264688000054 ], [ -14.044536756999833, 11.645241318000103 ], [ -14.044791814999883, 11.645225127000117 ], [ -14.045047227999873, 11.645216128000129 ], [ -14.045302792999962, 11.645214327000076 ], [ -14.045558306999965, 11.645219728000086 ], [ -14.045813567999971, 11.645232324000062 ], [ -14.046068371999979, 11.645252107000033 ], [ -14.046322517999954, 11.64527906 ], [ -14.046575803999872, 11.645313161999979 ], [ -14.046828028999869, 11.645354387000111 ], [ -14.047078991999854, 11.645402700000147 ], [ -14.047328494999874, 11.645458065000184 ], [ -14.047576337999885, 11.645520436000083 ], [ -14.047822326999892, 11.645589766000171 ], [ -14.048066263999829, 11.645665997000151 ], [ -14.048307956999906, 11.645749071000125 ], [ -14.048547213999939, 11.645838920000187 ], [ -14.048783843999956, 11.645935474000169 ], [ -14.049017660999937, 11.646038655999973 ], [ -14.049248477999924, 11.646148385000117 ], [ -14.049476111999866, 11.646264572 ], [ -14.049700381999855, 11.646387126000036 ], [ -14.04992111099989, 11.646515950000037 ], [ -14.05013812299984, 11.646650941000132 ], [ -14.052674888999945, 11.647453198000164 ], [ -14.055193550999945, 11.648006962000125 ], [ -14.05730297599996, 11.647865555000067 ], [ -14.059749810999904, 11.646980067000186 ], [ -14.061723591999964, 11.645287194000161 ], [ -14.06187922099997, 11.644993648000025 ], [ -14.062041171999965, 11.644703541000126 ], [ -14.062209370999938, 11.644417012000133 ], [ -14.062383736999891, 11.644134194000173 ], [ -14.062564189999819, 11.643855219999978 ], [ -14.062750643999948, 11.64358022000016 ], [ -14.062943011999891, 11.643309325000018 ], [ -14.063141203999976, 11.643042660000106 ], [ -14.063345126999934, 11.642780352000045 ], [ -14.063554683999882, 11.642522524000015 ], [ -14.063769777999937, 11.642269296000052 ], [ -14.06399030699987, 11.642020786999979 ], [ -14.064216168999906, 11.641777113999979 ], [ -14.064447255999937, 11.641538392000143 ], [ -14.064683460999845, 11.641304731999981 ], [ -14.064924672999894, 11.641076244000089 ], [ -14.065537075999941, 11.640505968000184 ], [ -14.065538190999973, 11.640504930000077 ], [ -14.069191147999959, 11.637103257999968 ], [ -14.069423587999893, 11.63689622600009 ], [ -14.08163618899988, 11.626157649000049 ], [ -14.081734573999938, 11.626071965000051 ], [ -14.081837529999973, 11.625991832000068 ], [ -14.081944743999941, 11.625917491000052 ], [ -14.082055889999879, 11.625849169999981 ], [ -14.082170631999873, 11.625787075000119 ], [ -14.082288619999872, 11.625731395000116 ], [ -14.082409494999922, 11.625682299000118 ], [ -14.082532891999847, 11.625639937000187 ], [ -14.082658435999917, 11.625604437000106 ], [ -14.082785743999978, 11.625575906000108 ], [ -14.08291442999996, 11.625554433000048 ], [ -14.083044103999953, 11.625540080000178 ], [ -14.083174371999974, 11.625532893000013 ], [ -14.083304837999947, 11.625532893000013 ], [ -14.083435105999968, 11.625540080000178 ], [ -14.083564779999961, 11.625554433000048 ], [ -14.083693466999932, 11.625575906000108 ], [ -14.083820774999936, 11.625604437000106 ], [ -14.083946317999903, 11.625639937000187 ], [ -14.084069714999885, 11.625682299000118 ], [ -14.084190590999981, 11.625731395000116 ], [ -14.093902677999893, 11.629727776000095 ], [ -14.099933772999975, 11.631738775000144 ], [ -14.104498605999822, 11.633085480000091 ], [ -14.104857598999956, 11.633119596000085 ], [ -14.105215839999914, 11.633160865000036 ], [ -14.105573185999901, 11.633209271000112 ], [ -14.105929495999817, 11.633264794000183 ], [ -14.106284627999969, 11.633327413000131 ], [ -14.106638439999927, 11.633397104000096 ], [ -14.106990791999976, 11.633473837000167 ], [ -14.107341543999951, 11.633557582000094 ], [ -14.107690554999976, 11.633648307000044 ], [ -14.108037686999978, 11.633745975000124 ], [ -14.108382801999937, 11.633850547000065 ], [ -14.108725762999882, 11.63396198200013 ], [ -14.109066432999953, 11.634080235000056 ], [ -14.10940467599994, 11.634205259000112 ], [ -14.109740358999829, 11.634337005000191 ], [ -14.110073346999911, 11.634475419000069 ], [ -14.11040350899998, 11.634620448000078 ], [ -14.110730710999974, 11.634772033000104 ], [ -14.111054825999872, 11.634930115000031 ], [ -14.111375722999867, 11.63509462900015 ], [ -14.111693274999936, 11.635265511000057 ], [ -14.112007354999889, 11.635442692000083 ], [ -14.1123178389999, 11.63562610300005 ], [ -14.112624602999972, 11.635815670000056 ], [ -14.112927524999918, 11.636011318000044 ], [ -14.113226483999881, 11.636212969000155 ], [ -14.113521361999915, 11.636420542000167 ], [ -14.113812041999836, 11.636633956000082 ], [ -14.114098406999972, 11.636853124000083 ], [ -14.114380342999937, 11.637077961000102 ], [ -14.114657738999881, 11.637308377000181 ], [ -14.122213487999886, 11.643671961 ], [ -14.122388077999915, 11.643823676000068 ], [ -14.122557864999976, 11.643980748000047 ], [ -14.122722684999928, 11.644143024000186 ], [ -14.122882377999872, 11.644310347999976 ], [ -14.123036790999947, 11.644482557000117 ], [ -14.123185772999932, 11.644659485000034 ], [ -14.123329179999928, 11.644840961000114 ], [ -14.123466874999849, 11.645026809 ], [ -14.12359872299993, 11.645216850000054 ], [ -14.123724595999931, 11.64541089800008 ], [ -14.12384437399993, 11.645608768000102 ], [ -14.123957940999958, 11.645810267 ], [ -14.124065185999882, 11.646015201000068 ], [ -14.12416600499995, 11.646223369999973 ], [ -14.124260301999925, 11.646434575000171 ], [ -14.124347984999929, 11.64664861 ], [ -14.12442896899995, 11.64686526800017 ], [ -14.124503174999973, 11.64708434 ], [ -14.12457053299994, 11.647305614 ], [ -14.124630976999981, 11.647528876000024 ], [ -14.124684446999936, 11.647753909000073 ], [ -14.124730893999981, 11.647980497000162 ], [ -14.124770270999932, 11.648208419000184 ], [ -14.124802540999951, 11.648437456000067 ], [ -14.124827671999981, 11.648667386000056 ], [ -14.124845639999876, 11.648897986000122 ], [ -14.124856427999873, 11.649129033000179 ], [ -14.124860024999919, 11.649360304000027 ], [ -14.124856427999873, 11.649591575000045 ], [ -14.12485505099994, 11.649632257000064 ], [ -14.124987807999901, 11.649763381000071 ], [ -14.125358815999959, 11.650122938000038 ], [ -14.125734797999826, 11.650477292000062 ], [ -14.126115679999884, 11.650826373000086 ], [ -14.126501387999838, 11.651170115000127 ], [ -14.126891846999968, 11.651508450000108 ], [ -14.127286980999827, 11.651841312000158 ], [ -14.127686714999925, 11.652168638000035 ], [ -14.128090969999903, 11.652490362000037 ], [ -14.128499666999971, 11.652806424000062 ], [ -14.128912727999932, 11.653116762000138 ], [ -14.129330072999949, 11.65342131500006 ], [ -14.129751618999933, 11.653720024000165 ], [ -14.130177286999981, 11.654012832000035 ], [ -14.130606990999979, 11.654299681000055 ], [ -14.131040650999978, 11.654580516000124 ], [ -14.131478180999864, 11.654855282000085 ], [ -14.131919495999966, 11.655123927000034 ], [ -14.132364510999935, 11.655386397000086 ], [ -14.132813138999893, 11.655642642000089 ], [ -14.133265292999909, 11.655892612000116 ], [ -14.133720885999878, 11.656136259000164 ], [ -14.134179828999947, 11.65637353600016 ], [ -14.134642032999977, 11.656604395000159 ], [ -14.135107408999943, 11.656828794000148 ], [ -14.135575864999964, 11.657046687000161 ], [ -14.13604731099997, 11.657258033000062 ], [ -14.136521655999957, 11.657462791000114 ], [ -14.13699880799993, 11.657660920000069 ], [ -14.137478672999919, 11.657852383000034 ], [ -14.137961158999872, 11.658037142000126 ], [ -14.138446171999874, 11.65821516200009 ], [ -14.138933617999953, 11.658386408000069 ], [ -14.13942340299991, 11.658550845999969 ], [ -14.139915430999963, 11.658708445000173 ], [ -14.140409605999878, 11.658859174000099 ], [ -14.140905833999909, 11.659003004000112 ], [ -14.1414040169999, 11.659139908000043 ], [ -14.141904058999899, 11.659269857000083 ], [ -14.142405861999919, 11.659392828000023 ], [ -14.142532025999969, 11.659422582 ], [ -14.142912333999902, 11.659439156000133 ], [ -14.143617050999978, 11.659464325000158 ], [ -14.144321988999934, 11.65948230500004 ], [ -14.145027072999937, 11.65949309400014 ], [ -14.145732230999897, 11.659496690000083 ], [ -14.146437387999981, 11.65949309400014 ], [ -14.147142471999814, 11.65948230500004 ], [ -14.14784740999994, 11.659464325000158 ], [ -14.148552126999903, 11.659439156000133 ], [ -14.149256550999951, 11.659406801000046 ], [ -14.149960608999947, 11.659367262000046 ], [ -14.150664225999947, 11.659320542999978 ], [ -14.151367329999971, 11.659266651000166 ], [ -14.15206984799994, 11.65920559000017 ], [ -14.152771706999886, 11.659137366000039 ], [ -14.15347283299991, 11.659061987000086 ], [ -14.154173153999864, 11.658979461 ], [ -14.154872596999894, 11.658889796000153 ], [ -14.155571088999977, 11.658793001000049 ], [ -14.156268556999976, 11.658689087000141 ], [ -14.156964928999912, 11.658578064000096 ], [ -14.157660132999979, 11.658459944000128 ], [ -14.158354094999936, 11.658334740000043 ], [ -14.159046744999955, 11.658202463 ], [ -14.159738008999966, 11.658063129000027 ], [ -14.160427815999924, 11.657916751000187 ], [ -14.161116093999851, 11.657763345000092 ], [ -14.161802770999827, 11.657602926999971 ], [ -14.16248777699991, 11.657435512000063 ], [ -14.172586044999946, 11.65673010900008 ], [ -14.178397358999916, 11.656969470999968 ], [ -14.179572088999862, 11.656975001000092 ], [ -14.179600510999819, 11.656980581000028 ], [ -14.17990891799991, 11.657045150000101 ], [ -14.180215762999921, 11.657116773999974 ], [ -14.180520885999954, 11.657195414000114 ], [ -14.180824123999969, 11.657281030000092 ], [ -14.181125319999921, 11.657373577000044 ], [ -14.181424314999902, 11.657473005000099 ], [ -14.181720951999921, 11.657579263000173 ], [ -14.182015073999935, 11.657692295000118 ], [ -14.182306525999877, 11.657812041000057 ], [ -14.18259515699998, 11.65793843900002 ], [ -14.182880812999883, 11.658071421000045 ], [ -14.183163345999901, 11.658210918000123 ], [ -14.183442604999925, 11.658356857 ], [ -14.183718444999897, 11.658509160999984 ], [ -14.183990718999951, 11.658667750000063 ], [ -14.184259285999815, 11.658832539000116 ], [ -14.184524003999968, 11.65900344400012 ], [ -14.184784733999948, 11.659180374000016 ], [ -14.185041337999962, 11.659363235000171 ], [ -14.185293680999962, 11.659551932000056 ], [ -14.185541631999968, 11.659746365000046 ], [ -14.185785058999954, 11.659946433000073 ], [ -14.186023834999958, 11.66015203000012 ], [ -14.186257833999889, 11.660363047000089 ], [ -14.186486932999912, 11.660579375000054 ], [ -14.186711010999886, 11.660800899000094 ], [ -14.186929950999968, 11.661027502000081 ], [ -14.187143637999895, 11.661259066000071 ], [ -14.187351958999898, 11.661495468999988 ], [ -14.18755480499982, 11.661736587000064 ], [ -14.187752067999952, 11.661982292000062 ], [ -14.187943645999837, 11.66223245600014 ], [ -14.18812943699993, 11.662486946000058 ], [ -14.18830934499988, 11.662745630000131 ], [ -14.188483272999974, 11.663008371000103 ], [ -14.188651130999915, 11.663275031000182 ], [ -14.188812830999893, 11.663545469000155 ], [ -14.194131902999914, 11.666587513000138 ], [ -14.206767435999893, 11.672476349000135 ], [ -14.213566272999969, 11.669756814000095 ], [ -14.223356597999896, 11.668125093000185 ], [ -14.230728847999956, 11.670968461000086 ], [ -14.235322550999911, 11.672204395 ], [ -14.23559624599983, 11.672099811000066 ], [ -14.235922767999909, 11.671967974000097 ], [ -14.236246522999977, 11.671829483000067 ], [ -14.236567375999982, 11.671684394000067 ], [ -14.236885192999978, 11.671532770000113 ], [ -14.237199839999903, 11.671374674000049 ], [ -14.237511185999892, 11.671210170999984 ], [ -14.237819099999967, 11.671039331999964 ], [ -14.238123453999947, 11.670862226000054 ], [ -14.238424118999944, 11.670678929000076 ], [ -14.238720969999974, 11.670489517000078 ], [ -14.239013882999814, 11.670294070000125 ], [ -14.239302733999978, 11.670092669999974 ], [ -14.239587402999916, 11.669885400000055 ], [ -14.239867770999922, 11.669672348000063 ], [ -14.240143719999935, 11.669453603000136 ], [ -14.240415134999921, 11.669229256000165 ], [ -14.240681901999892, 11.668999402000111 ], [ -14.240943907999963, 11.66876413600005 ], [ -14.241201045999958, 11.668523558 ], [ -14.241453204999914, 11.66827776800011 ], [ -14.241700281999954, 11.668026869000073 ], [ -14.24194217299987, 11.667770966000091 ], [ -14.242178775999946, 11.667510167000103 ], [ -14.242409991999978, 11.667244580000045 ], [ -14.2426357249999, 11.666974316999983 ], [ -14.242855878999819, 11.666699490000099 ], [ -14.243070362999958, 11.666420216000063 ], [ -14.243279085999916, 11.666136611000127 ], [ -14.243481961999919, 11.665848794000055 ], [ -14.243678904999967, 11.665556885000115 ], [ -14.243869832999962, 11.66526100699997 ], [ -14.249358890999929, 11.664580378000096 ], [ -14.254095942999982, 11.665449741000145 ], [ -14.254889699999922, 11.665569814000037 ], [ -14.255684502999884, 11.665682768000181 ], [ -14.256480284999896, 11.665788593000116 ], [ -14.257276984999919, 11.665887281000096 ], [ -14.258074536999914, 11.665978825000082 ], [ -14.258872876999931, 11.666063216 ], [ -14.259671941999954, 11.666140449000125 ], [ -14.260471665999944, 11.666210516000149 ], [ -14.261271986999816, 11.66627341200018 ], [ -14.262072838999927, 11.66632913300009 ], [ -14.262874158999864, 11.666377673 ], [ -14.263675880999926, 11.666419029000053 ], [ -14.264477941999871, 11.666453197000067 ], [ -14.265280276999817, 11.666480175000174 ], [ -14.265781339999876, 11.66649337299998 ], [ -14.266166691999956, 11.666232804 ], [ -14.267040730999895, 11.665635547000079 ], [ -14.267910693999966, 11.665032367000094 ], [ -14.26877653899993, 11.664423292000038 ], [ -14.26963822599987, 11.663808349000078 ], [ -14.27049571699996, 11.663187568000126 ], [ -14.271348971999942, 11.662560976000123 ], [ -14.27219794999985, 11.661928603000149 ], [ -14.273042613999905, 11.661290478000183 ], [ -14.273882922999974, 11.660646630000031 ], [ -14.274718839999878, 11.659997089 ], [ -14.275550324999926, 11.659341885000174 ], [ -14.276377340999886, 11.658681048000119 ], [ -14.277199848999885, 11.658014609000134 ], [ -14.278017810999813, 11.657342598000014 ], [ -14.278831188999959, 11.656665046000114 ], [ -14.279639945999918, 11.655981986000086 ], [ -14.280444044999911, 11.65529344700002 ], [ -14.281243448999874, 11.654599463000181 ], [ -14.282038119999925, 11.65390006400014 ], [ -14.282828021999819, 11.653195284000049 ], [ -14.283613117999948, 11.652485155000022 ], [ -14.284393372999943, 11.651769709000177 ], [ -14.285168749999968, 11.651048979000052 ], [ -14.285939213999939, 11.650323 ], [ -14.286704727999961, 11.649591804000181 ], [ -14.287465257999884, 11.648855425000079 ], [ -14.288220768999963, 11.64811389700003 ], [ -14.288971224999898, 11.64736725400013 ], [ -14.289716592999923, 11.646615530000133 ], [ -14.290456836999965, 11.645858762000046 ], [ -14.291191922999872, 11.645096982000041 ], [ -14.291921817999935, 11.644330227000125 ], [ -14.292646488999878, 11.643558532000156 ], [ -14.293365899999969, 11.642781932 ], [ -14.29408001999991, 11.642000463000102 ], [ -14.294788814999947, 11.641214162000153 ], [ -14.295492252999964, 11.640423064000061 ], [ -14.296190300999967, 11.639627207 ], [ -14.296240127999852, 11.6395699790001 ], [ -14.296969083999954, 11.638720331000115 ], [ -14.297812867999937, 11.637726567000129 ], [ -14.298651152999923, 11.636728160000018 ], [ -14.299483912999904, 11.635725140000034 ], [ -14.300311121999982, 11.634717537000029 ], [ -14.301132754999912, 11.63370538300012 ], [ -14.301948787999947, 11.632688707000057 ], [ -14.302759193999918, 11.631667542 ], [ -14.303563950999887, 11.630641917000162 ], [ -14.304363031999969, 11.629611865000186 ], [ -14.305156413999953, 11.628577417000031 ], [ -14.305944072999921, 11.627538604000165 ], [ -14.306725983999968, 11.626495458000022 ], [ -14.307502122999949, 11.625448011000117 ], [ -14.308272467999927, 11.624396295000111 ], [ -14.309036993999939, 11.62334034100013 ], [ -14.309795677999944, 11.622280182999987 ], [ -14.317743677999943, 11.611046792000025 ], [ -14.318317982999929, 11.610230609000098 ], [ -14.318886385999974, 11.609410304000164 ], [ -14.319448855999894, 11.608585921000099 ], [ -14.32000536399994, 11.607757501000094 ], [ -14.320555881999951, 11.606925089000129 ], [ -14.321100381999941, 11.606088727000042 ], [ -14.321638832999895, 11.605248458000062 ], [ -14.322171208999919, 11.604404328000044 ], [ -14.322697481999853, 11.603556379000111 ], [ -14.323217624999813, 11.602704655000025 ], [ -14.323731609999982, 11.601849202000039 ], [ -14.323924991999888, 11.6015236880001 ], [ -14.324188201999903, 11.601355363000096 ], [ -14.325186995999957, 11.600722020000035 ], [ -14.326189619999866, 11.600094758000182 ], [ -14.327196036999908, 11.599473600000124 ], [ -14.328206208999916, 11.598858569000129 ], [ -14.329220100999976, 11.598249688000067 ], [ -14.330237672999942, 11.597646979000046 ], [ -14.331258888999969, 11.597050464000176 ], [ -14.332283710999945, 11.596460166000156 ], [ -14.333312100999876, 11.595876106000162 ], [ -14.334344021999982, 11.595298306000132 ], [ -14.335379433999947, 11.594726787000184 ], [ -14.336418298999945, 11.59416157000004 ], [ -14.337460580999846, 11.593602677000092 ], [ -14.338506238999855, 11.593050127000026 ], [ -14.339555234999978, 11.592503941000132 ], [ -14.340607530999876, 11.59196414000013 ], [ -14.341663087999905, 11.59143074300016 ], [ -14.342145873999982, 11.591189456000166 ], [ -14.343361352999921, 11.590571597000121 ], [ -14.345555587999854, 11.589449948000095 ], [ -14.347746540999935, 11.588321904000054 ], [ -14.349934193999957, 11.587187473000085 ], [ -14.352118528999938, 11.586046666000072 ], [ -14.354299527999899, 11.584899492000034 ], [ -14.356477169999948, 11.583745961000034 ], [ -14.358651438999914, 11.582586083000024 ], [ -14.360822313999961, 11.581419866999966 ], [ -14.362989778999975, 11.580247324000027 ], [ -14.365153813999939, 11.579068463000112 ], [ -14.36731440199992, 11.577883295000106 ], [ -14.369471522999959, 11.576691830000186 ], [ -14.371625158999905, 11.575494077000144 ], [ -14.373775292999937, 11.57429004800008 ], [ -14.375921904999871, 11.573079751000023 ], [ -14.378064976999951, 11.571863199000063 ], [ -14.393572862999974, 11.563098262999972 ], [ -14.404701596999928, 11.556824436 ], [ -14.431934337999962, 11.541471970000032 ], [ -14.447955313999842, 11.532523066000181 ], [ -14.450776033999887, 11.530978926000103 ], [ -14.453593293999859, 11.529428483000174 ], [ -14.456407079999963, 11.527871745000141 ], [ -14.459217378999881, 11.526308718000053 ], [ -14.462024174999954, 11.524739412000088 ], [ -14.464827454999977, 11.523163834000059 ], [ -14.467627205999918, 11.521581992000108 ], [ -14.470423411999889, 11.519993893000105 ], [ -14.47321605999997, 11.518399546000069 ], [ -14.476005136999959, 11.516798958000152 ], [ -14.478790626999967, 11.515192138999964 ], [ -14.481572517999837, 11.513579094000022 ], [ -14.484350794999955, 11.511959834000152 ], [ -14.487125443999901, 11.510334365 ], [ -14.489896451999869, 11.508702696000114 ], [ -14.49266380399996, 11.507064836000154 ], [ -14.495427486999915, 11.505420791000063 ], [ -14.498187487999928, 11.503770571000132 ], [ -14.499389370999893, 11.503049336000061 ], [ -14.517338300999938, 11.493014253000126 ], [ -14.526040651999949, 11.494057391000126 ], [ -14.534743066999965, 11.495100269000034 ], [ -14.54344554599993, 11.496142888000065 ], [ -14.552148088999957, 11.497185246000186 ], [ -14.560850695999875, 11.498227344000043 ], [ -14.569553366999969, 11.499269183000024 ], [ -14.570709572999874, 11.499393953000038 ], [ -14.572609304999958, 11.499593141 ], [ -14.574509772999932, 11.499785175000113 ], [ -14.5764109509999, 11.499970054000187 ], [ -14.578312810999876, 11.50014777399997 ], [ -14.580215326999905, 11.500318333000166 ], [ -14.582118470999831, 11.500481729000171 ], [ -14.58402221699987, 11.500637958000027 ], [ -14.585926536999978, 11.500787020000132 ], [ -14.587831405999907, 11.50092891200012 ], [ -14.589736794999908, 11.501063631000022 ], [ -14.591642676999982, 11.501191177000067 ], [ -14.593549026999938, 11.501311547000057 ], [ -14.59545581499998, 11.501424739000015 ], [ -14.597363016999964, 11.501530752000178 ], [ -14.599270603999969, 11.501629584 ], [ -14.601178549999929, 11.501721234000115 ], [ -14.60308682699997, 11.501805701000137 ], [ -14.604995407999979, 11.501882983000087 ], [ -14.60690426799988, 11.501953080000135 ], [ -14.608813376999933, 11.502015990000189 ], [ -14.610722709999891, 11.502071712000031 ], [ -14.612632238999879, 11.502120246000118 ], [ -14.614541936999899, 11.502161591000061 ], [ -14.616451776999895, 11.50219574700003 ], [ -14.618361731999926, 11.502222712000048 ], [ -14.620271774999878, 11.502242487 ], [ -14.622181879999914, 11.502255070999979 ], [ -14.624092017999942, 11.502260465000063 ], [ -14.624705530999904, 11.502260671000101 ], [ -14.632492701999922, 11.500538820000031 ], [ -14.640279777999979, 11.498816760000182 ], [ -14.648066759999892, 11.497094492000144 ], [ -14.655853646999901, 11.49537201600009 ], [ -14.663640438999892, 11.493649332000189 ], [ -14.671427136999966, 11.491926439000167 ], [ -14.677399736999973, 11.485965468000188 ], [ -14.683372085999849, 11.480004373000156 ], [ -14.689344183999879, 11.474043153000025 ], [ -14.695316031999823, 11.468081808000022 ], [ -14.701287628999978, 11.462120339000137 ], [ -14.706047148999971, 11.455457600000159 ], [ -14.710806445999935, 11.448794780000071 ], [ -14.715565519999814, 11.442131880000147 ], [ -14.720324371999936, 11.43546889900017 ], [ -14.722880774999965, 11.430981678000023 ], [ -14.725437096999883, 11.426494434 ], [ -14.730604308999943, 11.421191388000182 ], [ -14.735771328999931, 11.415888249000091 ], [ -14.738626881999949, 11.411781766000047 ], [ -14.741482351999935, 11.407675254000083 ], [ -14.74284591199995, 11.405860244000166 ], [ -14.744637808999812, 11.403485634000162 ], [ -14.746435439999971, 11.401115361000052 ], [ -14.74823879399986, 11.398749439000085 ], [ -14.750047859999881, 11.396387883000045 ], [ -14.751862626999923, 11.394030704000158 ], [ -14.75368308599991, 11.391677919000074 ], [ -14.755509224999855, 11.38932953900013 ], [ -14.761878861999946, 11.379392092999979 ], [ -14.766352800999982, 11.372892511000089 ], [ -14.770826535999959, 11.36639285900003 ], [ -14.775300069999901, 11.359893135000107 ], [ -14.779773399999954, 11.353393341000185 ], [ -14.782039778999945, 11.347047779999968 ], [ -14.78430605799997, 11.340702199000134 ], [ -14.788180800999953, 11.330549483000141 ], [ -14.789223963999916, 11.327816157000086 ], [ -14.791875570999935, 11.321275689 ], [ -14.794527056999925, 11.314735195000139 ], [ -14.797178422999934, 11.308194674000106 ], [ -14.799816564999901, 11.301123924000024 ], [ -14.802454577999924, 11.294053147000056 ], [ -14.805092461999891, 11.286982344000023 ], [ -14.807730216999914, 11.279911513000059 ], [ -14.813530845999878, 11.26704833500014 ], [ -14.82147365499992, 11.249434768000185 ], [ -14.829097381999929, 11.23254575500016 ], [ -14.829652157999931, 11.231309725000017 ], [ -14.830200365999872, 11.230070769000179 ], [ -14.830741991999844, 11.228828922000048 ], [ -14.831277019999959, 11.227584217000128 ], [ -14.831805434999978, 11.226336691000142 ], [ -14.832327222999822, 11.225086378000185 ], [ -14.832842367999888, 11.223833314000046 ], [ -14.833350855999981, 11.222577534000038 ], [ -14.83385267299991, 11.221319073000132 ], [ -14.834347803999947, 11.220057967000059 ], [ -14.834836236999934, 11.218794251000133 ], [ -14.835317955999926, 11.217527961000144 ], [ -14.835792948999938, 11.216259132000062 ], [ -14.836261200999957, 11.21498780100012 ], [ -14.836722700999871, 11.213714002000131 ], [ -14.837177433999955, 11.212437773000147 ], [ -14.837625387999879, 11.211159148000149 ], [ -14.83806655099994, 11.209878164000031 ], [ -14.838500908999947, 11.208594857000151 ], [ -14.838928451999948, 11.207309263000184 ], [ -14.839349165999863, 11.206021418000148 ], [ -14.839763038999934, 11.20473135900005 ], [ -14.840170061999913, 11.203439122000134 ], [ -14.840570219999904, 11.202144743000076 ], [ -14.840963504999934, 11.200848258 ], [ -14.841349902999923, 11.199549705000152 ], [ -14.841398056999935, 11.199386090000189 ], [ -14.852548148999915, 11.179533487000072 ], [ -14.857125465999957, 11.171775265000122 ], [ -14.861702539999953, 11.164016968000112 ], [ -14.866279370999905, 11.156258598000136 ], [ -14.870855958999925, 11.148500154000033 ], [ -14.875432304999947, 11.14074163600003 ], [ -14.880008406999934, 11.132983044000071 ], [ -14.884584267999912, 11.125224378999974 ], [ -14.888956716999871, 11.117569124000113 ], [ -14.893328938999957, 11.109913802 ], [ -14.897700931999964, 11.102258413000129 ], [ -14.902072696999937, 11.094602956000074 ], [ -14.906444234999867, 11.086947432000102 ], [ -14.910815545999981, 11.079291841000042 ], [ -14.925615384999958, 11.053412357000184 ], [ -14.9255190209999, 11.053303785000082 ], [ -14.918045997999855, 11.044884681000156 ], [ -14.903278350999926, 11.034573554000076 ], [ -14.898909568999954, 11.037010193000185 ], [ -14.894099235999931, 11.033906937000097 ], [ -14.895461081999883, 11.033503532 ], [ -14.898449896999921, 11.030477523 ], [ -14.899318694999977, 11.025406837000048 ], [ -14.890547751999975, 11.012859344000049 ], [ -14.890150069999947, 11.011621475000027 ], [ -14.886430741999959, 11.000026704 ], [ -14.886494635999895, 10.986454009999989 ], [ -14.881169320999902, 10.969953537000151 ], [ -14.873158454999952, 10.962229729000057 ], [ -14.869897843999979, 10.962038040000095 ], [ -14.867831229999979, 10.964363100000071 ], [ -14.864309310999886, 10.961874962000081 ], [ -14.859197616999893, 10.962626457000169 ], [ -14.848103522999963, 10.969198227 ], [ -14.837979317999952, 10.978749274000052 ], [ -14.831256864999887, 10.981128693000187 ], [ -14.823210716999938, 10.989504815000089 ], [ -14.814840316999948, 10.990294455000083 ], [ -14.81214046499997, 10.991920470000025 ], [ -14.80907711899988, 10.990462926000077 ], [ -14.798484802999951, 10.985423088000175 ], [ -14.801192283999967, 10.978260994000152 ], [ -14.799053191999974, 10.974605561000146 ], [ -14.794843672999946, 10.973044395000102 ], [ -14.787398338999935, 10.973360061000108 ], [ -14.776265143999979, 10.976710320000109 ], [ -14.76904392199998, 10.976333619000116 ], [ -14.756625174999897, 10.969575882000072 ], [ -14.751042365999922, 10.969869613000128 ], [ -14.727160452999954, 10.997518538000122 ], [ -14.723503112999936, 11.003310204000059 ], [ -14.723544120999975, 11.006760597000039 ], [ -14.729946135999967, 11.013854981000122 ], [ -14.727703093999878, 11.019150735000039 ], [ -14.697134970999969, 11.037884712000164 ], [ -14.685727118999921, 11.038013458000137 ], [ -14.683390616999873, 11.042108536000057 ], [ -14.671010017999834, 11.039001465000069 ], [ -14.671250342999826, 11.034495352000022 ], [ -14.669823646999816, 11.03198147 ], [ -14.65908813599998, 11.029800416000057 ], [ -14.655987738999954, 11.023394585000176 ], [ -14.65758800499998, 11.020845413000131 ], [ -14.664639472999966, 11.026517869000145 ], [ -14.682095528999923, 11.026092529000096 ], [ -14.69161319899996, 11.02368545600018 ], [ -14.6939067859999, 11.020668028999978 ], [ -14.692161559999931, 11.010796546999984 ], [ -14.694165229999896, 11.00295353000007 ], [ -14.698285102999876, 10.996925354000098 ], [ -14.702670096999896, 10.993655204000049 ], [ -14.712662696999871, 10.992161751000026 ], [ -14.717517851999958, 10.989347458000168 ], [ -14.72920703799997, 10.973800658000073 ], [ -14.740933417999884, 10.961474419000069 ], [ -14.744833945999972, 10.96002197200005 ], [ -14.746031760999927, 10.959575653000172 ], [ -14.752545355999928, 10.959269523000046 ], [ -14.761184691999972, 10.961473464999983 ], [ -14.769557952999889, 10.960915566000097 ], [ -14.773491858999932, 10.959030152000082 ], [ -14.785899162999897, 10.945544243000086 ], [ -14.793562888999929, 10.944074632000081 ], [ -14.796796797999889, 10.941966056000012 ], [ -14.797712325999953, 10.939620971000068 ], [ -14.805223465999973, 10.933257103000017 ], [ -14.81279182499992, 10.933190345000185 ], [ -14.816349028999923, 10.93001079600009 ], [ -14.817296981999846, 10.92468833900017 ], [ -14.81496143399994, 10.908375739000121 ], [ -14.816065788999936, 10.898329734000185 ], [ -14.814444540999887, 10.895195007000041 ], [ -14.815788269999871, 10.889475822000179 ], [ -14.815551756999923, 10.885345459000121 ], [ -14.814183235999963, 10.884857177000185 ], [ -14.809782027999972, 10.874564171000145 ], [ -14.806808471999943, 10.865479470000139 ], [ -14.807694435999963, 10.86178875000013 ], [ -14.804094315999976, 10.85262966099998 ], [ -14.806321143999924, 10.84432220399998 ], [ -14.805788993999954, 10.838808060000076 ], [ -14.809371947999864, 10.827263832000085 ], [ -14.809088707999877, 10.823127747000058 ], [ -14.807435036999834, 10.821076393000169 ], [ -14.801415442999939, 10.823447227000031 ], [ -14.795369146999974, 10.823747636000121 ], [ -14.791913032999844, 10.826547623000067 ], [ -14.783040046999929, 10.82389068700013 ], [ -14.777003288999879, 10.824883461000013 ], [ -14.768590926999821, 10.83445358300014 ], [ -14.761412620999977, 10.847433089999981 ], [ -14.754131316999974, 10.836192131000075 ], [ -14.755395889999875, 10.827430725000113 ], [ -14.758775710999942, 10.818190575000131 ], [ -14.758023261999938, 10.813598634000073 ], [ -14.760732650999955, 10.806667328000117 ], [ -14.761760709999919, 10.795384407000142 ], [ -14.767842292999944, 10.776308060000133 ], [ -14.778833387999953, 10.764133453000113 ], [ -14.781843185999946, 10.762948037000058 ], [ -14.789066315999946, 10.764014246000102 ], [ -14.789957999999899, 10.760784150000177 ], [ -14.787051200999827, 10.751156808000133 ], [ -14.775099753999939, 10.724383354000167 ], [ -14.76848983799988, 10.716178894000109 ], [ -14.762408256999947, 10.713258743000154 ], [ -14.759754181999881, 10.705239296000173 ], [ -14.748177527999928, 10.689961433000065 ], [ -14.743817328999967, 10.694841385000018 ], [ -14.742240904999903, 10.700458527000137 ], [ -14.741808890999948, 10.70199489700002 ], [ -14.742557525999814, 10.706357002000118 ], [ -14.743321417999937, 10.711868287000016 ], [ -14.744128226999919, 10.721059799000102 ], [ -14.739868163999972, 10.734449386000108 ], [ -14.740148544999954, 10.738587378000034 ], [ -14.736235617999967, 10.747120857000084 ], [ -14.730832099999873, 10.748952866000025 ], [ -14.72823047699984, 10.753444671000182 ], [ -14.726860046999946, 10.755530358000158 ], [ -14.72223377399996, 10.757653237000056 ], [ -14.71397209099996, 10.767178536000074 ], [ -14.707737922999968, 10.771159172000125 ], [ -14.691521644999909, 10.776863098000092 ], [ -14.679739951999977, 10.783896446000085 ], [ -14.672147750999898, 10.79111290100002 ], [ -14.668965337999964, 10.797589302000063 ], [ -14.664504050999938, 10.809816360000127 ], [ -14.656233787999895, 10.800231934000067 ], [ -14.666188240999929, 10.778758050000022 ], [ -14.669404983999982, 10.775272370000096 ], [ -14.674476622999975, 10.771304131000079 ], [ -14.693945884999948, 10.765335084000128 ], [ -14.703863142999921, 10.758091926000191 ], [ -14.705685616999915, 10.754851343000041 ], [ -14.707128524999916, 10.738783837000028 ], [ -14.712270736999869, 10.721424103 ], [ -14.715431212999874, 10.713336945000037 ], [ -14.717246056999954, 10.709405899000046 ], [ -14.720241546999887, 10.707072258000153 ], [ -14.723169326999937, 10.698987962000047 ], [ -14.703064917999882, 10.6900157930001 ], [ -14.688346862999879, 10.696608544000128 ], [ -14.684931754999923, 10.690450669000029 ], [ -14.691717148999942, 10.682207108000171 ], [ -14.691021918999979, 10.678916931000174 ], [ -14.694685935999928, 10.678554534999989 ], [ -14.695646286999875, 10.673933983000154 ], [ -14.697646139999961, 10.673916818000066 ], [ -14.700608251999938, 10.678772926000022 ], [ -14.707112311999936, 10.678238867000175 ], [ -14.711016654999924, 10.674054145000127 ], [ -14.711432456999944, 10.669908523000174 ], [ -14.707080840999879, 10.655697823000139 ], [ -14.70866775699983, 10.652229310000109 ], [ -14.705804823999927, 10.646052361000159 ], [ -14.706662177999874, 10.638195991000089 ], [ -14.706498145999888, 10.634887696000021 ], [ -14.703274726999894, 10.632538794000027 ], [ -14.695325849999904, 10.63973522100008 ], [ -14.690122603999896, 10.640175818000046 ], [ -14.688540457999977, 10.642564774000164 ], [ -14.661901472999887, 10.669548034000059 ], [ -14.652683258999957, 10.676780701000155 ], [ -14.636949538999943, 10.683626176000132 ], [ -14.629098891999888, 10.708785057000171 ], [ -14.609889029999863, 10.737681389000102 ], [ -14.605239867999956, 10.745876312 ], [ -14.59370517699989, 10.766448975 ], [ -14.592273711999951, 10.773961068000119 ], [ -14.58577728299997, 10.785397530000125 ], [ -14.573373794999895, 10.804623605000074 ], [ -14.564440726999976, 10.811852455000064 ], [ -14.560749053999814, 10.814650536000045 ], [ -14.552947997999979, 10.826502801000061 ], [ -14.547275035999974, 10.822068053000123 ], [ -14.541002272999947, 10.81716442000004 ], [ -14.546528816999967, 10.812045097 ], [ -14.55498409299986, 10.784515381000062 ], [ -14.558954238999888, 10.779015541000092 ], [ -14.560934066999948, 10.768875122000111 ], [ -14.574777602999973, 10.7381324750001 ], [ -14.588770866999937, 10.720958710000161 ], [ -14.595145223999964, 10.716402054000071 ], [ -14.600374220999981, 10.71476459500002 ], [ -14.603303907999816, 10.710449219000054 ], [ -14.611522673999957, 10.698690414000112 ], [ -14.61180496299994, 10.692425727 ], [ -14.617348669999956, 10.680809021000016 ], [ -14.614738463999913, 10.673061372000177 ], [ -14.616887091999956, 10.657626152000091 ], [ -14.620802879999928, 10.645295143000055 ], [ -14.622097968999981, 10.645607948000077 ], [ -14.625006675999941, 10.635684966000099 ], [ -14.627397535999876, 10.621169090000024 ], [ -14.623734473999946, 10.605798722000145 ], [ -14.620185851999963, 10.600317955000094 ], [ -14.617374421999955, 10.59850788000017 ], [ -14.602497100999926, 10.598442078000062 ], [ -14.595540046999929, 10.599898338000116 ], [ -14.593845368999951, 10.593936920000147 ], [ -14.597666738999862, 10.593328474999964 ], [ -14.606563567999956, 10.588047028000062 ], [ -14.61831283499987, 10.578717232000088 ], [ -14.621053695999933, 10.574546815000133 ], [ -14.624534606999873, 10.574048996000045 ], [ -14.628394126999922, 10.565956116000109 ], [ -14.633264542999939, 10.564981461000059 ], [ -14.636763571999893, 10.566091538000137 ], [ -14.640444755999852, 10.56283188000009 ], [ -14.64299869599995, 10.562573433000125 ], [ -14.645966529999953, 10.557939530000112 ], [ -14.650863645999948, 10.559266090999984 ], [ -14.654650687999947, 10.565203667000105 ], [ -14.65812301599982, 10.564015388000144 ], [ -14.660819051999965, 10.555934906000175 ], [ -14.659815787999889, 10.54950618700019 ], [ -14.657914160999951, 10.545846939000114 ], [ -14.65464973499985, 10.544963837000068 ], [ -14.652948379999941, 10.538542747000065 ], [ -14.657941818999916, 10.528137208000032 ], [ -14.662348747999943, 10.527397155000187 ], [ -14.664360045999842, 10.520472526 ], [ -14.668516158999978, 10.51812839400003 ], [ -14.669162749999941, 10.513751030000037 ], [ -14.667467116999944, 10.507789611000021 ], [ -14.666003227999909, 10.50182628500005 ], [ -14.662577629999873, 10.486914635000119 ], [ -14.667083738999963, 10.474674225000058 ], [ -14.665385245999914, 10.468482971000071 ], [ -14.660693169999945, 10.4646263140001 ], [ -14.656757354999968, 10.465820311000016 ], [ -14.653533935999974, 10.468385696000098 ], [ -14.651533127999926, 10.476228714000172 ], [ -14.631262779999872, 10.471393586000147 ], [ -14.623343466999927, 10.469641686000102 ], [ -14.591046332999895, 10.469766618000165 ], [ -14.582470894999858, 10.471699714000067 ], [ -14.577158927999903, 10.474517822000166 ], [ -14.574176787999875, 10.477999687000022 ], [ -14.568973541999981, 10.490704536000067 ], [ -14.562789916999918, 10.498593330000176 ], [ -14.555633544999864, 10.503040314000032 ], [ -14.545666693999976, 10.505857467000169 ], [ -14.543840455999941, 10.499822659000188 ], [ -14.543840418999935, 10.499822535000021 ], [ -14.542323393999936, 10.494809526000097 ], [ -14.542149543999926, 10.494235037000067 ], [ -14.548232076999966, 10.494186402000025 ], [ -14.551980971999967, 10.487900734000107 ], [ -14.554555892999872, 10.468782424999972 ], [ -14.55190467999995, 10.439372063000178 ], [ -14.555779456999858, 10.432660102 ], [ -14.55213260599993, 10.418210030000068 ], [ -14.542930601999956, 10.405429840000124 ], [ -14.535104752999928, 10.39102458900004 ], [ -14.50558471699992, 10.368111612000064 ], [ -14.494556426999964, 10.357879638000043 ], [ -14.485141755999905, 10.346479416000079 ], [ -14.479284286999928, 10.341711045000125 ], [ -14.475086211999951, 10.340146064000066 ], [ -14.463447570999961, 10.339283943000055 ], [ -14.463552473999925, 10.326007844000173 ], [ -14.456084250999879, 10.301018716000044 ], [ -14.471147537999968, 10.255555153000103 ], [ -14.470640182999887, 10.251420975000144 ], [ -14.465477942999883, 10.246416092 ], [ -14.463812828999949, 10.242753029000085 ], [ -14.465380667999909, 10.237447740000164 ], [ -14.462759970999969, 10.231266021000181 ], [ -14.463626861999956, 10.225507736000054 ], [ -14.460032463999823, 10.220862388000114 ], [ -14.459388732999912, 10.220032691000085 ], [ -14.45836830099995, 10.211535454000057 ], [ -14.456477163999978, 10.208334922000063 ], [ -14.454380035999918, 10.207667351000168 ], [ -14.44905853299997, 10.209332466000035 ], [ -14.437347411999838, 10.221182822000117 ], [ -14.429735182999877, 10.225630759000182 ], [ -14.423941612999954, 10.226610183000048 ], [ -14.417884826999853, 10.224603653000145 ], [ -14.413475989999938, 10.224879265000027 ], [ -14.401750564999929, 10.235578537000094 ], [ -14.39177131699995, 10.235910416000138 ], [ -14.379204749999928, 10.233049393000101 ], [ -14.368244170999958, 10.228330613000139 ], [ -14.356350897999903, 10.222229956000092 ], [ -14.349338530999944, 10.218633651000175 ], [ -14.317090034999978, 10.197799682000039 ], [ -14.312398910999946, 10.193017005000172 ], [ -14.299261091999938, 10.179348946 ], [ -14.294774053999959, 10.171804427999973 ], [ -14.284230230999924, 10.162019731000157 ], [ -14.267653464999967, 10.152294159000178 ], [ -14.262728690999893, 10.153208732000053 ], [ -14.254312234999929, 10.142906229 ], [ -14.253370283999971, 10.141753197000185 ], [ -14.253083228999969, 10.134269714000141 ], [ -14.249772071999814, 10.128092765000019 ], [ -14.238041876999944, 10.115328789000159 ], [ -14.218910216999973, 10.104935646000058 ], [ -14.209377288999917, 10.102957725000124 ], [ -14.2042846679999, 10.104155541000068 ], [ -14.20083522799996, 10.107408525000153 ], [ -14.193988799999886, 10.116120339000076 ], [ -14.194334029999936, 10.118095397000104 ], [ -14.191681861999939, 10.119430541000099 ], [ -14.18433284799994, 10.128261566000049 ], [ -14.180010796999909, 10.11489391300006 ], [ -14.185027122999941, 10.1043405530001 ], [ -14.188677787999893, 10.098095894000096 ], [ -14.189076424999939, 10.091423988000145 ], [ -14.186223029999951, 10.084321977000059 ], [ -14.175174713999979, 10.06970977900005 ], [ -14.163961410999889, 10.061767578000058 ], [ -14.15951442699992, 10.057899475 ], [ -14.146690367999952, 10.051121711000178 ], [ -14.141562462999957, 10.048640251000052 ], [ -14.137603759999877, 10.047067643000105 ], [ -14.128335952999919, 10.048303604000182 ], [ -14.113995552999938, 10.052804947000027 ], [ -14.10193920099988, 10.053606033000051 ], [ -14.091088294999849, 10.059224128000096 ], [ -14.085529325999971, 10.060194969000065 ], [ -14.078621863999899, 10.065776825000057 ], [ -14.080520627999874, 10.070358277000025 ], [ -14.086965559999953, 10.076137541000037 ], [ -14.084671018999927, 10.08026790800011 ], [ -14.079434394999964, 10.078186035000044 ], [ -14.077370643999927, 10.08073425300006 ], [ -14.081430433999913, 10.089693070000123 ], [ -14.084229468999979, 10.094469069000127 ], [ -14.087111472999936, 10.104790687000047 ], [ -14.087457656999902, 10.116975785000022 ], [ -14.08548545799988, 10.12918090800008 ], [ -14.086759566999888, 10.14135646800014 ], [ -14.083845138999891, 10.152192115000048 ], [ -14.079319000999931, 10.139815331000079 ], [ -14.075616836999927, 10.14099884 ], [ -14.073385237999958, 10.150856973000089 ], [ -14.069630622999966, 10.146110535000105 ], [ -14.061260223999909, 10.144348144000048 ], [ -14.056633948999945, 10.145999908000078 ], [ -14.048113822999937, 10.153204918000085 ], [ -14.046263446999944, 10.147158248000039 ], [ -14.044043539999961, 10.139904022000053 ], [ -14.041703223999946, 10.137625695000111 ], [ -14.042755126999964, 10.133887291 ], [ -14.046058654999968, 10.131837845000121 ], [ -14.050206182999943, 10.128581048 ], [ -14.051795959999936, 10.124887467 ], [ -14.049212454999974, 10.121460915 ], [ -14.035474776999934, 10.116525650000142 ], [ -14.031004905999907, 10.1161642080001 ], [ -14.031725036999887, 10.108172490000186 ], [ -14.03210925999997, 10.103908539000088 ], [ -14.035551071999919, 10.099738120999973 ], [ -14.038002967999944, 10.088908195999977 ], [ -14.053565025999944, 10.065773964000073 ], [ -14.056295393999903, 10.063615799000104 ], [ -14.058363913999926, 10.057911873000137 ], [ -14.060643196999933, 10.053522110000131 ], [ -14.064996718999907, 10.047734261000016 ], [ -14.068098068999916, 10.032070160000103 ], [ -14.067137717999969, 10.028629303000059 ], [ -14.036687849999907, 10.000000000000114 ], [ -14.032738685999959, 9.996287347000191 ], [ -14.029268264999928, 9.997238159000119 ], [ -14.027814864999925, 10.000000000000114 ], [ -14.027444838999884, 10.000703812000097 ], [ -14.026007651999976, 10.000000000000114 ], [ -14.017112730999941, 9.995645523000178 ], [ -14.009927748999928, 9.987522126000101 ], [ -13.989870069999824, 9.975282668000148 ], [ -13.980330465999941, 9.971917152 ], [ -13.973143577999906, 9.972209930000076 ], [ -13.968750952999926, 9.973857880000025 ], [ -13.960161208999978, 9.971457481000073 ], [ -13.954233168999963, 9.963017463000028 ], [ -13.955196378999972, 9.962248802000147 ], [ -13.952116965999949, 9.955147743000111 ], [ -13.909448622999946, 9.929071426 ], [ -13.878176688999929, 9.90611267100013 ], [ -13.867883681999956, 9.895622254000159 ], [ -13.858887671999923, 9.884132384 ], [ -13.843738555999892, 9.864782333000107 ], [ -13.826658249999923, 9.846300125000141 ], [ -13.821557044999906, 9.846111297000164 ], [ -13.814317702999915, 9.839962959 ], [ -13.808052062999934, 9.839094162000151 ], [ -13.801536559999931, 9.836158752000131 ], [ -13.796682355999963, 9.837807656000109 ], [ -13.789560316999882, 9.845452310000098 ], [ -13.787951468999893, 9.847074508 ], [ -13.775000571999954, 9.850857733000112 ], [ -13.766984939999929, 9.849980353000035 ], [ -13.753235817999894, 9.854020119000154 ], [ -13.734065055999963, 9.862679481000043 ], [ -13.725068091999958, 9.868267058000072 ], [ -13.717707633999964, 9.875452042000177 ], [ -13.707002639999928, 9.899217606000093 ], [ -13.701725005999947, 9.906156539000051 ], [ -13.699305533999961, 9.922730446000116 ], [ -13.692904472999885, 9.933815957000093 ], [ -13.692516325999918, 9.939559937000183 ], [ -13.689534352999942, 9.939043233000064 ], [ -13.684244900999943, 9.93812670300008 ], [ -13.683737754999925, 9.938038827000071 ], [ -13.681314467999982, 9.934595109000099 ], [ -13.685007094999946, 9.932268142 ], [ -13.684067724999977, 9.901694298000052 ], [ -13.692999838999867, 9.887829780000061 ], [ -13.70174312599994, 9.879485131000024 ], [ -13.711317062999854, 9.859177589000183 ], [ -13.720494269999961, 9.847380638000118 ], [ -13.739615439999966, 9.832745552000119 ], [ -13.744169234999958, 9.822592735000057 ], [ -13.74875545499998, 9.816578865 ], [ -13.750568390999888, 9.811506273000077 ], [ -13.747578619999956, 9.806096077000063 ], [ -13.755908013999942, 9.795027732000051 ], [ -13.759395597999912, 9.785686494000061 ], [ -13.76004123599995, 9.779703140000038 ], [ -13.75789165499998, 9.771903990000112 ], [ -13.755065917999957, 9.766407966000088 ], [ -13.738860130999967, 9.752003670000079 ], [ -13.730796813999916, 9.74590873700015 ], [ -13.720693587999847, 9.742707253000106 ], [ -13.698994635999895, 9.73902988500015 ], [ -13.689270018999878, 9.740024565 ], [ -13.671321868999883, 9.756025314999988 ], [ -13.665773390999902, 9.757677077999972 ], [ -13.656348228999889, 9.767406463000043 ], [ -13.650351523999973, 9.771129607000091 ], [ -13.646216391999928, 9.775758743000097 ], [ -13.639847754999948, 9.791210174000014 ], [ -13.64410591199993, 9.802213668000093 ], [ -13.653897284999971, 9.809496879000051 ], [ -13.663812637999968, 9.822834015000126 ], [ -13.663432121999904, 9.82957363100013 ], [ -13.65678119599994, 9.826844215000108 ], [ -13.65491676299996, 9.821215631000143 ], [ -13.65211009799998, 9.818017959000088 ], [ -13.64442539199996, 9.813477515999978 ], [ -13.638852118999978, 9.812140464000038 ], [ -13.625102996999942, 9.821993828000132 ], [ -13.629364966999901, 9.814280509000071 ], [ -13.632072448999907, 9.804833412000107 ], [ -13.630185126999891, 9.800479889000087 ], [ -13.61441993699998, 9.799907685000164 ], [ -13.61161136599992, 9.797761917000059 ], [ -13.612589834999881, 9.794563293000067 ], [ -13.616931915999942, 9.795061111000052 ], [ -13.622453689999872, 9.789731025000151 ], [ -13.623130796999931, 9.787426948000189 ], [ -13.619342803999871, 9.777110100000073 ], [ -13.615606307999883, 9.773459434000188 ], [ -13.596080780999955, 9.765787123000166 ], [ -13.575005530999931, 9.767549515000155 ], [ -13.568204878999893, 9.770332336000081 ], [ -13.570988107999938, 9.761575587000038 ], [ -13.571341513999869, 9.76046368100009 ], [ -13.572012901999926, 9.758351325999968 ], [ -13.574788645999831, 9.756805647000078 ], [ -13.580677032999972, 9.753526687000033 ], [ -13.584633825999958, 9.753685952000183 ], [ -13.591795920999971, 9.750875473000065 ], [ -13.600790977999907, 9.745290757000021 ], [ -13.608137129999875, 9.736269952000157 ], [ -13.604158399999903, 9.731241226000066 ], [ -13.601140021999925, 9.730343819000154 ], [ -13.600467680999884, 9.730826378000017 ], [ -13.598665238999899, 9.729054451000081 ], [ -13.59784126299985, 9.724665642000105 ], [ -13.602264404999971, 9.725968361000184 ], [ -13.608738898999945, 9.724081039000168 ], [ -13.617795944999955, 9.726772307999966 ], [ -13.621500014999924, 9.726284980000173 ], [ -13.624260903999925, 9.723734856000021 ], [ -13.629012107999927, 9.708986282000069 ], [ -13.632756232999839, 9.683898925999983 ], [ -13.626907347999975, 9.676586152000141 ], [ -13.625279426999896, 9.669680596000035 ], [ -13.624506951999933, 9.66579914100015 ], [ -13.626105308999854, 9.662798881000072 ], [ -13.629797935999932, 9.660932541000022 ], [ -13.631127521999815, 9.654327247000083 ], [ -13.633366585999966, 9.643203736000146 ], [ -13.632637023999905, 9.633851052000068 ], [ -13.634175300999914, 9.628025056000126 ], [ -13.638080596999941, 9.623856545000081 ], [ -13.645922660999872, 9.619660378000106 ], [ -13.653693197999928, 9.606268883000098 ], [ -13.65628118099994, 9.605120599000088 ], [ -13.657385825999938, 9.604630470000131 ], [ -13.660349844999871, 9.598631859000022 ], [ -13.66142654499987, 9.588278771000148 ], [ -13.669213294999963, 9.577185630000088 ], [ -13.670066283999915, 9.570907768000041 ], [ -13.671839714999919, 9.557855605000043 ], [ -13.677367209999943, 9.55413532200015 ], [ -13.693448067999896, 9.537919998000177 ], [ -13.69598579399991, 9.531527519000178 ], [ -13.697200351999982, 9.528466378000076 ], [ -13.699121476999949, 9.523624421000136 ], [ -13.709263801999953, 9.51779747 ], [ -13.721758842999975, 9.516781807000086 ], [ -13.72519397699989, 9.51215744000018 ], [ -13.727001189999953, 9.50662612900004 ], [ -13.725815772999908, 9.503187180000168 ], [ -13.723717687999965, 9.501364707999983 ], [ -13.716308593999941, 9.501422881999986 ], [ -13.703164100999913, 9.507961275000184 ], [ -13.700658798999939, 9.51303863600009 ], [ -13.686933266999915, 9.522018379000144 ], [ -13.667949675999864, 9.534438134000027 ], [ -13.661517142999912, 9.540924072000053 ], [ -13.650193213999898, 9.543767930000172 ], [ -13.645136831999878, 9.54863357500011 ], [ -13.642131804999906, 9.54934597 ], [ -13.639177321999966, 9.556494712000131 ], [ -13.633833884999831, 9.554235458000107 ], [ -13.632476899999972, 9.554431657000066 ], [ -13.627125740999816, 9.555205345000104 ], [ -13.626535654999941, 9.557161505000181 ], [ -13.625318526999934, 9.561196326000129 ], [ -13.619771002999926, 9.562386512000046 ], [ -13.616785048999873, 9.565627098000107 ], [ -13.607048987999974, 9.564320564000184 ], [ -13.603510857999879, 9.562349320000123 ], [ -13.600741717999938, 9.55885839400014 ], [ -13.594850539999925, 9.551431657000023 ], [ -13.595584869999925, 9.549004554000021 ], [ -13.586458205999918, 9.536427498000137 ], [ -13.569892882999852, 9.519768715000168 ], [ -13.559365272999912, 9.505363464000084 ], [ -13.55353546099991, 9.499888421000151 ], [ -13.543315887999881, 9.495365143000186 ], [ -13.533361434999961, 9.495667457000138 ], [ -13.526446342999975, 9.499623299000064 ], [ -13.520698547999928, 9.505181313000037 ], [ -13.511539459999881, 9.519038200000182 ], [ -13.507370925999965, 9.514476061000096 ], [ -13.504186630999982, 9.510991097000044 ], [ -13.508174895999957, 9.502281189000087 ], [ -13.512530325999876, 9.496273994000148 ], [ -13.517981529999929, 9.481984138000144 ], [ -13.521415709999928, 9.476540567000143 ], [ -13.517338751999944, 9.457393646000128 ], [ -13.511464118999982, 9.445482254000126 ], [ -13.497702597999876, 9.431098939000094 ], [ -13.490248679999979, 9.420963288 ], [ -13.480657577999978, 9.410531043000049 ], [ -13.47437953899987, 9.406666756000163 ], [ -13.466962813999942, 9.405109406000065 ], [ -13.449408530999847, 9.410286904000031 ], [ -13.446651458999895, 9.412834168000131 ], [ -13.442024229999845, 9.413095473000169 ], [ -13.435523986999954, 9.410382270000071 ], [ -13.424079895999967, 9.410198212000125 ], [ -13.424380301999975, 9.406772612000054 ], [ -13.421227286999851, 9.401045202999967 ], [ -13.42013454399995, 9.399060250000161 ], [ -13.424539565999908, 9.395056724000028 ], [ -13.424044608999964, 9.390462875000139 ], [ -13.428049087999852, 9.367451668000172 ], [ -13.431505201999926, 9.365359307000176 ], [ -13.43256664199987, 9.351791382000101 ], [ -13.427157401999978, 9.339416504000098 ], [ -13.427566528999876, 9.331829072000062 ], [ -13.417257308999979, 9.313282013 ], [ -13.411601066999879, 9.298380851000047 ], [ -13.409696578999956, 9.290579795000099 ], [ -13.412022589999935, 9.28524208000016 ], [ -13.413111685999979, 9.28274345300008 ], [ -13.412625312999978, 9.279298782000126 ], [ -13.397079466999969, 9.272507667000127 ], [ -13.389915465999934, 9.27347469200015 ], [ -13.387849806999952, 9.276016235000043 ], [ -13.384615896999833, 9.276727676000178 ], [ -13.370705603999966, 9.272223473999986 ], [ -13.357077597999933, 9.275299072000109 ], [ -13.355267524999817, 9.28128719200015 ], [ -13.355812073999914, 9.293463707000171 ], [ -13.352375030999951, 9.298313141000108 ], [ -13.354527472999962, 9.30887127 ], [ -13.344973563999929, 9.333065987 ], [ -13.339670180999974, 9.335858346000066 ], [ -13.324626922999926, 9.338552476000018 ], [ -13.322614488999932, 9.333278230000076 ], [ -13.319654465999974, 9.325520515000107 ], [ -13.325472831999889, 9.323308946000168 ], [ -13.328451156999961, 9.318922996000026 ], [ -13.32978153199997, 9.310409546000074 ], [ -13.324157713999966, 9.299414635000119 ], [ -13.327111243999923, 9.291351319000171 ], [ -13.326571464999972, 9.279634476000183 ], [ -13.324172973999907, 9.266778945999988 ], [ -13.322078703999921, 9.264953613000046 ], [ -13.318299432999936, 9.262114878000091 ], [ -13.31385265199998, 9.254848189000029 ], [ -13.310924284999885, 9.254088982000042 ], [ -13.309297413999957, 9.245412338000108 ], [ -13.308755123999845, 9.235976487000187 ], [ -13.310707368999886, 9.222527689000174 ], [ -13.312225781999928, 9.21374258600008 ], [ -13.314286484999911, 9.206584355000132 ], [ -13.316997935999893, 9.198775375000082 ], [ -13.318820953999932, 9.192122459000075 ], [ -13.313365516999909, 9.191102909000108 ], [ -13.315723611999886, 9.187937934000161 ], [ -13.320793967999919, 9.186085782000021 ], [ -13.325907706999942, 9.179667473 ], [ -13.322095463999972, 9.168298662000041 ], [ -13.315804896999964, 9.157235940000078 ], [ -13.309839703999955, 9.153873740000051 ], [ -13.292218206999962, 9.155291557 ], [ -13.286195848999967, 9.155066779000094 ], [ -13.280406951999964, 9.152607918000115 ], [ -13.276968002999922, 9.156995773000176 ], [ -13.272530133999908, 9.164068798000187 ], [ -13.270252514999925, 9.168190204000098 ], [ -13.270035598999925, 9.182615125000041 ], [ -13.268575131999967, 9.192595990000086 ], [ -13.262488264999945, 9.190949284999988 ], [ -13.260532379999916, 9.190420151000126 ], [ -13.258042334999971, 9.162628175000066 ], [ -13.251594543999886, 9.166804314000046 ], [ -13.24970245399993, 9.160150528000145 ], [ -13.249791927999979, 9.159262605000151 ], [ -13.25094698099997, 9.1478000890001 ], [ -13.254092264999883, 9.145956303000162 ], [ -13.258972876999962, 9.142811018999964 ], [ -13.266564940999899, 9.13652045200007 ], [ -13.268681525999966, 9.126942633999988 ], [ -13.275790213999926, 9.117936135000093 ], [ -13.285111267999923, 9.110815893000165 ], [ -13.289449589999947, 9.107779068000184 ], [ -13.290751086999933, 9.101054668000131 ], [ -13.293654441999877, 9.091857911000091 ], [ -13.294547118999958, 9.086955121000187 ], [ -13.300515311999845, 9.082887030000109 ], [ -13.305718297999931, 9.081532219000167 ], [ -13.307887458999971, 9.079579974000012 ], [ -13.311141200999828, 9.076326232000099 ], [ -13.316221213999938, 9.075056595000149 ], [ -13.318370883999933, 9.071614759999989 ], [ -13.31950289599996, 9.068390388000012 ], [ -13.319008891999943, 9.063337822000165 ], [ -13.316347187999895, 9.059406776000117 ], [ -13.304475115999935, 9.041442921000169 ], [ -13.303271551999899, 9.040172588000132 ], [ -13.302141307999818, 9.039696696000021 ], [ -13.301380999999878, 9.039148 ], [ -13.301917999999887, 9.0419 ], [ -13.302072, 9.043493 ], [ -13.302072, 9.044881000000146 ], [ -13.301815, 9.046063 ], [ -13.301403, 9.047090000000139 ], [ -13.300684, 9.048376000000133 ], [ -13.299758999999881, 9.049249 ], [ -13.298731, 9.049763000000155 ], [ -13.297087, 9.05002 ], [ -13.293591999999876, 9.049814 ], [ -13.291999, 9.049866000000122 ], [ -13.28948, 9.050277 ], [ -13.288503999999875, 9.050894 ], [ -13.280126999999823, 9.056958 ], [ -13.277917, 9.059322 ], [ -13.276992, 9.060812 ], [ -13.276324, 9.061686 ], [ -13.275296, 9.062868 ], [ -13.274062999999899, 9.063639 ], [ -13.272521, 9.063948 ], [ -13.265427999999872, 9.064975 ], [ -13.26306499999987, 9.065130000000124 ], [ -13.259261, 9.065181 ], [ -13.256126, 9.0650270000001 ], [ -13.254584, 9.065284 ], [ -13.253350999999839, 9.0659 ], [ -13.25222, 9.067031 ], [ -13.251347, 9.068522 ], [ -13.250935, 9.069652000000133 ], [ -13.25073, 9.070834 ], [ -13.25037, 9.0714 ], [ -13.249805, 9.07201600000019 ], [ -13.249342, 9.072376000000133 ], [ -13.248519999999871, 9.072222000000181 ], [ -13.247441, 9.071656 ], [ -13.246053, 9.070423000000176 ], [ -13.245230999999876, 9.069549000000166 ], [ -13.243998, 9.068933000000186 ], [ -13.242764, 9.068573 ], [ -13.241530999999895, 9.068778000000123 ], [ -13.239629, 9.070115000000101 ], [ -13.236751, 9.071605 ], [ -13.23377, 9.07314700000012 ], [ -13.230584, 9.074329 ], [ -13.22529, 9.076179 ], [ -13.216605, 9.078389 ], [ -13.213316, 9.07859400000018 ], [ -13.211826, 9.078338000000144 ], [ -13.209462, 9.078903000000139 ], [ -13.202164, 9.083066 ], [ -13.20165, 9.084145 ], [ -13.201546999999891, 9.085687000000121 ], [ -13.201701, 9.086766 ], [ -13.202575, 9.088462 ], [ -13.202934, 9.089798 ], [ -13.203036999999824, 9.091648 ], [ -13.202318, 9.093242000000146 ], [ -13.201496, 9.094577000000129 ], [ -13.200365, 9.095554000000106 ], [ -13.199646, 9.095863000000122 ], [ -13.19836, 9.095863000000122 ], [ -13.197435, 9.095297000000187 ], [ -13.196304999999882, 9.094372 ], [ -13.194763, 9.093704000000173 ], [ -13.193015999999886, 9.093293 ], [ -13.190549, 9.093139000000122 ], [ -13.188596, 9.093498000000181 ], [ -13.186695, 9.094321 ], [ -13.185101, 9.09478300000012 ], [ -13.18289099999987, 9.094577000000129 ], [ -13.178985, 9.093242000000146 ], [ -13.172664, 9.091032 ], [ -13.170094999999833, 9.08907900000014 ], [ -13.168346999999869, 9.087588 ], [ -13.166445999999894, 9.085173 ], [ -13.166629, 9.084099 ], [ -13.16696, 9.082192000000134 ], [ -13.166393999999855, 9.07952 ], [ -13.16552, 9.078338000000144 ], [ -13.163772999999878, 9.077001000000166 ], [ -13.16146, 9.076179 ], [ -13.159867, 9.075357 ], [ -13.15776, 9.074175 ], [ -13.156013, 9.072838000000161 ], [ -13.152466, 9.069446 ], [ -13.15093, 9.067827000000136 ], [ -13.150565, 9.067442 ], [ -13.149075, 9.065592000000152 ], [ -13.146351, 9.061429000000146 ], [ -13.144757, 9.059425 ], [ -13.142906999999866, 9.057626 ], [ -13.141057, 9.056444000000113 ], [ -13.139258, 9.05593 ], [ -13.136945999999853, 9.055365 ], [ -13.129904999999837, 9.051973 ], [ -13.128106, 9.050996 ], [ -13.125485, 9.050071 ], [ -13.12235, 9.049609 ], [ -13.120603, 9.049558 ], [ -13.118084999999894, 9.05002 ], [ -13.116953999999851, 9.050483 ], [ -13.115926, 9.051356000000169 ], [ -13.115155, 9.052127000000155 ], [ -13.114436, 9.053104000000189 ], [ -13.113252999999872, 9.053412 ], [ -13.112122999999883, 9.053258000000142 ], [ -13.110684, 9.052692 ], [ -13.107292, 9.051099 ], [ -13.105699, 9.050123 ], [ -13.104259999999897, 9.048786000000121 ], [ -13.102718, 9.04781 ], [ -13.101022, 9.047193000000107 ], [ -13.099532, 9.046834000000104 ], [ -13.096961999999849, 9.046628000000112 ], [ -13.092748, 9.046628000000112 ], [ -13.089920999999833, 9.046628000000112 ], [ -13.083136999999851, 9.048376000000133 ], [ -13.081904, 9.048735 ], [ -13.080864, 9.049496 ], [ -13.080464999999833, 9.050585000000126 ], [ -13.080362, 9.051973 ], [ -13.080722, 9.053874000000121 ], [ -13.080742, 9.053977 ], [ -13.081082, 9.055725000000166 ], [ -13.081183999999894, 9.05778 ], [ -13.080773, 9.059271 ], [ -13.080002, 9.060761 ], [ -13.079077, 9.061789 ], [ -13.077073, 9.063177000000167 ], [ -13.075634, 9.064616 ], [ -13.074297, 9.067134000000181 ], [ -13.073937999999885, 9.068830000000162 ], [ -13.074041, 9.070269 ], [ -13.07476, 9.07289 ], [ -13.075427999999874, 9.074894 ], [ -13.07522299999988, 9.076230000000123 ], [ -13.073732999999891, 9.080085 ], [ -13.072756, 9.081216 ], [ -13.071317, 9.082552 ], [ -13.070134999999823, 9.08322 ], [ -13.068696, 9.083631 ], [ -13.066537, 9.083785000000148 ], [ -13.061244, 9.083477 ], [ -13.053792, 9.083014000000105 ], [ -13.049013, 9.083117000000129 ], [ -13.046853999999826, 9.083374 ], [ -13.044747, 9.084042 ], [ -13.043204999999887, 9.08507 ], [ -13.042485999999883, 9.085841 ], [ -13.042023, 9.087280000000135 ], [ -13.041817, 9.089952 ], [ -13.042279999999892, 9.092368000000135 ], [ -13.041972, 9.094526000000144 ], [ -13.041303, 9.096325000000149 ], [ -13.040531999999871, 9.097353000000112 ], [ -13.038066, 9.098741000000189 ], [ -13.036017446999892, 9.099646340000163 ], [ -13.033183, 9.100899 ], [ -13.031436, 9.101516000000117 ], [ -13.029996999999867, 9.101978000000145 ], [ -13.028507, 9.101824 ], [ -13.026707999999871, 9.101156000000174 ], [ -13.025782999999876, 9.100282000000163 ], [ -13.025371999999891, 9.098792000000174 ], [ -13.025165999999899, 9.09761 ], [ -13.024652, 9.096788 ], [ -13.023983999999814, 9.096274 ], [ -13.022853, 9.096376 ], [ -13.021877, 9.096942 ], [ -13.021106, 9.097867000000178 ], [ -13.019461, 9.099923000000103 ], [ -13.018485, 9.101516000000117 ], [ -13.017097, 9.103109000000131 ], [ -13.015196, 9.104754000000185 ], [ -13.012575, 9.106347 ], [ -13.010776, 9.10722 ], [ -13.00836, 9.108505 ], [ -13.006973, 9.109636 ], [ -13.005431, 9.111383000000103 ], [ -13.00132, 9.116420000000119 ], [ -13.000233, 9.118695 ], [ -13.000214999999855, 9.118733000000191 ], [ -12.994998, 9.131529 ], [ -12.994382, 9.133688000000177 ], [ -12.993867, 9.136412000000121 ], [ -12.993816, 9.139701000000116 ], [ -12.993430999999873, 9.141268000000139 ], [ -12.992633999999896, 9.144069 ], [ -12.989885, 9.147076 ], [ -12.988317, 9.148566000000187 ], [ -12.986364, 9.15057 ], [ -12.984874, 9.152986000000112 ], [ -12.982278, 9.157663 ], [ -12.981276, 9.160849 ], [ -12.981071, 9.1618 ], [ -12.980890999999872, 9.164678000000151 ], [ -12.98083999999983, 9.165732000000105 ], [ -12.980299999999829, 9.167633 ], [ -12.979837, 9.168507 ], [ -12.979297, 9.1692 ], [ -12.978218, 9.169894 ], [ -12.972925, 9.171847000000184 ], [ -12.964265, 9.174571000000128 ], [ -12.958946, 9.176370000000134 ], [ -12.955297, 9.177989000000139 ], [ -12.952728, 9.179196 ], [ -12.951828, 9.179813 ], [ -12.951057, 9.180636000000106 ], [ -12.950285999999892, 9.183462000000191 ], [ -12.950184, 9.18485 ], [ -12.950285999999892, 9.185749 ], [ -12.95188, 9.193612000000144 ], [ -12.952137, 9.194717 ], [ -12.952548, 9.195616 ], [ -12.953087, 9.196182 ], [ -12.954372, 9.196901000000139 ], [ -12.955477, 9.197312 ], [ -12.956478999999888, 9.197878000000173 ], [ -12.957403999999883, 9.198623000000168 ], [ -12.958406, 9.199548000000107 ], [ -12.959383, 9.200782 ], [ -12.959947999999883, 9.201655000000187 ], [ -12.960641999999837, 9.20286300000015 ], [ -12.961336, 9.204250000000172 ], [ -12.961696, 9.205330000000174 ], [ -12.962286, 9.208465 ], [ -12.962749, 9.210854000000154 ], [ -12.963982999999871, 9.215223000000151 ], [ -12.964548, 9.217048 ], [ -12.964933, 9.217844000000127 ], [ -12.966012, 9.219668 ], [ -12.968171, 9.222778000000176 ], [ -12.970547, 9.225976000000117 ], [ -12.971357999999896, 9.227069 ], [ -12.970047, 9.227840000000128 ], [ -12.969507, 9.228071 ], [ -12.96812, 9.228328 ], [ -12.967657, 9.228508000000147 ], [ -12.966835, 9.228894000000139 ], [ -12.966064, 9.229613 ], [ -12.96269199999989, 9.234111 ], [ -12.959791, 9.238416 ], [ -12.958846999999821, 9.240271000000178 ], [ -12.956778999999869, 9.244576 ], [ -12.951253, 9.25688 ], [ -12.94981, 9.26346400000017 ], [ -12.94942, 9.265368000000137 ], [ -12.949799, 9.266656000000125 ], [ -12.95023499999985, 9.267642 ], [ -12.952489, 9.271658000000116 ], [ -12.954516, 9.278782000000149 ], [ -12.954592, 9.279160000000161 ], [ -12.954617, 9.280858000000137 ], [ -12.954054999999812, 9.281808 ], [ -12.953768, 9.282095 ], [ -12.953456, 9.282355 ], [ -12.951998, 9.283540000000187 ], [ -12.94438, 9.28943 ], [ -12.94206899999989, 9.290699000000131 ], [ -12.941784999999868, 9.290737 ], [ -12.941463, 9.290737 ], [ -12.936973, 9.290017 ], [ -12.931611, 9.288615000000163 ], [ -12.931099, 9.288444 ], [ -12.928815999999813, 9.286882000000105 ], [ -12.92752, 9.285702000000185 ], [ -12.924525, 9.283139 ], [ -12.920451999999841, 9.281169000000148 ], [ -12.917269, 9.278914 ], [ -12.916511, 9.278346000000113 ], [ -12.916113, 9.277892 ], [ -12.915790999999899, 9.277323 ], [ -12.914898, 9.274945000000116 ], [ -12.914378999999883, 9.270551000000182 ], [ -12.914435, 9.270064 ], [ -12.914518, 9.269755 ], [ -12.914874999999881, 9.269574000000148 ], [ -12.914768, 9.268513 ], [ -12.913888, 9.266562 ], [ -12.913423, 9.265558 ], [ -12.913101, 9.265217 ], [ -12.909432, 9.263182 ], [ -12.907339999999863, 9.262070000000108 ], [ -12.906363, 9.263125000000173 ], [ -12.905855, 9.263919000000158 ], [ -12.904097, 9.266067 ], [ -12.903694, 9.266549000000168 ], [ -12.899927999999875, 9.270533000000114 ], [ -12.897731, 9.272486 ], [ -12.896728, 9.273254000000179 ], [ -12.896467999999857, 9.273384 ], [ -12.895035, 9.273541000000137 ], [ -12.891131, 9.273099000000116 ], [ -12.889266, 9.272716 ], [ -12.887992, 9.272525 ], [ -12.887406, 9.272564000000102 ], [ -12.887237, 9.27263 ], [ -12.885297, 9.274843 ], [ -12.885087999999826, 9.275220000000104 ], [ -12.884931999999878, 9.275767 ], [ -12.884893, 9.278723 ], [ -12.884906, 9.279048000000159 ], [ -12.885139999999865, 9.279387 ], [ -12.885987, 9.280324 ], [ -12.886208, 9.280558 ], [ -12.886443, 9.280702 ], [ -12.886806999999862, 9.280845000000113 ], [ -12.887106, 9.280871000000161 ], [ -12.887367, 9.280858000000137 ], [ -12.888226, 9.28118400000011 ], [ -12.8885, 9.281457000000159 ], [ -12.888656, 9.282642000000124 ], [ -12.888526, 9.28368300000011 ], [ -12.88712, 9.287147 ], [ -12.886898, 9.287550000000181 ], [ -12.886235, 9.288722000000121 ], [ -12.885505, 9.289672 ], [ -12.885336, 9.289842 ], [ -12.881999, 9.292956000000174 ], [ -12.881664, 9.293212 ], [ -12.881265999999869, 9.293435 ], [ -12.88082, 9.293658000000164 ], [ -12.880485, 9.293785000000184 ], [ -12.879417, 9.293992 ], [ -12.877876, 9.294034000000181 ], [ -12.876587, 9.293917 ], [ -12.871951, 9.292875 ], [ -12.871157, 9.292693 ], [ -12.870337, 9.292303000000118 ], [ -12.870037, 9.292068 ], [ -12.868917, 9.290818 ], [ -12.868631, 9.29035 ], [ -12.868305, 9.289868000000126 ], [ -12.868033, 9.28952900000013 ], [ -12.867668, 9.289464 ], [ -12.867472, 9.289477 ], [ -12.866899999999873, 9.289751 ], [ -12.864491, 9.292276 ], [ -12.864244, 9.292563000000143 ], [ -12.862732999999878, 9.293423 ], [ -12.861132, 9.294282000000123 ], [ -12.860286, 9.29449 ], [ -12.858411, 9.294047 ], [ -12.856978, 9.2935 ], [ -12.855637, 9.292146000000116 ], [ -12.852539, 9.287925 ], [ -12.848684, 9.283332 ], [ -12.845925, 9.285183 ], [ -12.84583, 9.285585 ], [ -12.845393, 9.286887 ], [ -12.845227, 9.28736 ], [ -12.844955, 9.287893000000111 ], [ -12.844647, 9.288366000000167 ], [ -12.844304, 9.288744000000179 ], [ -12.843948999999895, 9.289075 ], [ -12.843559, 9.289324 ], [ -12.84324, 9.289501 ], [ -12.842672, 9.289726 ], [ -12.842056, 9.289963000000171 ], [ -12.840151999999875, 9.290649 ], [ -12.839784999999893, 9.290767 ], [ -12.839204999999879, 9.290874 ], [ -12.837762, 9.291098 ], [ -12.836224, 9.290803 ], [ -12.835798, 9.290554 ], [ -12.835403999999869, 9.290298000000178 ], [ -12.834923, 9.290128 ], [ -12.834686, 9.290093 ], [ -12.834363997999901, 9.29011327000012 ], [ -12.83413, 9.290128 ], [ -12.833527, 9.290246000000138 ], [ -12.83284, 9.290601 ], [ -12.832331999999894, 9.290968 ], [ -12.828806, 9.293287 ], [ -12.824416999999869, 9.296055 ], [ -12.824287, 9.296091 ], [ -12.823829999999873, 9.296208 ], [ -12.823478, 9.296117 ], [ -12.818219, 9.294171000000176 ], [ -12.814617999999825, 9.29189 ], [ -12.811935, 9.290082 ], [ -12.811460999999895, 9.289838 ], [ -12.810916, 9.28968 ], [ -12.810141, 9.289623 ], [ -12.809667999999874, 9.289666 ], [ -12.809151, 9.289766 ], [ -12.808218999999895, 9.289967000000104 ], [ -12.807745, 9.290096000000119 ], [ -12.807429999999897, 9.290282 ], [ -12.8072, 9.290512 ], [ -12.806985, 9.290756 ], [ -12.806741, 9.291172000000188 ], [ -12.806526, 9.291560000000118 ], [ -12.806553999999892, 9.291861000000154 ], [ -12.805922999999893, 9.294013 ], [ -12.80578, 9.29448600000012 ], [ -12.805435, 9.294988 ], [ -12.804058, 9.296524000000147 ], [ -12.802145, 9.298347 ], [ -12.801628999999878, 9.298802 ], [ -12.800942, 9.299330000000168 ], [ -12.800093999999888, 9.299821000000122 ], [ -12.799799999999891, 9.299956 ], [ -12.79883, 9.300091 ], [ -12.798167, 9.300177 ], [ -12.797356, 9.300177 ], [ -12.797246, 9.300066000000129 ], [ -12.796091999999874, 9.30014 ], [ -12.795305999999869, 9.300201 ], [ -12.79457, 9.300263 ], [ -12.790517, 9.300693000000138 ], [ -12.790174, 9.300766000000124 ], [ -12.789473999999871, 9.300987000000134 ], [ -12.788983, 9.301282000000185 ], [ -12.788247, 9.301797 ], [ -12.786466, 9.303136000000109 ], [ -12.786269999999888, 9.303324 ], [ -12.78617899999989, 9.30347300000011 ], [ -12.785423, 9.30483 ], [ -12.785238, 9.305247000000179 ], [ -12.784562999999878, 9.308526 ], [ -12.784502, 9.308918000000119 ], [ -12.784586999999817, 9.30918800000012 ], [ -12.784661, 9.309410000000184 ], [ -12.784883, 9.309803 ], [ -12.785888999999884, 9.311337 ], [ -12.786454, 9.312184 ], [ -12.786625, 9.312258 ], [ -12.785867, 9.317235000000153 ], [ -12.785237, 9.317431 ], [ -12.782453, 9.31895 ], [ -12.782251, 9.319094000000121 ], [ -12.779429999999877, 9.321519 ], [ -12.778792, 9.322679000000107 ], [ -12.778964, 9.323181 ], [ -12.779021999999884, 9.323571000000186 ], [ -12.779105, 9.324158 ], [ -12.77913599999988, 9.324520000000177 ], [ -12.779111, 9.324876000000131 ], [ -12.779074, 9.325386 ], [ -12.779031, 9.325730000000135 ], [ -12.778995, 9.326006 ], [ -12.778723999999897, 9.326718000000142 ], [ -12.778466, 9.327258 ], [ -12.777145, 9.329222 ], [ -12.776785, 9.329755 ], [ -12.776651999999899, 9.329942 ], [ -12.775372, 9.331662000000108 ], [ -12.773812, 9.33379600000012 ], [ -12.773545, 9.334182 ], [ -12.772905, 9.335901 ], [ -12.772806999999887, 9.33639200000016 ], [ -12.772746, 9.336834000000124 ], [ -12.772733, 9.337226 ], [ -12.772782, 9.337632 ], [ -12.773507, 9.338994000000127 ], [ -12.773814, 9.339277 ], [ -12.774047, 9.339682 ], [ -12.77565, 9.343704000000116 ], [ -12.775716999999815, 9.344134000000167 ], [ -12.775698, 9.344458000000145 ], [ -12.775602999999876, 9.344649000000175 ], [ -12.775326, 9.34504 ], [ -12.774915, 9.345546000000127 ], [ -12.773885, 9.346224 ], [ -12.773083, 9.346596000000147 ], [ -12.772673, 9.346624000000133 ], [ -12.772282, 9.346615 ], [ -12.771499, 9.346567 ], [ -12.769557, 9.345769 ], [ -12.769372, 9.345651 ], [ -12.767692999999895, 9.344935 ], [ -12.763923, 9.343981 ], [ -12.763112, 9.3438 ], [ -12.760908, 9.34421 ], [ -12.759189999999876, 9.344592 ], [ -12.756405, 9.345298 ], [ -12.752006, 9.346338000000117 ], [ -12.751643, 9.34630900000019 ], [ -12.751271, 9.346233 ], [ -12.750697999999886, 9.34608 ], [ -12.750164, 9.345842000000118 ], [ -12.749807, 9.345673000000147 ], [ -12.749476, 9.345452 ], [ -12.749181, 9.345292 ], [ -12.748862, 9.345194000000106 ], [ -12.748604, 9.345206 ], [ -12.748346, 9.345317 ], [ -12.748248, 9.345427 ], [ -12.746886, 9.348693 ], [ -12.74664, 9.349576000000127 ], [ -12.746603, 9.349884 ], [ -12.746591, 9.350276000000122 ], [ -12.747352, 9.354757000000177 ], [ -12.747904999999889, 9.357544 ], [ -12.748248, 9.359029 ], [ -12.748346, 9.359177000000159 ], [ -12.751044, 9.362354 ], [ -12.751984999999877, 9.362942 ], [ -12.752113999999892, 9.363013 ], [ -12.752303, 9.363048000000163 ], [ -12.752397, 9.362930000000176 ], [ -12.752443999999855, 9.362801000000161 ], [ -12.752984999999853, 9.362930000000176 ], [ -12.754160999999897, 9.363942 ], [ -12.754302, 9.364213 ], [ -12.75442, 9.364636 ], [ -12.754549, 9.365213 ], [ -12.75462, 9.365624000000139 ], [ -12.754596, 9.366412000000139 ], [ -12.75457299999988, 9.366730000000132 ], [ -12.75449, 9.367624 ], [ -12.753773, 9.371941 ], [ -12.756036, 9.378636 ], [ -12.756255, 9.380016 ], [ -12.756443999999874, 9.381427 ], [ -12.756553, 9.382314000000122 ], [ -12.755895, 9.392450000000167 ], [ -12.755754, 9.393705 ], [ -12.755644, 9.394113000000118 ], [ -12.7545, 9.395916 ], [ -12.75359, 9.396825000000149 ], [ -12.75221, 9.398017 ], [ -12.751771, 9.398362000000134 ], [ -12.750199999999893, 9.399562000000117 ], [ -12.749728, 9.399855 ], [ -12.748931, 9.400343 ], [ -12.748328999999899, 9.400652 ], [ -12.747939, 9.400783 ], [ -12.747548, 9.400847 ], [ -12.746832, 9.400912 ], [ -12.745938, 9.400978 ], [ -12.744947999999852, 9.400944 ], [ -12.743159999999875, 9.40079 ], [ -12.740557, 9.400481000000127 ], [ -12.736535999999887, 9.399665 ], [ -12.735042, 9.398956 ], [ -12.733583999999894, 9.397976000000142 ], [ -12.733347, 9.397816 ], [ -12.732915999999875, 9.397015 ], [ -12.732469, 9.396229 ], [ -12.732083999999873, 9.39589 ], [ -12.729756999999893, 9.395567000000142 ], [ -12.725165999999888, 9.39532000000014 ], [ -12.724379999999883, 9.39532000000014 ], [ -12.723624999999856, 9.395613 ], [ -12.722824, 9.396044000000188 ], [ -12.722393, 9.396399 ], [ -12.720113, 9.397492 ], [ -12.719605, 9.397585000000106 ], [ -12.719142, 9.397558 ], [ -12.718664999999874, 9.397431 ], [ -12.717479, 9.396907000000169 ], [ -12.715106, 9.395598 ], [ -12.714521, 9.395228000000145 ], [ -12.71318, 9.39381 ], [ -12.711793999999884, 9.392316000000108 ], [ -12.710961999999881, 9.391253 ], [ -12.710175999999876, 9.390729 ], [ -12.708971, 9.390000000000157 ], [ -12.70858799999985, 9.389887 ], [ -12.708095999999898, 9.38974300000018 ], [ -12.707510999999897, 9.389774000000102 ], [ -12.707095, 9.390067000000158 ], [ -12.706896, 9.39049400000016 ], [ -12.706616, 9.391505000000109 ], [ -12.706465999999864, 9.39244 ], [ -12.706412, 9.39281700000015 ], [ -12.706356, 9.394411 ], [ -12.706541, 9.394709 ], [ -12.707018, 9.394874000000186 ], [ -12.707573, 9.395459 ], [ -12.707912, 9.395967 ], [ -12.708388999999897, 9.3972 ], [ -12.709175, 9.399495 ], [ -12.709205999999824, 9.399911 ], [ -12.70919, 9.401667 ], [ -12.70899, 9.402962 ], [ -12.708143, 9.406551 ], [ -12.706416999999874, 9.409632 ], [ -12.704769, 9.412236000000178 ], [ -12.704322, 9.412637000000132 ], [ -12.697095999999874, 9.417752 ], [ -12.696357, 9.418044 ], [ -12.695694, 9.41809000000012 ], [ -12.694893, 9.418044 ], [ -12.693954, 9.417890000000114 ], [ -12.693399, 9.417767 ], [ -12.69269, 9.417443 ], [ -12.691674, 9.416735 ], [ -12.689378, 9.414870000000178 ], [ -12.688715999999829, 9.414254 ], [ -12.68833, 9.413654 ], [ -12.687837, 9.412313000000154 ], [ -12.687467, 9.411374 ], [ -12.686666, 9.410017 ], [ -12.685619, 9.408708000000104 ], [ -12.68528, 9.408338 ], [ -12.684941, 9.408246 ], [ -12.68454, 9.408493 ], [ -12.684202, 9.408724 ], [ -12.683585, 9.409941000000174 ], [ -12.683307999999897, 9.41068 ], [ -12.683246, 9.411389 ], [ -12.683399999999892, 9.412205 ], [ -12.684216999999876, 9.414886 ], [ -12.684371, 9.415348000000108 ], [ -12.684664, 9.415656000000183 ], [ -12.68491, 9.416704 ], [ -12.684402, 9.418029 ], [ -12.683755, 9.418984 ], [ -12.681074, 9.420124 ], [ -12.680627, 9.420247 ], [ -12.680258, 9.420232 ], [ -12.679810999999859, 9.420463 ], [ -12.679472, 9.420879000000127 ], [ -12.679241, 9.421665000000132 ], [ -12.679317, 9.422635000000128 ], [ -12.679564, 9.423359000000175 ], [ -12.680211, 9.424468000000104 ], [ -12.681921999999815, 9.426440000000184 ], [ -12.682954, 9.427488 ], [ -12.6832, 9.427596000000108 ], [ -12.683508, 9.42812 ], [ -12.683786, 9.428613 ], [ -12.683909, 9.429013000000111 ], [ -12.684001, 9.429814 ], [ -12.683692999999892, 9.431047000000149 ], [ -12.683046, 9.431925000000149 ], [ -12.68196799999987, 9.432803000000149 ], [ -12.680272999999886, 9.43382 ], [ -12.679194, 9.4344210000001 ], [ -12.677808, 9.434960000000103 ], [ -12.677022, 9.435253 ], [ -12.676129, 9.435808 ], [ -12.675297, 9.436747 ], [ -12.675142999999878, 9.437410000000114 ], [ -12.67525, 9.438088000000107 ], [ -12.675727999999879, 9.438843 ], [ -12.676437, 9.439566000000184 ], [ -12.678085, 9.440198 ], [ -12.679118, 9.44066 ], [ -12.681028, 9.441800000000114 ], [ -12.681613, 9.44254 ], [ -12.68168999999989, 9.44291 ], [ -12.681767, 9.443896000000166 ], [ -12.681704, 9.44424 ], [ -12.680935999999861, 9.445606 ], [ -12.680288, 9.446484 ], [ -12.679440999999883, 9.447193 ], [ -12.678794, 9.447701 ], [ -12.678393999999855, 9.448194000000115 ], [ -12.678177999999832, 9.448579 ], [ -12.677777, 9.449981 ], [ -12.677546, 9.451583 ], [ -12.677654, 9.453247 ], [ -12.678100999999856, 9.454973 ], [ -12.678347, 9.456344000000172 ], [ -12.678532, 9.457977 ], [ -12.678172, 9.459665000000143 ], [ -12.678008, 9.460211000000186 ], [ -12.677623, 9.461320000000114 ], [ -12.676961, 9.462167 ], [ -12.676020999999878, 9.463153 ], [ -12.674758, 9.464278 ], [ -12.672739, 9.465972 ], [ -12.671105999999895, 9.467251 ], [ -12.669782, 9.46806800000013 ], [ -12.669134, 9.468284 ], [ -12.668256, 9.468592000000172 ], [ -12.667978999999889, 9.46873 ], [ -12.667855999999858, 9.469454 ], [ -12.667886, 9.470178 ], [ -12.668395, 9.471781 ], [ -12.668965, 9.473075000000165 ], [ -12.669335, 9.473722 ], [ -12.669797, 9.474246 ], [ -12.670551999999816, 9.475170000000162 ], [ -12.670766999999842, 9.475709000000165 ], [ -12.670783, 9.476233 ], [ -12.67049, 9.476896000000124 ], [ -12.669889, 9.47765 ], [ -12.66814799999986, 9.478698 ], [ -12.66781, 9.478775 ], [ -12.667301, 9.478914000000145 ], [ -12.666807999999833, 9.479345 ], [ -12.665791, 9.481317 ], [ -12.665098, 9.483104 ], [ -12.66271, 9.487372 ], [ -12.659357999999884, 9.492067 ], [ -12.656085, 9.496615000000133 ], [ -12.652182, 9.502251000000115 ], [ -12.651346, 9.503976 ], [ -12.651240387999962, 9.504142000000115 ], [ -12.648601999999812, 9.508289 ], [ -12.646602, 9.510837 ], [ -12.646289, 9.511150000000157 ], [ -12.646093, 9.511464 ], [ -12.64594899999986, 9.511869000000104 ], [ -12.645165, 9.514392000000157 ], [ -12.644982, 9.515006 ], [ -12.644956, 9.515515000000164 ], [ -12.645308, 9.520873000000108 ], [ -12.648548, 9.525482 ], [ -12.650454, 9.527387000000147 ], [ -12.652530999999897, 9.529305 ], [ -12.654303, 9.531104 ], [ -12.654819, 9.53213600000015 ], [ -12.655176, 9.533142 ], [ -12.655388, 9.533936 ], [ -12.655957, 9.536118000000101 ], [ -12.654990999999882, 9.538737 ], [ -12.654793, 9.539254 ], [ -12.649413, 9.545181000000184 ], [ -12.64854, 9.54586 ], [ -12.647256, 9.546684 ], [ -12.643243999999868, 9.54925500000013 ], [ -12.642304, 9.549586000000147 ], [ -12.641364999999894, 9.549903 ], [ -12.64077, 9.55008800000013 ], [ -12.640254, 9.550221 ], [ -12.639394, 9.550380000000132 ], [ -12.638401999999871, 9.550512 ], [ -12.635981, 9.550327 ], [ -12.635253, 9.550036 ], [ -12.634644, 9.549639 ], [ -12.634114999999838, 9.549176000000159 ], [ -12.633374999999887, 9.548369 ], [ -12.632766, 9.547641000000169 ], [ -12.632422, 9.547469000000149 ], [ -12.631721, 9.547324 ], [ -12.631086, 9.547337 ], [ -12.630477, 9.547509 ], [ -12.629975, 9.548012000000142 ], [ -12.629485, 9.548607000000118 ], [ -12.629088, 9.549387 ], [ -12.62889, 9.549930000000188 ], [ -12.628718, 9.550578000000144 ], [ -12.628624999999886, 9.551094 ], [ -12.628704999999854, 9.552007 ], [ -12.628875999999877, 9.552602 ], [ -12.62907499999983, 9.553105000000187 ], [ -12.629590999999891, 9.553885 ], [ -12.630477, 9.555407 ], [ -12.631998999999894, 9.558317000000102 ], [ -12.633364, 9.561136 ], [ -12.633755999999892, 9.562442 ], [ -12.634017, 9.563501 ], [ -12.634174, 9.564233 ], [ -12.63424, 9.564612000000125 ], [ -12.634057, 9.565840000000151 ], [ -12.633912999999893, 9.566428 ], [ -12.633651999999813, 9.56719900000013 ], [ -12.633351, 9.567918000000134 ], [ -12.633062, 9.568298 ], [ -12.632763, 9.568650000000105 ], [ -12.632007, 9.569249000000127 ], [ -12.631081999999878, 9.569627000000139 ], [ -12.630742999999882, 9.569718 ], [ -12.630092, 9.569848 ], [ -12.629656, 9.569974 ], [ -12.629597, 9.569992000000127 ], [ -12.627799, 9.570721 ], [ -12.627421, 9.571190000000115 ], [ -12.626952, 9.571920000000148 ], [ -12.626639, 9.572663000000148 ], [ -12.626457, 9.573457000000133 ], [ -12.624698, 9.581926 ], [ -12.62389, 9.585834 ], [ -12.623734, 9.586837000000173 ], [ -12.623759999999891, 9.587098 ], [ -12.623825, 9.587137 ], [ -12.623955, 9.587098 ], [ -12.624021, 9.587124 ], [ -12.62389, 9.587879 ], [ -12.623604, 9.588765 ], [ -12.62340799999987, 9.589286 ], [ -12.623173999999892, 9.589768 ], [ -12.622834999999895, 9.590276000000131 ], [ -12.622483, 9.590772000000129 ], [ -12.622132, 9.591176000000132 ], [ -12.62161, 9.591696000000184 ], [ -12.620777, 9.592426 ], [ -12.620373, 9.592765 ], [ -12.619696, 9.59331200000014 ], [ -12.61924, 9.593586 ], [ -12.618131999999889, 9.594511 ], [ -12.617636999999888, 9.59524000000016 ], [ -12.617468, 9.595709 ], [ -12.617297999999892, 9.596361000000172 ], [ -12.617206999999837, 9.597611 ], [ -12.617376, 9.598914 ], [ -12.617545999999891, 9.600008000000116 ], [ -12.617702, 9.600634 ], [ -12.617832999999848, 9.60139 ], [ -12.617897, 9.602093 ], [ -12.617937, 9.602901 ], [ -12.617832999999848, 9.603539 ], [ -12.617715, 9.604034000000183 ], [ -12.617194, 9.604725000000144 ], [ -12.616633, 9.605441 ], [ -12.615369999999871, 9.606418 ], [ -12.613989, 9.607356 ], [ -12.613611, 9.607526 ], [ -12.611775, 9.607916 ], [ -12.610446, 9.607864000000177 ], [ -12.609807, 9.607773000000122 ], [ -12.609234, 9.607604000000151 ], [ -12.607775, 9.606744 ], [ -12.607253999999841, 9.606379 ], [ -12.606785, 9.606054000000142 ], [ -12.606159, 9.605637000000115 ], [ -12.603606, 9.604138 ], [ -12.597377999999821, 9.600712000000101 ], [ -12.596896, 9.600530000000163 ], [ -12.59644, 9.600464 ], [ -12.594199, 9.600217 ], [ -12.593223, 9.600113000000135 ], [ -12.592439999999897, 9.600165000000175 ], [ -12.59209618999995, 9.600229539000054 ], [ -12.589249, 9.60076400000014 ], [ -12.588844999999878, 9.600894 ], [ -12.588493, 9.601077 ], [ -12.588232999999889, 9.601442000000134 ], [ -12.588089, 9.601806 ], [ -12.587972, 9.602288000000101 ], [ -12.587933, 9.602705000000185 ], [ -12.587946, 9.6032 ], [ -12.588037, 9.604464 ], [ -12.587972, 9.60862 ], [ -12.587907, 9.610353 ], [ -12.587868, 9.610991 ], [ -12.587306999999896, 9.613623 ], [ -12.586777, 9.615982 ], [ -12.585914, 9.618766000000164 ], [ -12.585221999999874, 9.620935 ], [ -12.584503, 9.622973000000115 ], [ -12.583731999999884, 9.6252080000001 ], [ -12.582518973999981, 9.631520139000031 ], [ -12.58219, 9.633232 ], [ -12.582279739999876, 9.634159988000022 ], [ -12.582636, 9.637844 ], [ -12.584693999999899, 9.642517000000169 ], [ -12.587308999999891, 9.652747000000147 ], [ -12.587396999999896, 9.653126 ], [ -12.587498, 9.653606 ], [ -12.587549, 9.654186 ], [ -12.587485999999899, 9.658796 ], [ -12.587284, 9.659478 ], [ -12.586563999999896, 9.66167600000017 ], [ -12.586286, 9.662320000000136 ], [ -12.586109, 9.662636 ], [ -12.585932999999898, 9.662863000000129 ], [ -12.58551599999987, 9.66328 ], [ -12.584732, 9.663709000000154 ], [ -12.583785, 9.664138 ], [ -12.582636, 9.664416000000188 ], [ -12.582306999999844, 9.664492000000109 ], [ -12.581575, 9.664580000000115 ], [ -12.581069999999897, 9.664492000000109 ], [ -12.580653, 9.664340000000152 ], [ -12.580185999999856, 9.66410000000019 ], [ -12.57968099999988, 9.663785 ], [ -12.579211, 9.663432000000114 ], [ -12.576833, 9.660949 ], [ -12.574678, 9.658357 ], [ -12.574184999999886, 9.657799000000182 ], [ -12.573602999999878, 9.657281000000125 ], [ -12.573252, 9.657151 ], [ -12.57272, 9.657267 ], [ -12.572331, 9.657553 ], [ -12.571903, 9.658136000000184 ], [ -12.571566, 9.658837 ], [ -12.57141, 9.65996500000017 ], [ -12.571345, 9.660769 ], [ -12.571748, 9.66558 ], [ -12.571889999999826, 9.666553 ], [ -12.571994, 9.66694200000012 ], [ -12.572124, 9.667331000000161 ], [ -12.572214, 9.667681000000186 ], [ -12.572226999999884, 9.668862 ], [ -12.572176, 9.669199000000162 ], [ -12.572110999999893, 9.669523 ], [ -12.572019999999895, 9.669860000000142 ], [ -12.571838, 9.670301 ], [ -12.571643999999878, 9.67056 ], [ -12.57132, 9.670988 ], [ -12.570722999999873, 9.671740000000113 ], [ -12.570334, 9.672181 ], [ -12.569841, 9.672700000000134 ], [ -12.569647, 9.672843 ], [ -12.569167, 9.673413000000153 ], [ -12.568506, 9.674360000000149 ], [ -12.568143, 9.674917 ], [ -12.56695, 9.676772 ], [ -12.566586, 9.677486000000158 ], [ -12.566223, 9.678328 ], [ -12.566042, 9.679120000000182 ], [ -12.565264, 9.684942000000149 ], [ -12.565184999999872, 9.685811000000115 ], [ -12.565134, 9.686603000000105 ], [ -12.565173, 9.688158000000158 ], [ -12.56525, 9.688638 ], [ -12.56538, 9.688781000000176 ], [ -12.56564, 9.69013 ], [ -12.565795, 9.691401 ], [ -12.565898999999888, 9.692321000000163 ], [ -12.565898999999888, 9.693113000000153 ], [ -12.565859999999873, 9.694202000000189 ], [ -12.565743, 9.696043 ], [ -12.565704, 9.696575 ], [ -12.565651999999886, 9.697236 ], [ -12.565561999999886, 9.698352 ], [ -12.565419, 9.699597 ], [ -12.564836, 9.702761000000123 ], [ -12.564667, 9.70328 ], [ -12.564291, 9.703786 ], [ -12.56372, 9.704356000000132 ], [ -12.562372, 9.705199 ], [ -12.561618999999894, 9.705446 ], [ -12.558844, 9.705757 ], [ -12.557872, 9.705834 ], [ -12.55631499999987, 9.705912 ], [ -12.555125, 9.705715000000112 ], [ -12.55477999999988, 9.705657 ], [ -12.554342, 9.705703 ], [ -12.553456, 9.705899 ], [ -12.550485, 9.706601 ], [ -12.548918999999898, 9.70728 ], [ -12.547803, 9.707822 ], [ -12.547365, 9.708156 ], [ -12.546421, 9.709088000000122 ], [ -12.539685, 9.714016 ], [ -12.535335, 9.71708 ], [ -12.535383, 9.717656 ], [ -12.535191, 9.718364 ], [ -12.534651, 9.720151000000158 ], [ -12.534411, 9.720451 ], [ -12.533307, 9.721639000000152 ], [ -12.532826999999884, 9.721999 ], [ -12.532167, 9.722203 ], [ -12.531592, 9.722311000000161 ], [ -12.530439, 9.722082 ], [ -12.529804, 9.721603000000187 ], [ -12.529637, 9.72146 ], [ -12.52918, 9.720967000000144 ], [ -12.528904, 9.720571 ], [ -12.527849, 9.718760000000145 ], [ -12.527633, 9.718052 ], [ -12.527633, 9.717680000000144 ], [ -12.527861, 9.716636000000108 ], [ -12.528676, 9.715352 ], [ -12.528976, 9.715017 ], [ -12.529277, 9.714537000000121 ], [ -12.529432, 9.714177 ], [ -12.52942, 9.713277000000176 ], [ -12.529335999999887, 9.712701 ], [ -12.52918, 9.71185 ], [ -12.529048, 9.711322 ], [ -12.52888, 9.710722000000146 ], [ -12.528615999999829, 9.710062 ], [ -12.528053, 9.70921 ], [ -12.527717, 9.708958 ], [ -12.520338999999865, 9.706055 ], [ -12.519762999999898, 9.706067000000132 ], [ -12.519475, 9.706319000000178 ], [ -12.519126999999855, 9.706739 ], [ -12.518791, 9.707279 ], [ -12.518418999999881, 9.708262 ], [ -12.517903, 9.709714 ], [ -12.517663, 9.710506 ], [ -12.517532, 9.71095 ], [ -12.517448, 9.711382 ], [ -12.517339999999876, 9.71197 ], [ -12.517207999999869, 9.713049000000126 ], [ -12.517147, 9.713745000000188 ], [ -12.517147, 9.714057 ], [ -12.517388, 9.715280000000178 ], [ -12.517615, 9.715916 ], [ -12.518143, 9.717248 ], [ -12.518383, 9.717596000000128 ], [ -12.520218999999884, 9.719887000000142 ], [ -12.520974, 9.720715 ], [ -12.521286, 9.721195 ], [ -12.522581999999886, 9.723246 ], [ -12.522833999999875, 9.723810000000185 ], [ -12.526120999999875, 9.733047000000113 ], [ -12.526493, 9.734667 ], [ -12.526637, 9.735375000000147 ], [ -12.526660999999876, 9.735891 ], [ -12.526540999999895, 9.736863 ], [ -12.526421, 9.737426 ], [ -12.525977, 9.73853 ], [ -12.524106, 9.741686 ], [ -12.523913999999877, 9.741974 ], [ -12.52377, 9.74218900000011 ], [ -12.523134, 9.742609 ], [ -12.522126, 9.743053 ], [ -12.521358, 9.743281 ], [ -12.520447, 9.743533000000127 ], [ -12.519667, 9.743593000000146 ], [ -12.519271, 9.743593000000146 ], [ -12.518611, 9.743449000000112 ], [ -12.518179, 9.743305 ], [ -12.517207999999869, 9.742933 ], [ -12.516728, 9.742729 ], [ -12.516032, 9.742477000000179 ], [ -12.514545999999882, 9.741974 ], [ -12.51374, 9.741722 ], [ -12.513236, 9.741614 ], [ -12.512577, 9.741530000000125 ], [ -12.511928999999895, 9.741506000000129 ], [ -12.509614, 9.741578 ], [ -12.509086, 9.74162600000011 ], [ -12.508474, 9.741901 ], [ -12.507118, 9.742561 ], [ -12.50665, 9.742957000000104 ], [ -12.506183, 9.743533000000127 ], [ -12.505485, 9.744587000000138 ], [ -12.505241, 9.745075 ], [ -12.505014, 9.7456600000001 ], [ -12.504744, 9.746916000000112 ], [ -12.504681999999889, 9.747308 ], [ -12.504621999999813, 9.747762 ], [ -12.504578, 9.748224000000164 ], [ -12.504657, 9.748713000000123 ], [ -12.504778, 9.749193 ], [ -12.504926999999896, 9.749655 ], [ -12.505312, 9.750491000000125 ], [ -12.506205, 9.751877 ], [ -12.50729699999988, 9.753546000000142 ], [ -12.507756, 9.75391 ], [ -12.508284, 9.754146 ], [ -12.508684, 9.754228 ], [ -12.509119, 9.754204 ], [ -12.510222999999883, 9.753958000000125 ], [ -12.511398, 9.753652 ], [ -12.51184499999988, 9.753523 ], [ -12.512538, 9.7533 ], [ -12.514947, 9.752700000000118 ], [ -12.515311, 9.752782000000138 ], [ -12.51591, 9.753112000000101 ], [ -12.516192, 9.753452000000152 ], [ -12.516297999999892, 9.753969000000154 ], [ -12.516165999999885, 9.755552 ], [ -12.516015, 9.756907 ], [ -12.515577, 9.757838000000163 ], [ -12.514755999999863, 9.759138 ], [ -12.513332999999875, 9.761000000000138 ], [ -12.511909, 9.762725 ], [ -12.511306, 9.763382 ], [ -12.51028, 9.764696 ], [ -12.509869, 9.76536700000014 ], [ -12.509499999999832, 9.76601 ], [ -12.509225999999899, 9.766804 ], [ -12.509034, 9.767406000000108 ], [ -12.507392, 9.77343 ], [ -12.507036, 9.775017000000105 ], [ -12.506994, 9.776030000000105 ], [ -12.506953, 9.777769 ], [ -12.506953, 9.778426 ], [ -12.506966999999861, 9.779863000000148 ], [ -12.506966999999861, 9.780356 ], [ -12.506966999999861, 9.781095000000107 ], [ -12.505146, 9.785216 ], [ -12.50453, 9.786160000000166 ], [ -12.50386, 9.78705 ], [ -12.503517, 9.787487000000169 ], [ -12.50312, 9.788008000000104 ], [ -12.502175999999849, 9.789432 ], [ -12.49980399999987, 9.793021000000124 ], [ -12.499521999999899, 9.793533 ], [ -12.499303999999881, 9.794058000000121 ], [ -12.499074, 9.79471100000012 ], [ -12.498857, 9.795427 ], [ -12.498087999999825, 9.799089 ], [ -12.498062999999888, 9.799665 ], [ -12.498087999999825, 9.80042 ], [ -12.498139999999864, 9.801355000000115 ], [ -12.498191, 9.802148000000159 ], [ -12.498229, 9.802878 ], [ -12.498191, 9.803364 ], [ -12.498087999999825, 9.804401 ], [ -12.498024, 9.805042000000128 ], [ -12.497224, 9.810232 ], [ -12.497149, 9.810607000000175 ], [ -12.496885999999847, 9.811382 ], [ -12.496524, 9.811994 ], [ -12.496336999999869, 9.812232000000165 ], [ -12.496099, 9.812520000000177 ], [ -12.495662, 9.812970000000121 ], [ -12.495437, 9.813132 ], [ -12.494805999999869, 9.813439000000187 ], [ -12.494335, 9.81356 ], [ -12.49389699999989, 9.813647000000174 ], [ -12.493306, 9.813669 ], [ -12.492944, 9.813625000000116 ], [ -12.492636999999888, 9.81358200000011 ], [ -12.492287, 9.813472000000104 ], [ -12.491903, 9.813319 ], [ -12.491432999999859, 9.813012 ], [ -12.491115, 9.812771000000168 ], [ -12.490743, 9.812464 ], [ -12.490446, 9.812322000000165 ], [ -12.490226999999891, 9.812278 ], [ -12.490007999999875, 9.812300000000107 ], [ -12.489833, 9.812398 ], [ -12.489581, 9.812541000000124 ], [ -12.489306999999883, 9.812771000000168 ], [ -12.489098999999896, 9.813034 ], [ -12.488957, 9.81322 ], [ -12.488430999999878, 9.814217 ], [ -12.486513999999886, 9.824721000000181 ], [ -12.486448, 9.825412 ], [ -12.486557999999889, 9.82715300000018 ], [ -12.486613, 9.828018000000156 ], [ -12.487117, 9.828950000000134 ], [ -12.487489, 9.829443 ], [ -12.488026, 9.830012000000124 ], [ -12.488256, 9.830209 ], [ -12.488639, 9.830352000000175 ], [ -12.488979, 9.83045 ], [ -12.489306999999883, 9.830472000000157 ], [ -12.489669, 9.830461000000128 ], [ -12.490051999999878, 9.830395000000181 ], [ -12.490457, 9.830319 ], [ -12.490775, 9.830253000000141 ], [ -12.491257, 9.830122000000131 ], [ -12.492155, 9.82987 ], [ -12.49267, 9.829716000000133 ], [ -12.493107999999893, 9.829672 ], [ -12.493623, 9.829705000000104 ], [ -12.49455399999988, 9.829914 ], [ -12.495342999999878, 9.83011 ], [ -12.496208, 9.830549000000133 ], [ -12.49658, 9.830866 ], [ -12.497182999999893, 9.831436000000167 ], [ -12.497501, 9.831896 ], [ -12.49772, 9.832258000000138 ], [ -12.497795999999823, 9.83271800000017 ], [ -12.497906, 9.833693 ], [ -12.497917, 9.834164000000101 ], [ -12.497829, 9.834557 ], [ -12.497752999999818, 9.834864 ], [ -12.497621, 9.835368 ], [ -12.497282, 9.836201 ], [ -12.495725999999877, 9.83975 ], [ -12.495978, 9.845150000000103 ], [ -12.495156, 9.845608 ], [ -12.493791, 9.846290000000124 ], [ -12.492289, 9.846938 ], [ -12.49089, 9.847484000000122 ], [ -12.488296, 9.84816700000016 ], [ -12.486725999999862, 9.848304000000155 ], [ -12.481196999999895, 9.848611000000119 ], [ -12.474814999999865, 9.849054 ], [ -12.471198, 9.849908000000141 ], [ -12.469389, 9.850932000000171 ], [ -12.463519, 9.854686 ], [ -12.459355, 9.861716000000172 ], [ -12.458843, 9.862535 ], [ -12.45055, 9.873251000000153 ], [ -12.443759, 9.877893 ], [ -12.441506, 9.879292 ], [ -12.439457999999888, 9.880316000000107 ], [ -12.437889, 9.88086200000015 ], [ -12.435534, 9.881544 ], [ -12.41809499999988, 9.88410400000015 ], [ -12.410471379999876, 9.885111173000098 ], [ -12.39045, 9.887756 ], [ -12.382361820999961, 9.888720542000044 ], [ -12.374273593999874, 9.889684888999966 ], [ -12.366185320999818, 9.890649042000064 ], [ -12.358097, 9.891613 ], [ -12.350453, 9.892534 ], [ -12.345401, 9.893524000000127 ], [ -12.342364045999943, 9.898574514000188 ], [ -12.339327, 9.903625 ], [ -12.331068406999975, 9.90569500700002 ], [ -12.322809710999934, 9.907764810000117 ], [ -12.274079935999907, 9.91997635600012 ], [ -12.266095387999883, 9.921977095000045 ], [ -12.222482, 9.932905000000119 ], [ -12.22275999999988, 9.930129000000136 ], [ -12.22294, 9.92833400000012 ], [ -12.223021, 9.927615000000117 ], [ -12.223103, 9.926962000000117 ], [ -12.223332, 9.926244 ], [ -12.223478, 9.92546 ], [ -12.223511, 9.925248 ], [ -12.223492, 9.924731 ], [ -12.223329, 9.923684000000151 ], [ -12.223212999999873, 9.923241 ], [ -12.221792999999877, 9.919097 ], [ -12.217648, 9.908059000000151 ], [ -12.216853, 9.907380000000103 ], [ -12.209222999999895, 9.904944000000171 ], [ -12.202547, 9.902424 ], [ -12.199139999999886, 9.900861000000191 ], [ -12.193044, 9.89696 ], [ -12.191851999999869, 9.895238000000177 ], [ -12.191716999999869, 9.894887 ], [ -12.184487, 9.889538000000186 ], [ -12.18409, 9.889462 ], [ -12.183552, 9.889436000000103 ], [ -12.181776999999897, 9.889464 ], [ -12.181264999999826, 9.889627 ], [ -12.180753, 9.889743 ], [ -12.18024, 9.889743 ], [ -12.179727999999841, 9.889604000000134 ], [ -12.178494, 9.888766 ], [ -12.177447, 9.887974 ], [ -12.173933, 9.886093 ], [ -12.170641999999816, 9.88594 ], [ -12.169275999999854, 9.882899000000123 ], [ -12.168624, 9.881619 ], [ -12.168182, 9.881456 ], [ -12.167856, 9.881526 ], [ -12.167507, 9.881712000000107 ], [ -12.165668, 9.882923000000119 ], [ -12.165062, 9.883481000000131 ], [ -12.162022, 9.884326 ], [ -12.156448999999895, 9.880641 ], [ -12.154768, 9.87851 ], [ -12.154951999999867, 9.878088000000105 ], [ -12.154849, 9.877704000000165 ], [ -12.153803, 9.87673100000012 ], [ -12.152771, 9.875962 ], [ -12.14720092399989, 9.87228560300008 ], [ -12.146697, 9.87195300000019 ], [ -12.146531, 9.871852 ], [ -12.145229, 9.871865 ], [ -12.144979, 9.872024 ], [ -12.144904999999824, 9.87229 ], [ -12.144979, 9.87370900000019 ], [ -12.145159, 9.87538 ], [ -12.143111, 9.875706 ], [ -12.142913754999825, 9.875681547000056 ], [ -12.13619, 9.8748480000001 ], [ -12.133652, 9.874412 ], [ -12.129115, 9.873125000000186 ], [ -12.128784, 9.87273400000015 ], [ -12.128285, 9.87226 ], [ -12.125096, 9.870365000000106 ], [ -12.124084, 9.869955 ], [ -12.123623, 9.86998 ], [ -12.123279, 9.87018 ], [ -12.119947, 9.872337000000186 ], [ -12.067654177999941, 9.888889995000113 ], [ -12.059224631999939, 9.891558237000083 ], [ -12.050794949999954, 9.894226267000022 ], [ -12.042365131999873, 9.896894086000088 ], [ -12.033935177999922, 9.899561692000134 ], [ -12.025505087999932, 9.902229087000137 ], [ -12.017074860999969, 9.904896270000108 ], [ -12.008644498999956, 9.907563241000048 ], [ -12.000214, 9.910230000000183 ], [ -11.98855, 9.913973000000112 ], [ -11.918750504999934, 9.936373112000012 ], [ -11.906884999999875, 9.940181000000166 ], [ -11.907835, 9.941377000000159 ], [ -11.908336, 9.94229 ], [ -11.90867999999989, 9.943135000000154 ], [ -11.909009, 9.944059 ], [ -11.909134999999878, 9.944607 ], [ -11.909213, 9.945187 ], [ -11.909197, 9.945876000000112 ], [ -11.909072, 9.946831 ], [ -11.908916, 9.947599 ], [ -11.908696, 9.948256000000185 ], [ -11.908289, 9.94951 ], [ -11.908164, 9.950089000000162 ], [ -11.907694, 9.95308000000017 ], [ -11.907678, 9.953503000000183 ], [ -11.907849999999883, 9.953895000000102 ], [ -11.908883999999887, 9.956698 ], [ -11.908930999999882, 9.957058000000188 ], [ -11.908712, 9.957372 ], [ -11.908256999999878, 9.957841 ], [ -11.907584, 9.95843600000012 ], [ -11.906942, 9.958828 ], [ -11.906346999999869, 9.959251 ], [ -11.905987, 9.959877000000176 ], [ -11.90558, 9.960723 ], [ -11.904733, 9.963197 ], [ -11.90451499999989, 9.964028 ], [ -11.9037, 9.967552000000182 ], [ -11.903528, 9.969964 ], [ -11.903606, 9.970606 ], [ -11.903747, 9.971326000000147 ], [ -11.90381, 9.97189 ], [ -11.903716, 9.972422 ], [ -11.901633, 9.978311 ], [ -11.899409, 9.986925 ], [ -11.899314999999888, 9.987755 ], [ -11.897090999999818, 9.993722000000105 ], [ -11.89682572199996, 9.994390513000099 ], [ -11.894622, 9.999944000000141 ], [ -11.885958416999927, 9.999945240000045 ], [ -11.877294832999951, 9.999946255000054 ], [ -11.868631249999964, 9.99994704400018 ], [ -11.859967666999978, 9.99994760800007 ], [ -11.851304082999832, 9.999947946000077 ], [ -11.842640499999959, 9.999948059000189 ], [ -11.833976916999973, 9.999947946000077 ], [ -11.825313332999883, 9.99994760800007 ], [ -11.816649749999897, 9.99994704400018 ], [ -11.80798616699991, 9.999946255000054 ], [ -11.799322582999935, 9.999945240000045 ], [ -11.782555, 9.999944395000057 ], [ -11.758242999999879, 9.999944395000057 ], [ -11.741629691999947, 9.999945305000153 ], [ -11.73312038499995, 9.999946393000073 ], [ -11.724611076999906, 9.999947263000138 ], [ -11.71610176899992, 9.99994791600011 ], [ -11.707592461999923, 9.999948351000057 ], [ -11.699083153999936, 9.99994856800015 ], [ -11.690573845999893, 9.99994856800015 ], [ -11.682064537999906, 9.999948351000057 ], [ -11.673555230999966, 9.99994791600011 ], [ -11.60466624999998, 9.999949474000061 ], [ -11.595953312999825, 9.999950272000092 ], [ -11.587240374999908, 9.999950842000146 ], [ -11.578527437999867, 9.999951184000167 ], [ -11.569814499999893, 9.999951297999985 ], [ -11.561101561999976, 9.999951184000167 ], [ -11.552388624999935, 9.999950842000146 ], [ -11.543675686999961, 9.999950272000092 ], [ -11.534962749999977, 9.999949474000061 ], [ -11.52624981199989, 9.999948447000065 ], [ -11.517536874999848, 9.999947193000139 ], [ -11.477433324999879, 9.999950926000167 ], [ -11.477036306999935, 9.99995096300006 ], [ -11.470595588999913, 9.999951562000035 ], [ -11.461704883999971, 9.99995398700014 ], [ -11.452814177999926, 9.999956174000033 ], [ -11.443923472999927, 9.999958124000045 ], [ -11.435032766999882, 9.999959836000187 ], [ -11.42614206099995, 9.99996131100005 ], [ -11.417251354999905, 9.999962549000145 ], [ -11.408360648999974, 9.999963549000029 ], [ -11.399469942999929, 9.999964311000099 ], [ -11.390579236999884, 9.999964836000061 ], [ -11.381688530999952, 9.999965124000084 ], [ -11.372797823999917, 9.999965174000067 ], [ -11.302385400999981, 9.999969736000139 ], [ -11.293673000999945, 9.999970850000011 ], [ -11.284960600999852, 9.999971736000077 ], [ -11.276248199999941, 9.999972394000167 ], [ -11.271283129999972, 9.999972639000077 ], [ -11.267535799999962, 9.999972824 ], [ -11.233294999999828, 9.999973636999982 ], [ -11.224886999999853, 9.999973636999982 ], [ -11.216478999999879, 9.999973425000178 ], [ -11.208071, 9.999973 ], [ -11.208523, 9.996658 ], [ -11.209641, 9.99147500000015 ], [ -11.209895, 9.990764000000127 ], [ -11.211317999999892, 9.987004 ], [ -11.212842, 9.983294 ], [ -11.213807, 9.981058000000132 ], [ -11.214011, 9.977654 ], [ -11.214011, 9.976892 ], [ -11.213198, 9.975012000000106 ], [ -11.212537, 9.974504 ], [ -11.20918399999988, 9.973030000000108 ], [ -11.206592, 9.972776 ], [ -11.200545, 9.973894 ], [ -11.198767, 9.973233 ], [ -11.196125, 9.972369000000128 ], [ -11.194650999999851, 9.972217000000114 ], [ -11.193838, 9.97242 ], [ -11.193126, 9.97318300000012 ], [ -11.192160999999885, 9.973640000000103 ], [ -11.190383, 9.973386 ], [ -11.187100768999869, 9.972252192000042 ], [ -11.184793, 9.971455000000162 ], [ -11.185656999999878, 9.969473000000107 ], [ -11.180271, 9.967491000000109 ], [ -11.179508, 9.966323000000102 ], [ -11.179508, 9.965154000000155 ], [ -11.179763, 9.964036 ], [ -11.178949999999872, 9.963527 ], [ -11.177374, 9.963223 ], [ -11.172749999999894, 9.961241 ], [ -11.171886, 9.960631 ], [ -11.171633, 9.959818 ], [ -11.171886, 9.958853 ], [ -11.173258, 9.958091 ], [ -11.174427, 9.958243000000152 ], [ -11.17463, 9.956566000000123 ], [ -11.174224, 9.95433 ], [ -11.173766, 9.952755000000138 ], [ -11.172953999999891, 9.951434 ], [ -11.169650999999817, 9.947217 ], [ -11.164061, 9.938629000000162 ], [ -11.16401, 9.937714000000142 ], [ -11.164569, 9.936546000000135 ], [ -11.165433, 9.935377 ], [ -11.168126, 9.933548 ], [ -11.169040999999879, 9.933599000000186 ], [ -11.170057, 9.933395000000189 ], [ -11.170615999999882, 9.932887 ], [ -11.170464, 9.930906000000107 ], [ -11.168939, 9.92872 ], [ -11.16782199999983, 9.922978000000171 ], [ -11.167923, 9.921403 ], [ -11.16838, 9.918914 ], [ -11.168685, 9.917034 ], [ -11.165743, 9.913973000000112 ], [ -11.162333999999873, 9.910733 ], [ -11.161571, 9.90946300000013 ], [ -11.161164999999869, 9.906108000000188 ], [ -11.160555, 9.897877 ], [ -11.160606, 9.894625 ], [ -11.160758, 9.8931 ], [ -11.161419, 9.890712000000121 ], [ -11.158572999999819, 9.879432000000122 ], [ -11.158319, 9.878517000000102 ], [ -11.1571, 9.877297 ], [ -11.156743999999833, 9.872368 ], [ -11.156947, 9.870946 ], [ -11.157251999999858, 9.8681 ], [ -11.156896, 9.867084 ], [ -11.155931, 9.865509 ], [ -11.15461, 9.865509 ], [ -11.153543, 9.866322 ], [ -11.152679, 9.867135000000189 ], [ -11.151459999999872, 9.867389 ], [ -11.143075, 9.867338 ], [ -11.141653, 9.866830000000164 ], [ -11.141093999999896, 9.866271 ], [ -11.140889999999899, 9.865254000000164 ], [ -11.140839999999855, 9.864137 ], [ -11.140687, 9.862409000000127 ], [ -11.140127999999834, 9.861545 ], [ -11.139214, 9.860732 ], [ -11.136774, 9.860529 ], [ -11.135199, 9.85966500000012 ], [ -11.134385999999893, 9.858446000000129 ], [ -11.134691, 9.857023 ], [ -11.134539, 9.855803 ], [ -11.133827, 9.855092 ], [ -11.132353, 9.855092 ], [ -11.124427, 9.857938 ], [ -11.119141999999897, 9.857226 ], [ -11.11797399999989, 9.856972 ], [ -11.114823, 9.855854 ], [ -11.112231999999892, 9.854482 ], [ -11.11091, 9.853466 ], [ -11.104151999999885, 9.856972 ], [ -11.103593, 9.8587 ], [ -11.103695, 9.860478 ], [ -11.102933, 9.861494000000107 ], [ -11.098105, 9.859258000000182 ], [ -11.096733999999856, 9.858293 ], [ -11.096175, 9.857582 ], [ -11.092414, 9.847724 ], [ -11.09216, 9.844878000000165 ], [ -11.091448999999898, 9.844065 ], [ -11.090178, 9.843557 ], [ -11.088704999999891, 9.84376 ], [ -11.087282, 9.844217000000185 ], [ -11.086113999999895, 9.844827 ], [ -11.085047, 9.845285000000104 ], [ -11.08423299999987, 9.845488 ], [ -11.083369999999888, 9.845336 ], [ -11.08103199999988, 9.84437 ], [ -11.077577, 9.841779 ], [ -11.076103, 9.840508 ], [ -11.074935, 9.839238 ], [ -11.074527999999873, 9.838069 ], [ -11.074324999999874, 9.836646 ], [ -11.073969, 9.83558 ], [ -11.070768, 9.831464000000153 ], [ -11.069904, 9.831464000000153 ], [ -11.06843, 9.83161600000011 ], [ -11.066855, 9.831464000000153 ], [ -11.065483, 9.830396 ], [ -11.064518, 9.829279 ], [ -11.063755, 9.827907 ], [ -11.063450999999873, 9.826179 ], [ -11.063349, 9.823689 ], [ -11.063755, 9.821453000000133 ], [ -11.06401, 9.820336000000111 ], [ -11.063755, 9.819472 ], [ -11.061824, 9.814695 ], [ -11.061469, 9.813882 ], [ -11.060554, 9.813323 ], [ -11.059538, 9.813272 ], [ -11.058318, 9.813730000000135 ], [ -11.058065, 9.814746000000127 ], [ -11.058013, 9.816372 ], [ -11.057250999999894, 9.817338 ], [ -11.056388, 9.818201 ], [ -11.05532, 9.818760000000111 ], [ -11.053593, 9.818913000000123 ], [ -11.051814, 9.818913000000123 ], [ -11.046276, 9.818811 ], [ -11.043938, 9.8184040000001 ], [ -11.043227, 9.818049 ], [ -11.043075, 9.815457 ], [ -11.044396, 9.812612000000172 ], [ -11.046073, 9.808191000000136 ], [ -11.045970999999895, 9.801382 ], [ -11.044193, 9.801026 ], [ -11.042871, 9.800112 ], [ -11.041753, 9.798892 ], [ -11.041448, 9.79813 ], [ -11.040534, 9.795793000000117 ], [ -11.040228999999897, 9.794929 ], [ -11.039314, 9.789441 ], [ -11.039213, 9.788120000000163 ], [ -11.039008999999851, 9.787408 ], [ -11.038552, 9.787104000000113 ], [ -11.037536, 9.787205 ], [ -11.035959999999818, 9.788018 ], [ -11.034995, 9.788882000000115 ], [ -11.034953, 9.788897000000134 ], [ -11.033979, 9.789238000000125 ], [ -11.032912, 9.789136 ], [ -11.02783, 9.78817 ], [ -11.026966, 9.787612 ], [ -11.026966, 9.78598600000015 ], [ -11.026713, 9.785376 ], [ -11.022902, 9.781768 ], [ -11.021377, 9.78065 ], [ -11.017565999999874, 9.778618000000165 ], [ -11.015736999999888, 9.77765200000016 ], [ -11.01528, 9.776992000000121 ], [ -11.011468, 9.771097000000111 ], [ -11.011418, 9.767185 ], [ -11.011164, 9.76566 ], [ -11.010807999999884, 9.763983 ], [ -11.009792, 9.762713 ], [ -11.007860999999878, 9.76159500000017 ], [ -11.005574, 9.760325 ], [ -11.004304, 9.759004000000175 ], [ -11.003338, 9.756971 ], [ -11.002424, 9.755498000000159 ], [ -11.000111999999888, 9.75443 ], [ -10.995400092999944, 9.753328221000118 ], [ -10.995335, 9.753313 ], [ -10.992998, 9.752677000000176 ], [ -10.991702, 9.751814 ], [ -10.991320999999857, 9.751102 ], [ -10.9916, 9.749934 ], [ -10.992845, 9.748053 ], [ -10.993582, 9.746961000000113 ], [ -10.990481999999872, 9.744293000000141 ], [ -10.990127, 9.742947000000129 ], [ -10.990178, 9.741524 ], [ -10.99033, 9.73944 ], [ -10.990990999999894, 9.737916 ], [ -10.99155, 9.736265 ], [ -10.991371999999899, 9.735452000000123 ], [ -10.989975, 9.73021800000015 ], [ -10.989440999999829, 9.729278 ], [ -10.987205, 9.727576 ], [ -10.985604, 9.727296000000138 ], [ -10.98342, 9.726940000000184 ], [ -10.980548, 9.725899 ], [ -10.978872, 9.725010000000168 ], [ -10.977703, 9.72394300000019 ], [ -10.97722, 9.722469000000103 ], [ -10.977829999999869, 9.716727000000162 ], [ -10.978287, 9.712484 ], [ -10.97877, 9.71129 ], [ -10.979125999999894, 9.708851 ], [ -10.979024, 9.708037 ], [ -10.978287, 9.707022 ], [ -10.97697, 9.705904000000146 ], [ -10.974984, 9.704806 ], [ -10.973469, 9.704232000000161 ], [ -10.972736999999825, 9.703395000000171 ], [ -10.970699, 9.696393000000114 ], [ -10.967093, 9.68777 ], [ -10.96469, 9.673452000000168 ], [ -10.964272, 9.670578 ], [ -10.964166999999861, 9.667547 ], [ -10.963905, 9.663941 ], [ -10.956955999999877, 9.655371 ], [ -10.951468, 9.652184 ], [ -10.950685, 9.65223600000013 ], [ -10.945929, 9.653333000000146 ], [ -10.945719999999881, 9.654326 ], [ -10.945616, 9.655789000000141 ], [ -10.945249999999874, 9.656886000000156 ], [ -10.944466, 9.657566 ], [ -10.943263999999886, 9.657880000000148 ], [ -10.93380599999989, 9.65835 ], [ -10.932447, 9.656521000000112 ], [ -10.931557999999882, 9.65605 ], [ -10.929625, 9.655894000000103 ], [ -10.926542, 9.655685 ], [ -10.923144999999863, 9.655633 ], [ -10.919278, 9.655214000000171 ], [ -10.917867, 9.654848 ], [ -10.917815, 9.654274 ], [ -10.918337, 9.652967 ], [ -10.919852999999875, 9.651609000000121 ], [ -10.920376, 9.650198000000103 ], [ -10.920479999999884, 9.648578 ], [ -10.919852999999875, 9.646435000000167 ], [ -10.920061999999859, 9.645442 ], [ -10.920741, 9.643300000000124 ], [ -10.921839, 9.641784 ], [ -10.923459, 9.640582000000109 ], [ -10.924243, 9.639172000000144 ], [ -10.92163, 9.637708000000146 ], [ -10.920376, 9.637447 ], [ -10.917972, 9.636767 ], [ -10.916351999999847, 9.63582700000012 ], [ -10.915411, 9.634573000000103 ], [ -10.915254, 9.633423000000164 ], [ -10.915829, 9.63243 ], [ -10.917605999999864, 9.631333 ], [ -10.919278, 9.627988 ], [ -10.919434999999851, 9.626577 ], [ -10.919434999999851, 9.62406900000019 ], [ -10.919122, 9.623024 ], [ -10.918076, 9.622292 ], [ -10.916822, 9.622188000000165 ], [ -10.91609, 9.622502 ], [ -10.914940999999885, 9.623285000000124 ], [ -10.914157, 9.623024 ], [ -10.913582, 9.622345000000166 ], [ -10.912433, 9.618426000000113 ], [ -10.911283, 9.611528 ], [ -10.910812999999848, 9.606929 ], [ -10.910551, 9.602539 ], [ -10.910133, 9.601128 ], [ -10.907259, 9.596582000000183 ], [ -10.90658, 9.596060000000136 ], [ -10.905325999999889, 9.595433000000128 ], [ -10.904071999999871, 9.595119 ], [ -10.902922, 9.595014000000106 ], [ -10.89895, 9.594858000000158 ], [ -10.89398599999987, 9.596582000000183 ], [ -10.892732, 9.597575 ], [ -10.889962, 9.599508000000128 ], [ -10.888028, 9.59862 ], [ -10.886774, 9.597732000000121 ], [ -10.883899999999869, 9.595066000000145 ], [ -10.882697999999891, 9.593865 ], [ -10.881026, 9.591513000000134 ], [ -10.882385, 9.590625 ], [ -10.884057, 9.589736 ], [ -10.885153999999886, 9.589162000000158 ], [ -10.885834, 9.588534 ], [ -10.88619999999986, 9.587228 ], [ -10.886356, 9.586078 ], [ -10.886304, 9.585138 ], [ -10.885624999999891, 9.583727 ], [ -10.884369999999876, 9.582525 ], [ -10.883812, 9.58231 ], [ -10.883012, 9.582002000000159 ], [ -10.881026, 9.581846 ], [ -10.876897, 9.579285 ], [ -10.875904999999875, 9.578501000000188 ], [ -10.872717, 9.573432 ], [ -10.867596, 9.563974 ], [ -10.866133, 9.559166000000175 ], [ -10.866133, 9.558277 ], [ -10.866603, 9.556344 ], [ -10.86676, 9.551954000000137 ], [ -10.866289999999879, 9.550544000000173 ], [ -10.865401, 9.549551 ], [ -10.864220964999959, 9.54818122000006 ], [ -10.864095, 9.548035 ], [ -10.863154, 9.546102000000189 ], [ -10.863102, 9.544638000000191 ], [ -10.863623999999845, 9.543750000000102 ], [ -10.864931, 9.542705000000126 ], [ -10.866394, 9.542183 ], [ -10.867857, 9.541607 ], [ -10.8677, 9.54051 ], [ -10.86607999999984, 9.5368 ], [ -10.865401, 9.535546 ], [ -10.86305, 9.534135000000163 ], [ -10.861742999999819, 9.532672000000105 ], [ -10.861273, 9.531522000000166 ], [ -10.860959, 9.529745 ], [ -10.860019, 9.528648 ], [ -10.858451, 9.527968000000101 ], [ -10.855472, 9.527342000000147 ], [ -10.85427, 9.526819 ], [ -10.853277, 9.525722 ], [ -10.852754999999888, 9.524886000000151 ], [ -10.852075, 9.523840000000121 ], [ -10.85056, 9.523318 ], [ -10.843295999999839, 9.519816 ], [ -10.841414999999813, 9.518249 ], [ -10.838698, 9.516943 ], [ -10.836345999999878, 9.516368 ], [ -10.835197, 9.516524000000175 ], [ -10.834098999999867, 9.517047000000105 ], [ -10.834046999999828, 9.518249 ], [ -10.833419999999819, 9.518614 ], [ -10.829919, 9.518406 ], [ -10.82587, 9.516926 ], [ -10.824031, 9.516090000000133 ], [ -10.822358999999892, 9.513415000000123 ], [ -10.827984999999899, 9.507588000000112 ], [ -10.83065, 9.504035000000158 ], [ -10.837235, 9.499436000000117 ], [ -10.841572, 9.498652 ], [ -10.845021, 9.499018000000149 ], [ -10.846693, 9.499436000000117 ], [ -10.847948, 9.499645000000157 ], [ -10.848523, 9.499018000000149 ], [ -10.847564, 9.493304 ], [ -10.847188, 9.492344 ], [ -10.844559999999888, 9.491594 ], [ -10.843852, 9.491344 ], [ -10.841682999999875, 9.488841 ], [ -10.841097999999874, 9.487923 ], [ -10.840723, 9.487089 ], [ -10.84084799999988, 9.486130000000173 ], [ -10.84084799999988, 9.480082000000152 ], [ -10.840431, 9.476036 ], [ -10.840097999999898, 9.474034000000131 ], [ -10.838011999999878, 9.470197 ], [ -10.837803999999892, 9.46882 ], [ -10.837677999999869, 9.466610000000117 ], [ -10.838220999999862, 9.465025 ], [ -10.839638999999863, 9.464024 ], [ -10.842057999999895, 9.463732 ], [ -10.844185, 9.46344 ], [ -10.847438, 9.462814 ], [ -10.850692, 9.458142 ], [ -10.851985, 9.45526400000017 ], [ -10.85015, 9.456015 ], [ -10.849274, 9.455974 ], [ -10.848147, 9.455556000000172 ], [ -10.846896, 9.454722 ], [ -10.84552, 9.45368000000019 ], [ -10.844352, 9.452512000000183 ], [ -10.842557999999883, 9.450551000000132 ], [ -10.841974999999877, 9.448925 ], [ -10.841682999999875, 9.446506000000113 ], [ -10.842225, 9.444920000000138 ], [ -10.843059, 9.443586 ], [ -10.84356, 9.442752000000155 ], [ -10.842517, 9.43979 ], [ -10.842057999999895, 9.439248000000134 ], [ -10.84005599999989, 9.438956000000132 ], [ -10.829003, 9.434743 ], [ -10.827501, 9.433909 ], [ -10.826375, 9.431114 ], [ -10.824373, 9.429947 ], [ -10.821161, 9.430155 ], [ -10.819868, 9.431240000000116 ], [ -10.817407, 9.429696 ], [ -10.816657, 9.428737000000183 ], [ -10.81624, 9.427444 ], [ -10.816365, 9.426109000000167 ], [ -10.816322999999898, 9.423732000000143 ], [ -10.816030999999896, 9.42164600000018 ], [ -10.812402, 9.420812000000126 ], [ -10.810442, 9.420145000000161 ], [ -10.809106999999869, 9.419269000000156 ], [ -10.807688999999868, 9.41818400000011 ], [ -10.804144, 9.415223 ], [ -10.802475, 9.412596000000121 ], [ -10.801766999999813, 9.409175 ], [ -10.804059999999822, 9.39954 ], [ -10.804685999999833, 9.399290000000178 ], [ -10.806145999999842, 9.398664 ], [ -10.807117999999889, 9.397976000000142 ], [ -10.807146999999873, 9.397955 ], [ -10.809232999999892, 9.395995 ], [ -10.808982, 9.394785 ], [ -10.808439999999848, 9.393784 ], [ -10.81015, 9.390156 ], [ -10.812526999999875, 9.39074 ], [ -10.813612, 9.391073000000119 ], [ -10.814446, 9.390906000000143 ], [ -10.814988, 9.390239000000179 ], [ -10.815948, 9.387653000000114 ], [ -10.816114, 9.38702700000016 ], [ -10.815572, 9.385984 ], [ -10.814612999999895, 9.385776 ], [ -10.812860999999884, 9.385651 ], [ -10.811902, 9.383816 ], [ -10.810816999999872, 9.379645 ], [ -10.810900999999888, 9.377810000000125 ], [ -10.808939999999893, 9.376058000000114 ], [ -10.806145999999842, 9.37368 ], [ -10.804728, 9.37368 ], [ -10.804017999999871, 9.374514 ], [ -10.804059999999822, 9.377017 ], [ -10.804351999999824, 9.379978000000108 ], [ -10.804269, 9.381563 ], [ -10.804017999999871, 9.382523 ], [ -10.803517999999826, 9.383357000000103 ], [ -10.79893, 9.388487000000168 ], [ -10.797762, 9.389321000000109 ], [ -10.796511, 9.38928 ], [ -10.79284, 9.388112 ], [ -10.791923, 9.387736 ], [ -10.787376, 9.388529000000119 ], [ -10.786041999999895, 9.38873800000016 ], [ -10.779451999999878, 9.386235 ], [ -10.778826, 9.385901000000104 ], [ -10.777032, 9.384274000000119 ], [ -10.776282, 9.383190000000127 ], [ -10.775780999999824, 9.38198 ], [ -10.771402, 9.378727 ], [ -10.770609, 9.378394000000128 ], [ -10.769566, 9.378185 ], [ -10.764895, 9.378852 ], [ -10.76356, 9.379311 ], [ -10.762559, 9.379812 ], [ -10.762893, 9.380521000000101 ], [ -10.763018, 9.381563 ], [ -10.762767, 9.382564 ], [ -10.761808, 9.384858000000122 ], [ -10.76135, 9.385567000000151 ], [ -10.757929, 9.385734000000127 ], [ -10.7533, 9.384733 ], [ -10.750185, 9.383822 ], [ -10.747734, 9.383398000000113 ], [ -10.746226, 9.383540000000153 ], [ -10.744765, 9.384011 ], [ -10.743680999999867, 9.383681 ], [ -10.742786, 9.383021 ], [ -10.742032, 9.382267000000127 ], [ -10.741608, 9.381607 ], [ -10.741419, 9.379487000000154 ], [ -10.741278, 9.377837 ], [ -10.741278, 9.376847 ], [ -10.740853, 9.376188 ], [ -10.740051999999878, 9.376046 ], [ -10.738355999999897, 9.375764000000117 ], [ -10.737602, 9.375811000000112 ], [ -10.737178, 9.376188 ], [ -10.73633, 9.377743000000123 ], [ -10.735717, 9.37868600000013 ], [ -10.734302999999841, 9.379392000000109 ], [ -10.732701, 9.379581000000144 ], [ -10.732669999999814, 9.379581000000144 ], [ -10.731523, 9.379581000000144 ], [ -10.727281, 9.377177000000188 ], [ -10.726479999999867, 9.376424 ], [ -10.725585, 9.37534 ], [ -10.716866, 9.362992000000133 ], [ -10.716724999999883, 9.362097000000176 ], [ -10.717101999999841, 9.361532000000125 ], [ -10.718327, 9.360919 ], [ -10.719222999999829, 9.354227 ], [ -10.719364, 9.352672000000155 ], [ -10.719269999999881, 9.351305 ], [ -10.716584, 9.348336 ], [ -10.7155, 9.347488 ], [ -10.714133, 9.347959000000117 ], [ -10.71177699999987, 9.349137 ], [ -10.710457, 9.348949000000118 ], [ -10.705509, 9.345509 ], [ -10.704236, 9.344519 ], [ -10.702917, 9.341597 ], [ -10.703341, 9.339759 ], [ -10.705179, 9.337309000000175 ], [ -10.707723999999814, 9.335188000000187 ], [ -10.708619, 9.332219 ], [ -10.705132, 9.328307000000166 ], [ -10.703576999999882, 9.327271 ], [ -10.702776, 9.327318 ], [ -10.701503, 9.328072 ], [ -10.698958, 9.329156 ], [ -10.69806299999982, 9.329297 ], [ -10.69679, 9.329014 ], [ -10.695188, 9.328119 ], [ -10.69335, 9.326423 ], [ -10.68877899999984, 9.324679 ], [ -10.685999, 9.324632 ], [ -10.683501, 9.324113 ], [ -10.683643, 9.323076 ], [ -10.683548, 9.32171 ], [ -10.68204, 9.318411 ], [ -10.681332999999881, 9.317751 ], [ -10.675865999999871, 9.314688 ], [ -10.674264, 9.31417 ], [ -10.673369, 9.314358000000141 ], [ -10.671814, 9.314453000000185 ], [ -10.66973999999982, 9.31417 ], [ -10.666629999999884, 9.312897 ], [ -10.664226, 9.31186 ], [ -10.663425, 9.310683000000154 ], [ -10.664556, 9.308420000000126 ], [ -10.66531, 9.307619000000159 ], [ -10.665545999999893, 9.306347 ], [ -10.665452, 9.30531 ], [ -10.665168999999878, 9.304744 ], [ -10.664274, 9.304226 ], [ -10.660645, 9.303236 ], [ -10.659608, 9.302718 ], [ -10.658948, 9.301634 ], [ -10.659137, 9.300739 ], [ -10.659844, 9.297534 ], [ -10.66022, 9.296780000000183 ], [ -10.66187, 9.295084 ], [ -10.660833, 9.293905000000166 ], [ -10.660078999999826, 9.293246000000181 ], [ -10.65876, 9.292539000000147 ], [ -10.656733, 9.291926 ], [ -10.654518, 9.290842 ], [ -10.653858, 9.289617000000135 ], [ -10.654046999999878, 9.288533000000143 ], [ -10.656686, 9.287260000000117 ], [ -10.659137, 9.286789 ], [ -10.66022, 9.286601000000132 ], [ -10.66088, 9.285800000000108 ], [ -10.661116, 9.282077000000129 ], [ -10.660973999999896, 9.280757000000165 ], [ -10.660078999999826, 9.280003 ], [ -10.661633999999879, 9.276657 ], [ -10.66262399999988, 9.274866000000145 ], [ -10.664084999999886, 9.274018000000126 ], [ -10.665545999999893, 9.273358 ], [ -10.666818, 9.273264 ], [ -10.669174999999882, 9.266101 ], [ -10.666913, 9.264828 ], [ -10.667336999999861, 9.260163 ], [ -10.667666999999881, 9.258749000000137 ], [ -10.669222, 9.254602 ], [ -10.670210999999881, 9.250973000000158 ], [ -10.670541, 9.248806 ], [ -10.67073, 9.244941 ], [ -10.668886717999897, 9.237612712000157 ], [ -10.668798, 9.237260000000106 ], [ -10.667241999999817, 9.232311 ], [ -10.666724, 9.231699 ], [ -10.665498999999841, 9.231416 ], [ -10.663284, 9.23155700000018 ], [ -10.661586999999884, 9.231699 ], [ -10.659655, 9.23155700000018 ], [ -10.658241, 9.231180000000109 ], [ -10.65696899999989, 9.229295 ], [ -10.656356, 9.227976000000183 ], [ -10.655791, 9.226373 ], [ -10.655755999999883, 9.225976000000117 ], [ -10.655697, 9.22529 ], [ -10.656026, 9.224206 ], [ -10.656639, 9.218833 ], [ -10.656073, 9.21709 ], [ -10.655744, 9.215628 ], [ -10.656026, 9.213131 ], [ -10.656874, 9.211152000000141 ], [ -10.658664999999871, 9.210680000000139 ], [ -10.660502999999892, 9.210539 ], [ -10.66187, 9.209879000000115 ], [ -10.663614, 9.207334 ], [ -10.664037, 9.206392000000108 ], [ -10.663896, 9.204931 ], [ -10.663614, 9.203282000000172 ], [ -10.66564, 9.201114000000189 ], [ -10.667195, 9.1997 ], [ -10.672002, 9.198097000000132 ], [ -10.674076, 9.197485000000142 ], [ -10.675206999999887, 9.19776800000011 ], [ -10.676667999999893, 9.19776800000011 ], [ -10.677751999999884, 9.19772 ], [ -10.681285999999886, 9.196401000000151 ], [ -10.681899, 9.195741 ], [ -10.682464, 9.194846 ], [ -10.683076999999855, 9.193244 ], [ -10.683878, 9.19216 ], [ -10.684727, 9.191264 ], [ -10.685857, 9.191123 ], [ -10.686657999999852, 9.191453 ], [ -10.686987999999872, 9.192207 ], [ -10.688214, 9.193432 ], [ -10.689203, 9.193762000000106 ], [ -10.693821999999898, 9.193291 ], [ -10.698016, 9.191924 ], [ -10.698675, 9.191688000000113 ], [ -10.699053, 9.19117 ], [ -10.699570999999878, 9.189709000000164 ], [ -10.699994999999888, 9.188672000000167 ], [ -10.700607999999875, 9.187588000000176 ], [ -10.701503, 9.186127 ], [ -10.702634, 9.18570300000016 ], [ -10.704661, 9.185609 ], [ -10.705792, 9.185986000000128 ], [ -10.706216, 9.186504000000184 ], [ -10.706169, 9.187683 ], [ -10.705933, 9.188766000000101 ], [ -10.705933, 9.189332 ], [ -10.707394, 9.194799000000103 ], [ -10.707912, 9.195883 ], [ -10.70909, 9.196872 ], [ -10.713142999999832, 9.199558 ], [ -10.715028, 9.19776800000011 ], [ -10.715924, 9.193762000000106 ], [ -10.716631, 9.19150000000019 ], [ -10.717478999999855, 9.191547000000185 ], [ -10.718752, 9.19135800000015 ], [ -10.719505, 9.190934 ], [ -10.721485, 9.187965 ], [ -10.721862, 9.187117000000114 ], [ -10.723134, 9.178776 ], [ -10.720683999999892, 9.176325000000134 ], [ -10.720024, 9.175666000000149 ], [ -10.719269999999881, 9.175383000000181 ], [ -10.718422, 9.1756180000001 ], [ -10.714934, 9.17411 ], [ -10.7155, 9.172414000000174 ], [ -10.715877, 9.169539000000157 ], [ -10.71583, 9.168691 ], [ -10.714980999999852, 9.166947000000107 ], [ -10.714416, 9.16657 ], [ -10.713236999999879, 9.166382 ], [ -10.712248, 9.166382 ], [ -10.711541, 9.166287 ], [ -10.710928, 9.165722000000187 ], [ -10.709326, 9.162234 ], [ -10.708808, 9.158087000000137 ], [ -10.710552, 9.157663 ], [ -10.711116999999888, 9.157192000000123 ], [ -10.716018, 9.150924 ], [ -10.716631, 9.149982 ], [ -10.716489, 9.148662000000115 ], [ -10.716111999999896, 9.14550400000013 ], [ -10.714887, 9.139425 ], [ -10.714039, 9.138718000000154 ], [ -10.713662, 9.138294 ], [ -10.713802999999814, 9.137446 ], [ -10.714322, 9.136975000000177 ], [ -10.715406, 9.136409 ], [ -10.717148999999893, 9.136504000000116 ], [ -10.719364, 9.137069000000167 ], [ -10.720589, 9.134666 ], [ -10.720919, 9.133534 ], [ -10.720966, 9.132404000000179 ], [ -10.720543, 9.13141400000012 ], [ -10.718798, 9.128869 ], [ -10.71993, 9.123025 ], [ -10.721296, 9.120009 ], [ -10.723722999999836, 9.11421300000012 ], [ -10.725769999999898, 9.10722 ], [ -10.727074, 9.100340000000188 ], [ -10.727291, 9.098927000000117 ], [ -10.72692899999987, 9.096682 ], [ -10.72692899999987, 9.094582000000173 ], [ -10.727218999999877, 9.0923 ], [ -10.727978999999891, 9.088607000000138 ], [ -10.728414, 9.087955 ], [ -10.729246, 9.087267000000111 ], [ -10.729826, 9.08676 ], [ -10.730223999999851, 9.086253 ], [ -10.730804, 9.08429800000016 ], [ -10.730812999999898, 9.082457 ], [ -10.730751, 9.081704000000116 ], [ -10.730468, 9.081140000000119 ], [ -10.729777999999897, 9.080732000000125 ], [ -10.728963, 9.080324000000132 ], [ -10.722438999999895, 9.077438 ], [ -10.718110517999946, 9.078912526000067 ], [ -10.713782, 9.080387 ], [ -10.705532999999889, 9.079540000000122 ], [ -10.700703, 9.078693 ], [ -10.69512, 9.080606 ], [ -10.689568, 9.082488000000126 ], [ -10.68135, 9.081704000000116 ], [ -10.674450037999975, 9.083695565000141 ], [ -10.667549999999892, 9.085687000000121 ], [ -10.667079999999885, 9.085687000000121 ], [ -10.666421, 9.085594 ], [ -10.665887, 9.085343 ], [ -10.665605, 9.084904 ], [ -10.66436, 9.083562 ], [ -10.664042999999879, 9.083358 ], [ -10.663623, 9.083222 ], [ -10.663374, 9.083165000000179 ], [ -10.65874899999983, 9.082417000000135 ], [ -10.650928, 9.081443 ], [ -10.647833999999818, 9.0815 ], [ -10.64222199999989, 9.079685 ], [ -10.642008, 9.079614 ], [ -10.637769999999875, 9.078085000000158 ], [ -10.632837, 9.076137 ], [ -10.626558999999872, 9.073179 ], [ -10.626595, 9.072868000000142 ], [ -10.626488, 9.07257 ], [ -10.626308999999878, 9.072271000000114 ], [ -10.625915, 9.071889000000169 ], [ -10.625628, 9.07171 ], [ -10.624673, 9.071519 ], [ -10.623144999999852, 9.072176 ], [ -10.621844, 9.072761000000185 ], [ -10.620996, 9.073179 ], [ -10.62026799999984, 9.073453 ], [ -10.619707, 9.073418000000174 ], [ -10.618847, 9.073191 ], [ -10.617390999999827, 9.072426000000178 ], [ -10.614716, 9.070982 ], [ -10.613714, 9.070158000000106 ], [ -10.613666, 9.070027 ], [ -10.601047, 9.064559 ], [ -10.598922, 9.063294 ], [ -10.595723, 9.061503 ], [ -10.59472, 9.061121 ], [ -10.593586640999945, 9.060966367000105 ], [ -10.592272, 9.060787000000118 ], [ -10.588787, 9.05711 ], [ -10.585694999999873, 9.053576 ], [ -10.583298, 9.051734000000181 ], [ -10.578662999999892, 9.052872 ], [ -10.577902783999889, 9.052854477000039 ], [ -10.576624, 9.052825 ], [ -10.57587599999988, 9.052646 ], [ -10.575213, 9.052251000000126 ], [ -10.574239388999899, 9.051501901000051 ], [ -10.574234246999936, 9.051497945000051 ], [ -10.573872999999878, 9.05122 ], [ -10.573506999999893, 9.049869 ], [ -10.57347, 9.049529000000121 ], [ -10.573518, 9.049183000000141 ], [ -10.573589, 9.048717000000124 ], [ -10.579163999999878, 9.035072000000184 ], [ -10.581324999999879, 9.031359 ], [ -10.581503999999882, 9.031036 ], [ -10.581528999999819, 9.030975000000126 ], [ -10.581658999999888, 9.030654 ], [ -10.581767, 9.030260000000112 ], [ -10.581790999999896, 9.029902000000163 ], [ -10.581706999999881, 9.029616 ], [ -10.581528999999819, 9.029416 ], [ -10.581503999999882, 9.029389000000151 ], [ -10.581192999999814, 9.029294000000107 ], [ -10.580513, 9.0273830000001 ], [ -10.58015499999982, 9.017546 ], [ -10.58282899999989, 9.014776 ], [ -10.583068, 9.014586000000122 ], [ -10.584895, 9.013786 ], [ -10.586661999999876, 9.013045 ], [ -10.58727, 9.013177 ], [ -10.588154, 9.012616 ], [ -10.588834, 9.012078 ], [ -10.589515, 9.00987 ], [ -10.590338, 9.006014 ], [ -10.59041, 9.00552400000015 ], [ -10.590242999999873, 9.005226 ], [ -10.588750999999888, 9.003865000000189 ], [ -10.588392, 9.003626000000168 ], [ -10.587914999999896, 9.003316 ], [ -10.58985031799989, 8.997205712000039 ], [ -10.591278999999872, 8.992695 ], [ -10.591311, 8.992556 ], [ -10.591333, 8.992416 ], [ -10.5913, 8.988692000000128 ], [ -10.591278999999872, 8.98838 ], [ -10.591107, 8.987089 ], [ -10.591073999999878, 8.986874000000171 ], [ -10.590978, 8.986605000000111 ], [ -10.590826999999877, 8.986476 ], [ -10.590578999999877, 8.986282 ], [ -10.59045, 8.986185 ], [ -10.590331999999876, 8.986013000000185 ], [ -10.589256, 8.983527 ], [ -10.589155999999889, 8.983175000000188 ], [ -10.589195, 8.982636000000184 ], [ -10.589282999999853, 8.981686 ], [ -10.590325999999891, 8.977698000000146 ], [ -10.588959, 8.973467 ], [ -10.588664999999878, 8.971032 ], [ -10.588686, 8.968684 ], [ -10.588789, 8.968489 ], [ -10.589053, 8.9676070000001 ], [ -10.588949999999897, 8.966175000000135 ], [ -10.588698, 8.965362 ], [ -10.588583, 8.9650180000001 ], [ -10.588158999999848, 8.96377 ], [ -10.585767, 8.954908000000103 ], [ -10.582972, 8.93717 ], [ -10.582856, 8.935199 ], [ -10.582727, 8.934787 ], [ -10.582494999999881, 8.934387 ], [ -10.582288999999889, 8.93422 ], [ -10.579056, 8.930819 ], [ -10.57758699999988, 8.929132 ], [ -10.57732899999985, 8.928668 ], [ -10.574946, 8.921905 ], [ -10.574044999999899, 8.913132000000132 ], [ -10.574096, 8.907992000000149 ], [ -10.576323999999829, 8.894517 ], [ -10.576183, 8.892134 ], [ -10.576117999999838, 8.891903000000127 ], [ -10.574249999999893, 8.887252 ], [ -10.573258999999894, 8.885912 ], [ -10.571454999999844, 8.884199 ], [ -10.570668999999896, 8.883143 ], [ -10.569457999999884, 8.881159 ], [ -10.569457999999884, 8.88103 ], [ -10.569523, 8.879845 ], [ -10.569548999999881, 8.8796 ], [ -10.569729, 8.879278 ], [ -10.570888, 8.877449 ], [ -10.571081999999876, 8.877346 ], [ -10.571146, 8.877166 ], [ -10.571159, 8.876045 ], [ -10.569484, 8.871845000000178 ], [ -10.567346, 8.866422000000171 ], [ -10.567062, 8.863086 ], [ -10.566805, 8.861784000000114 ], [ -10.565852, 8.860380000000134 ], [ -10.56562, 8.860226000000182 ], [ -10.565349, 8.860200000000134 ], [ -10.564898, 8.860264000000143 ], [ -10.564602, 8.860316000000182 ], [ -10.564318, 8.860213000000158 ], [ -10.563726, 8.859904 ], [ -10.563493999999821, 8.859710000000121 ], [ -10.562592999999879, 8.857456000000127 ], [ -10.561381999999867, 8.851634000000161 ], [ -10.559036999999819, 8.84497400000015 ], [ -10.558844, 8.839357 ], [ -10.559063, 8.83812 ], [ -10.55923, 8.83794 ], [ -10.559667999999874, 8.837476 ], [ -10.560002999999881, 8.837116 ], [ -10.560235, 8.83676800000012 ], [ -10.560196, 8.836214 ], [ -10.55979699999989, 8.83119 ], [ -10.559706999999833, 8.83061 ], [ -10.559282, 8.82833 ], [ -10.557968, 8.826372 ], [ -10.557272, 8.824298 ], [ -10.557168999999874, 8.823460000000125 ], [ -10.557387999999889, 8.820292 ], [ -10.559398, 8.81942800000013 ], [ -10.561613, 8.817831000000183 ], [ -10.561960999999883, 8.817470000000128 ], [ -10.562232, 8.816955000000178 ], [ -10.562244, 8.816247 ], [ -10.561999999999841, 8.815422000000126 ], [ -10.561485, 8.81368300000014 ], [ -10.559551999999883, 8.807448000000136 ], [ -10.556989, 8.805619000000149 ], [ -10.55619, 8.805967000000123 ], [ -10.555777, 8.806031000000132 ], [ -10.555263, 8.805954000000156 ], [ -10.554669999999874, 8.805658000000165 ], [ -10.553201, 8.80473000000012 ], [ -10.552673, 8.804356 ], [ -10.552017, 8.803751 ], [ -10.54886, 8.801767 ], [ -10.54834499999987, 8.802154000000144 ], [ -10.543591999999876, 8.805065000000127 ], [ -10.543321, 8.805194000000142 ], [ -10.542999, 8.805194000000142 ], [ -10.542508999999882, 8.805039 ], [ -10.539959, 8.803906000000154 ], [ -10.53965, 8.803623000000186 ], [ -10.539418, 8.803313000000117 ], [ -10.539315, 8.80297800000011 ], [ -10.539392, 8.802669 ], [ -10.53791, 8.799101000000121 ], [ -10.536017, 8.795738 ], [ -10.532641999999896, 8.791642 ], [ -10.532267999999874, 8.791346 ], [ -10.52937, 8.78928500000012 ], [ -10.527412, 8.788563 ], [ -10.52736, 8.788705 ], [ -10.52709, 8.788744000000122 ], [ -10.526832, 8.788756 ], [ -10.526432999999884, 8.788666 ], [ -10.526201, 8.788589 ], [ -10.52576299999987, 8.788267 ], [ -10.52222, 8.78503400000011 ], [ -10.519772999999873, 8.782599 ], [ -10.519734, 8.782393 ], [ -10.519592, 8.781079 ], [ -10.518291, 8.775939 ], [ -10.515303, 8.766213000000164 ], [ -10.51413, 8.763636000000133 ], [ -10.513566662999892, 8.762261754000065 ], [ -10.513369999999895, 8.761782 ], [ -10.512738999999897, 8.759914 ], [ -10.512609999999881, 8.759398 ], [ -10.512443, 8.758638000000133 ], [ -10.512391, 8.758213000000126 ], [ -10.512378, 8.75799400000011 ], [ -10.512546, 8.757724000000167 ], [ -10.512765, 8.757350000000145 ], [ -10.512958, 8.756951000000129 ], [ -10.512932, 8.756539 ], [ -10.512211, 8.752790000000118 ], [ -10.51131, 8.74141 ], [ -10.511233999999888, 8.740987000000189 ], [ -10.511098, 8.740654000000177 ], [ -10.510870999999895, 8.740593000000104 ], [ -10.504151, 8.740472 ], [ -10.503803, 8.740547 ], [ -10.503455, 8.74085 ], [ -10.502441, 8.741834 ], [ -10.502017, 8.742727 ], [ -10.501684, 8.743408000000102 ], [ -10.501412, 8.743636000000151 ], [ -10.501003, 8.743742 ], [ -10.500685, 8.743772 ], [ -10.498551, 8.743272 ], [ -10.497824, 8.74303 ], [ -10.495796, 8.742167000000109 ], [ -10.494843, 8.74138 ], [ -10.494767, 8.741138 ], [ -10.494858, 8.740941 ], [ -10.495297, 8.740624 ], [ -10.496523, 8.739836 ], [ -10.497083, 8.7397 ], [ -10.497552, 8.739609 ], [ -10.497961, 8.73973 ], [ -10.498415, 8.740003000000115 ], [ -10.498687, 8.740442 ], [ -10.499111, 8.740881000000115 ], [ -10.499504, 8.741063 ], [ -10.500611999999876, 8.741507 ], [ -10.50090699999987, 8.741549000000134 ], [ -10.501182, 8.741444000000172 ], [ -10.503479, 8.738943000000177 ], [ -10.505218, 8.736943 ], [ -10.505556, 8.736512000000118 ], [ -10.505817, 8.735927 ], [ -10.506017999999813, 8.735127 ], [ -10.506048, 8.734296 ], [ -10.505833, 8.733758000000137 ], [ -10.503099, 8.730025000000182 ], [ -10.500194999999849, 8.726613000000157 ], [ -10.499712, 8.726131 ], [ -10.499395, 8.725865 ], [ -10.499002, 8.725776000000167 ], [ -10.498405999999875, 8.725687000000107 ], [ -10.497556, 8.725370000000169 ], [ -10.495501, 8.724406000000158 ], [ -10.495222, 8.724216 ], [ -10.495045, 8.723987000000136 ], [ -10.494955999999888, 8.723759 ], [ -10.495412999999871, 8.718838 ], [ -10.495817999999872, 8.717316 ], [ -10.495983, 8.717176 ], [ -10.496376, 8.717024 ], [ -10.496845, 8.717024 ], [ -10.497518, 8.717037 ], [ -10.498431, 8.716834000000176 ], [ -10.498774, 8.716732 ], [ -10.498977, 8.716593000000103 ], [ -10.499205, 8.716364000000169 ], [ -10.499382, 8.716111000000183 ], [ -10.499687, 8.714259 ], [ -10.499749999999892, 8.713866 ], [ -10.499661999999887, 8.713561 ], [ -10.499471, 8.713244000000145 ], [ -10.494595, 8.708606 ], [ -10.491249, 8.706762 ], [ -10.489172, 8.707617000000141 ], [ -10.488320999999871, 8.707756 ], [ -10.488181, 8.707648 ], [ -10.481697999999824, 8.699679 ], [ -10.479918999999882, 8.695687 ], [ -10.479764, 8.695161000000155 ], [ -10.479393, 8.694527000000107 ], [ -10.478944, 8.694295 ], [ -10.478557, 8.694418000000155 ], [ -10.477227, 8.695037000000184 ], [ -10.476483, 8.6953 ], [ -10.475787, 8.695533 ], [ -10.474905, 8.695656 ], [ -10.474518, 8.695672000000172 ], [ -10.474163, 8.695548 ], [ -10.473853, 8.695254 ], [ -10.473513, 8.694867000000158 ], [ -10.473404, 8.694666 ], [ -10.473451, 8.694434 ], [ -10.474008, 8.694155 ], [ -10.474534, 8.693908 ], [ -10.476483, 8.693057000000124 ], [ -10.475432, 8.687285 ], [ -10.473233, 8.686296000000141 ], [ -10.472643, 8.686845 ], [ -10.472263, 8.687098 ], [ -10.471988, 8.687098 ], [ -10.471756, 8.686993 ], [ -10.470343, 8.685305 ], [ -10.47011, 8.68482 ], [ -10.467779, 8.681000000000154 ], [ -10.466109, 8.680423000000189 ], [ -10.465808, 8.680267 ], [ -10.464983, 8.679523000000131 ], [ -10.464666, 8.679228 ], [ -10.464519, 8.678785 ], [ -10.464329, 8.677624 ], [ -10.464355, 8.672925000000134 ], [ -10.464468999999895, 8.672468000000151 ], [ -10.464882999999872, 8.671526 ], [ -10.465326, 8.670826 ], [ -10.466096, 8.669941000000108 ], [ -10.466696, 8.669727 ], [ -10.467181, 8.669984000000113 ], [ -10.46733799999987, 8.670341000000178 ], [ -10.467380999999875, 8.670812 ], [ -10.467938, 8.67134 ], [ -10.468323, 8.671497000000102 ], [ -10.468722999999898, 8.671611 ], [ -10.46908, 8.671454 ], [ -10.471735, 8.668913000000146 ], [ -10.472563, 8.667857 ], [ -10.472735, 8.667443 ], [ -10.472949, 8.666743 ], [ -10.472962999999879, 8.666372 ], [ -10.472534999999823, 8.665087000000142 ], [ -10.472093, 8.664002 ], [ -10.471778, 8.663203 ], [ -10.471678, 8.662674000000152 ], [ -10.471764, 8.662346000000184 ], [ -10.471949999999822, 8.661961000000133 ], [ -10.474077, 8.65909100000016 ], [ -10.474562, 8.658492 ], [ -10.473280999999815, 8.654606000000172 ], [ -10.470195, 8.651523000000168 ], [ -10.470026, 8.651185 ], [ -10.473742, 8.646704 ], [ -10.474268, 8.646070000000179 ], [ -10.478662999999869, 8.640855000000158 ], [ -10.479172999999889, 8.640329000000122 ], [ -10.480009, 8.639695 ], [ -10.480612, 8.639354000000139 ], [ -10.481324, 8.639107000000138 ], [ -10.482081999999878, 8.639045000000124 ], [ -10.483087999999896, 8.638565 ], [ -10.488178, 8.635857000000158 ], [ -10.492865999999879, 8.631974 ], [ -10.493159999999875, 8.631417000000113 ], [ -10.493427, 8.630801000000133 ], [ -10.493427, 8.630084000000124 ], [ -10.493216, 8.62943 ], [ -10.492878, 8.628966 ], [ -10.49252, 8.62867 ], [ -10.492055, 8.628586 ], [ -10.491695999999877, 8.628544 ], [ -10.491338, 8.628227000000152 ], [ -10.491148, 8.627826 ], [ -10.491084999999885, 8.627404 ], [ -10.491233, 8.626982000000169 ], [ -10.491633, 8.626518000000146 ], [ -10.492308, 8.625822000000142 ], [ -10.492684, 8.625584000000117 ], [ -10.493207, 8.625453000000164 ], [ -10.49832, 8.62450200000012 ], [ -10.500306, 8.624002000000189 ], [ -10.509356, 8.62066 ], [ -10.509653, 8.620482 ], [ -10.509808, 8.620268000000124 ], [ -10.509938, 8.619674 ], [ -10.510212, 8.618401000000176 ], [ -10.510676, 8.616475 ], [ -10.510926, 8.615928 ], [ -10.511175, 8.615428 ], [ -10.511544, 8.615178000000128 ], [ -10.512268999999833, 8.614846 ], [ -10.512971, 8.614572000000123 ], [ -10.513731999999891, 8.614524 ], [ -10.514089, 8.614572000000123 ], [ -10.516051, 8.615559 ], [ -10.517189, 8.616701 ], [ -10.517445999999893, 8.617029000000173 ], [ -10.517545, 8.61735700000014 ], [ -10.517473999999822, 8.617799000000105 ], [ -10.520512, 8.619938000000161 ], [ -10.523856, 8.617715 ], [ -10.524648, 8.617284000000154 ], [ -10.525857, 8.616645 ], [ -10.526705, 8.616214 ], [ -10.529285761999972, 8.615121047000116 ], [ -10.530705, 8.61452 ], [ -10.530927, 8.614617 ], [ -10.531372, 8.615006000000108 ], [ -10.531803, 8.615700000000174 ], [ -10.532094, 8.615922 ], [ -10.534649999999885, 8.616923 ], [ -10.534983999999895, 8.616881 ], [ -10.535511999999869, 8.616756000000123 ], [ -10.537401, 8.616298 ], [ -10.539582, 8.615617 ], [ -10.540470999999854, 8.615158 ], [ -10.541068, 8.614825 ], [ -10.541541, 8.614547000000186 ], [ -10.541786, 8.614301 ], [ -10.541919, 8.613915 ], [ -10.541966999999886, 8.61332300000015 ], [ -10.542027, 8.611959 ], [ -10.542099999999891, 8.610812 ], [ -10.542245, 8.610221 ], [ -10.542329, 8.609967 ], [ -10.542509999999879, 8.609617000000128 ], [ -10.545746, 8.607806 ], [ -10.546289, 8.607553 ], [ -10.547133, 8.607251 ], [ -10.547895, 8.607082000000162 ], [ -10.551962999999887, 8.60567 ], [ -10.557007999999882, 8.603654 ], [ -10.562803, 8.600322 ], [ -10.564348, 8.60113100000018 ], [ -10.566448, 8.601940000000127 ], [ -10.567354, 8.602254000000187 ], [ -10.567908999999815, 8.602290000000153 ], [ -10.568271, 8.602229 ], [ -10.568766, 8.602012 ], [ -10.574597, 8.598716 ], [ -10.574971, 8.598282000000154 ], [ -10.575912999999844, 8.59652 ], [ -10.576178, 8.595916000000159 ], [ -10.576298999999892, 8.595457000000181 ], [ -10.576335, 8.594938 ], [ -10.576093999999898, 8.594141 ], [ -10.575732, 8.593187000000114 ], [ -10.574910999999872, 8.591715 ], [ -10.574223, 8.590677 ], [ -10.573764, 8.58994 ], [ -10.573523, 8.589373 ], [ -10.57337699999988, 8.588794 ], [ -10.573342, 8.588226000000191 ], [ -10.573779, 8.583978 ], [ -10.574749999999881, 8.576171000000159 ], [ -10.578505999999891, 8.574061 ], [ -10.579665999999861, 8.573914000000116 ], [ -10.580151, 8.573787 ], [ -10.581966, 8.572774 ], [ -10.58274699999987, 8.572246000000121 ], [ -10.58319, 8.571867 ], [ -10.584034, 8.570980000000191 ], [ -10.587114999999869, 8.567626000000132 ], [ -10.589795, 8.563954 ], [ -10.590268, 8.563004000000149 ], [ -10.592122, 8.558254 ], [ -10.592369, 8.557220000000143 ], [ -10.592686, 8.55525 ], [ -10.592726, 8.5548280000001 ], [ -10.592738999999881, 8.552423 ], [ -10.592726, 8.550863000000106 ], [ -10.592832, 8.550321 ], [ -10.593255, 8.549607000000151 ], [ -10.593545, 8.549277000000188 ], [ -10.593849, 8.549105000000168 ], [ -10.598196999999857, 8.547017 ], [ -10.600403999999855, 8.546065000000169 ], [ -10.609906, 8.543065 ], [ -10.610275999999885, 8.542999000000123 ], [ -10.610857999999894, 8.543131 ], [ -10.611215, 8.543343 ], [ -10.611453, 8.543568000000164 ], [ -10.611505, 8.543726 ], [ -10.611518999999873, 8.544043 ], [ -10.611466, 8.544691000000171 ], [ -10.611518999999873, 8.545312 ], [ -10.611690999999894, 8.545748 ], [ -10.611863, 8.546052000000145 ], [ -10.612127, 8.546145 ], [ -10.612708, 8.545999 ], [ -10.612801, 8.54592 ], [ -10.615669, 8.542259 ], [ -10.615945999999894, 8.541651000000172 ], [ -10.616025999999863, 8.541387000000157 ], [ -10.615827, 8.53947 ], [ -10.615242, 8.537980000000175 ], [ -10.615207, 8.537967 ], [ -10.614838, 8.537637 ], [ -10.614118, 8.536918 ], [ -10.613574, 8.536373 ], [ -10.613476999999875, 8.536140000000159 ], [ -10.614042, 8.533376 ], [ -10.614152999999874, 8.532919000000106 ], [ -10.614448, 8.53245 ], [ -10.614954, 8.531907 ], [ -10.615694, 8.531254 ], [ -10.616150999999888, 8.530884000000128 ], [ -10.616805, 8.530514 ], [ -10.617718, 8.529971000000103 ], [ -10.618618, 8.529366000000152 ], [ -10.619457, 8.528774000000169 ], [ -10.620086, 8.528256000000113 ], [ -10.620344999999816, 8.527874000000111 ], [ -10.620543, 8.527257 ], [ -10.62116, 8.524814000000106 ], [ -10.621393999999896, 8.523605 ], [ -10.621689999999887, 8.522026000000153 ], [ -10.621789, 8.521298000000115 ], [ -10.621863, 8.520386 ], [ -10.621974, 8.519102000000146 ], [ -10.622096999999826, 8.518313 ], [ -10.62243, 8.516561 ], [ -10.623367, 8.513761 ], [ -10.623578, 8.513304 ], [ -10.62391, 8.512922 ], [ -10.624564, 8.512515000000121 ], [ -10.624959, 8.512182000000109 ], [ -10.625267999999892, 8.511874 ], [ -10.625502, 8.511417 ], [ -10.625749, 8.510874 ], [ -10.627068999999892, 8.507321000000104 ], [ -10.627179999999839, 8.506976000000122 ], [ -10.627612, 8.5048910000001 ], [ -10.627648, 8.504385000000184 ], [ -10.626921, 8.501807 ], [ -10.626307999999881, 8.500213 ], [ -10.625393999999858, 8.499960000000158 ], [ -10.624732999999878, 8.499640000000113 ], [ -10.624006, 8.49918 ], [ -10.621423, 8.497147 ], [ -10.620756, 8.496435000000133 ], [ -10.620385, 8.495901 ], [ -10.620207, 8.495396 ], [ -10.620237, 8.494892 ], [ -10.620695999999896, 8.490410000000111 ], [ -10.622329, 8.487947 ], [ -10.622610999999893, 8.487665000000163 ], [ -10.624183999999843, 8.486938 ], [ -10.624673, 8.486878 ], [ -10.625934999999856, 8.487190000000112 ], [ -10.626305999999886, 8.487502000000177 ], [ -10.627033, 8.487992 ], [ -10.630505, 8.490128 ], [ -10.632048, 8.490826 ], [ -10.632478999999876, 8.490959 ], [ -10.632835, 8.490870000000143 ], [ -10.633175999999878, 8.490677000000176 ], [ -10.633607, 8.490292000000125 ], [ -10.633724999999856, 8.490114000000119 ], [ -10.633948, 8.489238000000114 ], [ -10.6342, 8.483169000000146 ], [ -10.634082, 8.482649 ], [ -10.633859, 8.482204 ], [ -10.633428, 8.481877000000168 ], [ -10.632685999999865, 8.481610000000103 ], [ -10.632225999999889, 8.481314000000111 ], [ -10.631856, 8.480943 ], [ -10.63160299999987, 8.48058600000013 ], [ -10.63147, 8.480186 ], [ -10.631544, 8.479681 ], [ -10.632123, 8.478464 ], [ -10.632731, 8.477456000000132 ], [ -10.63334, 8.476506 ], [ -10.633814, 8.476001000000167 ], [ -10.634334, 8.475675 ], [ -10.634793, 8.475393000000167 ], [ -10.635506, 8.475304 ], [ -10.637226999999882, 8.475259 ], [ -10.637969999999882, 8.475318000000129 ], [ -10.638726, 8.475244 ], [ -10.639349999999865, 8.475126000000103 ], [ -10.640299, 8.474903 ], [ -10.640877999999816, 8.474651 ], [ -10.641294, 8.47417600000017 ], [ -10.641457, 8.473656000000119 ], [ -10.64156, 8.472855 ], [ -10.641353, 8.471683000000155 ], [ -10.641086, 8.470614000000126 ], [ -10.6407, 8.469784 ], [ -10.640387999999859, 8.465406 ], [ -10.641589999999837, 8.463803 ], [ -10.642006, 8.463106 ], [ -10.641847999999868, 8.45420700000011 ], [ -10.642322, 8.44798800000018 ], [ -10.642259999999851, 8.447438000000147 ], [ -10.641069, 8.444107 ], [ -10.640794, 8.443374000000119 ], [ -10.640778, 8.44206000000014 ], [ -10.641006999999831, 8.441418000000112 ], [ -10.641532672999972, 8.44032914200011 ], [ -10.644216, 8.434771000000126 ], [ -10.646738, 8.425924000000123 ], [ -10.64744, 8.423036 ], [ -10.645958, 8.422608 ], [ -10.645072, 8.422211 ], [ -10.644567, 8.421829 ], [ -10.644278, 8.421508000000131 ], [ -10.644247, 8.421142 ], [ -10.643925999999851, 8.416420000000187 ], [ -10.643972, 8.415197 ], [ -10.644216, 8.414235 ], [ -10.644934, 8.412799 ], [ -10.645178999999871, 8.411851000000127 ], [ -10.645148, 8.410400000000152 ], [ -10.642514999999889, 8.403276000000119 ], [ -10.639118, 8.39773700000012 ], [ -10.638828, 8.393987 ], [ -10.638984, 8.393365 ], [ -10.639295, 8.392237000000137 ], [ -10.642366, 8.390216 ], [ -10.647267999999883, 8.386424 ], [ -10.647553, 8.38532 ], [ -10.64777, 8.3847 ], [ -10.648223, 8.38393 ], [ -10.648741, 8.383328 ], [ -10.649695, 8.382491 ], [ -10.650331, 8.382156 ], [ -10.653243, 8.381236000000115 ], [ -10.656790999999828, 8.381404 ], [ -10.661025, 8.38163800000018 ], [ -10.661443, 8.38224 ], [ -10.662663, 8.38312 ], [ -10.663402, 8.383411000000137 ], [ -10.663965, 8.383528 ], [ -10.664432, 8.38347 ], [ -10.664996, 8.38304200000016 ], [ -10.665617999999824, 8.38238100000018 ], [ -10.666083999999898, 8.381797000000176 ], [ -10.666336999999885, 8.381253000000129 ], [ -10.66657, 8.380787000000112 ], [ -10.666958999999849, 8.38034 ], [ -10.669078, 8.378726 ], [ -10.669622999999888, 8.378415000000132 ], [ -10.670362, 8.378318 ], [ -10.671663999999851, 8.378415000000132 ], [ -10.673569, 8.378084000000115 ], [ -10.673956, 8.377923000000123 ], [ -10.674282999999832, 8.377670000000137 ], [ -10.67565999999988, 8.376033 ], [ -10.675885, 8.375597 ], [ -10.676547, 8.373839 ], [ -10.678014, 8.36821 ], [ -10.678434, 8.366291000000103 ], [ -10.680233999999814, 8.352737 ], [ -10.679392, 8.350874 ], [ -10.678759, 8.349894000000177 ], [ -10.678749999999866, 8.349712 ], [ -10.678718, 8.349062 ], [ -10.678881, 8.348432000000173 ], [ -10.679144, 8.347762000000159 ], [ -10.68292, 8.342910000000188 ], [ -10.686399, 8.338493 ], [ -10.686855, 8.338464 ], [ -10.687595, 8.338150000000155 ], [ -10.688165, 8.337837 ], [ -10.688706, 8.337268000000165 ], [ -10.689048, 8.33661300000017 ], [ -10.689304, 8.335844000000122 ], [ -10.689247, 8.334818000000155 ], [ -10.689503, 8.331998 ], [ -10.690358, 8.330461 ], [ -10.691725, 8.327926000000105 ], [ -10.692033, 8.327086 ], [ -10.692118999999877, 8.326643 ], [ -10.692021, 8.326187000000118 ], [ -10.691726, 8.32588 ], [ -10.691467, 8.325733 ], [ -10.69068, 8.325376000000176 ], [ -10.689978, 8.32492 ], [ -10.689658999999892, 8.324576 ], [ -10.689437, 8.324244 ], [ -10.689449999999852, 8.323752 ], [ -10.690225, 8.321869 ], [ -10.690703999999869, 8.321451000000138 ], [ -10.691701, 8.320836 ], [ -10.692894, 8.320036 ], [ -10.695896, 8.317748000000165 ], [ -10.696204, 8.317427 ], [ -10.698121, 8.313587 ], [ -10.698233, 8.313286 ], [ -10.698152999999877, 8.312873 ], [ -10.697676, 8.312428000000125 ], [ -10.697299, 8.312174 ], [ -10.696979, 8.312064 ], [ -10.696690999999873, 8.312030000000107 ], [ -10.696325999999885, 8.311840000000188 ], [ -10.695356999999831, 8.310696 ], [ -10.694673, 8.30987 ], [ -10.694228, 8.309202 ], [ -10.694116999999892, 8.308630000000164 ], [ -10.694197, 8.308042000000171 ], [ -10.695881, 8.304896 ], [ -10.696453, 8.303879000000165 ], [ -10.696771, 8.303323000000148 ], [ -10.697072999999875, 8.302910000000111 ], [ -10.697612999999876, 8.302513 ], [ -10.69836, 8.302131 ], [ -10.69948799999986, 8.300844 ], [ -10.699869, 8.3001450000001 ], [ -10.699933, 8.299526 ], [ -10.699678, 8.298508 ], [ -10.699059, 8.29765 ], [ -10.698152999999877, 8.296856000000105 ], [ -10.697216, 8.296268000000111 ], [ -10.696309999999812, 8.295648 ], [ -10.695864999999856, 8.294965000000161 ], [ -10.695562999999822, 8.294107 ], [ -10.695547, 8.293313 ], [ -10.695627, 8.292216 ], [ -10.695991999999876, 8.291295 ], [ -10.696342, 8.290866000000108 ], [ -10.696962, 8.290627 ], [ -10.69745399999988, 8.29058 ], [ -10.697756, 8.290611000000126 ], [ -10.697915, 8.290945 ], [ -10.698042, 8.291422 ], [ -10.698233, 8.291851 ], [ -10.698725, 8.292232000000126 ], [ -10.699297, 8.292327 ], [ -10.699900999999841, 8.292264000000102 ], [ -10.700488999999891, 8.292026 ], [ -10.700854999999876, 8.291454000000101 ], [ -10.701093, 8.290754 ], [ -10.701744, 8.28250700000018 ], [ -10.701681, 8.281347000000153 ], [ -10.701234999999883, 8.280267 ], [ -10.700869999999895, 8.279981 ], [ -10.70036199999987, 8.279981 ], [ -10.699758, 8.280474 ], [ -10.697612999999876, 8.281697000000122 ], [ -10.694959, 8.28312700000015 ], [ -10.690955, 8.285082000000102 ], [ -10.68889, 8.286067 ], [ -10.688223, 8.28629 ], [ -10.686379, 8.286528 ], [ -10.686061, 8.286544 ], [ -10.685454999999877, 8.286692 ], [ -10.685402, 8.287849 ], [ -10.685357, 8.28986 ], [ -10.685886, 8.293761000000188 ], [ -10.686249, 8.29547 ], [ -10.686521, 8.296982 ], [ -10.686521, 8.297586000000138 ], [ -10.686399999999821, 8.2985240000001 ], [ -10.68428299999988, 8.310877 ], [ -10.683708, 8.312722000000122 ], [ -10.683134, 8.314249000000189 ], [ -10.682559, 8.315005 ], [ -10.681908999999848, 8.315595 ], [ -10.68138, 8.315791 ], [ -10.68076, 8.315791 ], [ -10.680276, 8.315761 ], [ -10.679579999999874, 8.315595 ], [ -10.679021, 8.315186 ], [ -10.678326, 8.314914000000158 ], [ -10.677812, 8.315005 ], [ -10.676995, 8.315413 ], [ -10.676345, 8.316275000000132 ], [ -10.676027, 8.317228000000114 ], [ -10.675922, 8.318346 ], [ -10.675967, 8.319586000000186 ], [ -10.675982, 8.320645 ], [ -10.675497999999891, 8.322732 ], [ -10.674999, 8.32385 ], [ -10.674651, 8.324274000000116 ], [ -10.67391, 8.325438000000133 ], [ -10.673289999999895, 8.326587000000188 ], [ -10.673109, 8.327237000000139 ], [ -10.673123999999859, 8.328916000000106 ], [ -10.673351, 8.330624 ], [ -10.673306, 8.331577 ], [ -10.673123999999859, 8.332544 ], [ -10.672837, 8.333225000000141 ], [ -10.669299, 8.337323 ], [ -10.668845, 8.337776000000133 ], [ -10.667575, 8.33885000000015 ], [ -10.66691, 8.339394 ], [ -10.666562, 8.339651000000174 ], [ -10.663367, 8.346167 ], [ -10.663084, 8.346856000000173 ], [ -10.662791870999911, 8.348752323000156 ], [ -10.659903156999917, 8.349757670000088 ], [ -10.658583229999977, 8.347550004000027 ], [ -10.658992056999864, 8.347001008000063 ], [ -10.658992056999864, 8.346837477000122 ], [ -10.658851886999969, 8.346732350000082 ], [ -10.658536506999894, 8.34667394600001 ], [ -10.657975828999895, 8.346767392000118 ], [ -10.653165912999896, 8.348116780000055 ], [ -10.652897254999971, 8.348233588000085 ], [ -10.651238585999977, 8.349086284000123 ], [ -10.65068958899991, 8.349401665000016 ], [ -10.650607823999906, 8.349553514999968 ], [ -10.650561100999937, 8.349763769000162 ], [ -10.650514377999968, 8.349892258000011 ], [ -10.650444292999964, 8.350009065 ], [ -10.650105549999978, 8.350289404000023 ], [ -10.649848572999872, 8.350487977000057 ], [ -10.64968504299992, 8.350569742000118 ], [ -10.649171088999935, 8.350756635000039 ], [ -10.648984195999958, 8.350803358000121 ], [ -10.648797303999913, 8.350815039000111 ], [ -10.647313845999918, 8.350032426999974 ], [ -10.646846614999902, 8.349763769000162 ], [ -10.641543542999898, 8.346598279000091 ], [ -10.641415054999925, 8.346446429000139 ], [ -10.641309927999941, 8.346236175000115 ], [ -10.640317061999951, 8.343479513000148 ], [ -10.640854377999972, 8.34251000800009 ], [ -10.641333288999931, 8.341704035000134 ], [ -10.641403373999935, 8.341610589000027 ], [ -10.641426735999914, 8.341493781000167 ], [ -10.641368331999956, 8.341283527000144 ], [ -10.639300834999972, 8.339402922999966 ], [ -10.639067218999912, 8.339239392000025 ], [ -10.638646710999922, 8.339040819000047 ], [ -10.638261245999843, 8.338912329999971 ], [ -10.638050991999933, 8.338853926000127 ], [ -10.637607121999963, 8.33873711800004 ], [ -10.630540253999868, 8.337510637000094 ], [ -10.626218367999854, 8.337148533000175 ], [ -10.623181366999916, 8.336914918000105 ], [ -10.619607049999956, 8.336763068000153 ], [ -10.612762115999885, 8.336763068000153 ], [ -10.61250513899995, 8.336809791000178 ], [ -10.611827654999956, 8.337020044999974 ], [ -10.611383784999873, 8.337160214000164 ], [ -10.611220253999932, 8.337230299000169 ], [ -10.609538222999959, 8.338001230000089 ], [ -10.608814014999894, 8.338526865000176 ], [ -10.607167025999956, 8.339496369000074 ], [ -10.606396094999866, 8.339928557000121 ], [ -10.606220882999935, 8.33996360000009 ], [ -10.605963905999886, 8.339881834000096 ], [ -10.603207242999872, 8.337872741000012 ], [ -10.602342865999958, 8.336879875000136 ], [ -10.60249471599991, 8.336751387000163 ], [ -10.602611523999883, 8.336599537000041 ], [ -10.602845138999953, 8.336225752000075 ], [ -10.602891862999911, 8.336062221000134 ], [ -10.602880181999922, 8.335887010000135 ], [ -10.602751692999959, 8.335676756000169 ], [ -10.602611523999883, 8.335594990000118 ], [ -10.601898996999921, 8.335361375000048 ], [ -10.601420084999972, 8.335209525000096 ], [ -10.601128065999887, 8.335127759000102 ], [ -10.600836045999813, 8.335092717000066 ], [ -10.594691958999931, 8.335034313 ], [ -10.594423301999882, 8.335092717000066 ], [ -10.592507654999963, 8.33584028700011 ], [ -10.590580326999884, 8.33642432500011 ], [ -10.588804848999814, 8.33696164100013 ], [ -10.588664679999852, 8.336985002 ], [ -10.587613409999904, 8.336914918000105 ], [ -10.587076094999929, 8.336821472000167 ], [ -10.586585501999934, 8.336681302000102 ], [ -10.586094909999929, 8.336436006000099 ], [ -10.585819284999957, 8.336259539000139 ], [ -10.578432321999912, 8.331530081000153 ], [ -10.57807021799988, 8.331109573000163 ], [ -10.577124074999858, 8.329999900000132 ], [ -10.575138343999981, 8.325093975000186 ], [ -10.574647750999873, 8.323762366000039 ], [ -10.574565985999925, 8.323435305000089 ], [ -10.574425816999963, 8.322687735000045 ], [ -10.574367412999948, 8.322360674000038 ], [ -10.573164292999877, 8.314149090000114 ], [ -10.572662019999882, 8.309348291000163 ], [ -10.572685380999928, 8.30921980300019 ], [ -10.572626976999913, 8.309021229999985 ], [ -10.572440084999926, 8.308635764000087 ], [ -10.572334957999885, 8.30842551000012 ], [ -10.570758053999896, 8.307082221000087 ], [ -10.568994256999815, 8.306568267000159 ], [ -10.568118198999969, 8.306451460000176 ], [ -10.568059794999954, 8.306463140000062 ], [ -10.567569201999959, 8.306638352 ], [ -10.567148694999958, 8.306848606000187 ], [ -10.567008524999892, 8.306953733000114 ], [ -10.566447847999882, 8.307537771999989 ], [ -10.566179189999957, 8.307888195000146 ], [ -10.566003978999845, 8.308145171999968 ], [ -10.565817085999925, 8.308402149000017 ], [ -10.565349854999965, 8.308752572000174 ], [ -10.564976070999876, 8.309021229999985 ], [ -10.564707412999951, 8.309184761000097 ], [ -10.561098053999899, 8.310925196000142 ], [ -10.560992926999916, 8.310960238 ], [ -10.560852756999964, 8.310936877000131 ], [ -10.560712587999888, 8.310820069000044 ], [ -10.560245356999872, 8.310329476000049 ], [ -10.558633409999914, 8.307666260000133 ], [ -10.557196674999943, 8.305166574000111 ], [ -10.55707986699997, 8.305061447000185 ], [ -10.556963059999816, 8.304991363000056 ], [ -10.556799528999875, 8.304944640000031 ], [ -10.556355658999905, 8.304886236000186 ], [ -10.556168766999974, 8.304886236000186 ], [ -10.556016916999965, 8.304909597000062 ], [ -10.553820931999894, 8.306030952000015 ], [ -10.553283615999931, 8.306696756000065 ], [ -10.553166807999958, 8.306907010000032 ], [ -10.553038319999871, 8.307210710000106 ], [ -10.552898149999919, 8.30742096400013 ], [ -10.552629492999813, 8.307677941000122 ], [ -10.552360834999945, 8.307923237000182 ], [ -10.552115538999942, 8.308110129 ], [ -10.550877376999949, 8.308857699000043 ], [ -10.550713845999951, 8.308927784000105 ], [ -10.548903325999959, 8.309383334000131 ], [ -10.548587944999895, 8.309441738000146 ], [ -10.54828424499982, 8.309441738000146 ], [ -10.545994812999936, 8.309254845000055 ], [ -10.542584026999975, 8.309056272000078 ], [ -10.541591160999815, 8.309032910999974 ], [ -10.541042164999965, 8.309091314000113 ], [ -10.540574933999949, 8.30931324900007 ], [ -10.540493168999888, 8.309359972000152 ], [ -10.540458125999919, 8.309581907000108 ], [ -10.540458125999919, 8.30997905300012 ], [ -10.540469806999909, 8.310294434000184 ], [ -10.54055157199997, 8.310539730000073 ], [ -10.540621656999974, 8.310691580000025 ], [ -10.540633337999964, 8.310878473000116 ], [ -10.540633337999964, 8.310971919 ], [ -10.540586614999938, 8.311100408000073 ], [ -10.540423083999883, 8.311404107999977 ], [ -10.539652152999963, 8.3119647850001 ], [ -10.52887079899989, 8.318821399000058 ], [ -10.52132501899996, 8.323563793000062 ], [ -10.521254933999842, 8.32351706999998 ], [ -10.52110308399989, 8.323587155000041 ], [ -10.520460640999943, 8.323890855000116 ], [ -10.519047267999952, 8.324942125000064 ], [ -10.518650120999951, 8.325245825000138 ], [ -10.515169250999975, 8.32838795300006 ], [ -10.513487218999899, 8.330595619000121 ], [ -10.505742865999935, 8.335594990000118 ], [ -10.501093917999981, 8.339461326000105 ], [ -10.500825260999932, 8.339473007000095 ], [ -10.500544921999847, 8.33951973000012 ], [ -10.499715586999969, 8.339905196000075 ], [ -10.499470290999909, 8.340033684000048 ], [ -10.49044105299987, 8.348922753000011 ], [ -10.48965844099996, 8.349705365000091 ], [ -10.489471547999869, 8.349915619000114 ], [ -10.489191209999944, 8.350266042000044 ], [ -10.489074401999972, 8.350452934999964 ], [ -10.486971862999894, 8.354214144000025 ], [ -10.485873869999921, 8.356526937000183 ], [ -10.480278778999889, 8.361806647000037 ], [ -10.479764824999904, 8.366350468000064 ], [ -10.480640882999921, 8.368651580000176 ], [ -10.480710967999869, 8.368931919000033 ], [ -10.480991306999954, 8.370076635000032 ], [ -10.481014667999943, 8.370450420000168 ], [ -10.480967944999975, 8.370789162000108 ], [ -10.48089785999997, 8.371057820000146 ], [ -10.480103567999947, 8.372669767000048 ], [ -10.47991667499997, 8.373031871000137 ], [ -10.47967137899991, 8.373499101999982 ], [ -10.479379359999825, 8.374048098000117 ], [ -10.479122382999947, 8.374468606000107 ], [ -10.478421535999871, 8.375403068000139 ], [ -10.478141197999946, 8.375648364000028 ], [ -10.474333264999927, 8.378650323000159 ], [ -10.473924437999926, 8.378825534000157 ], [ -10.472803083999963, 8.379257723000137 ], [ -10.472043833999862, 8.379549742000052 ], [ -10.471658367999851, 8.379666550000138 ], [ -10.470992563999914, 8.379795038999987 ], [ -10.470326759999978, 8.37993520800012 ], [ -10.469497424999929, 8.380133781000154 ], [ -10.469287170999962, 8.380192185000169 ], [ -10.464556457999947, 8.383007251000038 ], [ -10.46269921499993, 8.384479029000147 ], [ -10.462547364999978, 8.384619198000109 ], [ -10.46246559899987, 8.384771048000061 ], [ -10.462372152999933, 8.385004664 ], [ -10.462290387999928, 8.385214918000031 ], [ -10.462173579999956, 8.38557702200012 ], [ -10.462103494999951, 8.38591576400006 ], [ -10.462091813999962, 8.386231145000181 ], [ -10.462278706999939, 8.387259053000093 ], [ -10.462360471999943, 8.387492669000096 ], [ -10.459708936999959, 8.389641931000085 ], [ -10.45425401499989, 8.390693201000033 ], [ -10.449780278999924, 8.393893733000027 ], [ -10.440342213999827, 8.402782802000161 ], [ -10.434536868999885, 8.408751677000112 ], [ -10.432375925999963, 8.410200093000071 ], [ -10.428462866999951, 8.415701737000177 ], [ -10.42849790899993, 8.415853588 ], [ -10.42849790899993, 8.415982075999977 ], [ -10.42825261299987, 8.416916538000066 ], [ -10.428089081999929, 8.417488896000123 ], [ -10.42782042399989, 8.418026211000097 ], [ -10.424760060999915, 8.42322415600006 ], [ -10.41771655499997, 8.434951653000041 ], [ -10.417517980999946, 8.435196949000101 ], [ -10.417085792999899, 8.435687542000096 ], [ -10.412004655999965, 8.440394893000132 ], [ -10.409586735999824, 8.440021109000099 ], [ -10.406888476999939, 8.440464978000136 ], [ -10.406678222999972, 8.440511701 ], [ -10.406351161999964, 8.440698594000082 ], [ -10.406175949999977, 8.440815401000066 ], [ -10.39983328999989, 8.446667469000033 ], [ -10.399529589999929, 8.446959488000175 ], [ -10.399401100999853, 8.447111338000127 ], [ -10.399179165999954, 8.447379996000109 ], [ -10.398968912999976, 8.447660335000137 ], [ -10.395184341999936, 8.454026356000099 ], [ -10.394565742999873, 8.455355802000156 ], [ -10.39385273399995, 8.456888146000097 ], [ -10.393724244999817, 8.457308654000087 ], [ -10.393105163999905, 8.460123720000126 ], [ -10.39307012199987, 8.46045078200018 ], [ -10.393035078999901, 8.460894652000093 ], [ -10.393023398999901, 8.461081544000137 ], [ -10.39305844099988, 8.461350202000176 ], [ -10.393140205999885, 8.461723985999981 ], [ -10.393397182999934, 8.462868702000037 ], [ -10.393642479999869, 8.467704543000025 ], [ -10.39361911799989, 8.467949839000084 ], [ -10.393385502999934, 8.468895982000106 ], [ -10.39328037599995, 8.469164639000041 ], [ -10.392988355999933, 8.469900528000096 ], [ -10.392789782999955, 8.470321036000087 ], [ -10.392637932999889, 8.470624736000161 ], [ -10.392182382999977, 8.471500794000178 ], [ -10.391983809999942, 8.471804494000082 ], [ -10.391761874999872, 8.472143237000125 ], [ -10.391224558999852, 8.47286744500019 ], [ -10.389764462999835, 8.474444349000066 ], [ -10.387475030999951, 8.478310685000054 ], [ -10.385255683999901, 8.482317191000107 ], [ -10.385022068999945, 8.482784422000123 ], [ -10.384951983999883, 8.48297131400011 ], [ -10.383351717999915, 8.489594313 ], [ -10.379555465999886, 8.489056997000148 ], [ -10.375268621999908, 8.480319778000137 ], [ -10.374030459999972, 8.480681882000056 ], [ -10.370689758999958, 8.483847372000128 ], [ -10.367372418999935, 8.486428823000097 ], [ -10.367127122999875, 8.486498908000158 ], [ -10.366986953999913, 8.486533950000023 ], [ -10.365538537999896, 8.486592354000038 ], [ -10.365211475999843, 8.486604035000028 ], [ -10.364931136999928, 8.486604035000028 ], [ -10.361543712999946, 8.486148485 ], [ -10.361426904999973, 8.486125123000022 ], [ -10.361228331999939, 8.486043358000131 ], [ -10.358459988999869, 8.484641665000026 ], [ -10.358366542999875, 8.484513176000178 ], [ -10.358319818999917, 8.484267880000118 ], [ -10.358553434999976, 8.483835691000138 ], [ -10.358693603999939, 8.48375392600002 ], [ -10.358752007999954, 8.483555353000042 ], [ -10.358787049999933, 8.483310056999983 ], [ -10.358787049999933, 8.483123164000062 ], [ -10.358728646999907, 8.482901229000106 ], [ -10.358623519999981, 8.482726018000051 ], [ -10.35843662699989, 8.482609210000021 ], [ -10.358238053999969, 8.482527445000073 ], [ -10.357992757999966, 8.482480722000048 ], [ -10.353764317999946, 8.482048533000068 ], [ -10.353589105999902, 8.482083575000104 ], [ -10.352923301999965, 8.482305510000117 ], [ -10.352829855999971, 8.482340552000153 ], [ -10.352713047999885, 8.482480722000048 ], [ -10.352047243999891, 8.483426863999966 ], [ -10.351895393999939, 8.483718884000155 ], [ -10.351580012999932, 8.484349645 ], [ -10.351089419999937, 8.485342511000113 ], [ -10.351042696999968, 8.485622850000141 ], [ -10.351101100999927, 8.48621856900013 ], [ -10.351101100999927, 8.486428823000097 ], [ -10.351089419999937, 8.486720843000114 ], [ -10.350038150999922, 8.48940742100018 ], [ -10.349979746999963, 8.489547590000143 ], [ -10.349699407999935, 8.489851290000047 ], [ -10.349524196999937, 8.490014821000159 ], [ -10.34885839299983, 8.490587179000102 ], [ -10.345284075999928, 8.493040141 ], [ -10.344957013999874, 8.493215353000153 ], [ -10.344571548999966, 8.49341392600013 ], [ -10.344337932999906, 8.493448968 ], [ -10.343882382999936, 8.493437287 ], [ -10.343508597999858, 8.49342560700012 ], [ -10.343321705999927, 8.493378884000094 ], [ -10.343134812999836, 8.493285437000054 ], [ -10.34309977099997, 8.493191991000174 ], [ -10.342959601999894, 8.493110226000056 ], [ -10.342293797999957, 8.492899972000032 ], [ -10.341709758999968, 8.492771483000183 ], [ -10.341581270999882, 8.492783164000173 ], [ -10.340588404999892, 8.492899972000032 ], [ -10.339829153999972, 8.493086864000077 ], [ -10.339537134999944, 8.493180310000184 ], [ -10.339034861999892, 8.493378884000094 ], [ -10.338509226999918, 8.493635861000087 ], [ -10.338252249999869, 8.493811072000142 ], [ -10.337936868999975, 8.494068048999964 ], [ -10.337738295999884, 8.494254942000055 ], [ -10.337563083999953, 8.49453527999998 ], [ -10.337224341999899, 8.495224446000179 ], [ -10.336955683999975, 8.495785123000132 ], [ -10.336476771999969, 8.496871435000116 ], [ -10.336336602999836, 8.497256901000014 ], [ -10.336161390999905, 8.497654047000026 ], [ -10.335986179999963, 8.497981109000079 ], [ -10.335308694999981, 8.498962294000023 ], [ -10.333778513999903, 8.499733225000114 ], [ -10.333369686999845, 8.499896755000123 ], [ -10.332890774999896, 8.500036925000188 ], [ -10.332481947999952, 8.500060286000064 ], [ -10.330285961999948, 8.500095329000033 ], [ -10.330134111999826, 8.500083648000043 ], [ -10.325707098999885, 8.503751411000053 ], [ -10.32501793299997, 8.504592426999977 ], [ -10.324795998999946, 8.50486108400014 ], [ -10.324550701999954, 8.505024615000082 ], [ -10.323873216999971, 8.505445123000015 ], [ -10.322798585999863, 8.506052523 ], [ -10.322611693999932, 8.506005800000139 ], [ -10.319679819999919, 8.50396166500002 ], [ -10.318348210999943, 8.502945437000164 ], [ -10.315614909999852, 8.500609283000131 ], [ -10.315381294999952, 8.500177094000151 ], [ -10.315334571999927, 8.500025244000028 ], [ -10.315334571999927, 8.499791628000082 ], [ -10.315357932999973, 8.498249766000015 ], [ -10.311643446999881, 8.497140093000155 ], [ -10.306480544999886, 8.495131 ], [ -10.306118440999967, 8.494325026000183 ], [ -10.305978271999834, 8.494161495000071 ], [ -10.304518174999885, 8.492654676000029 ], [ -10.302999673999921, 8.491720214000168 ], [ -10.29888804199993, 8.489313974000027 ], [ -10.29523195999991, 8.489267251000115 ], [ -10.294963301999871, 8.489419101000067 ], [ -10.294624559999932, 8.489570951000019 ], [ -10.294285816999889, 8.489676078000116 ], [ -10.290104099999837, 8.490622220999967 ], [ -10.289858803999948, 8.490633902000127 ], [ -10.289321487999928, 8.490201712999976 ], [ -10.288118368999847, 8.488356151000062 ], [ -10.287055417999909, 8.486697481000135 ], [ -10.280560907999927, 8.483496949000028 ], [ -10.280455780999887, 8.483461907000105 ], [ -10.280350653999903, 8.483520310000074 ], [ -10.279626445999952, 8.484174434000181 ], [ -10.27922929999994, 8.484688388000109 ], [ -10.277783, 8.486439000000132 ], [ -10.276593, 8.490097000000105 ], [ -10.275698, 8.490863000000104 ], [ -10.274078, 8.491546000000142 ], [ -10.270111, 8.492061 ], [ -10.267977, 8.491723 ], [ -10.266398, 8.490833000000123 ], [ -10.265202, 8.489601000000107 ], [ -10.264986, 8.487773 ], [ -10.264259999999865, 8.487264 ], [ -10.262339999999881, 8.486714000000177 ], [ -10.258544, 8.487399 ], [ -10.256326, 8.487954000000116 ], [ -10.252276, 8.490085 ], [ -10.250683926999955, 8.491345127000102 ], [ -10.250017, 8.491873000000169 ], [ -10.247127, 8.491905000000145 ], [ -10.24458, 8.491593 ], [ -10.243236, 8.490790000000118 ], [ -10.242546, 8.489247000000148 ], [ -10.24136, 8.487303 ], [ -10.239972, 8.485606000000132 ], [ -10.23808, 8.484453000000144 ], [ -10.236428999999873, 8.484692 ], [ -10.235065, 8.48677 ], [ -10.234347, 8.48949800000014 ], [ -10.233185999999876, 8.491229 ], [ -10.231281, 8.492063 ], [ -10.228782, 8.491949 ], [ -10.227736999999877, 8.491297000000145 ], [ -10.227444999999875, 8.490153000000134 ], [ -10.22731199999987, 8.487619000000109 ], [ -10.227478999999846, 8.485087 ], [ -10.228237, 8.4839 ], [ -10.229739, 8.483461000000148 ], [ -10.230441999999869, 8.483068000000117 ], [ -10.231101999999851, 8.481482 ], [ -10.23031, 8.480335000000139 ], [ -10.228419, 8.479132 ], [ -10.225475, 8.478420000000142 ], [ -10.223225, 8.478457000000162 ], [ -10.219020999999884, 8.479227 ], [ -10.218016, 8.480016 ], [ -10.21656, 8.481051 ], [ -10.215059999999824, 8.481042000000173 ], [ -10.214016, 8.480291 ], [ -10.212326, 8.478791000000115 ], [ -10.210885, 8.477591000000132 ], [ -10.210136, 8.477537 ], [ -10.204755, 8.482274000000132 ], [ -10.20395, 8.483113000000117 ], [ -10.203982999999823, 8.485547 ], [ -10.203922, 8.487236 ], [ -10.201636, 8.492636 ], [ -10.20073, 8.493575000000135 ], [ -10.192892, 8.499440000000106 ], [ -10.187112, 8.504075000000114 ], [ -10.184753999999884, 8.505253 ], [ -10.183201999999881, 8.505641 ], [ -10.181247999999869, 8.506325000000118 ], [ -10.179742, 8.507210000000157 ], [ -10.177878, 8.509236000000101 ], [ -10.176471, 8.51032 ], [ -10.174202206999894, 8.511303496000096 ], [ -10.170253999999886, 8.513015000000109 ], [ -10.168501999999876, 8.513353 ], [ -10.165851, 8.513635 ], [ -10.163545999999883, 8.514367 ], [ -10.162037, 8.515848 ], [ -10.161376, 8.517334 ], [ -10.161672999999894, 8.517832 ], [ -10.164456, 8.520233000000133 ], [ -10.165599, 8.521184000000119 ], [ -10.166091999999878, 8.522180000000105 ], [ -10.165433999999891, 8.523418 ], [ -10.163328, 8.524250000000109 ], [ -10.160778, 8.524433 ], [ -10.15858, 8.524073 ], [ -10.1464, 8.521517000000131 ], [ -10.144254999999816, 8.52090800000019 ], [ -10.141860999999892, 8.520099 ], [ -10.139714, 8.519738000000189 ], [ -10.131406, 8.521079000000157 ], [ -10.130152999999893, 8.521568000000116 ], [ -10.123805, 8.528584 ], [ -10.123241999999891, 8.530468 ], [ -10.121919, 8.533887000000107 ], [ -10.121266999999818, 8.534082 ], [ -10.120569999999873, 8.53368 ], [ -10.119885, 8.531590000000108 ], [ -10.119150999999874, 8.529301 ], [ -10.118461, 8.527906000000144 ], [ -10.117616999999882, 8.527006 ], [ -10.116021999999873, 8.52645 ], [ -10.113974999999812, 8.525991000000147 ], [ -10.11268, 8.525387 ], [ -10.112086, 8.52444 ], [ -10.111751, 8.522302 ], [ -10.111312, 8.52076 ], [ -10.109974, 8.519063000000131 ], [ -10.107783999999867, 8.517808 ], [ -10.106088, 8.517201 ], [ -10.104896, 8.516151 ], [ -10.104404999999872, 8.514856 ], [ -10.104467, 8.513118000000134 ], [ -10.103824999999858, 8.512071000000162 ], [ -10.102876, 8.511867000000166 ], [ -10.099868, 8.51319 ], [ -10.09861, 8.514325000000156 ], [ -10.096998999999869, 8.515855000000101 ], [ -10.095193999999822, 8.516688000000102 ], [ -10.09264, 8.517318000000159 ], [ -10.088032999999825, 8.518383 ], [ -10.086183, 8.518471 ], [ -10.084734, 8.518363000000136 ], [ -10.083438, 8.517808 ], [ -10.082844, 8.51696 ], [ -10.082498999999871, 8.516312 ], [ -10.081804, 8.515662 ], [ -10.080342347999874, 8.515507937000052 ], [ -10.080304999999896, 8.515504 ], [ -10.079102, 8.515994 ], [ -10.077746999999874, 8.516681 ], [ -10.076897, 8.516725000000122 ], [ -10.076401, 8.516176 ], [ -10.076316, 8.514039 ], [ -10.076485, 8.511457000000178 ], [ -10.076343999999892, 8.510066 ], [ -10.075454, 8.508818000000133 ], [ -10.073903, 8.508958000000177 ], [ -10.072145, 8.51009 ], [ -10.069586999999842, 8.511266 ], [ -10.068236, 8.511407000000133 ], [ -10.066441, 8.510849000000121 ], [ -10.065199, 8.509699000000182 ], [ -10.063213999999846, 8.507650000000126 ], [ -10.062122999999815, 8.506402 ], [ -10.060384999999883, 8.504901 ], [ -10.056799999999839, 8.502842 ], [ -10.051318, 8.500523 ], [ -10.049774, 8.499669 ], [ -10.048340999999823, 8.497326000000157 ], [ -10.046817, 8.49383900000015 ], [ -10.045791, 8.490554 ], [ -10.045803, 8.488915 ], [ -10.047727999999893, 8.485301000000163 ], [ -10.048904, 8.481633 ], [ -10.049789, 8.47682 ], [ -10.050350999999864, 8.475085 ], [ -10.052771999999891, 8.47212 ], [ -10.054992, 8.469203000000107 ], [ -10.057114, 8.466087 ], [ -10.057924999999841, 8.464453 ], [ -10.057639999999878, 8.462414 ], [ -10.057858, 8.459932 ], [ -10.059811, 8.452444 ], [ -10.061469999999872, 8.451113 ], [ -10.062026, 8.450272000000155 ], [ -10.062087, 8.448732 ], [ -10.062141999999881, 8.441083000000106 ], [ -10.061757999999884, 8.438846000000126 ], [ -10.060828, 8.429154 ], [ -10.060744, 8.426918000000114 ], [ -10.060620042999972, 8.426678043000095 ], [ -10.060152, 8.425772000000165 ], [ -10.058907, 8.425267000000133 ], [ -10.057158, 8.425157 ], [ -10.048206, 8.425946000000181 ], [ -10.042848999999876, 8.427204000000188 ], [ -10.040343, 8.428132 ], [ -10.038678, 8.430307 ], [ -10.03751, 8.432833000000187 ], [ -10.035802999999817, 8.433965 ], [ -10.0328, 8.434592 ], [ -10.031249, 8.434681000000126 ], [ -10.029853999999887, 8.434126 ], [ -10.028063, 8.43292300000013 ], [ -10.026367, 8.432465 ], [ -10.023715, 8.432945000000188 ], [ -10.020398999999884, 8.435308000000134 ], [ -10.017132, 8.437821 ], [ -10.01487, 8.439496 ], [ -10.012715, 8.440376 ], [ -10.009062, 8.440949 ], [ -10.005209, 8.441471 ], [ -10.001606, 8.442044 ], [ -9.999953999999889, 8.443048 ], [ -9.996487999999829, 8.444140000000118 ], [ -9.995693, 8.444270000000188 ], [ -9.990176, 8.444874 ], [ -9.989910999999836, 8.444873 ], [ -9.988537999999892, 8.447839000000101 ], [ -9.98805, 8.449135 ], [ -9.987008999999887, 8.451376 ], [ -9.98681, 8.451705 ], [ -9.98387, 8.454513 ], [ -9.973441, 8.462340000000154 ], [ -9.973264, 8.4623390000001 ], [ -9.972867, 8.462316000000101 ], [ -9.97214, 8.461941 ], [ -9.971037, 8.461389000000167 ], [ -9.970662, 8.461212000000103 ], [ -9.970353, 8.461167000000103 ], [ -9.969934, 8.461122000000103 ], [ -9.969426999999882, 8.461209 ], [ -9.969050999999865, 8.461296000000118 ], [ -9.966644, 8.462346000000139 ], [ -9.966202, 8.462631000000101 ], [ -9.965804999999875, 8.462894000000176 ], [ -9.965318, 8.463223 ], [ -9.965008999999895, 8.463486000000103 ], [ -9.96439, 8.46443 ], [ -9.963636999999892, 8.465946 ], [ -9.963149, 8.467110000000105 ], [ -9.962883, 8.467923 ], [ -9.962794, 8.468385000000126 ], [ -9.962661, 8.46878 ], [ -9.961664999999812, 8.470427000000143 ], [ -9.961421, 8.470734000000107 ], [ -9.961156, 8.471020000000181 ], [ -9.960801999999887, 8.471371 ], [ -9.957222999999885, 8.473737 ], [ -9.953909, 8.475929 ], [ -9.948783, 8.479347 ], [ -9.948385, 8.479632 ], [ -9.946573, 8.480947000000128 ], [ -9.942771999999877, 8.483709 ], [ -9.940597228999877, 8.484883775000185 ], [ -9.934907999999893, 8.487957000000165 ], [ -9.928457, 8.491636 ], [ -9.92481, 8.494530000000111 ], [ -9.923770999999874, 8.495253 ], [ -9.913856, 8.498747000000151 ], [ -9.913436, 8.498878000000161 ], [ -9.909881, 8.499705000000176 ], [ -9.908093, 8.499943000000144 ], [ -9.907321, 8.499941 ], [ -9.906592, 8.499917000000153 ], [ -9.905004, 8.499781 ], [ -9.90379, 8.499669 ], [ -9.896574999999871, 8.498683 ], [ -9.895625999999879, 8.498549 ], [ -9.894908802999964, 8.498337108000158 ], [ -9.894653563999896, 8.498261699000068 ], [ -9.890972, 8.497174 ], [ -9.88949799999989, 8.494730000000118 ], [ -9.889409999999828, 8.494487000000106 ], [ -9.887471, 8.492943 ], [ -9.88714, 8.492877000000135 ], [ -9.885727, 8.493533 ], [ -9.885108, 8.493861 ], [ -9.884644, 8.49441000000013 ], [ -9.884113, 8.495068 ], [ -9.883802999999887, 8.495463 ], [ -9.883536999999876, 8.49588 ], [ -9.883072, 8.49673700000011 ], [ -9.882960999999852, 8.497132 ], [ -9.882806, 8.497308 ], [ -9.882519, 8.497439 ], [ -9.881945, 8.497548 ], [ -9.881039999999871, 8.497655 ], [ -9.86815, 8.498195000000123 ], [ -9.867907, 8.498194 ], [ -9.867378, 8.497995000000117 ], [ -9.866760999999883, 8.497619 ], [ -9.866077, 8.497332000000142 ], [ -9.865547999999876, 8.497176 ], [ -9.863539, 8.497369000000162 ], [ -9.862877, 8.497499 ], [ -9.862058999999874, 8.497805 ], [ -9.861728, 8.498112 ], [ -9.861351999999897, 8.498507000000188 ], [ -9.861086, 8.498968000000104 ], [ -9.860908, 8.49940800000013 ], [ -9.854506, 8.500183000000106 ], [ -9.854109, 8.500204 ], [ -9.853756, 8.500049 ], [ -9.853513999999848, 8.499807 ], [ -9.848448, 8.494714 ], [ -9.848206, 8.494405 ], [ -9.84759, 8.493590000000154 ], [ -9.843871, 8.4885230000001 ], [ -9.843079, 8.487399 ], [ -9.842947, 8.486959000000184 ], [ -9.84286, 8.486563000000103 ], [ -9.842861, 8.485969000000182 ], [ -9.843104999999866, 8.48546400000015 ], [ -9.84337, 8.485135 ], [ -9.84379, 8.484806 ], [ -9.844341999999813, 8.484521 ], [ -9.845182, 8.484238000000119 ], [ -9.845955, 8.483866 ], [ -9.846198, 8.483647 ], [ -9.846264999999846, 8.483383 ], [ -9.846066999999891, 8.483119000000102 ], [ -9.845692, 8.482832000000144 ], [ -9.845207, 8.482743 ], [ -9.843839, 8.482629 ], [ -9.843507999999815, 8.482606 ], [ -9.84163, 8.483503 ], [ -9.841187999999875, 8.483788 ], [ -9.840834, 8.484073000000137 ], [ -9.840326, 8.484511000000168 ], [ -9.839883, 8.485126 ], [ -9.838221, 8.48831 ], [ -9.837955, 8.488881 ], [ -9.834746, 8.493249000000162 ], [ -9.832627, 8.493199000000118 ], [ -9.832208, 8.493352000000129 ], [ -9.830617, 8.494183 ], [ -9.830308, 8.494381 ], [ -9.830107999999882, 8.494666000000166 ], [ -9.83013, 8.494996000000128 ], [ -9.831402, 8.498782 ], [ -9.831534, 8.499046 ], [ -9.831666, 8.499288000000149 ], [ -9.831952, 8.499641 ], [ -9.832149999999899, 8.499883000000182 ], [ -9.832216, 8.500147 ], [ -9.832104999999842, 8.500411000000156 ], [ -9.831883, 8.500674 ], [ -9.831618, 8.500937 ], [ -9.83005, 8.501505 ], [ -9.829187999999874, 8.50181 ], [ -9.828791, 8.501897 ], [ -9.828371, 8.501984000000107 ], [ -9.827819999999861, 8.501917 ], [ -9.826650999999856, 8.501606 ], [ -9.825944999999876, 8.501362000000142 ], [ -9.825085, 8.501052 ], [ -9.824357, 8.500830000000178 ], [ -9.823717, 8.500696000000119 ], [ -9.822923, 8.500628000000177 ], [ -9.822106, 8.500802 ], [ -9.821354999999869, 8.501196000000107 ], [ -9.820183, 8.501897 ], [ -9.819453999999894, 8.502203000000122 ], [ -9.818945999999869, 8.502355 ], [ -9.818306, 8.502419 ], [ -9.812480999999821, 8.502030000000161 ], [ -9.809877, 8.501671000000158 ], [ -9.808928, 8.501493000000153 ], [ -9.808530999999846, 8.501382 ], [ -9.801884, 8.503145 ], [ -9.791614, 8.506614 ], [ -9.791128, 8.506832000000145 ], [ -9.790685, 8.507139000000109 ], [ -9.790398, 8.507534000000135 ], [ -9.790242, 8.508061 ], [ -9.789543999999864, 8.514481000000103 ], [ -9.792826999999875, 8.516689000000156 ], [ -9.793224, 8.516844 ], [ -9.796199999999828, 8.518765 ], [ -9.796354, 8.518985 ], [ -9.796508, 8.51925000000017 ], [ -9.796617, 8.519712 ], [ -9.796638, 8.520262 ], [ -9.796548, 8.520789 ], [ -9.796349, 8.521206000000177 ], [ -9.796081999999899, 8.522041000000172 ], [ -9.796036999999842, 8.522679 ], [ -9.796121, 8.524592 ], [ -9.796164, 8.525032000000181 ], [ -9.796428, 8.525319000000138 ], [ -9.796737, 8.525496 ], [ -9.7972, 8.525629 ], [ -9.799406, 8.526185 ], [ -9.799649, 8.526207 ], [ -9.799803, 8.526120000000162 ], [ -9.800202999999897, 8.525241 ], [ -9.800291999999899, 8.524977 ], [ -9.800447, 8.524626000000183 ], [ -9.80069, 8.524341 ], [ -9.800823, 8.524231000000157 ], [ -9.800977, 8.524364000000162 ], [ -9.801041999999882, 8.525001 ], [ -9.800931, 8.525375000000111 ], [ -9.800798, 8.525749000000189 ], [ -9.80066399999987, 8.526078 ], [ -9.800465, 8.526495 ], [ -9.797297, 8.531852000000129 ], [ -9.795574773999874, 8.534366783999985 ], [ -9.795236999999815, 8.534860000000151 ], [ -9.795105, 8.535013 ], [ -9.79484, 8.535078 ], [ -9.793979, 8.535098000000119 ], [ -9.793117999999879, 8.534898 ], [ -9.791773, 8.534542000000101 ], [ -9.791044999999883, 8.534342 ], [ -9.789831999999876, 8.533877000000132 ], [ -9.788288, 8.533125 ], [ -9.787892, 8.532882 ], [ -9.787561, 8.532640000000129 ], [ -9.787363, 8.532463 ], [ -9.787098, 8.532243000000165 ], [ -9.786833999999885, 8.532088000000101 ], [ -9.786657, 8.532175 ], [ -9.78637, 8.532460000000128 ], [ -9.786171, 8.532658 ], [ -9.780015, 8.541371 ], [ -9.778041, 8.545632 ], [ -9.777354, 8.546884 ], [ -9.775318, 8.549275 ], [ -9.774963999999898, 8.549648000000161 ], [ -9.77461, 8.549889000000178 ], [ -9.769993, 8.551613 ], [ -9.767456, 8.551013000000125 ], [ -9.762844999999857, 8.549834 ], [ -9.762536, 8.549745 ], [ -9.755081, 8.547415000000115 ], [ -9.749762, 8.544723000000147 ], [ -9.74872699999986, 8.543146 ], [ -9.748256, 8.542381 ], [ -9.747722999999837, 8.5416 ], [ -9.747189999999875, 8.540849 ], [ -9.746138, 8.539669000000117 ], [ -9.742903999999896, 8.536327 ], [ -9.742323, 8.535851 ], [ -9.741694999999879, 8.535695000000146 ], [ -9.739887, 8.535183 ], [ -9.736486, 8.534144 ], [ -9.731802, 8.532153000000164 ], [ -9.73111299999988, 8.531829000000187 ], [ -9.728867, 8.530125 ], [ -9.728363999999885, 8.529588 ], [ -9.725234854999883, 8.526066749000108 ], [ -9.725116, 8.525933000000123 ], [ -9.724946999999872, 8.525626000000102 ], [ -9.724913999999899, 8.525329 ], [ -9.725101, 8.521037 ], [ -9.725333, 8.519151000000136 ], [ -9.725926, 8.515541 ], [ -9.726030999999864, 8.515184 ], [ -9.726144, 8.514887000000101 ], [ -9.726265, 8.514641 ], [ -9.727364, 8.513669 ], [ -9.727802, 8.513348000000121 ], [ -9.730204, 8.511770000000126 ], [ -9.730418, 8.511635000000126 ], [ -9.730794, 8.511594000000116 ], [ -9.731084, 8.511715 ], [ -9.731408, 8.511852 ], [ -9.731663, 8.512125 ], [ -9.735456, 8.512314 ], [ -9.739552, 8.511968 ], [ -9.739929, 8.511876 ], [ -9.740288, 8.511708000000169 ], [ -9.742028999999889, 8.510611000000154 ], [ -9.743292, 8.50941 ], [ -9.743915, 8.506590000000188 ], [ -9.743942999999888, 8.506106000000102 ], [ -9.743872, 8.503624 ], [ -9.741421, 8.495647000000133 ], [ -9.740477999999882, 8.493016 ], [ -9.738265, 8.48691 ], [ -9.736462, 8.480815 ], [ -9.734539, 8.473232 ], [ -9.734169, 8.472142 ], [ -9.733770999999876, 8.471494000000121 ], [ -9.731309884999916, 8.468919240000048 ], [ -9.726278, 8.463655 ], [ -9.725337, 8.463769 ], [ -9.725063, 8.463921 ], [ -9.724693999999886, 8.464157 ], [ -9.724307, 8.464546 ], [ -9.723945999999899, 8.464936 ], [ -9.723516, 8.465435 ], [ -9.723267, 8.465680000000134 ], [ -9.722941999999875, 8.46579800000012 ], [ -9.722412, 8.465829 ], [ -9.722061999999823, 8.465658 ], [ -9.719549, 8.462789 ], [ -9.716876999999897, 8.459274000000164 ], [ -9.71664, 8.458831 ], [ -9.715449999999862, 8.456300000000113 ], [ -9.71535, 8.455824000000121 ], [ -9.715311, 8.453716000000156 ], [ -9.715328999999883, 8.453427 ], [ -9.715544, 8.453215000000114 ], [ -9.715783999999871, 8.453072000000191 ], [ -9.716093, 8.452929 ], [ -9.716282, 8.452649000000179 ], [ -9.717094, 8.451072 ], [ -9.717173, 8.450732000000187 ], [ -9.717975, 8.440323 ], [ -9.71790099999987, 8.439931 ], [ -9.717725, 8.439268 ], [ -9.717238999999893, 8.439053 ], [ -9.716813, 8.438932000000136 ], [ -9.7163, 8.438870000000179 ], [ -9.713471, 8.439102000000162 ], [ -9.713102, 8.43941500000011 ], [ -9.712723, 8.439915 ], [ -9.712170999999898, 8.440737 ], [ -9.710758, 8.442872 ], [ -9.710627, 8.443305000000123 ], [ -9.710608, 8.443764000000101 ], [ -9.710579999999879, 8.444087 ], [ -9.710339, 8.444460000000106 ], [ -9.70922, 8.445831 ], [ -9.708996, 8.44609400000013 ], [ -9.706761, 8.448523 ], [ -9.706502999999884, 8.448802 ], [ -9.70622, 8.449005000000113 ], [ -9.70586, 8.449232 ], [ -9.705328999999892, 8.449451 ], [ -9.704522, 8.45005 ], [ -9.703587, 8.45078500000011 ], [ -9.700504, 8.453321000000187 ], [ -9.700135, 8.45371 ], [ -9.698632, 8.456499 ], [ -9.698442, 8.456906000000117 ], [ -9.698389, 8.457238 ], [ -9.698479, 8.457952 ], [ -9.698647, 8.458437000000174 ], [ -9.698797999999897, 8.458795000000123 ], [ -9.698994, 8.459051000000159 ], [ -9.699775, 8.459914 ], [ -9.701235, 8.461638000000164 ], [ -9.701345, 8.461834 ], [ -9.701461999999879, 8.462242 ], [ -9.701654, 8.464547000000152 ], [ -9.701641, 8.465329 ], [ -9.701534, 8.466094 ], [ -9.700501, 8.470517 ], [ -9.699427, 8.474499 ], [ -9.699309, 8.47727 ], [ -9.699197, 8.480304 ], [ -9.699196, 8.480567000000121 ], [ -9.699047999999891, 8.481026 ], [ -9.697927, 8.484234000000129 ], [ -9.697764, 8.484411 ], [ -9.697489, 8.484614000000136 ], [ -9.69724, 8.484791 ], [ -9.696871999999871, 8.4849 ], [ -9.696162999999842, 8.484947 ], [ -9.695419999999899, 8.484816 ], [ -9.695043999999882, 8.484798 ], [ -9.694728, 8.484830000000102 ], [ -9.693263, 8.48535 ], [ -9.691653, 8.48606500000011 ], [ -9.689253999999892, 8.487158000000136 ], [ -9.688482, 8.487537 ], [ -9.686931, 8.48832 ], [ -9.685412999999869, 8.489358 ], [ -9.68264, 8.491529000000128 ], [ -9.680391, 8.493184 ], [ -9.667762999999866, 8.500194000000135 ], [ -9.662908, 8.500264 ], [ -9.662579, 8.498052 ], [ -9.662521, 8.497788000000185 ], [ -9.662411, 8.49756600000012 ], [ -9.662223999999867, 8.497336 ], [ -9.655615, 8.492075 ], [ -9.655095, 8.491733000000124 ], [ -9.65418099999988, 8.491711 ], [ -9.653266, 8.491732 ], [ -9.652188, 8.49194800000015 ], [ -9.651795, 8.492039 ], [ -9.651409, 8.492233000000112 ], [ -9.650997, 8.492503 ], [ -9.650578, 8.492645 ], [ -9.650192999999888, 8.492754 ], [ -9.649944999999889, 8.492727000000116 ], [ -9.648035, 8.491995000000145 ], [ -9.647668, 8.491806000000111 ], [ -9.647362, 8.491541 ], [ -9.647099, 8.491268 ], [ -9.646938999999861, 8.490944 ], [ -9.64935899999989, 8.484674000000155 ], [ -9.651944, 8.47968 ], [ -9.652908, 8.478375000000142 ], [ -9.653132, 8.478156000000126 ], [ -9.653287, 8.477927 ], [ -9.654064999999889, 8.474836 ], [ -9.654146, 8.474165000000141 ], [ -9.652987, 8.473666 ], [ -9.652791, 8.473614 ], [ -9.645552, 8.473791000000119 ], [ -9.642351, 8.47448 ], [ -9.64052, 8.47499 ], [ -9.640229, 8.475056000000166 ], [ -9.639946999999893, 8.475038 ], [ -9.637436, 8.474711 ], [ -9.629890999999816, 8.473227000000179 ], [ -9.629653, 8.472946 ], [ -9.62945, 8.472596000000181 ], [ -9.629435, 8.472231 ], [ -9.629445999999859, 8.471933 ], [ -9.629793, 8.471025 ], [ -9.63002699999987, 8.470372 ], [ -9.630149999999844, 8.469786 ], [ -9.630355999999836, 8.468299000000115 ], [ -9.630291, 8.467627000000107 ], [ -9.629741, 8.46672400000017 ], [ -9.629182, 8.465956 ], [ -9.628238999999894, 8.464897000000178 ], [ -9.627258, 8.464696 ], [ -9.626318999999853, 8.464505 ], [ -9.625671, 8.464195000000188 ], [ -9.623072, 8.461606000000188 ], [ -9.622546, 8.460856 ], [ -9.620411999999874, 8.456212000000107 ], [ -9.620021, 8.45426300000014 ], [ -9.619990999999857, 8.453574000000117 ], [ -9.620081, 8.452844000000141 ], [ -9.620950999999877, 8.451641 ], [ -9.621122999999898, 8.451472000000138 ], [ -9.621439, 8.451465 ], [ -9.621713, 8.451517000000138 ], [ -9.622165, 8.451554000000158 ], [ -9.622584, 8.451471 ], [ -9.622857999999837, 8.451396 ], [ -9.625572999999861, 8.448859 ], [ -9.625813999999878, 8.44859700000012 ], [ -9.626624, 8.447462 ], [ -9.62684, 8.447132 ], [ -9.627047, 8.446776 ], [ -9.62887099999989, 8.443172000000118 ], [ -9.628568999999857, 8.442320000000166 ], [ -9.628511, 8.441861000000188 ], [ -9.628531999999893, 8.441181 ], [ -9.628559999999823, 8.440867 ], [ -9.6287, 8.440383000000111 ], [ -9.630291, 8.438546 ], [ -9.630635, 8.438174000000117 ], [ -9.632852, 8.436 ], [ -9.63323899999989, 8.435679000000107 ], [ -9.636664, 8.43301 ], [ -9.638919, 8.431662 ], [ -9.639886999999817, 8.431241 ], [ -9.640966, 8.430762 ], [ -9.641739, 8.430197 ], [ -9.642383, 8.42968100000013 ], [ -9.642691999999897, 8.429317 ], [ -9.643356999999867, 8.428216 ], [ -9.644476999999881, 8.426555000000121 ], [ -9.644821, 8.426234 ], [ -9.645060999999885, 8.426116 ], [ -9.645444999999881, 8.426109000000167 ], [ -9.646324, 8.426326000000188 ], [ -9.647049, 8.426627 ], [ -9.647943999999882, 8.426997 ], [ -9.648924, 8.42731700000013 ], [ -9.64914599999986, 8.427386000000126 ], [ -9.649728, 8.427312 ], [ -9.650045, 8.427135 ], [ -9.650475, 8.426577000000179 ], [ -9.65081199999986, 8.426034000000186 ], [ -9.651148, 8.425441000000149 ], [ -9.654308999999898, 8.41977 ], [ -9.654495, 8.415648 ], [ -9.654618, 8.415019 ], [ -9.654758, 8.414425000000108 ], [ -9.654993, 8.41378 ], [ -9.655328, 8.413450000000125 ], [ -9.655799, 8.413180000000125 ], [ -9.656657, 8.412692000000106 ], [ -9.657317, 8.412261000000115 ], [ -9.657703, 8.411974 ], [ -9.658012999999869, 8.411627 ], [ -9.658298, 8.411144 ], [ -9.659162, 8.407910000000186 ], [ -9.658839999999827, 8.406097000000102 ], [ -9.658688, 8.405782000000158 ], [ -9.658484, 8.405467 ], [ -9.658221, 8.405227 ], [ -9.65765, 8.4049270000001 ], [ -9.656013, 8.404392 ], [ -9.65534799999989, 8.404210000000148 ], [ -9.654442, 8.404171 ], [ -9.653997, 8.404314 ], [ -9.653211, 8.404344 ], [ -9.652441999999894, 8.404314 ], [ -9.65126599999985, 8.403713 ], [ -9.650756, 8.403303 ], [ -9.650441999999885, 8.402893 ], [ -9.648765, 8.40042 ], [ -9.648242, 8.399244000000124 ], [ -9.647218, 8.399145 ], [ -9.639995, 8.402501000000143 ], [ -9.631816999999899, 8.405766 ], [ -9.624902999999847, 8.406012 ], [ -9.621619999999893, 8.406301 ], [ -9.616628, 8.40674300000012 ], [ -9.616175, 8.406707000000154 ], [ -9.615876999999898, 8.406671000000188 ], [ -9.615434, 8.406312000000128 ], [ -9.614822999999888, 8.405697 ], [ -9.614279999999837, 8.405124 ], [ -9.613888, 8.404825 ], [ -9.613598, 8.404713000000186 ], [ -9.612616999999887, 8.404478 ], [ -9.609286999999881, 8.404172000000187 ], [ -9.608808, 8.404161000000158 ], [ -9.608534999999847, 8.404254 ], [ -9.60814, 8.404566000000102 ], [ -9.607761, 8.404947000000163 ], [ -9.607271, 8.405582000000152 ], [ -9.606883, 8.406047 ], [ -9.606582999999887, 8.406352 ], [ -9.606342, 8.406529000000148 ], [ -9.599078, 8.409705 ], [ -9.594138, 8.411397 ], [ -9.593821, 8.411523 ], [ -9.593587999999897, 8.411836000000164 ], [ -9.593399, 8.412141000000133 ], [ -9.593278, 8.412362000000144 ], [ -9.592466999999886, 8.415018 ], [ -9.592388, 8.41538300000019 ], [ -9.592394, 8.415834000000189 ], [ -9.592493999999874, 8.416166 ], [ -9.593032, 8.419195000000116 ], [ -9.593540999999846, 8.422572 ], [ -9.593582, 8.422913 ], [ -9.593554, 8.423380000000122 ], [ -9.593499999999892, 8.423813000000109 ], [ -9.593343999999888, 8.424119000000189 ], [ -9.593181, 8.424313 ], [ -9.592598, 8.424591 ], [ -9.592067, 8.42481800000013 ], [ -9.591391, 8.424916 ], [ -9.590911999999832, 8.424939000000165 ], [ -9.590682, 8.424878 ], [ -9.590452, 8.424792 ], [ -9.590129999999874, 8.424349 ], [ -9.58886799999982, 8.422548 ], [ -9.588706999999886, 8.422292 ], [ -9.588505999999882, 8.421645000000126 ], [ -9.588378999999861, 8.421330000000182 ], [ -9.587997, 8.420946000000185 ], [ -9.584945, 8.418380000000184 ], [ -9.583395, 8.417479 ], [ -9.582858, 8.41723 ], [ -9.581754999999873, 8.417428 ], [ -9.58007, 8.417734000000166 ], [ -9.579172, 8.417857 ], [ -9.578369, 8.417827 ], [ -9.577584999999829, 8.417423 ], [ -9.573690468999928, 8.414338520000058 ], [ -9.569795999999826, 8.411254 ], [ -9.567748, 8.409432 ], [ -9.567674999999838, 8.408735 ], [ -9.567937, 8.407767 ], [ -9.565846984999951, 8.403891292000026 ], [ -9.562484, 8.3976550000001 ], [ -9.560724999999877, 8.391762 ], [ -9.560006999999871, 8.391758000000152 ], [ -9.559388999999896, 8.391983 ], [ -9.559029, 8.392167 ], [ -9.558553999999845, 8.392293000000166 ], [ -9.557865, 8.392375000000186 ], [ -9.557318999999893, 8.392401 ], [ -9.557004, 8.392271000000108 ], [ -9.55646, 8.392039000000125 ], [ -9.555959, 8.391765 ], [ -9.555429999999888, 8.39142 ], [ -9.554758999999819, 8.390888 ], [ -9.554418, 8.390358000000106 ], [ -9.554248, 8.389957000000152 ], [ -9.554238, 8.389186000000109 ], [ -9.554441999999881, 8.388644 ], [ -9.554602999999872, 8.388159 ], [ -9.554633, 8.387916 ], [ -9.554637, 8.38726 ], [ -9.553113, 8.382924000000173 ], [ -9.552873, 8.382366 ], [ -9.552516999999852, 8.38185 ], [ -9.552117, 8.381576 ], [ -9.55173, 8.381388 ], [ -9.54596, 8.379016 ], [ -9.544529999999895, 8.378913000000125 ], [ -9.534535999999889, 8.378769 ], [ -9.53410499999984, 8.378824 ], [ -9.53284, 8.379018 ], [ -9.51765099999983, 8.379465000000152 ], [ -9.515584, 8.379525000000115 ], [ -9.515096, 8.379480000000115 ], [ -9.514508, 8.379377000000147 ], [ -9.514222, 8.379232 ], [ -9.51385, 8.379016 ], [ -9.508589, 8.37548900000013 ], [ -9.506803, 8.374165 ], [ -9.505902, 8.373675000000162 ], [ -9.504112, 8.373036 ], [ -9.503538999999876, 8.372876000000133 ], [ -9.502878999999893, 8.37283 ], [ -9.502031999999872, 8.372825 ], [ -9.500293999999883, 8.373016000000177 ], [ -9.498153, 8.373276 ], [ -9.497521, 8.373458000000142 ], [ -9.49709, 8.373527 ], [ -9.496846, 8.373454 ], [ -9.496373999999889, 8.373109 ], [ -9.496061, 8.372779 ], [ -9.495833999999888, 8.372363000000121 ], [ -9.495779, 8.371849 ], [ -9.49587, 8.371078 ], [ -9.49609, 8.370379000000128 ], [ -9.496483, 8.369496 ], [ -9.496731, 8.368912 ], [ -9.496978, 8.368328 ], [ -9.497139, 8.367828 ], [ -9.497212999999874, 8.367529 ], [ -9.497244, 8.367101000000162 ], [ -9.497189, 8.366772 ], [ -9.497032999999817, 8.366528000000187 ], [ -9.496833, 8.366327 ], [ -9.496661, 8.366212000000132 ], [ -9.491633, 8.364415000000122 ], [ -9.487659, 8.363359000000173 ], [ -9.486183, 8.359818 ], [ -9.482957999999826, 8.356696 ], [ -9.480939, 8.355843000000164 ], [ -9.480758999999864, 8.355787 ], [ -9.479681, 8.355146 ], [ -9.478978, 8.35448 ], [ -9.478772, 8.354161 ], [ -9.477596999999889, 8.349173 ], [ -9.477598999999884, 8.348759 ], [ -9.477657, 8.348346000000163 ], [ -9.478714, 8.343563000000188 ], [ -9.478813, 8.343150000000151 ], [ -9.479633, 8.340670000000102 ], [ -9.47983, 8.340202 ], [ -9.480122999999821, 8.339983000000132 ], [ -9.4804, 8.339970000000108 ], [ -9.480649, 8.340068 ], [ -9.480898, 8.340208 ], [ -9.480978, 8.340733000000171 ], [ -9.48111, 8.341768000000172 ], [ -9.48130099999986, 8.342211 ], [ -9.481522, 8.342488 ], [ -9.481783, 8.342752 ], [ -9.485251999999889, 8.344661 ], [ -9.485667, 8.344815 ], [ -9.486138, 8.344873 ], [ -9.48661, 8.344793 ], [ -9.486958, 8.344588000000101 ], [ -9.487459999999885, 8.344176000000118 ], [ -9.488061, 8.343421 ], [ -9.488553, 8.342333 ], [ -9.488738, 8.341617 ], [ -9.489343, 8.34025400000013 ], [ -9.489847, 8.339539000000116 ], [ -9.490153, 8.339361000000167 ], [ -9.490514, 8.339239 ], [ -9.491290999999876, 8.339216 ], [ -9.492067, 8.33922 ], [ -9.492593999999883, 8.339264000000128 ], [ -9.49344, 8.339282 ], [ -9.494036999999878, 8.339203 ], [ -9.494772, 8.339083 ], [ -9.495217, 8.338919 ], [ -9.495551, 8.338714 ], [ -9.495816, 8.338467 ], [ -9.496794, 8.337341 ], [ -9.497562, 8.336434000000111 ], [ -9.498540999999875, 8.335225 ], [ -9.498848, 8.334854000000121 ], [ -9.499922, 8.333922 ], [ -9.501858, 8.332511 ], [ -9.504572999999823, 8.330759 ], [ -9.508817, 8.328409 ], [ -9.517603, 8.320397000000128 ], [ -9.518258, 8.319738000000143 ], [ -9.518803, 8.319189 ], [ -9.519054, 8.318832000000157 ], [ -9.519167, 8.318515 ], [ -9.519213, 8.31788 ], [ -9.519183, 8.317227 ], [ -9.519141, 8.316875 ], [ -9.518449999999859, 8.314152000000149 ], [ -9.518352, 8.313931 ], [ -9.51822, 8.313743 ], [ -9.514768, 8.310367000000156 ], [ -9.514713943999823, 8.310325619000025 ], [ -9.510451999999873, 8.307063 ], [ -9.510187, 8.306952 ], [ -9.50736, 8.306298 ], [ -9.501368999999841, 8.305362000000116 ], [ -9.499948, 8.305325 ], [ -9.499296, 8.305431000000112 ], [ -9.496703, 8.305257 ], [ -9.496024, 8.305004000000167 ], [ -9.495715, 8.304704000000186 ], [ -9.495587999999884, 8.304314 ], [ -9.495445, 8.298314000000119 ], [ -9.495496999999887, 8.297926000000189 ], [ -9.496421999999882, 8.295758 ], [ -9.497275, 8.293929 ], [ -9.497618999999872, 8.293373 ], [ -9.498033, 8.292787 ], [ -9.498952, 8.29150600000014 ], [ -9.499407, 8.290901000000133 ], [ -9.499628, 8.290733000000102 ], [ -9.500443, 8.290029000000118 ], [ -9.501702, 8.288870000000145 ], [ -9.501913999999886, 8.288642 ], [ -9.502044999999896, 8.288463 ], [ -9.502157, 8.288225 ], [ -9.502189, 8.287896 ], [ -9.502579999999853, 8.28143 ], [ -9.502385, 8.28057200000012 ], [ -9.501697, 8.278456 ], [ -9.501449, 8.278175 ], [ -9.501129999999876, 8.277874 ], [ -9.500681, 8.277543000000151 ], [ -9.49952, 8.277467 ], [ -9.49719, 8.277046 ], [ -9.491323, 8.27524 ], [ -9.491103, 8.275159 ], [ -9.490934, 8.275009000000125 ], [ -9.490845, 8.274869 ], [ -9.490598, 8.274329000000137 ], [ -9.489795, 8.271355 ], [ -9.48899, 8.267334000000119 ], [ -9.488971, 8.267015000000185 ], [ -9.489101, 8.265601 ], [ -9.489273, 8.265223 ], [ -9.489364, 8.265044 ], [ -9.489535999999816, 8.264856 ], [ -9.489887999999894, 8.264588000000117 ], [ -9.490228, 8.264610000000175 ], [ -9.490399, 8.264551 ], [ -9.490970999999888, 8.26424500000013 ], [ -9.491193, 8.264037 ], [ -9.491625999999883, 8.263621 ], [ -9.501894, 8.253212000000133 ], [ -9.504404, 8.249614000000179 ], [ -9.50469, 8.248622000000125 ], [ -9.505033, 8.247961 ], [ -9.505399, 8.24744800000019 ], [ -9.505616, 8.247265000000141 ], [ -9.509199, 8.244891000000166 ], [ -9.509656999999834, 8.244674 ], [ -9.510034999999846, 8.244571000000178 ], [ -9.510424, 8.24449 ], [ -9.510607, 8.244399000000158 ], [ -9.510813, 8.244217 ], [ -9.511888, 8.242244 ], [ -9.511749999999893, 8.24172 ], [ -9.506777, 8.240257 ], [ -9.503912999999898, 8.239429000000143 ], [ -9.503409, 8.239316 ], [ -9.502571999999816, 8.239203 ], [ -9.502057, 8.239238000000171 ], [ -9.501068, 8.235536 ], [ -9.503081999999893, 8.233038 ], [ -9.505392, 8.229822000000183 ], [ -9.50582699999984, 8.229013 ], [ -9.506101, 8.22842 ], [ -9.506364, 8.227668000000108 ], [ -9.506478, 8.227155000000153 ], [ -9.506557, 8.226790000000165 ], [ -9.506591, 8.226323 ], [ -9.506602, 8.226084000000185 ], [ -9.504753999999878, 8.222212 ], [ -9.503511, 8.216358000000128 ], [ -9.503711999999894, 8.21033000000017 ], [ -9.503824999999836, 8.209726000000103 ], [ -9.50394, 8.20935 ], [ -9.504351, 8.208495 ], [ -9.50458, 8.208176 ], [ -9.504877, 8.207788000000164 ], [ -9.505208999999866, 8.207526000000144 ], [ -9.505564, 8.207274 ], [ -9.505907, 8.207035 ], [ -9.506238999999823, 8.206875000000139 ], [ -9.50664, 8.206715 ], [ -9.507018, 8.206441 ], [ -9.507371999999862, 8.20611 ], [ -9.510725, 8.202722 ], [ -9.511011, 8.202391 ], [ -9.515709999999899, 8.19433 ], [ -9.515801, 8.194170000000156 ], [ -9.515835, 8.193771 ], [ -9.515499, 8.189340000000186 ], [ -9.515417999999897, 8.189112 ], [ -9.515257, 8.188668000000177 ], [ -9.511656999999843, 8.184947 ], [ -9.510179, 8.184288000000151 ], [ -9.509561, 8.184050000000184 ], [ -9.508196999999825, 8.183755000000133 ], [ -9.507784999999842, 8.183721000000162 ], [ -9.507006, 8.183745 ], [ -9.502861, 8.184559 ], [ -9.502357, 8.184697 ], [ -9.501853, 8.184880000000135 ], [ -9.501556, 8.185017 ], [ -9.49932699999988, 8.185803 ], [ -9.498293999999873, 8.186106000000109 ], [ -9.496006, 8.186692000000107 ], [ -9.495043999999893, 8.186935000000176 ], [ -9.49474, 8.186915000000113 ], [ -9.494436, 8.186704 ], [ -9.494132, 8.186443000000111 ], [ -9.49393, 8.186161 ], [ -9.493798, 8.185698000000116 ], [ -9.493371, 8.183081000000129 ], [ -9.4933, 8.182517000000189 ], [ -9.49331, 8.182004000000177 ], [ -9.493683, 8.179325 ], [ -9.493803999999898, 8.178862 ], [ -9.493976, 8.177231000000177 ], [ -9.493813, 8.175711000000149 ], [ -9.493468999999891, 8.175520000000176 ], [ -9.492983, 8.175470000000132 ], [ -9.492506999999875, 8.175481000000104 ], [ -9.486734, 8.175798 ], [ -9.4864, 8.17594 ], [ -9.486198, 8.176101 ], [ -9.48614, 8.176239000000123 ], [ -9.486137, 8.177100000000166 ], [ -9.486027, 8.177441000000101 ], [ -9.485807, 8.177915 ], [ -9.485514, 8.178267 ], [ -9.485086999999851, 8.178608 ], [ -9.484561, 8.178864 ], [ -9.480344999999886, 8.18088500000016 ], [ -9.480088, 8.180934 ], [ -9.479746, 8.18091 ], [ -9.47933, 8.180752000000155 ], [ -9.478718999999899, 8.18051 ], [ -9.470589, 8.179788000000144 ], [ -9.468181, 8.179984 ], [ -9.462533, 8.177048000000127 ], [ -9.462251, 8.176514000000168 ], [ -9.459422, 8.161679000000163 ], [ -9.459494, 8.159905 ], [ -9.46074401899989, 8.147485002999986 ], [ -9.462395999999899, 8.140703 ], [ -9.462958, 8.140484000000129 ], [ -9.463361, 8.140252 ], [ -9.463763999999856, 8.139802 ], [ -9.463885999999889, 8.139523000000167 ], [ -9.463984, 8.13917 ], [ -9.464008, 8.137736000000132 ], [ -9.463837, 8.137251000000106 ], [ -9.46369, 8.136862 ], [ -9.46336, 8.1364 ], [ -9.462993, 8.136060000000157 ], [ -9.46265, 8.135745 ], [ -9.462296, 8.135575000000188 ], [ -9.456856, 8.133769000000143 ], [ -9.454839, 8.133345 ], [ -9.454289, 8.133273000000145 ], [ -9.45347, 8.133286000000169 ], [ -9.453102999999885, 8.133444 ], [ -9.452479999999866, 8.133760000000109 ], [ -9.451978999999881, 8.134053 ], [ -9.451465999999812, 8.134296 ], [ -9.450794, 8.134527000000162 ], [ -9.450305, 8.134297000000117 ], [ -9.449339, 8.133739000000162 ], [ -9.449168, 8.133544 ], [ -9.449033, 8.133204 ], [ -9.44896, 8.132876000000181 ], [ -9.448983999999882, 8.13248700000014 ], [ -9.449105999999858, 8.131989000000146 ], [ -9.449265, 8.131394000000114 ], [ -9.449509, 8.130652000000168 ], [ -9.449717, 8.130056 ], [ -9.449972999999829, 8.129558 ], [ -9.450242, 8.129157000000134 ], [ -9.450718, 8.128695 ], [ -9.45172, 8.128147 ], [ -9.452295, 8.127843 ], [ -9.452698, 8.127624 ], [ -9.453419, 8.12693 ], [ -9.453749, 8.126602000000105 ], [ -9.454016999999851, 8.126237000000117 ], [ -9.454335, 8.12576300000012 ], [ -9.455262999999832, 8.124207000000183 ], [ -9.45541, 8.123867000000132 ], [ -9.45563, 8.123089 ], [ -9.455897999999877, 8.120622 ], [ -9.456652, 8.113087 ], [ -9.456628, 8.112504000000172 ], [ -9.456322, 8.110997000000168 ], [ -9.455991, 8.109904000000142 ], [ -9.454254, 8.104716 ], [ -9.454143999999872, 8.1044 ], [ -9.453972, 8.104109000000108 ], [ -9.451172, 8.100223 ], [ -9.448507, 8.097126000000173 ], [ -9.448017999999877, 8.096774 ], [ -9.447639, 8.096374000000139 ], [ -9.447271999999884, 8.0959 ], [ -9.446892999999875, 8.095378000000153 ], [ -9.446733999999879, 8.095013000000165 ], [ -9.446721, 8.094673 ], [ -9.446732999999881, 8.094126000000131 ], [ -9.446855999999855, 8.093737 ], [ -9.447051, 8.093178 ], [ -9.447356, 8.09268 ], [ -9.447807999999839, 8.091488 ], [ -9.447941999999898, 8.090941 ], [ -9.447929999999872, 8.090407 ], [ -9.44782, 8.089982 ], [ -9.447648, 8.089666 ], [ -9.445471999999825, 8.086788000000126 ], [ -9.445153999999889, 8.086411 ], [ -9.444725999999832, 8.086071000000118 ], [ -9.444311, 8.08578 ], [ -9.443601999999885, 8.085416000000123 ], [ -9.442783, 8.085052000000189 ], [ -9.442110999999898, 8.084761 ], [ -9.44167, 8.08453 ], [ -9.441292, 8.084263 ], [ -9.441035, 8.084033 ], [ -9.440876, 8.083559 ], [ -9.440814999999873, 8.083146 ], [ -9.440888, 8.082186 ], [ -9.441339, 8.08063 ], [ -9.441547, 8.080156000000102 ], [ -9.44444099999987, 8.074369 ], [ -9.447567999999876, 8.068279 ], [ -9.456166, 8.05582800000019 ], [ -9.456459, 8.055439000000149 ], [ -9.45722899999987, 8.05468500000012 ], [ -9.457657, 8.054539 ], [ -9.460295, 8.052507 ], [ -9.460600999999883, 8.052203 ], [ -9.460833, 8.051839 ], [ -9.46104, 8.051510000000121 ], [ -9.461553, 8.050282 ], [ -9.461626, 8.049979000000121 ], [ -9.461833, 8.048180000000116 ], [ -9.461846, 8.04784 ], [ -9.461771999999883, 8.047378 ], [ -9.461285, 8.04503300000016 ], [ -9.460161, 8.043175 ], [ -9.459753, 8.042769 ], [ -9.459354, 8.042475 ], [ -9.458925, 8.042323 ], [ -9.458219999999869, 8.042313000000149 ], [ -9.457678999999871, 8.042456 ], [ -9.457261, 8.04267 ], [ -9.45676, 8.043036 ], [ -9.456310999999857, 8.043422 ], [ -9.455974, 8.043737 ], [ -9.455168, 8.045485 ], [ -9.455014999999889, 8.045881000000122 ], [ -9.454943999999898, 8.046348 ], [ -9.454923, 8.04709 ], [ -9.454852, 8.04761800000017 ], [ -9.454689, 8.048024000000169 ], [ -9.454372, 8.048492000000181 ], [ -9.453973999999846, 8.048990000000174 ], [ -9.453505, 8.049457 ], [ -9.453035, 8.049823000000174 ], [ -9.452401999999893, 8.05021 ], [ -9.449298, 8.051837 ], [ -9.436595, 8.058378000000118 ], [ -9.436135, 8.058611 ], [ -9.422083, 8.064746000000127 ], [ -9.42144, 8.064930000000118 ], [ -9.420989999999847, 8.065042000000119 ], [ -9.420132, 8.065063 ], [ -9.41574347999989, 8.063613704999966 ], [ -9.4143, 8.063137 ], [ -9.413646, 8.062894 ], [ -9.41002, 8.060906 ], [ -9.410297, 8.060229000000163 ], [ -9.4107, 8.059802000000161 ], [ -9.411297, 8.05913 ], [ -9.41144, 8.058795 ], [ -9.411543999999878, 8.05833 ], [ -9.411568999999815, 8.057774 ], [ -9.411556, 8.05732200000017 ], [ -9.411296, 8.056625 ], [ -9.411114999999882, 8.05629 ], [ -9.409348, 8.053993 ], [ -9.409023, 8.053657000000101 ], [ -9.408529999999871, 8.053231 ], [ -9.40814, 8.052999 ], [ -9.407737, 8.052844 ], [ -9.407490999999879, 8.052573000000166 ], [ -9.40649, 8.051231000000143 ], [ -9.40614, 8.050741 ], [ -9.405854, 8.050199 ], [ -9.405698, 8.049734 ], [ -9.405619999999885, 8.049269000000152 ], [ -9.405542, 8.048456 ], [ -9.405567, 8.047771000000182 ], [ -9.406253999999876, 8.039584000000104 ], [ -9.406382999999892, 8.038641 ], [ -9.406474, 8.038034000000152 ], [ -9.406811, 8.036988 ], [ -9.407305, 8.036006 ], [ -9.40759, 8.035657 ], [ -9.407772, 8.03536 ], [ -9.408057, 8.034624 ], [ -9.408121999999878, 8.03434 ], [ -9.408743999999842, 8.029652000000112 ], [ -9.40877, 8.02918700000015 ], [ -9.408704999999884, 8.028787 ], [ -9.408549, 8.028542 ], [ -9.408186, 8.028232 ], [ -9.406562, 8.026968 ], [ -9.406069, 8.026619000000153 ], [ -9.40564, 8.026348 ], [ -9.405276, 8.02622 ], [ -9.404716999999891, 8.021106000000145 ], [ -9.404704, 8.020383 ], [ -9.405300999999895, 8.019440000000145 ], [ -9.405729, 8.01882 ], [ -9.406015, 8.018471 ], [ -9.40643, 8.018071 ], [ -9.410026, 8.015434 ], [ -9.410506, 8.015085 ], [ -9.41077899999982, 8.01493 ], [ -9.41222, 8.014115000000118 ], [ -9.412947, 8.013779 ], [ -9.413596, 8.013766 ], [ -9.41407699999985, 8.013752 ], [ -9.414388, 8.013687 ], [ -9.414648, 8.013623 ], [ -9.414908, 8.013416000000177 ], [ -9.415089, 8.013145000000122 ], [ -9.415336, 8.012667 ], [ -9.415530999999874, 8.01224 ], [ -9.417334, 8.008146 ], [ -9.418398, 8.005394 ], [ -9.418449999999893, 8.005097 ], [ -9.422577999999874, 8.0002 ], [ -9.42569, 7.99754200000018 ], [ -9.428181, 7.997334 ], [ -9.429794, 7.996977000000186 ], [ -9.430675, 7.996543000000145 ], [ -9.43177999999989, 7.995307 ], [ -9.437566999999888, 7.988037000000134 ], [ -9.438269999999875, 7.98669 ], [ -9.438899999999876, 7.985343000000171 ], [ -9.442273999999884, 7.977405 ], [ -9.442572, 7.976531 ], [ -9.44255814099995, 7.975868149 ], [ -9.442543, 7.975144 ], [ -9.442135, 7.96916 ], [ -9.442321999999876, 7.96160900000018 ], [ -9.442106999999851, 7.960842000000127 ], [ -9.441344, 7.959671 ], [ -9.439705, 7.958095 ], [ -9.438466, 7.956959 ], [ -9.437775999999872, 7.955971000000147 ], [ -9.436417, 7.949982 ], [ -9.436644999999828, 7.948451 ], [ -9.438309999999831, 7.94506500000017 ], [ -9.439523999999892, 7.944086 ], [ -9.440810999999883, 7.943033 ], [ -9.441768, 7.942089000000124 ], [ -9.442469, 7.940998 ], [ -9.442951, 7.939869000000158 ], [ -9.443626, 7.936881 ], [ -9.443489999999883, 7.934947 ], [ -9.443097, 7.933157 ], [ -9.442406999999889, 7.932096 ], [ -9.440947999999878, 7.93103200000013 ], [ -9.439782, 7.930151 ], [ -9.43942, 7.9293100000001 ], [ -9.439389, 7.928325000000143 ], [ -9.440018, 7.926978 ], [ -9.440906, 7.925268000000131 ], [ -9.440877, 7.923845 ], [ -9.440698999999881, 7.922895 ], [ -9.440193, 7.921653000000163 ], [ -9.439466, 7.920811000000128 ], [ -9.437826, 7.919417 ], [ -9.43521, 7.915757 ], [ -9.434701, 7.914989000000162 ], [ -9.434339, 7.914367 ], [ -9.435059, 7.909664000000134 ], [ -9.435873, 7.90820900000017 ], [ -9.436574999999891, 7.90697200000011 ], [ -9.436949, 7.90555 ], [ -9.439692999999863, 7.892101 ], [ -9.43959, 7.890897 ], [ -9.438195999999891, 7.884616000000108 ], [ -9.435635, 7.877564000000177 ], [ -9.435161, 7.877160000000117 ], [ -9.433109999999886, 7.87737 ], [ -9.431939999999884, 7.877073 ], [ -9.431324, 7.876085 ], [ -9.431221, 7.874808 ], [ -9.431631, 7.873423 ], [ -9.432258, 7.872478000000172 ], [ -9.433067999999878, 7.871642 ], [ -9.433146, 7.870694000000185 ], [ -9.432921, 7.864893000000166 ], [ -9.432144999999821, 7.859599000000173 ], [ -9.431528, 7.858502 ], [ -9.429989999999862, 7.858678 ], [ -9.428967, 7.858381000000122 ], [ -9.428434, 7.855387 ], [ -9.428187, 7.853599 ], [ -9.427354, 7.851953 ], [ -9.426736999999889, 7.851039000000185 ], [ -9.426192, 7.850343000000123 ], [ -9.423776, 7.850259000000108 ], [ -9.418243, 7.844726 ], [ -9.417226, 7.843226000000129 ], [ -9.416723, 7.841509 ], [ -9.416626999999892, 7.838991 ], [ -9.416623, 7.833008 ], [ -9.416409999999871, 7.831876 ], [ -9.415682, 7.831070000000125 ], [ -9.413266, 7.831205 ], [ -9.409978, 7.830096 ], [ -9.409104, 7.829217 ], [ -9.408015, 7.827607000000114 ], [ -9.406891, 7.825668 ], [ -9.405835, 7.824642 ], [ -9.404959, 7.824200000000133 ], [ -9.402981, 7.82441 ], [ -9.402361999999812, 7.823969 ], [ -9.40142, 7.822214 ], [ -9.400841, 7.820934 ], [ -9.400746, 7.818198000000166 ], [ -9.400938, 7.81663 ], [ -9.401129, 7.815172 ], [ -9.401173, 7.813713000000178 ], [ -9.400814, 7.812507 ], [ -9.397333999999887, 7.806362 ], [ -9.394571, 7.803103 ], [ -9.393661, 7.802187 ], [ -9.392379999999889, 7.802072000000123 ], [ -9.386072, 7.804487000000108 ], [ -9.38552, 7.805141 ], [ -9.384229, 7.806996 ], [ -9.383048, 7.808705 ], [ -9.381760999999869, 7.809721 ], [ -9.380369, 7.810079 ], [ -9.379089, 7.8097810000001 ], [ -9.378544, 7.80908600000015 ], [ -9.378513999999882, 7.808028 ], [ -9.378633, 7.806204 ], [ -9.37809099999987, 7.804961 ], [ -9.375117, 7.800205 ], [ -9.373806999999886, 7.798703000000103 ], [ -9.370587999999827, 7.798506000000145 ], [ -9.370043, 7.797774000000118 ], [ -9.369573, 7.796641 ], [ -9.368381999999826, 7.793753000000152 ], [ -9.366973999999857, 7.790208000000121 ], [ -9.36665, 7.789367 ], [ -9.366656, 7.788164000000108 ], [ -9.367373, 7.784300000000144 ], [ -9.368096, 7.779305 ], [ -9.368248, 7.778248000000133 ], [ -9.367665, 7.77788 ], [ -9.366344, 7.778422000000148 ], [ -9.364581, 7.779581000000121 ], [ -9.36315, 7.780267 ], [ -9.362163, 7.78019 ], [ -9.361396, 7.779894 ], [ -9.360488, 7.778613000000121 ], [ -9.359122, 7.767699 ], [ -9.359274, 7.766605000000141 ], [ -9.3599, 7.765988 ], [ -9.360854, 7.765482 ], [ -9.360569324999972, 7.763609444000053 ], [ -9.360077, 7.760371 ], [ -9.359598297999923, 7.759330741000156 ], [ -9.357402, 7.754558 ], [ -9.356418, 7.75386 ], [ -9.354773, 7.753560000000107 ], [ -9.353567999999882, 7.752935 ], [ -9.352878, 7.752165000000105 ], [ -9.352119, 7.750447 ], [ -9.353192, 7.748227 ], [ -9.35434, 7.745861 ], [ -9.355263, 7.74440600000014 ], [ -9.356402999999887, 7.743463 ], [ -9.357542, 7.742483000000163 ], [ -9.358096999999873, 7.741537 ], [ -9.359915, 7.736949 ], [ -9.363654, 7.729159000000152 ], [ -9.364688999999885, 7.727303 ], [ -9.367968, 7.723305 ], [ -9.369293, 7.721889 ], [ -9.36955399999988, 7.721014 ], [ -9.369426376999968, 7.720657717999984 ], [ -9.369122, 7.719808 ], [ -9.368141999999864, 7.718345000000113 ], [ -9.368222999999887, 7.716959 ], [ -9.368630999999823, 7.716012 ], [ -9.372085, 7.713328000000161 ], [ -9.372185705999925, 7.71311887700017 ], [ -9.372751, 7.711945000000128 ], [ -9.372981, 7.710195000000112 ], [ -9.373180999999875, 7.707131 ], [ -9.374323, 7.705714 ], [ -9.376972, 7.702990000000113 ], [ -9.379178, 7.701067 ], [ -9.380316, 7.693885000000137 ], [ -9.380041, 7.690637000000152 ], [ -9.379965, 7.68454400000013 ], [ -9.380829, 7.680499000000111 ], [ -9.381208, 7.671489000000179 ], [ -9.380920999999887, 7.670394000000158 ], [ -9.381497, 7.665581 ], [ -9.3833, 7.663655000000176 ], [ -9.383636, 7.662417 ], [ -9.383387, 7.661248000000114 ], [ -9.382297999999878, 7.659711000000129 ], [ -9.381611, 7.658248 ], [ -9.381837999999846, 7.656827 ], [ -9.382579, 7.65518800000018 ], [ -9.382919, 7.653183 ], [ -9.382670999999846, 7.651723 ], [ -9.380116, 7.644123 ], [ -9.377471999999898, 7.639332 ], [ -9.37653, 7.637686000000144 ], [ -9.371189, 7.630985000000123 ], [ -9.369915, 7.629775 ], [ -9.368273, 7.629038000000151 ], [ -9.366905, 7.629217 ], [ -9.365642999999864, 7.62976 ], [ -9.364538, 7.63054 ], [ -9.363672, 7.630693000000122 ], [ -9.362769999999898, 7.630257 ], [ -9.360124, 7.625107000000128 ], [ -9.360366, 7.624010000000112 ], [ -9.361616, 7.618564 ], [ -9.363123, 7.616375 ], [ -9.364589, 7.614421 ], [ -9.366407, 7.612665 ], [ -9.368433999999866, 7.608909000000153 ], [ -9.369832, 7.604994 ], [ -9.369526, 7.603384 ], [ -9.36946, 7.60126600000018 ], [ -9.372032, 7.598258000000158 ], [ -9.375594, 7.594196000000125 ], [ -9.376776, 7.59377 ], [ -9.378469999999879, 7.593229 ], [ -9.380128, 7.59217800000016 ], [ -9.381589999999846, 7.590929000000187 ], [ -9.382541, 7.589600000000189 ], [ -9.382744, 7.588425000000143 ], [ -9.382198, 7.587559 ], [ -9.38173, 7.586851 ], [ -9.381777, 7.585400000000107 ], [ -9.382299999999873, 7.58336300000019 ], [ -9.383340999999859, 7.579956 ], [ -9.385556953999981, 7.575804996999977 ], [ -9.386599, 7.573853 ], [ -9.387553, 7.572093000000109 ], [ -9.390479, 7.569086 ], [ -9.391192, 7.568188000000134 ], [ -9.391433, 7.567247 ], [ -9.391407, 7.564816000000178 ], [ -9.393522, 7.559296000000131 ], [ -9.39392, 7.558317000000159 ], [ -9.395196, 7.555225000000121 ], [ -9.397137, 7.552606000000139 ], [ -9.397735, 7.55115700000016 ], [ -9.398732, 7.548613000000159 ], [ -9.398857, 7.547201 ], [ -9.398944, 7.545751000000109 ], [ -9.39907, 7.54434 ], [ -9.399192, 7.543516000000125 ], [ -9.399627999999893, 7.542969 ], [ -9.400376999999878, 7.542659 ], [ -9.401832999999897, 7.54243 ], [ -9.402778, 7.54216 ], [ -9.404519, 7.540207 ], [ -9.405233, 7.539034000000186 ], [ -9.408213, 7.533322000000112 ], [ -9.408455999999887, 7.53210700000011 ], [ -9.408542999999895, 7.530499 ], [ -9.408788, 7.528853 ], [ -9.410030999999833, 7.524467000000186 ], [ -9.410948, 7.522118000000148 ], [ -9.411074999999869, 7.520432 ], [ -9.410609, 7.519488000000138 ], [ -9.410455999999897, 7.518664000000172 ], [ -9.410915999999872, 7.513529 ], [ -9.411119999999869, 7.512314 ], [ -9.412979, 7.510244 ], [ -9.413884, 7.510052 ], [ -9.414355, 7.510250000000156 ], [ -9.41596, 7.511591 ], [ -9.417019, 7.511988 ], [ -9.417886, 7.511599 ], [ -9.418597, 7.511053000000175 ], [ -9.423154999999895, 7.50425 ], [ -9.423832999999888, 7.502567 ], [ -9.42368, 7.501664000000119 ], [ -9.422819999999888, 7.500915000000134 ], [ -9.416134, 7.500132000000178 ], [ -9.416098, 7.499823 ], [ -9.416163999999867, 7.495641 ], [ -9.416239, 7.49485900000019 ], [ -9.416295, 7.494350000000168 ], [ -9.419811, 7.48572200000018 ], [ -9.420634, 7.48397800000015 ], [ -9.421073, 7.483179000000121 ], [ -9.421456, 7.48258 ], [ -9.423593, 7.479531 ], [ -9.424395, 7.478660000000104 ], [ -9.425271, 7.477844000000118 ], [ -9.425709, 7.477190000000178 ], [ -9.425946999999894, 7.476718 ], [ -9.426003, 7.476154 ], [ -9.425841, 7.475627 ], [ -9.425406999999893, 7.474589 ], [ -9.425045, 7.473861 ], [ -9.424954999999898, 7.473425 ], [ -9.425065, 7.47297 ], [ -9.425431, 7.472444 ], [ -9.425741, 7.472026 ], [ -9.429792, 7.46709 ], [ -9.430320999999878, 7.466746 ], [ -9.430667, 7.466601000000139 ], [ -9.431066999999871, 7.466566 ], [ -9.431504, 7.466658 ], [ -9.432030999999881, 7.466841000000102 ], [ -9.432521999999835, 7.466951000000108 ], [ -9.432993999999894, 7.466989 ], [ -9.433504, 7.46686300000016 ], [ -9.434743, 7.466175 ], [ -9.435053, 7.465884000000131 ], [ -9.438885, 7.461402 ], [ -9.441147999999885, 7.458698 ], [ -9.441348, 7.458408 ], [ -9.441477, 7.457990000000166 ], [ -9.441440999999884, 7.45764400000013 ], [ -9.441279999999892, 7.456826 ], [ -9.441372, 7.45628 ], [ -9.441665, 7.455754 ], [ -9.442229999999881, 7.455173000000116 ], [ -9.442886, 7.454684000000157 ], [ -9.446968, 7.452021000000116 ], [ -9.449371, 7.451281000000165 ], [ -9.449807, 7.451591 ], [ -9.450879, 7.451939 ], [ -9.451407, 7.451976000000116 ], [ -9.455666, 7.450822000000187 ], [ -9.455975999999851, 7.450605000000166 ], [ -9.456286, 7.450278000000139 ], [ -9.457711, 7.447991 ], [ -9.459905, 7.443650000000105 ], [ -9.464053, 7.436168 ], [ -9.467596999999898, 7.430394 ], [ -9.467926, 7.429831000000149 ], [ -9.46811, 7.428977 ], [ -9.468923, 7.423997 ], [ -9.472115, 7.413131 ], [ -9.471970999999883, 7.412658000000135 ], [ -9.471553999999855, 7.412021 ], [ -9.470866, 7.410801000000163 ], [ -9.47017899999986, 7.409199000000115 ], [ -9.470058999999878, 7.406508 ], [ -9.470059999999876, 7.405835000000138 ], [ -9.47028, 7.405236000000116 ], [ -9.470919, 7.404455000000155 ], [ -9.471594, 7.403548 ], [ -9.47196, 7.402858 ], [ -9.473332, 7.399733 ], [ -9.475875, 7.393848 ], [ -9.476113, 7.392976 ], [ -9.476317, 7.391703 ], [ -9.476246, 7.390976 ], [ -9.475993, 7.390139000000147 ], [ -9.476086, 7.389539 ], [ -9.476251999999874, 7.388594000000182 ], [ -9.476842, 7.385486 ], [ -9.478215, 7.381853 ], [ -9.478617, 7.38129 ], [ -9.479656, 7.380074 ], [ -9.481533, 7.378896000000168 ], [ -9.482252, 7.375043 ], [ -9.482507999999882, 7.367007 ], [ -9.482375379999951, 7.366776414000128 ], [ -9.482309, 7.366661 ], [ -9.481764999999882, 7.366133 ], [ -9.481256999999857, 7.365732 ], [ -9.480838999999889, 7.365549 ], [ -9.476216999999849, 7.366447 ], [ -9.47538, 7.366646000000173 ], [ -9.474943, 7.366972000000146 ], [ -9.474668, 7.367571000000169 ], [ -9.474447, 7.368789 ], [ -9.474169, 7.370825 ], [ -9.473855, 7.372715000000142 ], [ -9.473763, 7.373151000000178 ], [ -9.473324, 7.374078000000111 ], [ -9.472887, 7.37444 ], [ -9.472376999999824, 7.374566000000186 ], [ -9.471720999999889, 7.37491 ], [ -9.471157, 7.375327 ], [ -9.470645, 7.376053000000127 ], [ -9.470243, 7.37678 ], [ -9.468284, 7.382012 ], [ -9.467329, 7.385701 ], [ -9.467145, 7.386500000000126 ], [ -9.467215, 7.387537000000123 ], [ -9.467359, 7.388101 ], [ -9.467577, 7.388411000000133 ], [ -9.468257999999878, 7.39230300000014 ], [ -9.468271999999899, 7.394012000000146 ], [ -9.468214999999873, 7.394721000000175 ], [ -9.467813, 7.395339000000149 ], [ -9.467248, 7.395828000000108 ], [ -9.463478999999893, 7.397547 ], [ -9.455849999999884, 7.400493 ], [ -9.449417, 7.405461000000116 ], [ -9.445413, 7.406488 ], [ -9.441478999999845, 7.408388000000173 ], [ -9.440514, 7.408895 ], [ -9.439512, 7.40951 ], [ -9.438399999999888, 7.410362 ], [ -9.436121, 7.41243 ], [ -9.435847, 7.412811 ], [ -9.435791, 7.413502000000165 ], [ -9.435933, 7.414648000000113 ], [ -9.435895, 7.415429 ], [ -9.435656999999878, 7.415829000000144 ], [ -9.434981999999877, 7.416573 ], [ -9.434143, 7.417389 ], [ -9.433613999999864, 7.417897 ], [ -9.433195999999896, 7.418041000000187 ], [ -9.432814999999835, 7.417750000000126 ], [ -9.432306, 7.417276000000129 ], [ -9.431962, 7.416729 ], [ -9.431690999999887, 7.416183000000103 ], [ -9.431637, 7.415765 ], [ -9.431620999999893, 7.415292000000136 ], [ -9.431458, 7.415001000000188 ], [ -9.430984999999851, 7.414709000000187 ], [ -9.430422, 7.414398 ], [ -9.429912999999885, 7.414270000000101 ], [ -9.429422, 7.414360000000102 ], [ -9.427037, 7.415372000000161 ], [ -9.426381, 7.415662000000168 ], [ -9.425833999999895, 7.416133 ], [ -9.425177, 7.416859000000102 ], [ -9.424593, 7.417821000000117 ], [ -9.424026, 7.418947 ], [ -9.423714, 7.419874000000164 ], [ -9.423583999999892, 7.420946 ], [ -9.423248999999885, 7.4238 ], [ -9.423084, 7.424436000000128 ], [ -9.422117, 7.425579 ], [ -9.421496999999874, 7.426014000000123 ], [ -9.414488999999833, 7.427943 ], [ -9.412732, 7.424939 ], [ -9.413042, 7.42463 ], [ -9.413079999999866, 7.424158 ], [ -9.413120999999876, 7.422449 ], [ -9.412710999999888, 7.419429 ], [ -9.412548, 7.418974000000105 ], [ -9.412259, 7.418374 ], [ -9.407655, 7.41230800000011 ], [ -9.407364, 7.412125000000117 ], [ -9.406782, 7.412142 ], [ -9.4062, 7.412268 ], [ -9.40578099999982, 7.412576000000115 ], [ -9.405342, 7.413266 ], [ -9.405087, 7.413538000000131 ], [ -9.404687, 7.41361 ], [ -9.404069, 7.41331700000012 ], [ -9.403488, 7.412752000000125 ], [ -9.403017, 7.412078000000122 ], [ -9.402872999999886, 7.411478 ], [ -9.402874999999881, 7.410932000000173 ], [ -9.402949, 7.410551 ], [ -9.403992, 7.408244000000138 ], [ -9.40412, 7.408008000000166 ], [ -9.402568, 7.403168000000107 ], [ -9.402169999999899, 7.402658 ], [ -9.402079999999842, 7.402148 ], [ -9.402155, 7.401476 ], [ -9.402266, 7.400567 ], [ -9.402413999999851, 7.399767 ], [ -9.402669999999887, 7.3991860000001 ], [ -9.403072, 7.398641000000168 ], [ -9.40391099999988, 7.397552000000132 ], [ -9.404953, 7.395864 ], [ -9.407163999999852, 7.391905 ], [ -9.407311, 7.391306 ], [ -9.407257999999899, 7.390669000000116 ], [ -9.407023, 7.390123 ], [ -9.406715, 7.389831 ], [ -9.40339, 7.388551000000177 ], [ -9.402899, 7.388422000000162 ], [ -9.40108, 7.388727000000188 ], [ -9.400679, 7.389017 ], [ -9.39964, 7.389923 ], [ -9.399019, 7.390686 ], [ -9.398672, 7.391158 ], [ -9.398544, 7.391666 ], [ -9.398686, 7.392776 ], [ -9.398903, 7.393176 ], [ -9.399084, 7.393577 ], [ -9.399118999999871, 7.393941 ], [ -9.398918999999864, 7.39414 ], [ -9.396514, 7.395553 ], [ -9.395876999999871, 7.395605000000103 ], [ -9.391148, 7.395739 ], [ -9.38853, 7.395151 ], [ -9.385677999999871, 7.393962000000101 ], [ -9.384767999999895, 7.394251 ], [ -9.384312, 7.394577 ], [ -9.383947, 7.394976000000156 ], [ -9.383837, 7.395376 ], [ -9.383503999999846, 7.397593000000143 ], [ -9.38342699999987, 7.399157 ], [ -9.383072, 7.402302000000191 ], [ -9.382831, 7.404101 ], [ -9.381656, 7.408008000000166 ], [ -9.381545999999844, 7.408262 ], [ -9.381017, 7.409006000000147 ], [ -9.380616, 7.40933200000012 ], [ -9.372326, 7.41433000000012 ], [ -9.372017, 7.41433000000012 ], [ -9.371617, 7.414183 ], [ -9.370527, 7.413653 ], [ -9.369855, 7.413397 ], [ -9.368672999999831, 7.413248000000124 ], [ -9.364852999999869, 7.413166 ], [ -9.364362, 7.413347000000101 ], [ -9.363906, 7.413691 ], [ -9.363505, 7.414126000000124 ], [ -9.363231, 7.414471 ], [ -9.362846999999874, 7.415234000000112 ], [ -9.362718, 7.415652 ], [ -9.362771999999893, 7.415925 ], [ -9.36299, 7.416071000000102 ], [ -9.363408, 7.416163 ], [ -9.363626, 7.416272 ], [ -9.365132, 7.417622000000165 ], [ -9.365658, 7.418132 ], [ -9.366927, 7.419608 ], [ -9.36709, 7.419990000000155 ], [ -9.367812, 7.421974 ], [ -9.36781, 7.422447 ], [ -9.365735, 7.429715000000101 ], [ -9.365534, 7.430078000000151 ], [ -9.364930999999899, 7.430985 ], [ -9.364438999999891, 7.431275 ], [ -9.362125, 7.432597 ], [ -9.360377, 7.433374000000185 ], [ -9.360013, 7.433464000000185 ], [ -9.358739, 7.433516 ], [ -9.358031, 7.433259 ], [ -9.357413, 7.432858000000124 ], [ -9.357087, 7.432384000000184 ], [ -9.356544, 7.431292 ], [ -9.356218, 7.430982000000142 ], [ -9.355817999999886, 7.43096300000019 ], [ -9.349141, 7.43143700000013 ], [ -9.347164011999894, 7.430460710000034 ], [ -9.345253, 7.429517 ], [ -9.344653999999878, 7.429298 ], [ -9.343654, 7.42907700000012 ], [ -9.342235, 7.428928 ], [ -9.331612999999891, 7.428628 ], [ -9.328719, 7.429257 ], [ -9.326311, 7.43179600000019 ], [ -9.322553, 7.435459 ], [ -9.321933, 7.435949 ], [ -9.321224, 7.435947000000112 ], [ -9.312114, 7.43485 ], [ -9.311714, 7.434795000000179 ], [ -9.311278, 7.434503000000177 ], [ -9.308511, 7.428822000000139 ], [ -9.308168, 7.428021000000115 ], [ -9.308152, 7.427439000000106 ], [ -9.30819, 7.426912000000186 ], [ -9.3083, 7.426567 ], [ -9.308318999999813, 7.426167 ], [ -9.308012, 7.42533 ], [ -9.307667999999865, 7.424893000000111 ], [ -9.307032999999876, 7.42425400000019 ], [ -9.306525, 7.423853 ], [ -9.306107, 7.423652000000118 ], [ -9.305416, 7.423614000000157 ], [ -9.304743, 7.423667000000137 ], [ -9.30263, 7.424679 ], [ -9.301918999999884, 7.425168000000156 ], [ -9.301444, 7.425876 ], [ -9.300877999999898, 7.426566 ], [ -9.299838, 7.42754500000018 ], [ -9.299401, 7.427707 ], [ -9.297473, 7.42792 ], [ -9.296090999999876, 7.427626000000146 ], [ -9.29541799999987, 7.42746 ], [ -9.294892, 7.427113000000134 ], [ -9.294292999999868, 7.426694000000111 ], [ -9.294058, 7.426257 ], [ -9.291867, 7.420301000000165 ], [ -9.291789999999878, 7.420027 ], [ -9.291777, 7.419857 ], [ -9.291843, 7.419687000000124 ], [ -9.292184, 7.41927 ], [ -9.292473, 7.418801 ], [ -9.292641, 7.415001000000188 ], [ -9.292628, 7.414726 ], [ -9.292591, 7.414269 ], [ -9.29232, 7.412806000000103 ], [ -9.29214, 7.411943000000122 ], [ -9.292010999999889, 7.41142 ], [ -9.291880999999876, 7.411094 ], [ -9.291739, 7.41074 ], [ -9.291542999999876, 7.410479000000123 ], [ -9.291074, 7.410086000000149 ], [ -9.290683, 7.409837000000152 ], [ -9.290187, 7.409587 ], [ -9.289716999999882, 7.409481 ], [ -9.289234, 7.409402 ], [ -9.288581, 7.409335000000169 ], [ -9.288098, 7.409229 ], [ -9.287929, 7.409019000000114 ], [ -9.287812, 7.408797 ], [ -9.287829999999815, 7.407073 ], [ -9.288005999999882, 7.404853 ], [ -9.288138999999887, 7.404122000000143 ], [ -9.288498, 7.40221600000018 ], [ -9.288564, 7.401982 ], [ -9.290953, 7.393564 ], [ -9.291203999999823, 7.392807 ], [ -9.291349, 7.392403 ], [ -9.292465999999877, 7.389872 ], [ -9.29357, 7.38785 ], [ -9.291053, 7.386224 ], [ -9.288267, 7.382913 ], [ -9.287454, 7.379684000000168 ], [ -9.287338, 7.379227000000185 ], [ -9.286897, 7.378142000000139 ], [ -9.286741, 7.377789 ], [ -9.28622, 7.377095000000168 ], [ -9.285829, 7.376807000000156 ], [ -9.285372999999822, 7.37661 ], [ -9.28198, 7.375308000000132 ], [ -9.281561999999894, 7.375202 ], [ -9.280987, 7.3752 ], [ -9.280582, 7.375225000000171 ], [ -9.280575003999957, 7.375226592000104 ], [ -9.280125, 7.375329 ], [ -9.279615, 7.375471000000118 ], [ -9.279013, 7.375744000000111 ], [ -9.278372, 7.376134 ], [ -9.277808999999877, 7.376446000000101 ], [ -9.277142, 7.376757000000111 ], [ -9.274317, 7.37761200000017 ], [ -9.273873, 7.377702000000113 ], [ -9.273363, 7.377727 ], [ -9.272907, 7.377595000000156 ], [ -9.272372, 7.377358 ], [ -9.27185, 7.377174000000139 ], [ -9.271105, 7.377015000000142 ], [ -9.270438999999897, 7.377000000000123 ], [ -9.269851, 7.377012 ], [ -9.269471999999894, 7.37705 ], [ -9.269119, 7.377153 ], [ -9.268661, 7.377413 ], [ -9.26446, 7.380105000000185 ], [ -9.261854, 7.381966000000148 ], [ -9.261697, 7.382214 ], [ -9.260792, 7.383321 ], [ -9.260609, 7.383451 ], [ -9.260058999999899, 7.383724000000143 ], [ -9.255744, 7.38494 ], [ -9.252778, 7.384997000000112 ], [ -9.250115, 7.384493 ], [ -9.249632, 7.384420000000148 ], [ -9.248066999999878, 7.384287 ], [ -9.247848, 7.38427600000017 ], [ -9.247661, 7.38444 ], [ -9.24753, 7.384637000000168 ], [ -9.247211, 7.385249 ], [ -9.246882, 7.386004000000128 ], [ -9.246608, 7.386475000000189 ], [ -9.246322, 7.386824000000104 ], [ -9.246005, 7.387065000000177 ], [ -9.241983999999889, 7.389588 ], [ -9.241786, 7.389643000000149 ], [ -9.238862999999867, 7.390154000000109 ], [ -9.234559999999817, 7.390663000000131 ], [ -9.233563999999831, 7.390684 ], [ -9.227150999999878, 7.389298000000167 ], [ -9.226822, 7.389188000000161 ], [ -9.226625999999897, 7.388838000000135 ], [ -9.226494999999886, 7.388334 ], [ -9.226407999999878, 7.387831000000119 ], [ -9.226321999999868, 7.387371 ], [ -9.226201999999887, 7.387075 ], [ -9.226038, 7.386812 ], [ -9.225741999999855, 7.386593000000175 ], [ -9.225369999999884, 7.386461000000111 ], [ -9.225030999999888, 7.386373000000106 ], [ -9.224517, 7.386274 ], [ -9.217391, 7.385544 ], [ -9.213471, 7.386218 ], [ -9.213022, 7.386359 ], [ -9.212595, 7.386556000000155 ], [ -9.212375999999892, 7.386785 ], [ -9.212199999999882, 7.387157000000116 ], [ -9.212046, 7.387562 ], [ -9.211849, 7.387803000000133 ], [ -9.211618999999871, 7.387934000000143 ], [ -9.207435, 7.389308000000142 ], [ -9.207238, 7.389340000000118 ], [ -9.206986, 7.389340000000118 ], [ -9.202525, 7.38581100000016 ], [ -9.202361, 7.385646000000179 ], [ -9.202241, 7.3853620000001 ], [ -9.201588999999899, 7.382329 ], [ -9.2016, 7.381881 ], [ -9.202204999999879, 7.380163 ], [ -9.202348, 7.379824 ], [ -9.202544999999873, 7.379496 ], [ -9.202994999999873, 7.379103 ], [ -9.203344999999899, 7.378939000000173 ], [ -9.203696, 7.378797000000134 ], [ -9.203904, 7.378578000000118 ], [ -9.204002999999886, 7.378371 ], [ -9.204488, 7.376303 ], [ -9.204554, 7.37594200000018 ], [ -9.204562, 7.37012 ], [ -9.203451, 7.366988 ], [ -9.201984, 7.359392 ], [ -9.201985, 7.359063000000162 ], [ -9.202687, 7.357849000000101 ], [ -9.202939, 7.357478000000128 ], [ -9.203588170999922, 7.356836209000051 ], [ -9.206897, 7.353565000000174 ], [ -9.205502, 7.349525 ], [ -9.205108, 7.349108000000172 ], [ -9.204726, 7.348583 ], [ -9.204464, 7.348177 ], [ -9.204082, 7.347509 ], [ -9.203841999999895, 7.346984000000134 ], [ -9.203689, 7.346557000000132 ], [ -9.203591, 7.34622800000011 ], [ -9.201870999999869, 7.340032000000122 ], [ -9.201566, 7.338718 ], [ -9.201523, 7.338489000000152 ], [ -9.201491, 7.337832000000162 ], [ -9.201513, 7.337449 ], [ -9.201569, 7.337088 ], [ -9.201678999999899, 7.336727 ], [ -9.202999, 7.332296 ], [ -9.202665999999851, 7.327656000000161 ], [ -9.202507, 7.32406600000013 ], [ -9.202508, 7.323595 ], [ -9.203078999999832, 7.322228000000109 ], [ -9.203178, 7.322009 ], [ -9.198216999999886, 7.316466000000162 ], [ -9.19799, 7.31459400000017 ], [ -9.197673999999893, 7.313598000000184 ], [ -9.197511, 7.313160000000153 ], [ -9.197358, 7.31297300000017 ], [ -9.192265, 7.307769000000178 ], [ -9.186438, 7.303658 ], [ -9.182685, 7.302712 ], [ -9.182356, 7.302843 ], [ -9.182083, 7.302908000000116 ], [ -9.181754, 7.302897 ], [ -9.179752, 7.30227 ], [ -9.179523, 7.302029 ], [ -9.178618, 7.299949 ], [ -9.178542, 7.299314 ], [ -9.178380999999831, 7.297322000000122 ], [ -9.178339999999878, 7.29521 ], [ -9.175116, 7.292328000000111 ], [ -9.174854, 7.292316 ], [ -9.173781, 7.292151 ], [ -9.173497, 7.292074 ], [ -9.173235, 7.291778 ], [ -9.171618, 7.289806000000169 ], [ -9.170885999999882, 7.288875 ], [ -9.169707, 7.287002000000143 ], [ -9.169543, 7.286706 ], [ -9.168593999999871, 7.284888 ], [ -9.168354, 7.284264000000121 ], [ -9.168202, 7.283826 ], [ -9.168158, 7.283399 ], [ -9.168159, 7.283038 ], [ -9.16837, 7.281288 ], [ -9.167421999999817, 7.278539 ], [ -9.155492, 7.272089000000108 ], [ -9.149003, 7.271216 ], [ -9.148587, 7.271193 ], [ -9.139284, 7.271881000000121 ], [ -9.138835, 7.271935000000155 ], [ -9.138419, 7.272055000000137 ], [ -9.137815999999873, 7.272361 ], [ -9.137225, 7.272743 ], [ -9.136513, 7.273202 ], [ -9.135921, 7.273463000000106 ], [ -9.135604, 7.273529 ], [ -9.131608, 7.2743 ], [ -9.126189, 7.27507 ], [ -9.125729, 7.275069 ], [ -9.125182, 7.274992000000111 ], [ -9.124832, 7.274871 ], [ -9.124559, 7.274652 ], [ -9.12428599999987, 7.274323 ], [ -9.124089, 7.274060000000134 ], [ -9.123751, 7.273545000000126 ], [ -9.123544, 7.27291 ], [ -9.123358999999823, 7.272264 ], [ -9.123305, 7.271794 ], [ -9.122954999999877, 7.265358 ], [ -9.122967, 7.264822000000152 ], [ -9.125371, 7.26036 ], [ -9.127127, 7.25728700000019 ], [ -9.121620999999891, 7.25149000000016 ], [ -9.120255, 7.250120000000152 ], [ -9.119876, 7.249927000000127 ], [ -9.119674, 7.249859 ], [ -9.115775, 7.249890000000107 ], [ -9.11307, 7.250068000000113 ], [ -9.112242, 7.250009 ], [ -9.111962999999889, 7.249883 ], [ -9.111723, 7.249594000000116 ], [ -9.111165999999855, 7.248775 ], [ -9.111069999999813, 7.248467000000119 ], [ -9.111167, 7.248178 ], [ -9.112432, 7.246304 ], [ -9.11369, 7.242516 ], [ -9.113738, 7.242179 ], [ -9.11372, 7.24189 ], [ -9.112364, 7.23578700000013 ], [ -9.11223, 7.235286 ], [ -9.112009, 7.234988000000101 ], [ -9.111700999999869, 7.234756 ], [ -9.110748999999885, 7.234388 ], [ -9.110364, 7.234349000000122 ], [ -9.110074999999824, 7.234406 ], [ -9.109969, 7.234531000000118 ], [ -9.10995899999989, 7.234704 ], [ -9.110045, 7.234897 ], [ -9.11018, 7.235042 ], [ -9.110487, 7.235187 ], [ -9.110949, 7.235390000000109 ], [ -9.111217999999894, 7.235592000000111 ], [ -9.111391, 7.235843000000102 ], [ -9.111447999999825, 7.236199000000113 ], [ -9.1114, 7.236516 ], [ -9.111158999999873, 7.23674700000015 ], [ -9.11086, 7.236967 ], [ -9.109838, 7.237572000000171 ], [ -9.109385, 7.237792 ], [ -9.109038999999882, 7.237897 ], [ -9.105899, 7.238776000000144 ], [ -9.105668, 7.238805 ], [ -9.105427, 7.238737000000128 ], [ -9.105062, 7.238553 ], [ -9.104812, 7.238255 ], [ -9.104658, 7.237956000000167 ], [ -9.104538914999978, 7.237545817000068 ], [ -9.10449599999987, 7.237398 ], [ -9.104363, 7.236349 ], [ -9.104393, 7.235916000000145 ], [ -9.104567, 7.235329 ], [ -9.104683, 7.235156000000131 ], [ -9.105136, 7.23481 ], [ -9.105385999999896, 7.234599 ], [ -9.10546399999987, 7.234397 ], [ -9.105688, 7.233012 ], [ -9.105707999999879, 7.232695 ], [ -9.10513, 7.227382 ], [ -9.103816, 7.224618 ], [ -9.103086, 7.223548000000164 ], [ -9.102624999999875, 7.222999000000186 ], [ -9.102183, 7.222517 ], [ -9.101857, 7.221852000000126 ], [ -9.10157, 7.221188 ], [ -9.101416, 7.220725000000186 ], [ -9.101417, 7.220446 ], [ -9.101485, 7.220129 ], [ -9.104325, 7.214448 ], [ -9.104557, 7.214063000000124 ], [ -9.104865, 7.213766 ], [ -9.105443, 7.213517 ], [ -9.106224, 7.213210000000117 ], [ -9.107196999999815, 7.21283700000015 ], [ -9.107476, 7.212645 ], [ -9.107852, 7.21221300000019 ], [ -9.108345, 7.211444 ], [ -9.109234, 7.209502 ], [ -9.110364, 7.206935000000101 ], [ -9.111013, 7.20506 ], [ -9.111188, 7.204223 ], [ -9.111207999999863, 7.203723 ], [ -9.11118, 7.203001 ], [ -9.111008, 7.202414000000147 ], [ -9.110317, 7.200911000000133 ], [ -9.109752, 7.199784 ], [ -9.108489, 7.195278 ], [ -9.10876, 7.194615 ], [ -9.108875999999896, 7.193903 ], [ -9.108849, 7.193162 ], [ -9.108725, 7.192229000000168 ], [ -9.10835795499986, 7.191438625000046 ], [ -9.108112, 7.190909 ], [ -9.107356, 7.191062 ], [ -9.106884, 7.191279 ], [ -9.106615, 7.191564 ], [ -9.106446, 7.191967000000147 ], [ -9.10629299999988, 7.193244000000107 ], [ -9.105695, 7.198469 ], [ -9.105744, 7.199410000000114 ], [ -9.105943, 7.20063800000014 ], [ -9.105976, 7.201209000000119 ], [ -9.105789999999843, 7.201595 ], [ -9.102152, 7.205587000000151 ], [ -9.096175, 7.210382 ], [ -9.095822, 7.21065 ], [ -9.095519, 7.210666000000117 ], [ -9.095184, 7.21043 ], [ -9.091926999999885, 7.207735 ], [ -9.091559, 7.207095 ], [ -9.091124, 7.205515 ], [ -9.091209999999876, 7.204826 ], [ -9.091294999999889, 7.204272 ], [ -9.091397, 7.203449 ], [ -9.09123, 7.202944000000116 ], [ -9.090894, 7.202691000000186 ], [ -9.090575, 7.202590000000157 ], [ -9.08983499999988, 7.202504000000147 ], [ -9.087044999999875, 7.2027 ], [ -9.084102, 7.20298 ], [ -9.079342999999881, 7.203828000000101 ], [ -9.074558, 7.200793000000147 ], [ -9.073568, 7.199631000000124 ], [ -9.070191, 7.198499 ], [ -9.069821, 7.198582 ], [ -9.069585, 7.198918000000106 ], [ -9.06943299999989, 7.199337000000128 ], [ -9.06943299999989, 7.199791 ], [ -9.069583, 7.200111 ], [ -9.070471999999882, 7.201054 ], [ -9.071412, 7.201812 ], [ -9.071698, 7.202182000000164 ], [ -9.071798, 7.202518 ], [ -9.071729999999889, 7.202753000000143 ], [ -9.069338, 7.205488000000116 ], [ -9.067889, 7.20693 ], [ -9.06735099999986, 7.207433 ], [ -9.066947, 7.2077010000001 ], [ -9.065314999999885, 7.20842 ], [ -9.064507, 7.208687000000111 ], [ -9.063868, 7.208736000000101 ], [ -9.063381, 7.20870200000013 ], [ -9.062995, 7.208533 ], [ -9.062256, 7.208095000000185 ], [ -9.0615, 7.207572 ], [ -9.061232, 7.207420000000127 ], [ -9.060962, 7.207487000000128 ], [ -9.060744, 7.207638 ], [ -9.060221, 7.208158 ], [ -9.059681999999839, 7.208761 ], [ -9.054476, 7.214817 ], [ -9.053565999999876, 7.21604200000013 ], [ -9.051163, 7.215549000000181 ], [ -9.050725999999827, 7.215364000000136 ], [ -9.050239, 7.21546300000017 ], [ -9.049531999999886, 7.215849000000105 ], [ -9.048791, 7.216317000000117 ], [ -9.043471, 7.220457000000181 ], [ -9.043116999999882, 7.220826000000159 ], [ -9.040371, 7.223912 ], [ -9.040186, 7.224181000000101 ], [ -9.040151, 7.22455 ], [ -9.040184, 7.224920000000168 ], [ -9.042662999999891, 7.229849000000115 ], [ -9.043753, 7.231364 ], [ -9.040874, 7.23337400000014 ], [ -9.040487999999868, 7.233289000000184 ], [ -9.035779999999875, 7.233515 ], [ -9.035207999999898, 7.233564 ], [ -9.034519, 7.23368 ], [ -9.03388, 7.233847 ], [ -9.033492, 7.234132000000102 ], [ -9.033205999999893, 7.234349000000122 ], [ -9.03297, 7.234651 ], [ -9.032784999999876, 7.234937000000116 ], [ -9.032699999999863, 7.235172 ], [ -9.032717, 7.235323000000108 ], [ -9.032935, 7.235525000000109 ], [ -9.033421, 7.236114000000157 ], [ -9.033689, 7.236552000000188 ], [ -9.03394, 7.237309 ], [ -9.03414, 7.238216 ], [ -9.034223, 7.238956000000144 ], [ -9.034153999999887, 7.239426 ], [ -9.033986, 7.239762 ], [ -9.033564, 7.240366 ], [ -9.031762, 7.241841 ], [ -9.025684, 7.246601000000112 ], [ -9.025212999999894, 7.246969 ], [ -9.024791999999877, 7.247153000000139 ], [ -9.024489, 7.247203000000184 ], [ -9.024221, 7.246984000000168 ], [ -9.023986, 7.246647 ], [ -9.023685, 7.246008 ], [ -9.02335, 7.245201 ], [ -9.023048, 7.244696 ], [ -9.022746999999868, 7.244208000000185 ], [ -9.022326999999848, 7.243905000000154 ], [ -9.021990999999844, 7.243837 ], [ -9.021536999999853, 7.243869000000188 ], [ -9.021066, 7.244053000000122 ], [ -9.02074599999986, 7.244204 ], [ -9.02019, 7.244572000000119 ], [ -9.019668, 7.245142 ], [ -9.019314, 7.245629000000179 ], [ -9.019160999999883, 7.246671 ], [ -9.015059, 7.24630900000011 ], [ -9.010692, 7.244484000000114 ], [ -9.003609, 7.24709 ], [ -9.002077999999869, 7.247726000000114 ], [ -9.00128699999982, 7.248110000000111 ], [ -8.999889, 7.249368 ], [ -8.995802, 7.25228200000015 ], [ -8.992581, 7.254558000000145 ], [ -8.992128, 7.254843000000108 ], [ -8.991749, 7.255064000000118 ], [ -8.991444, 7.255106 ], [ -8.990938, 7.255086000000119 ], [ -8.990621, 7.25495 ], [ -8.990251999999828, 7.254677 ], [ -8.987277, 7.251914 ], [ -8.987034, 7.25162 ], [ -8.98375899999985, 7.252739000000133 ], [ -8.983528, 7.25368600000013 ], [ -8.983180999999888, 7.254075000000171 ], [ -8.982885999999894, 7.25416 ], [ -8.980905, 7.254362000000128 ], [ -8.979304, 7.254512 ], [ -8.977997, 7.254587 ], [ -8.976901, 7.254588000000126 ], [ -8.976268999999888, 7.254410000000178 ], [ -8.975593999999887, 7.253917 ], [ -8.975382, 7.253549 ], [ -8.97083, 7.25306 ], [ -8.97035499999987, 7.253071 ], [ -8.969975999999861, 7.25315600000016 ], [ -8.969776, 7.253261000000123 ], [ -8.96405899999985, 7.257202 ], [ -8.960597999999834, 7.262340000000108 ], [ -8.960482999999897, 7.262603 ], [ -8.960536, 7.263097 ], [ -8.960663, 7.263381 ], [ -8.9608, 7.263591 ], [ -8.962835, 7.264641 ], [ -8.96339399999988, 7.264861000000167 ], [ -8.964489999999898, 7.265186 ], [ -8.965396999999882, 7.265405 ], [ -8.965969, 7.267656000000159 ], [ -8.962128, 7.272657 ], [ -8.96137, 7.273258 ], [ -8.959306, 7.274343000000101 ], [ -8.95879, 7.274565000000166 ], [ -8.958274, 7.274639 ], [ -8.957789, 7.274703 ], [ -8.949968, 7.273198 ], [ -8.946014, 7.270951 ], [ -8.945908, 7.270772 ], [ -8.945918, 7.270541 ], [ -8.946286, 7.269404000000179 ], [ -8.947263, 7.267163 ], [ -8.947525999999868, 7.266773 ], [ -8.947874, 7.266531000000157 ], [ -8.949726999999825, 7.265245000000107 ], [ -8.950527, 7.264729 ], [ -8.951222, 7.264402000000189 ], [ -8.951717, 7.264023000000122 ], [ -8.951896, 7.263739 ], [ -8.951927, 7.26346500000011 ], [ -8.951853, 7.263339 ], [ -8.951778999999874, 7.263223000000153 ], [ -8.951632, 7.263181 ], [ -8.949956, 7.263026 ], [ -8.949535, 7.263068000000146 ], [ -8.943847, 7.265336 ], [ -8.943604999999877, 7.265473000000156 ], [ -8.943394, 7.265873 ], [ -8.943258, 7.266357000000141 ], [ -8.943443999999886, 7.272448000000168 ], [ -8.941888, 7.275363 ], [ -8.941361, 7.27528000000018 ], [ -8.94077099999987, 7.275291 ], [ -8.940064999999834, 7.275460000000123 ], [ -8.939265, 7.275777 ], [ -8.938695999999879, 7.276188000000161 ], [ -8.937990999999897, 7.276777 ], [ -8.937538, 7.277241 ], [ -8.937359, 7.277546 ], [ -8.937328, 7.2779460000001 ], [ -8.937381, 7.278545000000122 ], [ -8.937509, 7.279208 ], [ -8.939883, 7.281803 ], [ -8.940579, 7.282234000000187 ], [ -8.941116, 7.282286 ], [ -8.941475, 7.282285000000115 ], [ -8.942012, 7.282432 ], [ -8.94255, 7.282631000000151 ], [ -8.943329999999889, 7.283135000000129 ], [ -8.94409, 7.283629000000133 ], [ -8.944543, 7.283965 ], [ -8.944712, 7.284228000000155 ], [ -8.944732999999871, 7.284470000000113 ], [ -8.944558, 7.28756200000015 ], [ -8.944368999999881, 7.288583 ], [ -8.944116999999892, 7.288899 ], [ -8.943885, 7.289004 ], [ -8.941851999999813, 7.28988 ], [ -8.940503, 7.289839 ], [ -8.938697999999874, 7.28729600000014 ], [ -8.932943, 7.286009 ], [ -8.932311, 7.285872 ], [ -8.931773, 7.28581000000014 ], [ -8.931056, 7.285863 ], [ -8.930782999999849, 7.286074 ], [ -8.930646, 7.286348 ], [ -8.930456999999876, 7.287074 ], [ -8.930216, 7.287831 ], [ -8.92991099999989, 7.2886 ], [ -8.929385, 7.289400000000171 ], [ -8.928857999999821, 7.289842000000135 ], [ -8.9285, 7.289990000000103 ], [ -8.923874999999896, 7.291089000000113 ], [ -8.923601, 7.291131 ], [ -8.920672, 7.291051000000152 ], [ -8.918409999999881, 7.294787 ], [ -8.918451999999888, 7.295061 ], [ -8.918410999999878, 7.295408 ], [ -8.918084, 7.295703000000117 ], [ -8.917704999999899, 7.295808 ], [ -8.917294, 7.295756 ], [ -8.916883, 7.295599 ], [ -8.916629999999884, 7.295378 ], [ -8.915268, 7.293518000000176 ], [ -8.915161999999839, 7.293213000000151 ], [ -8.914696, 7.291047000000162 ], [ -8.914154, 7.286629 ], [ -8.914185, 7.286187 ], [ -8.914488, 7.283452 ], [ -8.914614, 7.282905 ], [ -8.914960999999892, 7.282189000000187 ], [ -8.915266, 7.281716000000131 ], [ -8.915571, 7.281389 ], [ -8.916137, 7.279011000000139 ], [ -8.914953, 7.275552000000118 ], [ -8.914878999999871, 7.275352 ], [ -8.914162, 7.274680000000103 ], [ -8.912654, 7.27374500000019 ], [ -8.912264, 7.273556000000156 ], [ -8.91199, 7.273598000000106 ], [ -8.911789999999883, 7.273756 ], [ -8.911695, 7.273935 ], [ -8.911674999999889, 7.274451000000113 ], [ -8.911748999999872, 7.275419000000113 ], [ -8.911760999999899, 7.275955 ], [ -8.911655, 7.276092 ], [ -8.911518, 7.276155 ], [ -8.908925999999894, 7.276347000000158 ], [ -8.908652, 7.276263000000142 ], [ -8.908441, 7.275853000000154 ], [ -8.908429999999896, 7.275433 ], [ -8.908543999999893, 7.274097000000154 ], [ -8.908617999999819, 7.273465000000101 ], [ -8.908753999999874, 7.272981000000186 ], [ -8.909037999999839, 7.272676 ], [ -8.909827999999834, 7.272055000000137 ], [ -8.910617, 7.271391000000108 ], [ -8.911081, 7.27097 ], [ -8.911238, 7.270633 ], [ -8.911444, 7.266215000000102 ], [ -8.911391, 7.265941000000169 ], [ -8.911021, 7.264164 ], [ -8.910936, 7.263985000000162 ], [ -8.910767, 7.263891 ], [ -8.90637, 7.260645 ], [ -8.905733, 7.256533000000161 ], [ -8.90549, 7.256196000000159 ], [ -8.905184, 7.255997 ], [ -8.904920999999888, 7.255997 ], [ -8.901772, 7.257600000000139 ], [ -8.901381999999899, 7.257873000000188 ], [ -8.900908, 7.258263000000113 ], [ -8.897519, 7.262033 ], [ -8.897308999999893, 7.26228500000019 ], [ -8.89621499999987, 7.264117 ], [ -8.895742, 7.264990000000182 ], [ -8.895583999999872, 7.265222 ], [ -8.895341999999857, 7.265348000000131 ], [ -8.89512, 7.265349 ], [ -8.893465999999876, 7.265077 ], [ -8.893011999999885, 7.264983000000143 ], [ -8.888143, 7.263599 ], [ -8.887456999999813, 7.263369000000182 ], [ -8.885507, 7.262508 ], [ -8.88513799999987, 7.262309 ], [ -8.884663, 7.261825000000158 ], [ -8.884189, 7.261363 ], [ -8.883587, 7.260785 ], [ -8.883259999999893, 7.26048 ], [ -8.880603999999892, 7.259347000000105 ], [ -8.879876, 7.259095 ], [ -8.872550999999874, 7.257378 ], [ -8.870224999999891, 7.260073000000148 ], [ -8.870014, 7.260368 ], [ -8.869667, 7.260494000000165 ], [ -8.869203, 7.26048400000019 ], [ -8.868845, 7.260369 ], [ -8.868306999999845, 7.260012 ], [ -8.867674, 7.259486 ], [ -8.867052, 7.258993 ], [ -8.866462, 7.258646000000169 ], [ -8.866008, 7.258489000000168 ], [ -8.864797, 7.258563 ], [ -8.864407, 7.258858000000146 ], [ -8.863679999999874, 7.259532000000149 ], [ -8.861312999999882, 7.262596000000144 ], [ -8.861113, 7.26288 ], [ -8.861219, 7.26386900000017 ], [ -8.861471999999821, 7.264331 ], [ -8.861873, 7.264857000000177 ], [ -8.862347999999827, 7.265351 ], [ -8.862527999999884, 7.265834 ], [ -8.862591, 7.266139 ], [ -8.862318, 7.266529000000162 ], [ -8.861749, 7.266719 ], [ -8.858367, 7.267669000000126 ], [ -8.857988, 7.267732 ], [ -8.857619, 7.26759600000014 ], [ -8.857502, 7.267238 ], [ -8.857333, 7.266692000000148 ], [ -8.857217, 7.266155 ], [ -8.857037, 7.265777 ], [ -8.854664, 7.263097 ], [ -8.854252, 7.26276 ], [ -8.853873, 7.262614 ], [ -8.853589, 7.26267700000011 ], [ -8.846984999999847, 7.266344000000117 ], [ -8.846648, 7.266565000000128 ], [ -8.845174, 7.267745 ], [ -8.84498399999984, 7.267924000000107 ], [ -8.842965, 7.272312 ], [ -8.842481, 7.272628000000111 ], [ -8.838132, 7.275925 ], [ -8.837753, 7.27623 ], [ -8.837479, 7.276567 ], [ -8.837362999999868, 7.276788 ], [ -8.837342, 7.277061 ], [ -8.837459, 7.278313000000139 ], [ -8.837671, 7.278923000000134 ], [ -8.837998, 7.279512 ], [ -8.838167, 7.280122 ], [ -8.838232999999832, 7.283046 ], [ -8.838139, 7.283730000000162 ], [ -8.837844, 7.284361000000104 ], [ -8.837192, 7.285614 ], [ -8.836803, 7.286529 ], [ -8.836361999999838, 7.287655 ], [ -8.836267, 7.288013000000149 ], [ -8.836755, 7.290937000000156 ], [ -8.838994, 7.296005 ], [ -8.839099, 7.296204 ], [ -8.83952099999982, 7.29664600000018 ], [ -8.840681, 7.297844000000168 ], [ -8.841408999999885, 7.298537000000124 ], [ -8.842896999999823, 7.300114 ], [ -8.845008, 7.303604000000178 ], [ -8.845177, 7.304109 ], [ -8.845642, 7.306107000000111 ], [ -8.845537, 7.30637 ], [ -8.845263, 7.306560000000104 ], [ -8.844915999999898, 7.306602 ], [ -8.84462, 7.306497 ], [ -8.844304, 7.306224 ], [ -8.843998, 7.305677 ], [ -8.843608, 7.305257000000154 ], [ -8.843111999999849, 7.304805 ], [ -8.842795, 7.304532 ], [ -8.842395, 7.304333 ], [ -8.841351, 7.303955 ], [ -8.840835, 7.303934 ], [ -8.839738999999895, 7.304019 ], [ -8.839191, 7.304178 ], [ -8.838727, 7.304368000000125 ], [ -8.838326999999879, 7.304715 ], [ -8.838096, 7.304999000000123 ], [ -8.837037939999959, 7.309402288000115 ], [ -8.836531, 7.311512 ], [ -8.836469, 7.311880000000144 ], [ -8.836447999999848, 7.312574 ], [ -8.836512, 7.313069 ], [ -8.836649, 7.313395 ], [ -8.837693999999885, 7.315456 ], [ -8.837979, 7.315918000000124 ], [ -8.838465, 7.316359 ], [ -8.838739, 7.316549 ], [ -8.845518, 7.319624000000147 ], [ -8.846141999999816, 7.321328000000108 ], [ -8.844932, 7.32379 ], [ -8.843083, 7.329756 ], [ -8.84307299999989, 7.330409 ], [ -8.843275999999889, 7.333354 ], [ -8.843392, 7.333932 ], [ -8.843687999999872, 7.334342 ], [ -8.844205, 7.334657000000163 ], [ -8.847464, 7.337652000000162 ], [ -8.850904999999898, 7.342477 ], [ -8.851199999999892, 7.343034000000159 ], [ -8.852658, 7.346914 ], [ -8.853071999999884, 7.349481000000139 ], [ -8.849134, 7.353587 ], [ -8.845236999999884, 7.356893 ], [ -8.841993999999886, 7.360378 ], [ -8.841142, 7.362272000000132 ], [ -8.840774, 7.362999 ], [ -8.837512, 7.368072 ], [ -8.837301, 7.368272 ], [ -8.835542, 7.369904 ], [ -8.834942, 7.370325 ], [ -8.834426, 7.370673000000124 ], [ -8.833982999999819, 7.371105000000171 ], [ -8.832351, 7.372957 ], [ -8.831941, 7.373589 ], [ -8.831583, 7.374399 ], [ -8.831352, 7.375251 ], [ -8.831258, 7.375830000000121 ], [ -8.831269, 7.376693000000159 ], [ -8.831217, 7.377334 ], [ -8.830954, 7.377934000000153 ], [ -8.827397, 7.383702 ], [ -8.823271, 7.390322 ], [ -8.822828999999899, 7.390996 ], [ -8.822364999999877, 7.39151100000015 ], [ -8.821902, 7.391859000000181 ], [ -8.820606, 7.392523 ], [ -8.819572999999821, 7.393018000000154 ], [ -8.81832, 7.394155 ], [ -8.81795099999988, 7.394545000000164 ], [ -8.817708999999866, 7.395029 ], [ -8.81751, 7.395471 ], [ -8.817299, 7.39606 ], [ -8.817184, 7.396649 ], [ -8.817069, 7.397365 ], [ -8.816985, 7.398427 ], [ -8.81684, 7.401741000000129 ], [ -8.815854, 7.406191 ], [ -8.815664, 7.406507000000147 ], [ -8.815169, 7.406981 ], [ -8.81419, 7.407907000000137 ], [ -8.813958, 7.408013 ], [ -8.812714, 7.40793 ], [ -8.812213807999854, 7.407767263000039 ], [ -8.811711999999886, 7.407604000000106 ], [ -8.810326480999834, 7.40661164300019 ], [ -8.810245999999836, 7.406554 ], [ -8.809571, 7.405597000000171 ], [ -8.808748, 7.404967 ], [ -8.806491808999965, 7.405781212000136 ], [ -8.805154, 7.406264 ], [ -8.80459599999989, 7.406485 ], [ -8.801372, 7.408286 ], [ -8.801035, 7.408592000000169 ], [ -8.800792999999885, 7.408876 ], [ -8.80073, 7.409665000000132 ], [ -8.800677999999891, 7.410506 ], [ -8.800742, 7.411769000000106 ], [ -8.80079499999988, 7.412116 ], [ -8.80095399999982, 7.412315 ], [ -8.801703, 7.413262 ], [ -8.802653, 7.414954 ], [ -8.80278, 7.41528 ], [ -8.802812, 7.415638000000172 ], [ -8.802633, 7.415985 ], [ -8.802379999999857, 7.416248000000166 ], [ -8.802010999999879, 7.416312000000119 ], [ -8.801442, 7.41626 ], [ -8.800661999999818, 7.416113 ], [ -8.799565, 7.415841 ], [ -8.798879999999883, 7.415589000000182 ], [ -8.798363, 7.415337000000136 ], [ -8.798057, 7.415084000000149 ], [ -8.797666999999876, 7.414559 ], [ -8.797319, 7.414159000000154 ], [ -8.796475, 7.413234 ], [ -8.796126, 7.412919 ], [ -8.795705, 7.412699000000146 ], [ -8.795387999999889, 7.41266700000017 ], [ -8.795178, 7.412731000000122 ], [ -8.792702, 7.414552000000185 ], [ -8.791364, 7.41581600000012 ], [ -8.791089999999883, 7.41608900000017 ], [ -8.790901, 7.41621600000019 ], [ -8.789456, 7.415944 ], [ -8.784037, 7.414749000000143 ], [ -8.78192799999988, 7.413236 ], [ -8.782117, 7.412752000000125 ], [ -8.782359, 7.412089000000151 ], [ -8.782485, 7.411605 ], [ -8.78259, 7.411152 ], [ -8.782621, 7.410774 ], [ -8.782547, 7.410542 ], [ -8.782368, 7.410427 ], [ -8.782126, 7.410448 ], [ -8.779955, 7.411691 ], [ -8.779723999999874, 7.412059000000113 ], [ -8.77964999999989, 7.412407000000144 ], [ -8.779629, 7.412912 ], [ -8.779991, 7.417266 ], [ -8.777427999999873, 7.42866 ], [ -8.777484999999899, 7.433604 ], [ -8.778109, 7.435865 ], [ -8.778097999999886, 7.436086 ], [ -8.778013999999871, 7.436381 ], [ -8.777825, 7.436717 ], [ -8.776498, 7.438791 ], [ -8.773846999999876, 7.445704 ], [ -8.773268999999857, 7.447545000000105 ], [ -8.775031, 7.449311 ], [ -8.77675, 7.450372 ], [ -8.778827, 7.451222 ], [ -8.779007, 7.451432 ], [ -8.779038, 7.451674 ], [ -8.778974999999889, 7.452042 ], [ -8.778607, 7.45286300000015 ], [ -8.778312, 7.453190000000177 ], [ -8.777796, 7.453463 ], [ -8.767743, 7.45851 ], [ -8.763672, 7.456872 ], [ -8.763059999999882, 7.4566200000001 ], [ -8.762301, 7.456347000000108 ], [ -8.761974, 7.456379 ], [ -8.761753, 7.456516 ], [ -8.761563999999851, 7.456874 ], [ -8.76123699999988, 7.457852000000116 ], [ -8.760596, 7.459641000000147 ], [ -8.760310999999888, 7.460146000000179 ], [ -8.757416, 7.464903000000163 ], [ -8.756268, 7.4666390000001 ], [ -8.755994, 7.466671 ], [ -8.755772, 7.466471 ], [ -8.755572, 7.466103000000146 ], [ -8.755508, 7.465619 ], [ -8.755518999999879, 7.465272000000141 ], [ -8.755624, 7.464914 ], [ -8.755624, 7.464683 ], [ -8.755413, 7.464652000000171 ], [ -8.753979, 7.464726 ], [ -8.753716, 7.464926000000105 ], [ -8.752271999999834, 7.466263 ], [ -8.750322999999867, 7.468284 ], [ -8.750186999999869, 7.469463000000133 ], [ -8.750125, 7.470641000000114 ], [ -8.749998, 7.470967 ], [ -8.749584, 7.471922 ], [ -8.747404, 7.474538000000109 ], [ -8.743963, 7.478134000000125 ], [ -8.738496999999882, 7.484274 ], [ -8.734038999999882, 7.491294 ], [ -8.729811, 7.496393 ], [ -8.727154999999868, 7.499268 ], [ -8.725609, 7.499869000000103 ], [ -8.725086, 7.50007 ], [ -8.724326999999846, 7.500218000000189 ], [ -8.72228, 7.502245 ], [ -8.722126999999887, 7.502435000000105 ], [ -8.720453, 7.505525 ], [ -8.718388, 7.509395 ], [ -8.718217, 7.509652 ], [ -8.718017, 7.509794 ], [ -8.716731, 7.510138 ], [ -8.716397, 7.510177000000169 ], [ -8.71573, 7.510158 ], [ -8.715376999999876, 7.510073 ], [ -8.715080999999884, 7.51012100000014 ], [ -8.713356, 7.510408 ], [ -8.713013, 7.510513 ], [ -8.710881818999894, 7.511759062000124 ], [ -8.709984, 7.512284 ], [ -8.708566, 7.514595 ], [ -8.70904, 7.521816 ], [ -8.712694, 7.524558 ], [ -8.716739, 7.526928 ], [ -8.718017, 7.527459 ], [ -8.718112, 7.527516 ], [ -8.71812199999988, 7.527829000000168 ], [ -8.718192, 7.53125 ], [ -8.718077999999878, 7.531468000000189 ], [ -8.716791999999884, 7.532591 ], [ -8.71641099999988, 7.532943000000159 ], [ -8.711399, 7.544513 ], [ -8.711075999999821, 7.545454 ], [ -8.711029, 7.545635000000118 ], [ -8.711085999999852, 7.545787 ], [ -8.711267, 7.54592 ], [ -8.711439, 7.546005 ], [ -8.711849, 7.546043000000111 ], [ -8.713384, 7.54605 ], [ -8.713727, 7.546002000000101 ], [ -8.713965, 7.545812 ], [ -8.714222, 7.545641000000103 ], [ -8.714469999999892, 7.545555 ], [ -8.715118, 7.545364 ], [ -8.715252, 7.545421 ], [ -8.715395, 7.545753000000104 ], [ -8.715490999999815, 7.546247000000164 ], [ -8.715472, 7.546656 ], [ -8.715377999999873, 7.547445000000153 ], [ -8.715301999999895, 7.547967 ], [ -8.715027, 7.549631 ], [ -8.714885, 7.549859 ], [ -8.714665999999852, 7.549983000000168 ], [ -8.712188, 7.551259 ], [ -8.711635999999885, 7.55183 ], [ -8.711635999999885, 7.552020000000141 ], [ -8.711750999999879, 7.5522 ], [ -8.71196, 7.552371 ], [ -8.714583999999888, 7.553954 ], [ -8.714984, 7.554144 ], [ -8.715126999999882, 7.554144 ], [ -8.715356, 7.554077000000177 ], [ -8.716203999999834, 7.553278000000148 ], [ -8.716984, 7.552137 ], [ -8.717078999999842, 7.551785 ], [ -8.719958, 7.551572 ], [ -8.723395, 7.555625 ], [ -8.723537999999849, 7.555882000000111 ], [ -8.723595, 7.556081 ], [ -8.723191, 7.560852000000125 ], [ -8.723134, 7.561089 ], [ -8.722716, 7.562781 ], [ -8.722468, 7.563086 ], [ -8.721925, 7.563466 ], [ -8.721286999999847, 7.563857 ], [ -8.72082, 7.563981000000183 ], [ -8.720639, 7.563953 ], [ -8.720496, 7.563848 ], [ -8.720315, 7.56383000000011 ], [ -8.720133, 7.563906 ], [ -8.719904999999812, 7.564039 ], [ -8.719609, 7.564258 ], [ -8.719332999999892, 7.564591 ], [ -8.718191, 7.566312000000153 ], [ -8.718182, 7.566502 ], [ -8.71823, 7.566654 ], [ -8.720589, 7.570842000000141 ], [ -8.72184, 7.572731000000147 ], [ -8.722088, 7.573082 ], [ -8.723024, 7.574392 ], [ -8.719368, 7.579110000000185 ], [ -8.719225, 7.579243000000133 ], [ -8.719025, 7.579614000000106 ], [ -8.718710999999871, 7.580488000000116 ], [ -8.718569, 7.580888000000186 ], [ -8.718501999999887, 7.581192000000101 ], [ -8.718569, 7.581448 ], [ -8.718636, 7.581600000000151 ], [ -8.718874999999855, 7.582028 ], [ -8.719028, 7.582426000000112 ], [ -8.71919, 7.582854000000168 ], [ -8.71933399999989, 7.583329 ], [ -8.719516, 7.584421000000134 ], [ -8.716613, 7.588843 ], [ -8.71489, 7.591306000000145 ], [ -8.71193, 7.596109000000126 ], [ -8.711967999999899, 7.596802000000139 ], [ -8.71338, 7.597237 ], [ -8.713676, 7.597494 ], [ -8.713715, 7.598235 ], [ -8.713576999999873, 7.603376000000139 ], [ -8.713003999999898, 7.611291 ], [ -8.712861, 7.612137 ], [ -8.712396, 7.613715 ], [ -8.71116899999987, 7.616358000000105 ], [ -8.710968, 7.616472000000101 ], [ -8.709529, 7.616721 ], [ -8.709289999999839, 7.616531 ], [ -8.708793999999898, 7.616161000000147 ], [ -8.708651, 7.616181 ], [ -8.708507999999881, 7.616314 ], [ -8.707689, 7.617227 ], [ -8.707537, 7.617408000000125 ], [ -8.706793999999888, 7.618321000000151 ], [ -8.70494, 7.623435 ], [ -8.704779, 7.624785000000145 ], [ -8.706128, 7.629087 ], [ -8.706892858999936, 7.631022267999981 ], [ -8.707352, 7.632184 ], [ -8.708087, 7.633513 ], [ -8.709147, 7.635127000000182 ], [ -8.711152, 7.63751 ], [ -8.711578871999961, 7.637822182000036 ], [ -8.711982, 7.638117000000136 ], [ -8.712334999999882, 7.638259000000119 ], [ -8.713146, 7.638210000000186 ], [ -8.713861, 7.638181 ], [ -8.714376, 7.638218000000109 ], [ -8.714548, 7.638332000000162 ], [ -8.714605, 7.638484000000119 ], [ -8.714548, 7.639045000000181 ], [ -8.71414, 7.640699 ], [ -8.712463999999898, 7.643143000000123 ], [ -8.712236, 7.64338 ], [ -8.710225, 7.644675 ], [ -8.708471, 7.64539 ], [ -8.708099, 7.645343 ], [ -8.707717999999886, 7.645201 ], [ -8.706165999999882, 7.647711 ], [ -8.704662999999869, 7.65102000000013 ], [ -8.701655, 7.656306000000143 ], [ -8.700715968999873, 7.657371153000099 ], [ -8.69654, 7.662108 ], [ -8.696378, 7.662242000000106 ], [ -8.694033, 7.663081 ], [ -8.690822, 7.666496 ], [ -8.690594, 7.66679 ], [ -8.689593999999886, 7.668454 ], [ -8.68830899999989, 7.670423 ], [ -8.688051, 7.670661 ], [ -8.686832, 7.671774 ], [ -8.686489, 7.671917 ], [ -8.685821, 7.672107000000153 ], [ -8.685477999999875, 7.67207 ], [ -8.685267999999894, 7.671909 ], [ -8.68523, 7.671719000000166 ], [ -8.685287, 7.67149 ], [ -8.685553999999854, 7.671319 ], [ -8.685858, 7.671119 ], [ -8.686049, 7.67094800000018 ], [ -8.686068, 7.670701000000122 ], [ -8.685971999999879, 7.67052 ], [ -8.685838999999874, 7.670416 ], [ -8.68561, 7.670312000000138 ], [ -8.68129, 7.670459 ], [ -8.681033, 7.67059300000011 ], [ -8.680613, 7.670954000000108 ], [ -8.68034699999987, 7.671249 ], [ -8.677730999999881, 7.678103 ], [ -8.678017999999895, 7.67936600000013 ], [ -8.67834299999987, 7.679803 ], [ -8.678705, 7.680192 ], [ -8.679116, 7.680553000000145 ], [ -8.680098999999871, 7.681283000000121 ], [ -8.680661, 7.681273 ], [ -8.68111, 7.681491000000108 ], [ -8.681291, 7.681852000000163 ], [ -8.681416, 7.682137000000125 ], [ -8.681607, 7.68283 ], [ -8.681673999999873, 7.683201 ], [ -8.681771, 7.685206 ], [ -8.681676, 7.685576 ], [ -8.681561999999872, 7.685786 ], [ -8.681229, 7.686061 ], [ -8.680714, 7.686404 ], [ -8.680341999999825, 7.686604 ], [ -8.679742, 7.686814 ], [ -8.67875, 7.687461 ], [ -8.678407, 7.687765000000184 ], [ -8.677874, 7.688507000000129 ], [ -8.677683999999886, 7.688926000000151 ], [ -8.677151, 7.690712000000133 ], [ -8.676962, 7.691834 ], [ -8.676934, 7.692385000000172 ], [ -8.677115, 7.692632000000174 ], [ -8.677430999999842, 7.693553000000179 ], [ -8.676703, 7.696514 ], [ -8.675794, 7.698024 ], [ -8.675644999999861, 7.698173000000168 ], [ -8.675437999999872, 7.69823 ], [ -8.656044390999909, 7.698566604000064 ], [ -8.647228573999939, 7.698780134000117 ], [ -8.638412746999961, 7.698993483000095 ], [ -8.62959691199984, 7.699206650000065 ], [ -8.620781067999872, 7.699419637 ], [ -8.611965214999884, 7.699632442000109 ], [ -8.603149353999925, 7.699845065000034 ], [ -8.594333482999957, 7.7000575080001 ], [ -8.585517603999904, 7.700269768999988 ], [ -8.576701715999945, 7.700481849000141 ], [ -8.567885819999958, 7.700693747000116 ], [ -8.563428052999825, 7.700800802000174 ], [ -8.563423517999979, 7.700800911000101 ], [ -8.559069913999906, 7.70090546400013 ], [ -8.550431142999969, 7.701112749000117 ], [ -8.550254, 7.701117 ], [ -8.553988999999888, 7.693247 ], [ -8.555123, 7.691125 ], [ -8.555954, 7.690205000000105 ], [ -8.556611999999859, 7.689710000000161 ], [ -8.557027999999889, 7.689346 ], [ -8.557757, 7.688699 ], [ -8.558273999999869, 7.688163 ], [ -8.558486, 7.687931 ], [ -8.558719, 7.687345 ], [ -8.558709, 7.687021 ], [ -8.558199999999886, 7.68374 ], [ -8.557803, 7.681871000000115 ], [ -8.555904999999882, 7.677641 ], [ -8.554189999999835, 7.674785 ], [ -8.554067, 7.673462000000143 ], [ -8.554047, 7.672543000000132 ], [ -8.554076999999893, 7.672240000000102 ], [ -8.555575, 7.669067000000155 ], [ -8.557184, 7.665753 ], [ -8.557498, 7.665329 ], [ -8.557161999999892, 7.66343 ], [ -8.555243, 7.65835200000015 ], [ -8.555110999999897, 7.658211 ], [ -8.554899, 7.657999 ], [ -8.554463, 7.657827 ], [ -8.554006, 7.657666 ], [ -8.553844, 7.657495 ], [ -8.553742999999884, 7.657333 ], [ -8.553762, 7.656747 ], [ -8.553812999999877, 7.656545 ], [ -8.556687, 7.649766000000113 ], [ -8.560393, 7.644855 ], [ -8.560433999999873, 7.644733 ], [ -8.561101, 7.642420000000186 ], [ -8.56094899999988, 7.641693 ], [ -8.560958, 7.641370000000165 ], [ -8.561018999999874, 7.641087 ], [ -8.56109, 7.640885 ], [ -8.561848999999825, 7.639894 ], [ -8.562052, 7.639662 ], [ -8.565404999999885, 7.636771000000124 ], [ -8.568585, 7.634041 ], [ -8.569141999999886, 7.633556 ], [ -8.569548, 7.633202 ], [ -8.569791, 7.632969000000116 ], [ -8.570115, 7.632494 ], [ -8.570165, 7.632313 ], [ -8.570093999999813, 7.631888 ], [ -8.569942, 7.631545 ], [ -8.569759, 7.631242 ], [ -8.569565999999895, 7.631 ], [ -8.568583, 7.630435 ], [ -8.567863, 7.630143 ], [ -8.567204, 7.629982 ], [ -8.566829, 7.629912000000161 ], [ -8.566302, 7.629831 ], [ -8.564365999999893, 7.629136 ], [ -8.558759, 7.626041000000157 ], [ -8.551671, 7.620623 ], [ -8.521789999999896, 7.59789300000017 ], [ -8.512503, 7.590841000000182 ], [ -8.505437, 7.585524 ], [ -8.499880999999846, 7.581316 ], [ -8.499755999999877, 7.580927 ], [ -8.496217999999885, 7.578089 ], [ -8.489244, 7.572561 ], [ -8.489165640999943, 7.572498122000013 ], [ -8.471103, 7.558004 ], [ -8.470911, 7.557276000000172 ], [ -8.469643, 7.557717 ], [ -8.466169, 7.561072 ], [ -8.463741, 7.563499 ], [ -8.455308, 7.57155900000015 ], [ -8.453843, 7.572636000000102 ], [ -8.452439, 7.573826000000111 ], [ -8.451511, 7.575468000000114 ], [ -8.450933, 7.576973000000123 ], [ -8.444038, 7.584595000000149 ], [ -8.440519, 7.587377000000117 ], [ -8.434408, 7.592506000000128 ], [ -8.430952999999874, 7.596645 ], [ -8.425313, 7.601975 ], [ -8.423405, 7.60345500000011 ], [ -8.423309, 7.603597 ], [ -8.422744, 7.604701000000148 ], [ -8.42273, 7.6048550000001 ], [ -8.422626, 7.605436 ], [ -8.421798, 7.607024 ], [ -8.420528, 7.608323 ], [ -8.417485, 7.610708000000159 ], [ -8.414581999999882, 7.612754000000166 ], [ -8.413598, 7.613326 ], [ -8.412965999999869, 7.613899 ], [ -8.410393, 7.618595 ], [ -8.407902, 7.622887000000105 ], [ -8.407605, 7.623322 ], [ -8.407228, 7.623686 ], [ -8.404926999999873, 7.625165000000152 ], [ -8.404448793999904, 7.625342138000065 ], [ -8.397062999999889, 7.62807800000013 ], [ -8.396346999999878, 7.627697 ], [ -8.395535, 7.626825000000167 ], [ -8.394567, 7.626123000000177 ], [ -8.39237, 7.624642 ], [ -8.390689999999893, 7.623755000000187 ], [ -8.388693, 7.623274 ], [ -8.387544, 7.623416 ], [ -8.38602, 7.624404 ], [ -8.385088, 7.623990000000106 ], [ -8.384141999999883, 7.623256 ], [ -8.381359, 7.620160000000112 ], [ -8.380852999999888, 7.619582 ], [ -8.38017, 7.616995 ], [ -8.380223999999885, 7.616457000000139 ], [ -8.381644999999878, 7.606573000000139 ], [ -8.382596, 7.604891 ], [ -8.383571, 7.602987 ], [ -8.384009999999876, 7.600452000000132 ], [ -8.384191, 7.597293 ], [ -8.384167, 7.596841000000154 ], [ -8.382548999999813, 7.593391000000167 ], [ -8.38224, 7.593105 ], [ -8.381645999999876, 7.593192 ], [ -8.379243, 7.593664 ], [ -8.377624, 7.593807 ], [ -8.376219999999819, 7.593759 ], [ -8.369605, 7.592249000000152 ], [ -8.366419, 7.591450000000123 ], [ -8.36348, 7.59034400000013 ], [ -8.362808, 7.589576 ], [ -8.362192999999877, 7.588627000000145 ], [ -8.361966, 7.588316 ], [ -8.360237999999867, 7.587915 ], [ -8.356582, 7.587514 ], [ -8.354658, 7.587412 ], [ -8.353611999999885, 7.587937 ], [ -8.352475, 7.588935 ], [ -8.352488999999878, 7.589697 ], [ -8.352435, 7.590582 ], [ -8.351911, 7.591036 ], [ -8.349382, 7.592215000000181 ], [ -8.347851, 7.591847000000143 ], [ -8.347157, 7.590859 ], [ -8.345904, 7.589691 ], [ -8.343932, 7.5900630000001 ], [ -8.343486999999868, 7.590162000000134 ], [ -8.340739999999869, 7.591480000000104 ], [ -8.339283, 7.592304 ], [ -8.33456, 7.595825000000104 ], [ -8.333446, 7.596872 ], [ -8.332748, 7.5975380000001 ], [ -8.329472, 7.601661000000149 ], [ -8.329018, 7.602368 ], [ -8.329274, 7.603853000000186 ], [ -8.329515, 7.604654 ], [ -8.330057, 7.604806000000167 ], [ -8.330824, 7.604801 ], [ -8.330981, 7.60485100000011 ], [ -8.331273, 7.605789000000129 ], [ -8.331264, 7.605943 ], [ -8.330468, 7.607509000000164 ], [ -8.325062, 7.608755 ], [ -8.324059, 7.60864 ], [ -8.321004, 7.607706000000121 ], [ -8.319644, 7.607152 ], [ -8.318296999999859, 7.606636 ], [ -8.314954999999827, 7.607978 ], [ -8.314521, 7.608279 ], [ -8.314049999999895, 7.608801 ], [ -8.313068, 7.609906 ], [ -8.311665999999832, 7.611090000000161 ], [ -8.311492, 7.611236000000133 ], [ -8.311402, 7.611264000000176 ], [ -8.307921999999849, 7.612193000000104 ], [ -8.305436632999886, 7.605397275000144 ], [ -8.302951343999894, 7.598601533000078 ], [ -8.300466132999873, 7.591805775000182 ], [ -8.297981, 7.585010000000182 ], [ -8.290442841999948, 7.582739462000063 ], [ -8.282904762999976, 7.580468792000147 ], [ -8.275366762999965, 7.578197992000014 ], [ -8.267828841999972, 7.575927061000129 ], [ -8.260291, 7.573656 ], [ -8.259187999999824, 7.572968 ], [ -8.253192369999965, 7.568803366000054 ], [ -8.247196854999856, 7.564638650000063 ], [ -8.241201454999839, 7.560473850000108 ], [ -8.235206169999913, 7.556308966000074 ], [ -8.229211, 7.552144000000112 ], [ -8.227007, 7.549912000000177 ], [ -8.222978449999914, 7.544472019000068 ], [ -8.21895, 7.539032 ], [ -8.218713, 7.538724000000116 ], [ -8.210092999999858, 7.536841 ], [ -8.207241, 7.540364000000125 ], [ -8.206334, 7.542307000000108 ], [ -8.205428999999867, 7.545162 ], [ -8.20514, 7.546642000000134 ], [ -8.20507, 7.548761000000127 ], [ -8.204359, 7.549587 ], [ -8.19894, 7.553165 ], [ -8.198247, 7.553256 ], [ -8.197479, 7.552999000000113 ], [ -8.196778, 7.552728000000116 ], [ -8.19573, 7.552769000000126 ], [ -8.194164, 7.55286400000017 ], [ -8.19312, 7.553311 ], [ -8.183194999999898, 7.561416 ], [ -8.182649, 7.563559000000112 ], [ -8.182349999999872, 7.565256 ], [ -8.181564999999864, 7.56855 ], [ -8.180886999999871, 7.57006900000016 ], [ -8.17962, 7.572071 ], [ -8.177207, 7.575632000000155 ], [ -8.173419, 7.580547 ], [ -8.170411, 7.584276 ], [ -8.172369, 7.588610000000187 ], [ -8.174141, 7.591828000000135 ], [ -8.17718, 7.597542 ], [ -8.179174, 7.601851 ], [ -8.181453, 7.604289000000165 ], [ -8.183449, 7.605789000000129 ], [ -8.184913, 7.608218 ], [ -8.183321, 7.610809000000188 ], [ -8.179174767999882, 7.616054041000098 ], [ -8.175028433999898, 7.6212990410001 ], [ -8.170882, 7.626544 ], [ -8.170003, 7.629266 ], [ -8.168867, 7.635233 ], [ -8.170622, 7.63895500000018 ], [ -8.171815, 7.640255 ], [ -8.169557, 7.642796 ], [ -8.163539, 7.649487000000136 ], [ -8.163535, 7.64948800000019 ], [ -8.162023, 7.649771000000158 ], [ -8.160744, 7.650482000000181 ], [ -8.159134, 7.651618 ], [ -8.156732, 7.653731 ], [ -8.156547, 7.653938000000153 ], [ -8.156488999999851, 7.654105000000129 ], [ -8.156166, 7.654589 ], [ -8.155506, 7.655406 ], [ -8.15338, 7.656665 ], [ -8.151656999999886, 7.65738800000014 ], [ -8.150272, 7.656815000000165 ], [ -8.148087, 7.655989 ], [ -8.146218, 7.655771000000129 ], [ -8.144591, 7.657397000000174 ], [ -8.143601, 7.659741000000167 ], [ -8.143519, 7.663475000000176 ], [ -8.143799885999954, 7.665376219 ], [ -8.143921, 7.666196 ], [ -8.144568999999819, 7.668631000000119 ], [ -8.145683, 7.669638000000134 ], [ -8.147447999999883, 7.671512000000121 ], [ -8.147736, 7.671965000000114 ], [ -8.148085, 7.673071000000107 ], [ -8.147942, 7.674881000000141 ], [ -8.144591, 7.685729 ], [ -8.144178, 7.686846000000173 ], [ -8.143717, 7.686943 ], [ -8.142212, 7.6867 ], [ -8.141173, 7.686386000000141 ], [ -8.137294999999881, 7.691192 ], [ -8.136771, 7.691930000000184 ], [ -8.135823, 7.695563 ], [ -8.135784999999885, 7.696345 ], [ -8.13587699999988, 7.69789 ], [ -8.135948999999869, 7.699424000000135 ], [ -8.134745999999893, 7.70174 ], [ -8.133823, 7.703207000000134 ], [ -8.130296999999871, 7.708007 ], [ -8.125352, 7.714557 ], [ -8.123568, 7.716698000000122 ], [ -8.121929, 7.717865 ], [ -8.120131, 7.71877000000012 ], [ -8.116491, 7.723346 ], [ -8.117051999999887, 7.724333000000172 ], [ -8.116276508999931, 7.730461022000043 ], [ -8.115826, 7.734021 ], [ -8.115587999999889, 7.734759 ], [ -8.105698, 7.753039000000115 ], [ -8.106687, 7.755914000000189 ], [ -8.106096999999863, 7.762807000000123 ], [ -8.105844999999874, 7.763197 ], [ -8.104612, 7.764140000000111 ], [ -8.104324, 7.764278000000161 ], [ -8.103393, 7.764671000000135 ], [ -8.101832, 7.765502 ], [ -8.101424999999836, 7.765817 ], [ -8.10095, 7.766947000000187 ], [ -8.100574, 7.768588 ], [ -8.100607, 7.76953 ], [ -8.101508, 7.77323100000018 ], [ -8.102489, 7.774689 ], [ -8.104559999999879, 7.780043000000148 ], [ -8.104488, 7.781614000000104 ], [ -8.102084999999818, 7.788752000000102 ], [ -8.101180999999883, 7.790441 ], [ -8.100228999999899, 7.791726 ], [ -8.09975999999989, 7.792106000000103 ], [ -8.09744099999989, 7.791576000000134 ], [ -8.096922, 7.792488000000105 ], [ -8.09616, 7.793892 ], [ -8.096064999999896, 7.794962000000169 ], [ -8.096117, 7.795713000000148 ], [ -8.095949, 7.796731 ], [ -8.09535099999988, 7.797342 ], [ -8.094352, 7.797437000000116 ], [ -8.092995, 7.79741300000012 ], [ -8.091811999999891, 7.797646 ], [ -8.091255999999817, 7.79776100000015 ], [ -8.094380973999932, 7.801261012000168 ], [ -8.097506, 7.804761 ], [ -8.099001, 7.806107 ], [ -8.100243, 7.807215 ], [ -8.101912, 7.808267 ], [ -8.103984, 7.808924 ], [ -8.104970999999864, 7.810024000000112 ], [ -8.105443, 7.810699 ], [ -8.107501, 7.814731 ], [ -8.107983, 7.817084 ], [ -8.111254, 7.836627 ], [ -8.111291999999821, 7.837528000000134 ], [ -8.117637999999886, 7.836729000000105 ], [ -8.124602, 7.834988000000124 ], [ -8.1251674909999, 7.841442001000019 ], [ -8.125733, 7.847896000000162 ], [ -8.130102934999968, 7.854099524000105 ], [ -8.134473, 7.860303000000158 ], [ -8.134847, 7.883102 ], [ -8.134847, 7.88311 ], [ -8.129445041999873, 7.886374535000016 ], [ -8.124043, 7.889639 ], [ -8.120183, 7.893342000000189 ], [ -8.118938, 7.894619000000148 ], [ -8.118191, 7.895490000000109 ], [ -8.117960756999935, 7.895932903000073 ], [ -8.114983, 7.901661000000161 ], [ -8.11519, 7.903238000000101 ], [ -8.116186, 7.906807000000185 ], [ -8.11656, 7.907803000000172 ], [ -8.117646, 7.908501000000172 ], [ -8.118012, 7.909463000000187 ], [ -8.117834999999843, 7.913185000000112 ], [ -8.116791, 7.915007 ], [ -8.116524, 7.915327 ], [ -8.116324, 7.915390000000116 ], [ -8.11592899999988, 7.915473 ], [ -8.114332999999874, 7.914373000000182 ], [ -8.112630999999851, 7.91602 ], [ -8.111639, 7.917623000000162 ], [ -8.111347, 7.919481 ], [ -8.113537, 7.921851 ], [ -8.114113, 7.923489 ], [ -8.114432, 7.925778 ], [ -8.114397, 7.92592 ], [ -8.114354, 7.926078000000189 ], [ -8.114299, 7.926248 ], [ -8.113101, 7.927677000000131 ], [ -8.112472, 7.928408 ], [ -8.111973, 7.928888 ], [ -8.111668, 7.92917100000011 ], [ -8.111024, 7.929745 ], [ -8.110251, 7.930073000000164 ], [ -8.11003, 7.930128 ], [ -8.108107, 7.931489 ], [ -8.106783, 7.932689 ], [ -8.106574, 7.932894000000147 ], [ -8.105963, 7.93431100000015 ], [ -8.10586, 7.934793 ], [ -8.105976999999882, 7.935986000000185 ], [ -8.106153, 7.936423000000104 ], [ -8.106281, 7.936761 ], [ -8.106584, 7.937690000000146 ], [ -8.106397999999899, 7.938429 ], [ -8.105997, 7.93995 ], [ -8.104559999999879, 7.941400000000158 ], [ -8.100973999999894, 7.944158 ], [ -8.099972, 7.945017000000121 ], [ -8.095425, 7.949521000000118 ], [ -8.094879, 7.950147000000186 ], [ -8.093852, 7.952246000000116 ], [ -8.092678, 7.956983 ], [ -8.09255, 7.957768000000158 ], [ -8.093351999999868, 7.960477000000139 ], [ -8.093735, 7.963222 ], [ -8.09383, 7.966043 ], [ -8.091284, 7.976572 ], [ -8.090727999999899, 7.977499 ], [ -8.088562, 7.978939 ], [ -8.088273999999899, 7.979062 ], [ -8.08774, 7.979083 ], [ -8.087308999999891, 7.979535000000112 ], [ -8.085739, 7.981346 ], [ -8.084579, 7.983873 ], [ -8.083844, 7.985587000000123 ], [ -8.082849999999837, 7.986865 ], [ -8.082506, 7.987305000000163 ], [ -8.081754, 7.987839000000122 ], [ -8.080536, 7.988930000000153 ], [ -8.080206, 7.992556 ], [ -8.080286, 7.993415000000141 ], [ -8.081028999999887, 7.994316 ], [ -8.080967999999814, 7.995425000000182 ], [ -8.080443999999886, 7.996689000000117 ], [ -8.078053, 8.000437 ], [ -8.077008, 8.001119 ], [ -8.07646, 8.001149 ], [ -8.07605, 8.000875000000121 ], [ -8.075542, 8.000537 ], [ -8.075132, 8.000393 ], [ -8.074313999999845, 8.000435 ], [ -8.070279, 8.000724 ], [ -8.068275999999855, 8.001806 ], [ -8.067769999999825, 8.002698000000123 ], [ -8.067081, 8.005739 ], [ -8.066895999999872, 8.007474 ], [ -8.066899, 8.009169000000156 ], [ -8.066929046999974, 8.011326374000134 ], [ -8.066964, 8.013836 ], [ -8.067941999999846, 8.018593 ], [ -8.06799199999989, 8.020328 ], [ -8.06781999999987, 8.021901 ], [ -8.066592, 8.026456000000167 ], [ -8.06611, 8.027834 ], [ -8.064799, 8.028414000000168 ], [ -8.063139, 8.028450000000134 ], [ -8.062965, 8.028477 ], [ -8.062776999999869, 8.028718 ], [ -8.06216099999989, 8.030460000000176 ], [ -8.062081, 8.030808 ], [ -8.062094, 8.035546000000124 ], [ -8.062201, 8.036028 ], [ -8.062268, 8.036496 ], [ -8.062146999999868, 8.036965000000123 ], [ -8.060702999999876, 8.039321 ], [ -8.060432, 8.039234000000135 ], [ -8.059083, 8.039022000000159 ], [ -8.057978, 8.03905 ], [ -8.055737999999849, 8.039688 ], [ -8.05464, 8.040294 ], [ -8.053984, 8.041157 ], [ -8.053961999999899, 8.04159 ], [ -8.053805, 8.042651 ], [ -8.053513, 8.043178000000125 ], [ -8.053019, 8.043697 ], [ -8.052023, 8.044709000000125 ], [ -8.051727, 8.045005000000117 ], [ -8.050855, 8.045754000000102 ], [ -8.050224, 8.046181000000104 ], [ -8.048619999999858, 8.046533 ], [ -8.047635, 8.046488 ], [ -8.043762, 8.046026 ], [ -8.04122, 8.045613000000174 ], [ -8.040689, 8.04526 ], [ -8.040232, 8.044571 ], [ -8.040018, 8.043744 ], [ -8.038403, 8.041311 ], [ -8.034682, 8.038175 ], [ -8.034196, 8.037783000000161 ], [ -8.03373, 8.037767 ], [ -8.03349999999989, 8.037896000000103 ], [ -8.033355, 8.038319 ], [ -8.033284, 8.038961 ], [ -8.032808, 8.039485000000127 ], [ -8.032018, 8.039808 ], [ -8.031051, 8.039689000000124 ], [ -8.029443, 8.039401 ], [ -8.028237, 8.03892500000012 ], [ -8.026016, 8.037208 ], [ -8.024052, 8.035392 ], [ -8.023771, 8.035285 ], [ -8.023445, 8.035232000000121 ], [ -8.022282, 8.035187000000121 ], [ -8.021783, 8.035285 ], [ -8.021500999999887, 8.035479000000123 ], [ -8.021212999999875, 8.035960000000102 ], [ -8.020931, 8.036327 ], [ -8.020282, 8.036506 ], [ -8.015004, 8.037105000000167 ], [ -8.013585, 8.036637 ], [ -8.012819, 8.036333 ], [ -8.012535, 8.035797000000116 ], [ -8.012519, 8.035160000000189 ], [ -8.012252999999873, 8.03459 ], [ -8.011755999999878, 8.034231 ], [ -8.010715999999888, 8.033989000000133 ], [ -8.009588999999835, 8.033743000000186 ], [ -8.008284, 8.034026000000154 ], [ -8.007558, 8.034214 ], [ -8.006639999999891, 8.034776 ], [ -8.006106, 8.035403 ], [ -8.00612, 8.036046000000113 ], [ -8.006616, 8.036408 ], [ -8.007727, 8.036439000000144 ], [ -8.00947699999989, 8.037265000000104 ], [ -8.009788, 8.037651 ], [ -8.010352999999895, 8.042105000000163 ], [ -8.010094, 8.042929000000129 ], [ -8.009752999999876, 8.043486 ], [ -8.008973, 8.044048 ], [ -8.008392999999899, 8.044205 ], [ -8.005145, 8.044230000000141 ], [ -8.004601, 8.044108000000165 ], [ -8.004208, 8.043793 ], [ -8.00355, 8.042749000000185 ], [ -8.003169, 8.042461000000117 ], [ -8.001012999999887, 8.042812 ], [ -8.00067799999988, 8.042983000000163 ], [ -8.000055, 8.043547000000103 ], [ -7.999415, 8.044164 ], [ -7.998908, 8.045116 ], [ -7.998424999999827, 8.046219 ], [ -7.994473, 8.046783000000175 ], [ -7.992618, 8.042882000000134 ], [ -7.988825, 8.0413420000001 ], [ -7.983891, 8.037936 ], [ -7.982734999999877, 8.036139 ], [ -7.982201, 8.034998 ], [ -7.982270999999855, 8.034833000000106 ], [ -7.984266999999875, 8.032894000000113 ], [ -7.988535, 8.027762 ], [ -7.988718, 8.027412 ], [ -7.988741, 8.026889 ], [ -7.98761, 8.02426400000013 ], [ -7.987327, 8.023981 ], [ -7.986549, 8.023796000000175 ], [ -7.986127, 8.02384 ], [ -7.985755, 8.024188 ], [ -7.985225999999841, 8.024639 ], [ -7.984259, 8.02495 ], [ -7.983418, 8.024971 ], [ -7.982653, 8.024695000000122 ], [ -7.982252, 8.02422700000011 ], [ -7.98204, 8.023853 ], [ -7.981858999999872, 8.023459000000173 ], [ -7.981833, 8.023064000000147 ], [ -7.981878, 8.022619000000134 ], [ -7.982154, 8.022207000000151 ], [ -7.982533, 8.021583 ], [ -7.982632, 8.02032000000014 ], [ -7.981255, 8.017559000000119 ], [ -7.981111999999882, 8.017323000000147 ], [ -7.9809, 8.017136000000107 ], [ -7.980654, 8.01698 ], [ -7.980207, 8.017046000000164 ], [ -7.979529, 8.017287000000181 ], [ -7.97664, 8.019199000000128 ], [ -7.975717, 8.019933 ], [ -7.973967, 8.021345 ], [ -7.972603999999876, 8.022573 ], [ -7.971647, 8.023209 ], [ -7.969572, 8.024053 ], [ -7.96895099999989, 8.024043000000177 ], [ -7.968366999999887, 8.023770000000127 ], [ -7.967917, 8.023294 ], [ -7.967544, 8.022771 ], [ -7.966706, 8.021974 ], [ -7.965393, 8.020960000000173 ], [ -7.964214, 8.020414 ], [ -7.9626, 8.019844 ], [ -7.961405, 8.019682000000103 ], [ -7.960268, 8.01969 ], [ -7.95519899999988, 8.016348000000107 ], [ -7.947297, 8.011766 ], [ -7.94674, 8.011691 ], [ -7.946039999999869, 8.011984 ], [ -7.94558499999988, 8.012469000000181 ], [ -7.944910999999877, 8.013882 ], [ -7.944447, 8.014989000000128 ], [ -7.943345, 8.017687 ], [ -7.944786159999865, 8.020418995000057 ], [ -7.947314, 8.025211000000184 ], [ -7.94839, 8.029204000000163 ], [ -7.949063, 8.033463 ], [ -7.949534, 8.037891 ], [ -7.949514, 8.038371 ], [ -7.948904, 8.040477000000124 ], [ -7.948489999999879, 8.041501 ], [ -7.9481, 8.041954 ], [ -7.946262, 8.04313500000012 ], [ -7.945081, 8.043742 ], [ -7.944655, 8.044366 ], [ -7.944279999999821, 8.045098 ], [ -7.943866, 8.04643300000015 ], [ -7.943524, 8.048513000000128 ], [ -7.943617, 8.048829000000183 ], [ -7.944095, 8.049117 ], [ -7.944477, 8.04922 ], [ -7.944983, 8.049141 ], [ -7.94536, 8.04910800000016 ], [ -7.946258, 8.049393000000123 ], [ -7.951221, 8.051752 ], [ -7.952779, 8.052760000000148 ], [ -7.955825999999888, 8.05359 ], [ -7.956487, 8.052291 ], [ -7.957157999999879, 8.051208 ], [ -7.958387, 8.050884 ], [ -7.958988, 8.050968 ], [ -7.959276999999872, 8.051173000000119 ], [ -7.961643, 8.053457 ], [ -7.96465499999988, 8.062069000000179 ], [ -7.967312999999876, 8.066208000000131 ], [ -7.967490999999882, 8.066378 ], [ -7.967784999999878, 8.066673 ], [ -7.970835, 8.069946000000186 ], [ -7.971178, 8.070725000000152 ], [ -7.972296, 8.073583 ], [ -7.972754, 8.075269 ], [ -7.972729999999842, 8.075795 ], [ -7.972685, 8.076623 ], [ -7.972645999999884, 8.077228000000162 ], [ -7.971123, 8.07721 ], [ -7.970568999999898, 8.077170000000137 ], [ -7.970323999999891, 8.078824 ], [ -7.971833, 8.080821 ], [ -7.974611999999865, 8.086641 ], [ -7.975662, 8.090208000000132 ], [ -7.977463, 8.090008 ], [ -7.983576, 8.090146000000118 ], [ -7.985524999999882, 8.0904460000001 ], [ -7.987095, 8.091329000000144 ], [ -7.992399, 8.095308 ], [ -7.993032, 8.096565000000112 ], [ -7.993137999999874, 8.096994000000109 ], [ -7.993405, 8.098127 ], [ -7.996541, 8.098628000000133 ], [ -7.997874, 8.0979430000001 ], [ -8.001189999999895, 8.095009000000175 ], [ -8.001537, 8.094850000000179 ], [ -8.006777, 8.096057 ], [ -8.007157, 8.097033000000124 ], [ -8.007257, 8.097768 ], [ -8.007334, 8.098895 ], [ -8.009654, 8.101268 ], [ -8.011071, 8.101162000000159 ], [ -8.012385999999879, 8.101037000000133 ], [ -8.012981, 8.102008000000183 ], [ -8.01295, 8.108301 ], [ -8.012574, 8.109365000000139 ], [ -8.008175999999878, 8.119587 ], [ -8.007621, 8.120313 ], [ -8.006788, 8.120987 ], [ -8.00482, 8.122163000000171 ], [ -8.004304999999874, 8.122334 ], [ -8.003195, 8.122169 ], [ -8.003071, 8.121667000000173 ], [ -8.002929999999878, 8.121212000000185 ], [ -8.002792, 8.12117 ], [ -8.000355999999897, 8.120974 ], [ -7.999919, 8.121051 ], [ -7.998784, 8.121581000000162 ], [ -7.998516999999879, 8.121724 ], [ -7.99515, 8.124225 ], [ -7.99492, 8.124431 ], [ -7.994302999999832, 8.125111000000174 ], [ -7.993676999999877, 8.125997000000154 ], [ -7.992654, 8.127782 ], [ -7.992683999999883, 8.128068 ], [ -7.994472, 8.132422 ], [ -7.996209, 8.135175000000118 ], [ -7.995915, 8.143571 ], [ -7.99601, 8.14375200000012 ], [ -7.997129, 8.145085000000108 ], [ -7.997096999999883, 8.149160000000109 ], [ -7.99705699999987, 8.149348 ], [ -7.996527999999898, 8.150185 ], [ -7.995356, 8.151301 ], [ -7.995899999999892, 8.154250000000104 ], [ -7.99658, 8.154768000000161 ], [ -7.997572, 8.155535 ], [ -7.997659, 8.156027 ], [ -7.997633, 8.156284 ], [ -7.997247, 8.158184000000176 ], [ -7.995071, 8.165576 ], [ -7.993748, 8.172962 ], [ -7.993763999999885, 8.173167000000149 ], [ -7.993243, 8.175778 ], [ -7.993198, 8.175926000000175 ], [ -7.990735, 8.180565000000115 ], [ -7.987715, 8.183917 ], [ -7.983951, 8.187144 ], [ -7.982439999999883, 8.189828 ], [ -7.981025999999872, 8.192830000000129 ], [ -7.978890757999864, 8.198493598000141 ], [ -7.979378910999912, 8.199879644000077 ], [ -7.980974811999886, 8.201475545000051 ], [ -7.981845302999886, 8.201584356000069 ], [ -7.986016406999966, 8.200532513000155 ], [ -7.987612306999949, 8.199770833 ], [ -7.99205, 8.197299 ], [ -7.994052, 8.198397000000114 ], [ -7.994568999999899, 8.198517 ], [ -7.996171, 8.19836 ], [ -7.996323, 8.198316 ], [ -7.99734299999983, 8.197805000000187 ], [ -7.997589, 8.197073 ], [ -7.99821, 8.196048 ], [ -7.999588, 8.193817 ], [ -8.001089, 8.192004000000168 ], [ -8.001334, 8.191782000000103 ], [ -8.00276, 8.190886 ], [ -8.004221999999857, 8.19075700000019 ], [ -8.010885999999857, 8.187322 ], [ -8.014162286999863, 8.183013878000054 ], [ -8.014960236999968, 8.181417978000184 ], [ -8.017622435999897, 8.178942818000053 ], [ -8.019867, 8.181959 ], [ -8.020974, 8.183527 ], [ -8.024896, 8.189631000000134 ], [ -8.025621999999828, 8.191614 ], [ -8.025421999999878, 8.191920000000152 ], [ -8.025214999999889, 8.19229300000012 ], [ -8.024873999999841, 8.193007 ], [ -8.024752, 8.193317 ], [ -8.027911, 8.194128 ], [ -8.034691, 8.194630000000188 ], [ -8.035463999999877, 8.192998000000159 ], [ -8.034988, 8.192098000000101 ], [ -8.034411, 8.19021 ], [ -8.033997999999883, 8.18825500000014 ], [ -8.032798, 8.181444 ], [ -8.033523, 8.180477000000167 ], [ -8.035276, 8.18116 ], [ -8.03669, 8.181907 ], [ -8.037583999999868, 8.182475 ], [ -8.038282, 8.182921 ], [ -8.039067, 8.18338000000017 ], [ -8.03965, 8.18334300000015 ], [ -8.039830999999879, 8.183331 ], [ -8.041389, 8.181822 ], [ -8.042045, 8.180446 ], [ -8.042311, 8.179043000000149 ], [ -8.042374999999879, 8.178594000000146 ], [ -8.043740999999841, 8.176117 ], [ -8.044106, 8.175514 ], [ -8.044613, 8.17486700000012 ], [ -8.044773, 8.174663000000123 ], [ -8.050205167999934, 8.174229039000181 ], [ -8.055637323999974, 8.173795006000091 ], [ -8.056197718999954, 8.17118985999997 ], [ -8.053533539999876, 8.161083552000093 ], [ -8.05423, 8.156722000000173 ], [ -8.062297, 8.15713600000015 ], [ -8.067866, 8.157473000000152 ], [ -8.075303, 8.161612000000105 ], [ -8.076141, 8.162362 ], [ -8.077172, 8.165168 ], [ -8.077309999999841, 8.166669 ], [ -8.077555, 8.167174000000102 ], [ -8.082049, 8.171018000000174 ], [ -8.084481999999866, 8.172007000000121 ], [ -8.088584, 8.176595000000134 ], [ -8.089184999999873, 8.177226 ], [ -8.093691, 8.178205000000105 ], [ -8.095367, 8.17767 ], [ -8.098372, 8.179751000000124 ], [ -8.09925, 8.181118 ], [ -8.099919, 8.18184900000017 ], [ -8.100291, 8.181936 ], [ -8.109224, 8.183882000000153 ], [ -8.109899, 8.183749000000148 ], [ -8.110396, 8.183327 ], [ -8.111057, 8.182579000000146 ], [ -8.113796, 8.179956 ], [ -8.114137, 8.179665000000114 ], [ -8.114651, 8.179688 ], [ -8.115958, 8.181504 ], [ -8.116477, 8.182134000000133 ], [ -8.123399, 8.184417000000167 ], [ -8.124934, 8.184956 ], [ -8.130514, 8.187255000000164 ], [ -8.135804478999944, 8.188837035000063 ], [ -8.141095, 8.190419000000134 ], [ -8.141749999999888, 8.190404000000115 ], [ -8.144292999999891, 8.189268 ], [ -8.146397, 8.187923000000183 ], [ -8.147081999999898, 8.187226 ], [ -8.149874999999895, 8.185430000000167 ], [ -8.150889, 8.184862 ], [ -8.151163999999881, 8.184786000000145 ], [ -8.151544, 8.184701 ], [ -8.153058, 8.184506 ], [ -8.155295, 8.184387000000186 ], [ -8.155426, 8.184843 ], [ -8.155791, 8.187133000000188 ], [ -8.157836, 8.187634 ], [ -8.159036, 8.187749000000167 ], [ -8.163444999999854, 8.187653 ], [ -8.164245, 8.185383000000172 ], [ -8.164731999999844, 8.184083000000101 ], [ -8.16485699999987, 8.183788 ], [ -8.166618, 8.183816 ], [ -8.170581, 8.184158 ], [ -8.17360699999989, 8.18483300000014 ], [ -8.174899999999866, 8.186280000000124 ], [ -8.175628, 8.187338000000125 ], [ -8.17589699999985, 8.188059 ], [ -8.176298, 8.189726000000178 ], [ -8.176271999999869, 8.190453000000105 ], [ -8.176412, 8.191229 ], [ -8.177081, 8.193284 ], [ -8.181365, 8.199725 ], [ -8.182171, 8.200754 ], [ -8.183577, 8.201860000000124 ], [ -8.184414, 8.202715000000182 ], [ -8.185049, 8.203910000000121 ], [ -8.185127, 8.205154 ], [ -8.184730999999886, 8.207568 ], [ -8.185866, 8.207316 ], [ -8.188347, 8.206735 ], [ -8.189350999999874, 8.206642 ], [ -8.191962999999816, 8.207726 ], [ -8.193571, 8.210978000000125 ], [ -8.19374, 8.211832 ], [ -8.193784, 8.213295000000187 ], [ -8.193764999999871, 8.213501000000178 ], [ -8.19346, 8.214314000000115 ], [ -8.19399, 8.21473 ], [ -8.195805999999891, 8.215903000000139 ], [ -8.196661, 8.215715 ], [ -8.197673999999836, 8.215218000000107 ], [ -8.198699, 8.214635 ], [ -8.199090999999839, 8.214383000000112 ], [ -8.199323, 8.214232 ], [ -8.201470999999856, 8.213216 ], [ -8.204134999999894, 8.21231 ], [ -8.206327, 8.21712900000017 ], [ -8.206541, 8.218038 ], [ -8.206434999999885, 8.218516 ], [ -8.206206, 8.220247 ], [ -8.205814, 8.223645000000147 ], [ -8.206884999999886, 8.225043 ], [ -8.207949, 8.224732 ], [ -8.213260999999875, 8.226716 ], [ -8.214199, 8.227159000000142 ], [ -8.214831, 8.227728000000127 ], [ -8.215446, 8.228336000000184 ], [ -8.221246, 8.230103000000156 ], [ -8.2238, 8.229677 ], [ -8.226914, 8.229594000000134 ], [ -8.228494999999839, 8.230948 ], [ -8.231321, 8.232774000000177 ], [ -8.23382, 8.232197 ], [ -8.242461, 8.233701000000167 ], [ -8.243448999999885, 8.235372 ], [ -8.24355, 8.236008 ], [ -8.243209, 8.239632 ], [ -8.243153999999834, 8.240015000000142 ], [ -8.242973, 8.24043 ], [ -8.241889, 8.242767000000129 ], [ -8.240812, 8.244927000000132 ], [ -8.242482, 8.247642 ], [ -8.243668, 8.249944 ], [ -8.243753, 8.250386000000105 ], [ -8.243652999999824, 8.250647000000185 ], [ -8.24232499999988, 8.25363700000014 ], [ -8.239501, 8.258478000000139 ], [ -8.23895599999986, 8.259108 ], [ -8.238918603999934, 8.259401518000118 ], [ -8.238731, 8.260874000000115 ], [ -8.239137, 8.2614 ], [ -8.239203, 8.261927 ], [ -8.239198999999871, 8.263297 ], [ -8.238428, 8.267161 ], [ -8.233707, 8.271015 ], [ -8.233343, 8.271266 ], [ -8.233154, 8.271333 ], [ -8.23231, 8.27149 ], [ -8.231485, 8.271418000000153 ], [ -8.231179, 8.271481 ], [ -8.230845, 8.271603 ], [ -8.228689, 8.272411 ], [ -8.222664999999836, 8.275848 ], [ -8.222427, 8.27617 ], [ -8.222679, 8.277996000000144 ], [ -8.222898, 8.278404 ], [ -8.22316, 8.27886500000011 ], [ -8.223790999999892, 8.279258000000141 ], [ -8.223866999999814, 8.279862 ], [ -8.223373, 8.282286 ], [ -8.222895, 8.283548000000167 ], [ -8.222076, 8.284428000000162 ], [ -8.221169, 8.285717 ], [ -8.220655, 8.286565 ], [ -8.219574, 8.288441 ], [ -8.219484, 8.288655000000119 ], [ -8.219288999999833, 8.289359000000104 ], [ -8.217664, 8.296395000000132 ], [ -8.218524, 8.299221 ], [ -8.219851, 8.301696 ], [ -8.221289, 8.303514000000121 ], [ -8.221868, 8.303733000000136 ], [ -8.222621999999831, 8.303835 ], [ -8.223171999999863, 8.304891 ], [ -8.224389, 8.308065000000113 ], [ -8.224209999999857, 8.310868 ], [ -8.224037999999837, 8.311887000000127 ], [ -8.224751999999853, 8.31493300000011 ], [ -8.224964999999884, 8.315789 ], [ -8.225583999999856, 8.31738300000012 ], [ -8.226441, 8.318859 ], [ -8.227395, 8.320371 ], [ -8.227827999999874, 8.320905 ], [ -8.228685, 8.322272 ], [ -8.22878999999989, 8.323119 ], [ -8.228689, 8.323551000000123 ], [ -8.227498, 8.328274000000135 ], [ -8.226465, 8.331397 ], [ -8.225442, 8.33334 ], [ -8.224277, 8.334129000000132 ], [ -8.223281, 8.334694000000184 ], [ -8.222798999999895, 8.335132 ], [ -8.222500999999852, 8.335508 ], [ -8.222181, 8.338561 ], [ -8.222015, 8.341702 ], [ -8.22183, 8.343501 ], [ -8.221251999999879, 8.346258 ], [ -8.22061, 8.348187000000166 ], [ -8.219920999999886, 8.349094 ], [ -8.218997999999829, 8.349908 ], [ -8.217476, 8.352077000000122 ], [ -8.214964999999893, 8.357937 ], [ -8.214964999999893, 8.358161000000109 ], [ -8.215007, 8.359580000000108 ], [ -8.216921999999897, 8.362391000000173 ], [ -8.218113, 8.363137 ], [ -8.218344999999886, 8.363685000000146 ], [ -8.219147, 8.366293 ], [ -8.219873999999834, 8.369929000000184 ], [ -8.220064, 8.372135000000128 ], [ -8.22048, 8.374286 ], [ -8.221131999999898, 8.375157 ], [ -8.222435, 8.376867000000118 ], [ -8.225042, 8.380196 ], [ -8.227104, 8.380740000000117 ], [ -8.228938, 8.382844000000148 ], [ -8.230127999999866, 8.385569 ], [ -8.230168999999876, 8.385969 ], [ -8.230258, 8.387042000000179 ], [ -8.230795999999884, 8.397637 ], [ -8.230624, 8.398813000000132 ], [ -8.230502999999885, 8.399132 ], [ -8.230298999999889, 8.399506 ], [ -8.229369, 8.400095 ], [ -8.228558, 8.400486 ], [ -8.227805, 8.400648000000103 ], [ -8.227475, 8.400669 ], [ -8.226299, 8.401415000000156 ], [ -8.22602, 8.403404 ], [ -8.226809, 8.40454300000016 ], [ -8.231344, 8.410033000000169 ], [ -8.232336, 8.410943000000145 ], [ -8.233468, 8.411729 ], [ -8.23456, 8.412386 ], [ -8.236052, 8.413698000000181 ], [ -8.238012, 8.415615000000173 ], [ -8.236479, 8.417014000000108 ], [ -8.235397, 8.417998000000182 ], [ -8.234793, 8.419025 ], [ -8.23449799999986, 8.419971 ], [ -8.234172999999885, 8.422584 ], [ -8.234479, 8.423301 ], [ -8.234607, 8.423453000000166 ], [ -8.235146, 8.423568 ], [ -8.235463, 8.423612000000162 ], [ -8.235654, 8.423679 ], [ -8.238137, 8.425593000000106 ], [ -8.238567, 8.425987 ], [ -8.239966, 8.427339000000131 ], [ -8.24052799999987, 8.428799 ], [ -8.240963, 8.430809 ], [ -8.240943, 8.431094 ], [ -8.239953999999898, 8.435033 ], [ -8.239949908999847, 8.439954668000041 ], [ -8.239949, 8.441048 ], [ -8.239949868999929, 8.442230592000044 ], [ -8.23995, 8.442409 ], [ -8.239944, 8.442674000000125 ], [ -8.23978499999987, 8.444537 ], [ -8.238466, 8.445806000000118 ], [ -8.237734, 8.44643 ], [ -8.234861, 8.454208 ], [ -8.234613, 8.455161 ], [ -8.234565, 8.455383 ], [ -8.234735, 8.455596000000128 ], [ -8.235065, 8.455883 ], [ -8.235214, 8.455913 ], [ -8.235388, 8.455917 ], [ -8.235774, 8.455882000000145 ], [ -8.236129999999889, 8.456089 ], [ -8.237146, 8.457104000000186 ], [ -8.238034, 8.458799000000113 ], [ -8.238102, 8.459333 ], [ -8.237958999999876, 8.459826 ], [ -8.235981, 8.464282 ], [ -8.235679, 8.464792 ], [ -8.235502999999881, 8.465025 ], [ -8.227248, 8.470743 ], [ -8.227134, 8.470755000000111 ], [ -8.22668, 8.470537 ], [ -8.225427, 8.469101 ], [ -8.225477, 8.468742000000134 ], [ -8.225582, 8.468316 ], [ -8.225726, 8.46803100000011 ], [ -8.22599799999989, 8.467655 ], [ -8.226307, 8.467576000000122 ], [ -8.226566, 8.467739000000108 ], [ -8.226726, 8.467942 ], [ -8.227085999999872, 8.468767 ], [ -8.227511, 8.46890500000012 ], [ -8.227833999999859, 8.468619000000103 ], [ -8.228469, 8.467182 ], [ -8.228498999999886, 8.466958000000147 ], [ -8.227342, 8.464624000000128 ], [ -8.226472, 8.463246 ], [ -8.225914999999873, 8.462639 ], [ -8.225265, 8.461938 ], [ -8.224852, 8.461871 ], [ -8.224771, 8.462029 ], [ -8.224744999999871, 8.462237000000187 ], [ -8.224782, 8.462634000000151 ], [ -8.224855, 8.463271 ], [ -8.224857, 8.463659 ], [ -8.224613, 8.464089000000115 ], [ -8.224243999999828, 8.464243 ], [ -8.223647, 8.464485 ], [ -8.221757, 8.465031 ], [ -8.22062499999987, 8.465077000000122 ], [ -8.219542999999874, 8.464802000000134 ], [ -8.219066, 8.464589000000103 ], [ -8.218704999999829, 8.464423 ], [ -8.218158, 8.464139000000159 ], [ -8.217218999999886, 8.463748000000123 ], [ -8.216217, 8.463508000000161 ], [ -8.215428, 8.463486000000103 ], [ -8.215151, 8.463512000000151 ], [ -8.214668999999844, 8.463671000000147 ], [ -8.214548, 8.464010000000144 ], [ -8.214804999999899, 8.465968000000146 ], [ -8.214916, 8.466177000000187 ], [ -8.215118, 8.466554000000144 ], [ -8.216595, 8.46821400000016 ], [ -8.217692, 8.469210000000146 ], [ -8.218058, 8.469758000000184 ], [ -8.217198, 8.471989 ], [ -8.216848, 8.472733000000119 ], [ -8.216365, 8.473447 ], [ -8.216166999999871, 8.473728 ], [ -8.215859, 8.474099 ], [ -8.215384, 8.474361 ], [ -8.213829, 8.474736000000121 ], [ -8.213399, 8.474736000000121 ], [ -8.212954, 8.474619 ], [ -8.212586999999871, 8.473950000000116 ], [ -8.212239, 8.473617000000104 ], [ -8.21150299999988, 8.473369 ], [ -8.210748, 8.473434 ], [ -8.206366, 8.47566600000016 ], [ -8.205927999999858, 8.476058 ], [ -8.203564, 8.478177 ], [ -8.197664, 8.483578 ], [ -8.194736, 8.487432 ], [ -8.194573, 8.487659 ], [ -8.194335, 8.488402 ], [ -8.19453, 8.489018 ], [ -8.194935999999871, 8.489814 ], [ -8.195162, 8.490322000000106 ], [ -8.195208, 8.490821 ], [ -8.192087, 8.494114000000138 ], [ -8.191327, 8.494614000000126 ], [ -8.190915, 8.494856 ], [ -8.190384999999878, 8.495196000000135 ], [ -8.190029, 8.495437 ], [ -8.187815999999884, 8.499089 ], [ -8.187628, 8.499419000000159 ], [ -8.187572, 8.499737000000152 ], [ -8.187634, 8.499932000000115 ], [ -8.188562999999874, 8.500678 ], [ -8.189064, 8.500696000000119 ], [ -8.189431999999897, 8.50071 ], [ -8.190031, 8.500834000000168 ], [ -8.190264999999897, 8.50111 ], [ -8.190315999999882, 8.501431 ], [ -8.190178999999887, 8.502574 ], [ -8.190083, 8.503014 ], [ -8.189299, 8.505690000000129 ], [ -8.188907, 8.506537 ], [ -8.188505, 8.506828000000155 ], [ -8.188184, 8.506582 ], [ -8.187987, 8.506411000000128 ], [ -8.187282, 8.505951 ], [ -8.186162, 8.505363000000102 ], [ -8.185186999999871, 8.504919 ], [ -8.184893999999872, 8.50481 ], [ -8.184632, 8.504764 ], [ -8.176113, 8.503814 ], [ -8.170556, 8.503470000000107 ], [ -8.169348, 8.50366200000019 ], [ -8.167632, 8.50307 ], [ -8.16735999999986, 8.50278 ], [ -8.167279999999892, 8.501765 ], [ -8.167120999999895, 8.500212 ], [ -8.166770999999869, 8.498954 ], [ -8.163347, 8.493857 ], [ -8.162189, 8.492948000000126 ], [ -8.160292, 8.492542000000128 ], [ -8.159862, 8.492716 ], [ -8.159533999999894, 8.493626 ], [ -8.15868799999987, 8.494782000000157 ], [ -8.158186840999974, 8.495356812000125 ], [ -8.157749, 8.49585900000011 ], [ -8.157104, 8.496106000000111 ], [ -8.148965, 8.495920000000183 ], [ -8.14838, 8.49556 ], [ -8.148362, 8.494738 ], [ -8.148750999999891, 8.494242 ], [ -8.149239, 8.493835000000161 ], [ -8.149606, 8.492982 ], [ -8.150872999999876, 8.487787000000139 ], [ -8.150704, 8.485883000000172 ], [ -8.150407999999857, 8.485037000000148 ], [ -8.146855, 8.48436 ], [ -8.14512, 8.484318 ], [ -8.144232, 8.4844030000001 ], [ -8.144224, 8.484839000000136 ], [ -8.144401, 8.485079 ], [ -8.145204999999862, 8.485756000000151 ], [ -8.14524699999987, 8.48768600000011 ], [ -8.140806, 8.489056000000176 ], [ -8.13765, 8.489587 ], [ -8.137202999999886, 8.489894 ], [ -8.136907, 8.490311 ], [ -8.13666899999987, 8.491137 ], [ -8.136794999999893, 8.492054 ], [ -8.137368, 8.493034000000137 ], [ -8.13769, 8.494396 ], [ -8.13759, 8.495739000000128 ], [ -8.137474, 8.496190000000126 ], [ -8.13713, 8.496504000000186 ], [ -8.135433, 8.496289000000161 ], [ -8.132099, 8.495633 ], [ -8.131721, 8.49542 ], [ -8.131305, 8.494817 ], [ -8.131252, 8.494228 ], [ -8.131197999999813, 8.493505 ], [ -8.130942, 8.491846 ], [ -8.130652, 8.490992000000119 ], [ -8.130075, 8.489990000000148 ], [ -8.129917999999861, 8.489735 ], [ -8.129555, 8.489354000000105 ], [ -8.128735, 8.488681 ], [ -8.120289, 8.485672000000136 ], [ -8.119782, 8.485574 ], [ -8.119274, 8.48576300000019 ], [ -8.118986, 8.486057000000187 ], [ -8.118534, 8.48664 ], [ -8.118283, 8.487421 ], [ -8.118216, 8.487875000000145 ], [ -8.118173999999897, 8.488844 ], [ -8.118039, 8.489162 ], [ -8.117705999999828, 8.489479000000131 ], [ -8.115059, 8.490256000000159 ], [ -8.114121, 8.490152 ], [ -8.111575, 8.489225 ], [ -8.110351, 8.487635000000182 ], [ -8.110764, 8.485091000000182 ], [ -8.110819, 8.483850000000189 ], [ -8.110729, 8.482863 ], [ -8.110557, 8.481523 ], [ -8.110409, 8.480442 ], [ -8.110257999999874, 8.480155 ], [ -8.109889999999893, 8.480048000000181 ], [ -8.109549999999899, 8.480162 ], [ -8.109358, 8.480301000000168 ], [ -8.109192, 8.480596 ], [ -8.109151, 8.480785 ], [ -8.109221999999875, 8.480918 ], [ -8.10962899999987, 8.481653000000108 ], [ -8.109758999999883, 8.48208000000011 ], [ -8.109823, 8.482397 ], [ -8.109784, 8.482735000000105 ], [ -8.109682, 8.483235 ], [ -8.109587, 8.483472000000177 ], [ -8.105113, 8.48655 ], [ -8.103522, 8.485766 ], [ -8.103145, 8.485599 ], [ -8.102419, 8.48550900000015 ], [ -8.101291, 8.485689 ], [ -8.099267999999881, 8.486291000000165 ], [ -8.094343, 8.491413000000136 ], [ -8.09358, 8.49454 ], [ -8.092792, 8.497779000000151 ], [ -8.091532, 8.503285000000119 ], [ -8.090401, 8.508181 ], [ -8.090286, 8.508504 ], [ -8.090105999999878, 8.508778 ], [ -8.089853999999889, 8.509140000000116 ], [ -8.088859, 8.51046 ], [ -8.088457, 8.510849000000121 ], [ -8.088055999999881, 8.510926 ], [ -8.085671, 8.509458000000166 ], [ -8.085459, 8.508922 ], [ -8.085604999999873, 8.508419000000174 ], [ -8.085973, 8.507337000000177 ], [ -8.086194, 8.505849000000126 ], [ -8.085643999999888, 8.504707000000167 ], [ -8.084633, 8.503855 ], [ -8.084356999999898, 8.503641 ], [ -8.083741, 8.503358000000105 ], [ -8.082683, 8.502931000000103 ], [ -8.072563999999886, 8.501062 ], [ -8.069826, 8.501269 ], [ -8.065439, 8.503479 ], [ -8.065309, 8.503667 ], [ -8.065226999999823, 8.503829000000167 ], [ -8.064475, 8.506505 ], [ -8.063957, 8.508441 ], [ -8.063651999999877, 8.509732 ], [ -8.06356, 8.510116 ], [ -8.063306, 8.510710000000188 ], [ -8.062918, 8.511079000000166 ], [ -8.060432, 8.510714000000178 ], [ -8.059333, 8.510503 ], [ -8.059045, 8.509879000000183 ], [ -8.054764, 8.507203 ], [ -8.053494999999884, 8.507330000000138 ], [ -8.050998999999877, 8.507457000000159 ], [ -8.050424, 8.507357 ], [ -8.049941999999817, 8.507118000000162 ], [ -8.048453999999879, 8.505542000000162 ], [ -8.048161999999877, 8.504963 ], [ -8.047955999999886, 8.504212 ], [ -8.047862999999836, 8.503464000000179 ], [ -8.047956999999883, 8.502820000000156 ], [ -8.038146, 8.497956 ], [ -8.03721, 8.497669000000144 ], [ -8.036689, 8.497576 ], [ -8.035855, 8.49743100000012 ], [ -8.031645, 8.496841000000188 ], [ -8.031072, 8.497276000000113 ], [ -8.030461999999886, 8.498072 ], [ -8.029849, 8.498912000000132 ], [ -8.028831, 8.499754000000166 ], [ -8.027666999999894, 8.499993 ], [ -8.018485, 8.501092 ], [ -8.017975, 8.501056 ], [ -8.017369, 8.500208 ], [ -8.01737699999984, 8.499731 ], [ -8.01726699999989, 8.498853 ], [ -8.017111, 8.498322000000144 ], [ -8.015826, 8.496412 ], [ -8.015509999999892, 8.495955 ], [ -8.015298999999857, 8.495654 ], [ -8.014316, 8.494629000000145 ], [ -8.01384899999988, 8.494195000000104 ], [ -8.013306999999884, 8.49377 ], [ -8.012725, 8.493341000000157 ], [ -8.012009999999862, 8.492880000000184 ], [ -8.005452, 8.489917000000162 ], [ -8.004618, 8.489833000000147 ], [ -8.001903, 8.491622000000177 ], [ -8.001565, 8.491845000000183 ], [ -8.001390999999899, 8.492329 ], [ -8.0013, 8.492784 ], [ -8.001837, 8.493887 ], [ -8.002009999999871, 8.494472 ], [ -8.002014999999858, 8.494892 ], [ -8.001839, 8.495928000000106 ], [ -8.001383, 8.496871000000169 ], [ -8.000793, 8.496986000000106 ], [ -7.990296, 8.491682 ], [ -7.989239, 8.491128000000174 ], [ -7.98834, 8.490265 ], [ -7.983196, 8.489500000000135 ], [ -7.976363999999876, 8.489099000000181 ], [ -7.975161999999898, 8.489492000000155 ], [ -7.975022999999851, 8.489893000000109 ], [ -7.975297, 8.490343 ], [ -7.976251, 8.492868000000101 ], [ -7.977461, 8.500130000000183 ], [ -7.977244, 8.501141000000132 ], [ -7.976521999999875, 8.502375000000143 ], [ -7.976064999999892, 8.502757 ], [ -7.975314, 8.502508 ], [ -7.97455, 8.502003 ], [ -7.973941999999852, 8.501402 ], [ -7.970246, 8.500392 ], [ -7.969756, 8.500306 ], [ -7.969204, 8.500304 ], [ -7.968885, 8.500481 ], [ -7.966904999999883, 8.50354 ], [ -7.965424, 8.50576500000011 ], [ -7.964373, 8.50664 ], [ -7.964007, 8.50672 ], [ -7.963669, 8.506443000000104 ], [ -7.963796, 8.505973 ], [ -7.96406, 8.505094 ], [ -7.964053, 8.504535000000146 ], [ -7.963569999999891, 8.503577000000121 ], [ -7.963114, 8.502812 ], [ -7.961204999999893, 8.499866000000168 ], [ -7.960753, 8.499200000000144 ], [ -7.958066, 8.496552 ], [ -7.957278, 8.496017 ], [ -7.956926, 8.495971000000111 ], [ -7.956762, 8.496062 ], [ -7.956643, 8.496446 ], [ -7.956482999999821, 8.497625 ], [ -7.956631, 8.498807000000113 ], [ -7.95645, 8.499387000000183 ], [ -7.956265, 8.499780000000158 ], [ -7.955912999999896, 8.500387000000103 ], [ -7.955671, 8.500611 ], [ -7.955379, 8.500699000000168 ], [ -7.952734, 8.500697 ], [ -7.950147, 8.499643 ], [ -7.946399999999812, 8.498576 ], [ -7.945732, 8.498705 ], [ -7.944961, 8.4994 ], [ -7.944242, 8.500592 ], [ -7.943609, 8.501771 ], [ -7.938159999999868, 8.504283 ], [ -7.93718, 8.504714 ], [ -7.936277, 8.50520900000015 ], [ -7.935388, 8.506036000000165 ], [ -7.934567, 8.506988 ], [ -7.934357, 8.507651 ], [ -7.934057, 8.508603000000107 ], [ -7.933701999999869, 8.509291000000189 ], [ -7.93314, 8.509671 ], [ -7.931348, 8.509843 ], [ -7.930958, 8.509474 ], [ -7.92992, 8.505786 ], [ -7.929152, 8.502811000000122 ], [ -7.928494999999828, 8.501462 ], [ -7.927077999999824, 8.499005000000182 ], [ -7.918557, 8.493598 ], [ -7.918114, 8.493453000000159 ], [ -7.916828, 8.493757 ], [ -7.915797999999882, 8.494071000000133 ], [ -7.91528, 8.494311 ], [ -7.914638, 8.494232000000125 ], [ -7.913507, 8.494006 ], [ -7.90807, 8.491245000000106 ], [ -7.907843999999898, 8.49097300000011 ], [ -7.907889999999895, 8.490508 ], [ -7.908488, 8.488832000000116 ], [ -7.909249, 8.487399 ], [ -7.909863, 8.486639 ], [ -7.910553999999877, 8.486467000000175 ], [ -7.912380999999868, 8.487341000000185 ], [ -7.914406, 8.488183 ], [ -7.91587, 8.48869 ], [ -7.917624999999873, 8.488942000000122 ], [ -7.918134999999893, 8.488775 ], [ -7.92018, 8.486862 ], [ -7.920702, 8.486189 ], [ -7.920744, 8.485732 ], [ -7.920442, 8.485381000000189 ], [ -7.91931, 8.485139 ], [ -7.918748999999821, 8.485167 ], [ -7.918666, 8.485430000000179 ], [ -7.918422999999848, 8.486157000000105 ], [ -7.917726, 8.486881000000153 ], [ -7.916644, 8.487182000000189 ], [ -7.915363, 8.486914 ], [ -7.914797999999848, 8.486282000000131 ], [ -7.914741, 8.484201 ], [ -7.914562, 8.481402000000116 ], [ -7.91396, 8.480343 ], [ -7.907547, 8.469363 ], [ -7.906488, 8.462847000000181 ], [ -7.90654899999987, 8.462306000000183 ], [ -7.907118, 8.461878000000127 ], [ -7.908643, 8.461908000000108 ], [ -7.909535, 8.462042 ], [ -7.910168, 8.462311 ], [ -7.9105, 8.462806000000171 ], [ -7.910684999999887, 8.463486000000103 ], [ -7.910789, 8.464383000000112 ], [ -7.910564, 8.465235 ], [ -7.91032, 8.465888 ], [ -7.910013999999876, 8.466458 ], [ -7.909847, 8.467172000000119 ], [ -7.909897, 8.467812 ], [ -7.910249, 8.469282 ], [ -7.910569, 8.470424 ], [ -7.910927, 8.471241 ], [ -7.911693, 8.471467000000189 ], [ -7.912815, 8.471329000000139 ], [ -7.913393, 8.470858 ], [ -7.917927, 8.464645 ], [ -7.918148, 8.464333 ], [ -7.918307, 8.463842000000113 ], [ -7.919574, 8.458848 ], [ -7.920152, 8.454734 ], [ -7.919297, 8.453157 ], [ -7.91511, 8.452978 ], [ -7.914201, 8.453205 ], [ -7.910309, 8.454626000000133 ], [ -7.906897999999899, 8.455823 ], [ -7.906013999999857, 8.455621 ], [ -7.905644999999879, 8.45526800000016 ], [ -7.904507, 8.45394 ], [ -7.904339999999877, 8.453615000000184 ], [ -7.906467999999848, 8.444493 ], [ -7.906844, 8.443708 ], [ -7.9073, 8.44307 ], [ -7.907697, 8.442611 ], [ -7.908083, 8.442178000000126 ], [ -7.908695, 8.441377000000102 ], [ -7.90874, 8.440729000000147 ], [ -7.908492, 8.440356000000179 ], [ -7.907791, 8.440160000000105 ], [ -7.906526, 8.439931 ], [ -7.90575699999988, 8.439794 ], [ -7.905187999999896, 8.439724000000126 ], [ -7.904335, 8.440146 ], [ -7.903418999999815, 8.440679000000102 ], [ -7.903207, 8.441293 ], [ -7.902771, 8.44144400000016 ], [ -7.899590999999873, 8.442489 ], [ -7.897409, 8.441965 ], [ -7.896517, 8.441084 ], [ -7.895862, 8.440250000000106 ], [ -7.895326, 8.439727000000175 ], [ -7.891593999999827, 8.436655 ], [ -7.890835, 8.43634 ], [ -7.887754, 8.435901000000172 ], [ -7.887275999999872, 8.435981 ], [ -7.885534, 8.437122000000102 ], [ -7.884593, 8.438000000000102 ], [ -7.883857999999861, 8.439327000000105 ], [ -7.880913, 8.441956 ], [ -7.880285999999899, 8.442169 ], [ -7.879605, 8.442126 ], [ -7.879151999999863, 8.441852000000154 ], [ -7.878992, 8.441440000000171 ], [ -7.879177, 8.441025000000138 ], [ -7.879449, 8.440866 ], [ -7.879883, 8.440897000000177 ], [ -7.880616, 8.440878 ], [ -7.881028999999899, 8.440757000000133 ], [ -7.881269, 8.440633 ], [ -7.881422, 8.44046 ], [ -7.881614, 8.440205000000105 ], [ -7.881718, 8.439797000000112 ], [ -7.881681, 8.4394640000001 ], [ -7.881118, 8.437493 ], [ -7.880701, 8.436632 ], [ -7.880317999999875, 8.435987000000182 ], [ -7.880087, 8.435561000000121 ], [ -7.879655999999898, 8.43445 ], [ -7.879727999999886, 8.433626 ], [ -7.879989, 8.432771000000173 ], [ -7.880924, 8.429101000000117 ], [ -7.881738, 8.424674 ], [ -7.881690999999876, 8.423562000000118 ], [ -7.881538, 8.422193000000163 ], [ -7.881451, 8.421718000000112 ], [ -7.881220999999812, 8.420848 ], [ -7.880821, 8.420557 ], [ -7.880459, 8.420469 ], [ -7.87961399999989, 8.420625 ], [ -7.879224, 8.420793000000174 ], [ -7.878717, 8.421048 ], [ -7.878351, 8.421233000000143 ], [ -7.877856999999892, 8.421986000000118 ], [ -7.877628, 8.423077000000148 ], [ -7.877629, 8.42389100000014 ], [ -7.877444, 8.424956000000179 ], [ -7.877258, 8.425766 ], [ -7.876943999999867, 8.426717 ], [ -7.876552, 8.427308 ], [ -7.876417, 8.427509 ], [ -7.875990999999885, 8.427656 ], [ -7.874929, 8.427687000000162 ], [ -7.874638, 8.427634 ], [ -7.874204, 8.42738 ], [ -7.874133, 8.426806000000113 ], [ -7.873933, 8.42644300000012 ], [ -7.873736999999892, 8.426238000000183 ], [ -7.873095, 8.425865 ], [ -7.872302, 8.425474 ], [ -7.86693, 8.423299 ], [ -7.866227, 8.42322 ], [ -7.864755, 8.424382 ], [ -7.864345, 8.42481800000013 ], [ -7.864032999999893, 8.425070000000176 ], [ -7.863624, 8.425389000000109 ], [ -7.862974, 8.425773000000106 ], [ -7.86261, 8.425936 ], [ -7.860805, 8.426577000000179 ], [ -7.859952, 8.426796 ], [ -7.858961, 8.426798000000133 ], [ -7.85842, 8.426426000000106 ], [ -7.855746999999894, 8.426807 ], [ -7.853964, 8.428536 ], [ -7.852348, 8.429871 ], [ -7.850763, 8.430616 ], [ -7.850072999999838, 8.43060000000014 ], [ -7.849807, 8.430066000000181 ], [ -7.849598, 8.429067000000146 ], [ -7.848884, 8.428108000000179 ], [ -7.845833, 8.426746 ], [ -7.844335999999885, 8.42656600000015 ], [ -7.838303, 8.426507 ], [ -7.838027, 8.426752 ], [ -7.837911, 8.426868 ], [ -7.837705, 8.427188000000115 ], [ -7.833072, 8.434054000000117 ], [ -7.831627999999853, 8.435189 ], [ -7.823603, 8.442839000000106 ], [ -7.823177999999871, 8.443343 ], [ -7.822344999999871, 8.446459000000118 ], [ -7.822531, 8.446889000000169 ], [ -7.822844, 8.447209 ], [ -7.823354, 8.447239 ], [ -7.823943, 8.446940000000154 ], [ -7.825052, 8.446441 ], [ -7.825506, 8.446337 ], [ -7.826221, 8.446289 ], [ -7.826971999999898, 8.446379 ], [ -7.827467999999897, 8.446576 ], [ -7.828282, 8.447276 ], [ -7.828502999999898, 8.447517000000119 ], [ -7.828658, 8.44806 ], [ -7.828583, 8.448685000000125 ], [ -7.82787599999989, 8.452647000000184 ], [ -7.82616599999983, 8.457548000000145 ], [ -7.827021, 8.45924 ], [ -7.827413, 8.459180000000174 ], [ -7.827811, 8.459215 ], [ -7.828106, 8.459329 ], [ -7.828458999999839, 8.459773 ], [ -7.830351, 8.462396000000183 ], [ -7.830657, 8.46316400000012 ], [ -7.831242, 8.465584000000149 ], [ -7.831598, 8.467321 ], [ -7.831805, 8.467892000000177 ], [ -7.833206, 8.469563 ], [ -7.83449899999988, 8.470778 ], [ -7.835256, 8.47234200000014 ], [ -7.835346999999899, 8.473404 ], [ -7.834249999999884, 8.474169000000131 ], [ -7.833354, 8.474551000000133 ], [ -7.831939, 8.474975 ], [ -7.83081, 8.475274 ], [ -7.829141, 8.475266 ], [ -7.828604, 8.475611 ], [ -7.827414, 8.479617 ], [ -7.827212999999858, 8.480585 ], [ -7.827271, 8.481304 ], [ -7.828507999999886, 8.482225 ], [ -7.829376999999852, 8.482943 ], [ -7.829873, 8.483726 ], [ -7.829844, 8.484246 ], [ -7.827165, 8.494094 ], [ -7.826909, 8.494767 ], [ -7.826473, 8.49533300000013 ], [ -7.825814, 8.495486000000142 ], [ -7.820562, 8.494687000000113 ], [ -7.818916999999828, 8.494116000000133 ], [ -7.818006999999852, 8.493646000000126 ], [ -7.814508999999873, 8.489926 ], [ -7.813959, 8.488898 ], [ -7.813731, 8.488029 ], [ -7.813653, 8.486374000000126 ], [ -7.813697, 8.485752000000161 ], [ -7.813877999999875, 8.485276 ], [ -7.813749, 8.484951000000137 ], [ -7.81346399999984, 8.484622000000115 ], [ -7.813241, 8.484416000000124 ], [ -7.812904, 8.484272 ], [ -7.811802999999884, 8.483991000000117 ], [ -7.809251, 8.483852000000184 ], [ -7.807495, 8.484244000000103 ], [ -7.805629, 8.485401 ], [ -7.804404, 8.486339 ], [ -7.802293, 8.487545000000182 ], [ -7.801497, 8.487725000000182 ], [ -7.800695, 8.487473 ], [ -7.799239, 8.486848 ], [ -7.798537, 8.486385000000155 ], [ -7.798199, 8.48558700000018 ], [ -7.797958, 8.484506 ], [ -7.797904, 8.48347600000011 ], [ -7.79786, 8.482364000000132 ], [ -7.797622, 8.481591000000151 ], [ -7.797378, 8.480802 ], [ -7.797055999999884, 8.480168000000162 ], [ -7.795564999999897, 8.477874 ], [ -7.794994, 8.477184 ], [ -7.794113, 8.47647 ], [ -7.792781, 8.475875 ], [ -7.791749, 8.475863000000118 ], [ -7.791295, 8.476208 ], [ -7.79081699999989, 8.476531 ], [ -7.78977, 8.476627000000121 ], [ -7.788988, 8.476519 ], [ -7.786286, 8.474836 ], [ -7.786158, 8.474563 ], [ -7.785712, 8.473304000000155 ], [ -7.78336499999989, 8.467241000000115 ], [ -7.783174, 8.466768 ], [ -7.782145999999841, 8.465896 ], [ -7.779492999999889, 8.460252 ], [ -7.779506, 8.45888 ], [ -7.777998, 8.450603000000172 ], [ -7.77414, 8.444033000000104 ], [ -7.773697, 8.443324 ], [ -7.771304, 8.439644 ], [ -7.768144, 8.436009 ], [ -7.765038999999888, 8.430108000000132 ], [ -7.763319, 8.426013 ], [ -7.763255, 8.425753 ], [ -7.763357999999869, 8.4255 ], [ -7.763993, 8.424317 ], [ -7.764457, 8.423132 ], [ -7.764513, 8.422653 ], [ -7.764065, 8.421141 ], [ -7.763847, 8.420465 ], [ -7.763462, 8.419872000000169 ], [ -7.763186, 8.419524000000138 ], [ -7.762416, 8.418775000000153 ], [ -7.760946999999874, 8.418446000000131 ], [ -7.759772, 8.41738 ], [ -7.759062, 8.416144 ], [ -7.755871, 8.409221000000116 ], [ -7.755666, 8.408451000000184 ], [ -7.755715, 8.407854 ], [ -7.75637399999988, 8.406608000000119 ], [ -7.757217, 8.405162000000189 ], [ -7.757454999999879, 8.404306 ], [ -7.756428, 8.39818200000019 ], [ -7.756163, 8.39765 ], [ -7.753533999999888, 8.394470000000183 ], [ -7.749598, 8.389872 ], [ -7.748272, 8.386265 ], [ -7.747548, 8.385004000000151 ], [ -7.746269, 8.383302000000185 ], [ -7.745689, 8.382614000000103 ], [ -7.742133, 8.378456000000142 ], [ -7.741242999999827, 8.377628 ], [ -7.740494999999839, 8.377471000000185 ], [ -7.737465705999909, 8.37820309000017 ], [ -7.735752999999875, 8.378617000000133 ], [ -7.735315, 8.378783 ], [ -7.734920999999872, 8.379149 ], [ -7.733946, 8.379721000000188 ], [ -7.723149, 8.380825 ], [ -7.718884999999887, 8.380911 ], [ -7.716380999999842, 8.380576 ], [ -7.703559999999868, 8.377900000000125 ], [ -7.702482, 8.377555 ], [ -7.701887999999883, 8.377074 ], [ -7.70172, 8.376739 ], [ -7.698948, 8.375431000000162 ], [ -7.697554, 8.374944 ], [ -7.689328, 8.378368000000137 ], [ -7.68737, 8.379569 ], [ -7.686942999999872, 8.379623 ], [ -7.68659, 8.379577 ], [ -7.685127, 8.379171000000156 ], [ -7.684819999999888, 8.378939000000116 ], [ -7.684542, 8.378704 ], [ -7.683975, 8.378138000000149 ], [ -7.683268999999882, 8.377062 ], [ -7.682792, 8.376163000000133 ], [ -7.682235999999875, 8.375503 ], [ -7.68183, 8.375192 ], [ -7.680914, 8.375211 ], [ -7.67547999999988, 8.376335000000154 ], [ -7.675135, 8.376439 ], [ -7.674607, 8.37672600000019 ], [ -7.672701, 8.377836000000173 ], [ -7.67179, 8.378510000000176 ], [ -7.671569, 8.378835 ], [ -7.67085, 8.380348 ], [ -7.670801, 8.380894 ], [ -7.670886, 8.381034000000113 ], [ -7.669889, 8.381759 ], [ -7.665433, 8.382801000000143 ], [ -7.665074999999888, 8.382876000000124 ], [ -7.664783999999884, 8.382729 ], [ -7.664594, 8.382575 ], [ -7.663918, 8.381639 ], [ -7.661183, 8.377677000000176 ], [ -7.660472, 8.376127000000167 ], [ -7.660318, 8.375749000000155 ], [ -7.660184, 8.374972000000184 ], [ -7.660223, 8.374600000000157 ], [ -7.660175, 8.37426100000016 ], [ -7.660096, 8.373952 ], [ -7.659889, 8.373731 ], [ -7.65882299999987, 8.373284000000126 ], [ -7.6559, 8.373735000000124 ], [ -7.654839, 8.37394 ], [ -7.653991999999846, 8.37462 ], [ -7.653479, 8.375272000000109 ], [ -7.653205, 8.375642 ], [ -7.653042, 8.375861 ], [ -7.652728, 8.376240000000109 ], [ -7.650831999999866, 8.37746600000014 ], [ -7.6503, 8.377719 ], [ -7.649455999999873, 8.377801000000147 ], [ -7.648512, 8.377802 ], [ -7.648041999999862, 8.377322000000106 ], [ -7.647666, 8.376934000000176 ], [ -7.646069, 8.375642 ], [ -7.644752999999866, 8.37488100000013 ], [ -7.643437, 8.374826 ], [ -7.640292999999872, 8.375116 ], [ -7.639829, 8.37529 ], [ -7.638459999999895, 8.376052000000186 ], [ -7.63825, 8.37628100000012 ], [ -7.638129999999876, 8.376552000000174 ], [ -7.637862, 8.377278 ], [ -7.637853, 8.377816000000109 ], [ -7.637887540999884, 8.378192303999981 ], [ -7.638079999999832, 8.380289000000118 ], [ -7.638352, 8.380496 ], [ -7.639559, 8.380483 ], [ -7.640421999999887, 8.38058 ], [ -7.643468, 8.382352 ], [ -7.645751, 8.384159 ], [ -7.646347, 8.384827 ], [ -7.647962999999891, 8.387329000000136 ], [ -7.648166999999887, 8.388193 ], [ -7.649352, 8.394704000000161 ], [ -7.649661, 8.396669 ], [ -7.649369, 8.397245000000112 ], [ -7.649199999999837, 8.397821000000135 ], [ -7.649012, 8.398676 ], [ -7.649354, 8.400875 ], [ -7.649799, 8.401648 ], [ -7.650982, 8.402693 ], [ -7.655366999999842, 8.405728000000124 ], [ -7.659886, 8.408241 ], [ -7.663219, 8.411621000000139 ], [ -7.664003, 8.413404 ], [ -7.667548, 8.419044 ], [ -7.67013, 8.422352 ], [ -7.672268, 8.425217 ], [ -7.673532, 8.427536 ], [ -7.67433, 8.429918 ], [ -7.676433, 8.43727900000016 ], [ -7.677529999999877, 8.441208000000131 ], [ -7.676483999999846, 8.441609000000142 ], [ -7.675721, 8.442006000000106 ], [ -7.673808, 8.443198000000166 ], [ -7.673666, 8.443327000000181 ], [ -7.673403999999891, 8.443613 ], [ -7.672595, 8.445116 ], [ -7.67163, 8.44693100000012 ], [ -7.671324, 8.447864 ], [ -7.670586, 8.450377000000117 ], [ -7.670744999999897, 8.451457000000119 ], [ -7.673134, 8.46399300000013 ], [ -7.673428, 8.464671000000124 ], [ -7.674069999999858, 8.465398 ], [ -7.674459, 8.465821 ], [ -7.674404, 8.466289 ], [ -7.673876, 8.46703 ], [ -7.673277999999868, 8.467683 ], [ -7.671148, 8.469793 ], [ -7.670522, 8.470025 ], [ -7.66870299999988, 8.470337000000143 ], [ -7.668605, 8.469792000000155 ], [ -7.668261, 8.469612 ], [ -7.667937, 8.469647 ], [ -7.665691, 8.470586000000139 ], [ -7.665190999999822, 8.47089300000016 ], [ -7.66406899999987, 8.472761000000162 ], [ -7.662706999999898, 8.477085000000159 ], [ -7.663052, 8.47876 ], [ -7.663375, 8.479899000000103 ], [ -7.664021, 8.484064000000103 ], [ -7.663712, 8.485944 ], [ -7.661993999999879, 8.491579000000172 ], [ -7.661689, 8.492535 ], [ -7.661299, 8.493727 ], [ -7.660809, 8.494673 ], [ -7.659928, 8.49524700000012 ], [ -7.658928, 8.496617000000128 ], [ -7.659179, 8.49871 ], [ -7.660747952999884, 8.507061130000068 ], [ -7.663629192999906, 8.509512825000172 ], [ -7.666496970999958, 8.510781792999978 ], [ -7.667345396999906, 8.51219168 ], [ -7.671834590999822, 8.520068692000052 ], [ -7.675242011999842, 8.526892995000082 ], [ -7.677437072999908, 8.531194878000122 ], [ -7.67963218299991, 8.535496747000138 ], [ -7.683106001999931, 8.540966036000157 ], [ -7.686579919999929, 8.546435292000069 ], [ -7.690053936999959, 8.55190451600015 ], [ -7.689816478999944, 8.558584435000114 ], [ -7.690225595999948, 8.565892132000045 ], [ -7.686895634999928, 8.57218579400012 ], [ -7.683565564999924, 8.578479425000126 ], [ -7.680235384999889, 8.584773025 ], [ -7.677138716999934, 8.590391078999971 ], [ -7.674041957999918, 8.5960091070001 ], [ -7.670945106999852, 8.601627108000173 ], [ -7.669962814999849, 8.603214107000099 ], [ -7.670038376999969, 8.609183738000127 ], [ -7.666789222999967, 8.615152707000107 ], [ -7.663917880999975, 8.615983909000136 ], [ -7.662784462999923, 8.617797611000071 ], [ -7.664975743999946, 8.619308822000164 ], [ -7.668527144999871, 8.622935827000163 ], [ -7.679483577999974, 8.635479054000143 ], [ -7.682203797999875, 8.638728250000042 ], [ -7.684697325999934, 8.643488706000085 ], [ -7.685528504999979, 8.646133227000178 ], [ -7.689912368999956, 8.651342061000037 ], [ -7.692725692999943, 8.651775776000079 ], [ -7.698824661999936, 8.654663675000052 ], [ -7.699624731999961, 8.657791482000107 ], [ -7.700802334999935, 8.660370387000057 ], [ -7.703025704999959, 8.664107542000124 ], [ -7.703829902999928, 8.664627905000089 ], [ -7.708040115999893, 8.66420215300019 ], [ -7.709514400999865, 8.663770434000071 ], [ -7.712878235999938, 8.666690589000041 ], [ -7.713111565999952, 8.672204358000158 ], [ -7.713114539999935, 8.676864881000029 ], [ -7.714105398999948, 8.68028539900007 ], [ -7.71542974099998, 8.681690116000027 ], [ -7.717831320999949, 8.683674257000177 ], [ -7.721791990999975, 8.686705134000022 ], [ -7.729970537999975, 8.69453898 ], [ -7.729780495999876, 8.69868290800008 ], [ -7.729579414999932, 8.701880332000087 ], [ -7.73091097899993, 8.703876484999967 ], [ -7.734015831999955, 8.704906129000108 ], [ -7.739999328999943, 8.708031407000021 ], [ -7.742635327999892, 8.70965732000019 ], [ -7.744938710999975, 8.713417828000104 ], [ -7.747861699999874, 8.719300427 ], [ -7.755171666999956, 8.718742239000051 ], [ -7.757349218999934, 8.722515424000051 ], [ -7.764495364999959, 8.724718863000021 ], [ -7.772132873999908, 8.72678690000015 ], [ -7.778911207999954, 8.729589041000111 ], [ -7.772184692999929, 8.744460368000148 ], [ -7.768990901999928, 8.748499794000054 ], [ -7.767763877999926, 8.749402017000023 ], [ -7.767511255999977, 8.752361309000094 ], [ -7.768035021999879, 8.753339882000148 ], [ -7.768810456999915, 8.754021400000056 ], [ -7.769366446999925, 8.754189441 ], [ -7.770037480999918, 8.754165756000077 ], [ -7.770738301999927, 8.753116247000037 ], [ -7.771336681999969, 8.753010910000114 ], [ -7.771914104999951, 8.753480066 ], [ -7.773718551999934, 8.755212335000067 ], [ -7.774079440999969, 8.755681491000189 ], [ -7.774115529999904, 8.756258913000181 ], [ -7.773826817999918, 8.756836336000049 ], [ -7.77317721799983, 8.757413759000144 ], [ -7.772708061999936, 8.757882915000096 ], [ -7.772085464999918, 8.759040529000117 ], [ -7.772274993999872, 8.759723451000127 ], [ -7.772924594999893, 8.760300873000119 ], [ -7.774548596999978, 8.761347452000109 ], [ -7.775306463999868, 8.761563986000112 ], [ -7.776064331999976, 8.761672253000086 ], [ -7.776605665999909, 8.76160007500016 ], [ -7.777100250999979, 8.761425515999974 ], [ -7.777435710999839, 8.761022652000065 ], [ -7.777832688999979, 8.761167008000086 ], [ -7.77786877799997, 8.761672253000086 ], [ -7.777940955999895, 8.763079721000167 ], [ -7.777940955999895, 8.764090211000109 ], [ -7.776930465999953, 8.765136790000099 ], [ -7.776028242999928, 8.766039013000068 ], [ -7.77451250799993, 8.766941236000036 ], [ -7.774151961999905, 8.767482489000145 ], [ -7.774801218999926, 8.771668886000043 ], [ -7.775234286999932, 8.772174130999986 ], [ -7.77786877799997, 8.773220710000032 ], [ -7.778987534999885, 8.773545510000076 ], [ -7.783823451999979, 8.774628178000114 ], [ -7.784509140999944, 8.774411645000043 ], [ -7.785555719999877, 8.772498931000086 ], [ -7.786097053999981, 8.770441862000098 ], [ -7.785916608999969, 8.768420882000044 ], [ -7.786602298999981, 8.767446480999979 ], [ -7.791424, 8.765713000000176 ], [ -7.793111999999894, 8.7652700000001 ], [ -7.793433999999877, 8.765342 ], [ -7.793968, 8.765627000000165 ], [ -7.795300999999824, 8.766246 ], [ -7.797537, 8.767231 ], [ -7.798462, 8.767046000000164 ], [ -7.79936, 8.766818000000114 ], [ -7.80045, 8.76651100000015 ], [ -7.800741, 8.766398 ], [ -7.800983, 8.766403 ], [ -7.805923, 8.767011000000139 ], [ -7.80655, 8.767095000000154 ], [ -7.80744, 8.767504 ], [ -7.80825, 8.76800500000013 ], [ -7.808786, 8.768213000000117 ], [ -7.809339, 8.768196000000103 ], [ -7.816562, 8.766415 ], [ -7.817043, 8.766019 ], [ -7.817775, 8.763952000000131 ], [ -7.822119, 8.759481 ], [ -7.826428, 8.759219 ], [ -7.827098, 8.759190000000103 ], [ -7.833083999999872, 8.759335 ], [ -7.833184, 8.760718 ], [ -7.833141, 8.761417 ], [ -7.832191, 8.762808000000177 ], [ -7.831763, 8.763397 ], [ -7.831136999999899, 8.765215000000182 ], [ -7.830638, 8.766762000000142 ], [ -7.830733, 8.76857600000011 ], [ -7.835182, 8.771879000000183 ], [ -7.835524, 8.772028 ], [ -7.837257, 8.77221800000018 ], [ -7.837895, 8.772278 ], [ -7.841778, 8.772979 ], [ -7.845413999999892, 8.773734 ], [ -7.846219, 8.77423 ], [ -7.846937, 8.774709 ], [ -7.847954999999899, 8.775619 ], [ -7.859683, 8.773736 ], [ -7.863163, 8.774599 ], [ -7.863777, 8.775846000000172 ], [ -7.864529999999888, 8.779118000000153 ], [ -7.864061, 8.779873000000123 ], [ -7.863255, 8.779896 ], [ -7.8692, 8.788876000000187 ], [ -7.869434, 8.789041000000168 ], [ -7.871086, 8.789789 ], [ -7.877295, 8.791417000000138 ], [ -7.881351999999879, 8.789904000000149 ], [ -7.889623, 8.787871000000166 ], [ -7.890898999999877, 8.788036000000147 ], [ -7.893289, 8.788891 ], [ -7.89386, 8.789414000000136 ], [ -7.896277, 8.784534000000122 ], [ -7.897015999999894, 8.781313 ], [ -7.897501, 8.780622000000108 ], [ -7.89804, 8.780111 ], [ -7.899792, 8.778565 ], [ -7.901347999999871, 8.777758 ], [ -7.9023, 8.777796 ], [ -7.907528, 8.77638300000018 ], [ -7.912655, 8.774835000000166 ], [ -7.920477, 8.774769 ], [ -7.923173, 8.774996000000158 ], [ -7.925604, 8.775216 ], [ -7.93153999999987, 8.776612000000114 ], [ -7.932859, 8.777636 ], [ -7.935432, 8.780682 ], [ -7.940712, 8.785750000000178 ], [ -7.943067, 8.785417000000166 ], [ -7.943709999999896, 8.785512 ], [ -7.944376, 8.785702000000128 ], [ -7.944804, 8.785917000000154 ], [ -7.948614, 8.788675 ], [ -7.949568999999826, 8.790247000000136 ], [ -7.950322, 8.793824000000143 ], [ -7.949603, 8.794139 ], [ -7.949151, 8.794873 ], [ -7.948982, 8.795742 ], [ -7.948849, 8.796672 ], [ -7.948714, 8.797876 ], [ -7.948992, 8.80267600000019 ], [ -7.949385, 8.803718 ], [ -7.950152, 8.805547 ], [ -7.951893, 8.809368000000177 ], [ -7.954221, 8.811472 ], [ -7.956397, 8.812582 ], [ -7.958741999999859, 8.814446 ], [ -7.958549490999928, 8.817740907000086 ], [ -7.956436335999967, 8.822427876 ], [ -7.954301369999939, 8.824866466000174 ], [ -7.95502876799992, 8.833724253000071 ], [ -7.955756200999815, 8.842582034000088 ], [ -7.955847, 8.844918000000121 ], [ -7.9557, 8.845308 ], [ -7.955295, 8.845816000000184 ], [ -7.9546, 8.846643 ], [ -7.952587, 8.848583000000133 ], [ -7.951658999999893, 8.849106 ], [ -7.949875, 8.849511000000177 ], [ -7.948279, 8.849711 ], [ -7.941959999999881, 8.849369 ], [ -7.937881999999888, 8.849035 ], [ -7.937639, 8.84904900000015 ], [ -7.937526, 8.849592000000143 ], [ -7.933833999999877, 8.871711000000118 ], [ -7.933117, 8.876018000000101 ], [ -7.93211899999983, 8.87731 ], [ -7.928737, 8.881338000000142 ], [ -7.925086999999849, 8.884126 ], [ -7.921643167999832, 8.883650636000141 ], [ -7.919960155999945, 8.883254633000149 ], [ -7.918326643999933, 8.883056632000034 ], [ -7.916099127999928, 8.882957631000124 ], [ -7.915257621999956, 8.883650636000141 ], [ -7.914564616999883, 8.885135647000027 ], [ -7.914515116999894, 8.888699672000087 ], [ -7.915604124999845, 8.891471692000152 ], [ -7.916742632999899, 8.892065697000021 ], [ -7.920689091999918, 8.896761677000029 ], [ -7.925248131999922, 8.903058913999985 ], [ -7.932938590999981, 8.90454594400012 ], [ -7.93744229899994, 8.906710593000071 ], [ -7.934428, 8.911237 ], [ -7.928687533999948, 8.920078010000054 ], [ -7.925993, 8.924725000000137 ], [ -7.923809, 8.925904000000173 ], [ -7.921926999999869, 8.927207000000124 ], [ -7.921041999999829, 8.928335 ], [ -7.919139, 8.930978 ], [ -7.917383999999856, 8.934292 ], [ -7.916698, 8.935632 ], [ -7.916443, 8.936633 ], [ -7.917538, 8.936899 ], [ -7.918621, 8.936601 ], [ -7.923395, 8.941215000000113 ], [ -7.926108, 8.944522000000177 ], [ -7.925944, 8.945577 ], [ -7.926201999999819, 8.9471190000001 ], [ -7.926704, 8.949741000000131 ], [ -7.927071, 8.950574000000131 ], [ -7.927753999999879, 8.951518 ], [ -7.929056, 8.953911 ], [ -7.929487, 8.955277 ], [ -7.92991499999988, 8.957371000000137 ], [ -7.929964999999868, 8.958181 ], [ -7.929483, 8.960054 ], [ -7.928671999999892, 8.961327 ], [ -7.928119, 8.962194 ], [ -7.927208999999891, 8.964308000000187 ], [ -7.927022, 8.965806000000157 ], [ -7.927007999999887, 8.966435000000104 ], [ -7.927073, 8.96713700000015 ], [ -7.927106, 8.967487000000119 ], [ -7.930139, 8.975305 ], [ -7.931661, 8.97757700000011 ], [ -7.932475, 8.97770700000018 ], [ -7.933768, 8.979736 ], [ -7.934516, 8.980992 ], [ -7.934717, 8.981848000000184 ], [ -7.934346665999954, 8.985002048000183 ], [ -7.934000999999853, 8.987946 ], [ -7.931065, 8.989409000000137 ], [ -7.930625421999878, 8.989405584 ], [ -7.929778, 8.989399 ], [ -7.927668189999963, 8.988526525000054 ], [ -7.926755237999942, 8.987499454000044 ], [ -7.924815213999921, 8.9880700490001 ], [ -7.92333166599991, 8.988754764000021 ], [ -7.919394558999954, 8.994403656000031 ], [ -7.918310427999927, 8.996286620000035 ], [ -7.918995142999847, 8.997598988999982 ], [ -7.920193392999977, 9.000509025000099 ], [ -7.92051984699998, 9.0013640250001 ], [ -7.922833584999978, 9.007423813000059 ], [ -7.923788142999911, 9.009923846000049 ], [ -7.923160487999951, 9.011122096000065 ], [ -7.920935165999936, 9.013803894000091 ], [ -7.920364570999823, 9.014317429000016 ], [ -7.919166320999977, 9.014431548000175 ], [ -7.916941, 9.013918013000023 ], [ -7.915638061999971, 9.014270982000028 ], [ -7.911520344999815, 9.021392810000066 ], [ -7.910093856999936, 9.025386977000039 ], [ -7.903931428999954, 9.031549405000135 ], [ -7.903303773999937, 9.032062941000163 ], [ -7.901021392999951, 9.033204131000048 ], [ -7.898967249999885, 9.033660607000172 ], [ -7.898168416999965, 9.033489429000042 ], [ -7.897826059999886, 9.032747655000151 ], [ -7.897540761999892, 9.031549405000135 ], [ -7.898125266999955, 9.031090340000048 ], [ -7.89788311999996, 9.030351155000119 ], [ -7.896021987999916, 9.027738369000076 ], [ -7.892747762999875, 9.025786393000033 ], [ -7.891606571999887, 9.026870524000117 ], [ -7.890693619999922, 9.027555238000105 ], [ -7.883766, 9.030742 ], [ -7.881828, 9.031421 ], [ -7.880932, 9.031431000000168 ], [ -7.87978, 9.03118 ], [ -7.878183, 9.030059000000165 ], [ -7.876723, 9.029778 ], [ -7.868764, 9.029756000000134 ], [ -7.865371, 9.030177000000151 ], [ -7.856739999999888, 9.032525 ], [ -7.854402999999877, 9.03585500000014 ], [ -7.85119799999984, 9.041106 ], [ -7.849575999999843, 9.04502 ], [ -7.848086, 9.052612000000124 ], [ -7.847942999999816, 9.053854 ], [ -7.84806, 9.054322 ], [ -7.848816, 9.0549 ], [ -7.849185, 9.055711 ], [ -7.849254, 9.056278 ], [ -7.849144, 9.05699600000014 ], [ -7.849014, 9.057331000000147 ], [ -7.848686, 9.058022000000108 ], [ -7.847511, 9.059247 ], [ -7.841425999999899, 9.065429000000165 ], [ -7.840262, 9.066225 ], [ -7.832863, 9.067073000000107 ], [ -7.830904, 9.065914000000134 ], [ -7.829124, 9.065365 ], [ -7.822147, 9.063604000000112 ], [ -7.821226, 9.06379800000019 ], [ -7.816453, 9.067683000000102 ], [ -7.808937999999898, 9.07086500000014 ], [ -7.806627, 9.073449 ], [ -7.805803999999853, 9.073929 ], [ -7.805097999999873, 9.073852 ], [ -7.802350999999874, 9.073346 ], [ -7.797016999999869, 9.073853 ], [ -7.792564, 9.074688 ], [ -7.791312999999889, 9.074366000000111 ], [ -7.790248, 9.073705000000132 ], [ -7.788715, 9.073097 ], [ -7.78788, 9.072901 ], [ -7.783406999999897, 9.073639000000185 ], [ -7.780709, 9.074146 ], [ -7.779932, 9.074435000000108 ], [ -7.77733, 9.074448000000132 ], [ -7.776862999999878, 9.074181 ], [ -7.773599, 9.073293000000149 ], [ -7.768951, 9.07264 ], [ -7.767903999999874, 9.072976 ], [ -7.766496, 9.072848 ], [ -7.758065999999815, 9.068475 ], [ -7.757962, 9.068075 ], [ -7.7568, 9.067406000000119 ], [ -7.756036999999878, 9.067102 ], [ -7.755179, 9.066789 ], [ -7.751102, 9.065665000000138 ], [ -7.748834999999872, 9.065817 ], [ -7.745309, 9.065839000000153 ], [ -7.743929, 9.06572 ], [ -7.742325999999878, 9.065147 ], [ -7.741573, 9.064649 ], [ -7.74074, 9.064340000000129 ], [ -7.737334, 9.064234 ], [ -7.734792, 9.06453 ], [ -7.73403, 9.064721000000191 ], [ -7.733578, 9.064959000000158 ], [ -7.731056, 9.06683900000013 ], [ -7.730335, 9.067646 ], [ -7.72783034899993, 9.071081179000032 ], [ -7.726564, 9.072818 ], [ -7.726767, 9.073397 ], [ -7.730568, 9.081084000000146 ], [ -7.734387, 9.082881000000157 ], [ -7.739721, 9.084704000000158 ], [ -7.742105, 9.085925 ], [ -7.746273, 9.088979 ], [ -7.74762399999986, 9.090568 ], [ -7.748923, 9.091994 ], [ -7.75417, 9.095055 ], [ -7.754653, 9.095083 ], [ -7.75572, 9.094925000000103 ], [ -7.756688, 9.094762000000117 ], [ -7.757598, 9.09455800000012 ], [ -7.762965, 9.094399000000124 ], [ -7.763395, 9.094544 ], [ -7.766977, 9.096794 ], [ -7.767164, 9.096974 ], [ -7.766806, 9.097548 ], [ -7.766733999999872, 9.097887 ], [ -7.766661999999883, 9.098314 ], [ -7.766916, 9.099230000000148 ], [ -7.767516, 9.099848000000122 ], [ -7.770481, 9.100095000000124 ], [ -7.773494, 9.100615000000175 ], [ -7.780287, 9.104996 ], [ -7.781565999999884, 9.106166 ], [ -7.782387, 9.107203 ], [ -7.785524999999893, 9.112053000000117 ], [ -7.78684, 9.114342 ], [ -7.792791, 9.120936 ], [ -7.797678, 9.126348 ], [ -7.801239, 9.129708 ], [ -7.803977, 9.13071600000012 ], [ -7.804498, 9.130834000000107 ], [ -7.80495, 9.130882 ], [ -7.805226999999888, 9.130883 ], [ -7.805533, 9.131102 ], [ -7.806592, 9.132381 ], [ -7.806735, 9.132952 ], [ -7.807177, 9.135748 ], [ -7.807396, 9.137546 ], [ -7.806854, 9.138686000000178 ], [ -7.806562, 9.140122000000133 ], [ -7.806478, 9.140754 ], [ -7.806633, 9.14115 ], [ -7.807486, 9.143323000000123 ], [ -7.810265999999899, 9.145103000000177 ], [ -7.81113699999986, 9.145575000000122 ], [ -7.813152, 9.146484 ], [ -7.819815, 9.150912000000119 ], [ -7.820325, 9.151362 ], [ -7.820816, 9.152082000000121 ], [ -7.823111, 9.156685 ], [ -7.823593, 9.157919000000106 ], [ -7.823769, 9.15855 ], [ -7.82398, 9.161325 ], [ -7.82344, 9.168895 ], [ -7.822519, 9.169926 ], [ -7.821242, 9.1714750000001 ], [ -7.820362, 9.173235 ], [ -7.821744, 9.174847 ], [ -7.823357, 9.176020000000108 ], [ -7.824028, 9.176465000000178 ], [ -7.835481, 9.178972000000101 ], [ -7.838412999999889, 9.178344 ], [ -7.839816, 9.178156000000115 ], [ -7.846859, 9.178467 ], [ -7.847373999999888, 9.178573000000142 ], [ -7.848071, 9.17902800000013 ], [ -7.848794999999882, 9.179695 ], [ -7.850184, 9.179103000000111 ], [ -7.851271, 9.177745 ], [ -7.852146, 9.176601 ], [ -7.854263, 9.172178 ], [ -7.854517, 9.171454000000153 ], [ -7.855042, 9.16949 ], [ -7.855070999999839, 9.168669000000136 ], [ -7.856771, 9.167484000000115 ], [ -7.858135, 9.167425 ], [ -7.859277, 9.167245 ], [ -7.865384, 9.163202 ], [ -7.868509, 9.160376000000156 ], [ -7.869419, 9.159384000000159 ], [ -7.869616999999892, 9.159224 ], [ -7.870176, 9.159018 ], [ -7.87212, 9.1599 ], [ -7.877442999999857, 9.160968000000139 ], [ -7.881477999999845, 9.161385000000166 ], [ -7.88264, 9.161609 ], [ -7.890657, 9.167330000000163 ], [ -7.893663, 9.17000000000013 ], [ -7.894496, 9.170865000000106 ], [ -7.897375, 9.173777 ], [ -7.899674999999831, 9.175841 ], [ -7.90262899999982, 9.177305 ], [ -7.903629, 9.177639000000113 ], [ -7.905307999999877, 9.1787700000001 ], [ -7.914415, 9.189365000000123 ], [ -7.915841999999884, 9.198224 ], [ -7.916572, 9.204458000000102 ], [ -7.916515999999888, 9.205812 ], [ -7.916712, 9.206342 ], [ -7.91788199999985, 9.208671 ], [ -7.918278, 9.209122 ], [ -7.918984, 9.209095000000104 ], [ -7.919535, 9.208625 ], [ -7.91976099999988, 9.208766 ], [ -7.92004, 9.209789000000171 ], [ -7.920137999999895, 9.210776000000124 ], [ -7.920069, 9.212409 ], [ -7.919048999999859, 9.218043 ], [ -7.917604, 9.222544 ], [ -7.916746999999816, 9.223002 ], [ -7.916114, 9.223398000000145 ], [ -7.914792, 9.224986 ], [ -7.911248, 9.229825 ], [ -7.911032, 9.230182000000127 ], [ -7.910725999999897, 9.231588000000102 ], [ -7.910881999999845, 9.232522 ], [ -7.911121, 9.233388000000161 ], [ -7.911502999999868, 9.234009 ], [ -7.911367, 9.23566 ], [ -7.909755, 9.238692 ], [ -7.9084, 9.239293 ], [ -7.906819, 9.239124000000118 ], [ -7.905821, 9.239248 ], [ -7.905558999999869, 9.239725000000135 ], [ -7.905308999999875, 9.243182000000161 ], [ -7.904124, 9.248450000000105 ], [ -7.90386, 9.249032000000113 ], [ -7.903525, 9.249514 ], [ -7.903247, 9.24976700000019 ], [ -7.902829, 9.250041000000124 ], [ -7.902608, 9.250143 ], [ -7.902087999999821, 9.250206000000105 ], [ -7.901512, 9.250508 ], [ -7.900951, 9.251155 ], [ -7.900013999999885, 9.253014 ], [ -7.898075, 9.257477 ], [ -7.897885, 9.257920000000126 ], [ -7.894697, 9.26925800000015 ], [ -7.891303999999877, 9.277672000000166 ], [ -7.88893499999989, 9.284524 ], [ -7.888682999999844, 9.285100000000114 ], [ -7.888071, 9.285952000000123 ], [ -7.882739999999899, 9.291664 ], [ -7.881262999999819, 9.292948 ], [ -7.879225, 9.293572000000154 ], [ -7.879024, 9.29360400000013 ], [ -7.878716, 9.293592 ], [ -7.876106999999877, 9.300407 ], [ -7.877013, 9.300534000000141 ], [ -7.877235999999868, 9.301104 ], [ -7.878326999999899, 9.304498 ], [ -7.877935, 9.31375 ], [ -7.876688999999885, 9.318644000000177 ], [ -7.880400999999893, 9.326884 ], [ -7.881161, 9.328539 ], [ -7.881669, 9.32931 ], [ -7.882426, 9.331284 ], [ -7.882404999999892, 9.332209 ], [ -7.88206, 9.335956000000124 ], [ -7.880269999999882, 9.34283500000015 ], [ -7.878720999999814, 9.346788 ], [ -7.878081, 9.347037 ], [ -7.875526999999863, 9.353656 ], [ -7.875566999999876, 9.353982 ], [ -7.875177, 9.356922 ], [ -7.874364, 9.360188000000107 ], [ -7.872672, 9.361486 ], [ -7.871924, 9.361766000000102 ], [ -7.87125, 9.361457000000144 ], [ -7.870115999999882, 9.360455 ], [ -7.869632, 9.360516 ], [ -7.869288, 9.36094 ], [ -7.868501, 9.362337000000139 ], [ -7.869832, 9.365253000000166 ], [ -7.87, 9.365463000000148 ], [ -7.870197, 9.3655720000001 ], [ -7.870191, 9.367355 ], [ -7.869493, 9.368173000000183 ], [ -7.866087, 9.371029 ], [ -7.865884, 9.371127000000172 ], [ -7.865013, 9.371214 ], [ -7.860949999999889, 9.373996 ], [ -7.860303, 9.374557 ], [ -7.86008, 9.374833 ], [ -7.859996, 9.375067 ], [ -7.859982, 9.375679 ], [ -7.861713, 9.377865 ], [ -7.861889, 9.37806 ], [ -7.862295, 9.378080000000125 ], [ -7.863186999999812, 9.378342 ], [ -7.864177, 9.379233000000113 ], [ -7.864706999999896, 9.381446 ], [ -7.864462, 9.38183 ], [ -7.862299, 9.382138000000111 ], [ -7.861313999999822, 9.381902000000139 ], [ -7.861111999999878, 9.381838000000187 ], [ -7.86092, 9.381868000000168 ], [ -7.860736, 9.382002 ], [ -7.855693, 9.392310000000123 ], [ -7.856018, 9.393469 ], [ -7.856626999999889, 9.394304 ], [ -7.857804, 9.394623 ], [ -7.857985999999869, 9.394853 ], [ -7.85541499999988, 9.399508 ], [ -7.853846, 9.403326000000163 ], [ -7.853719, 9.403886000000114 ], [ -7.853620999999862, 9.404633000000103 ], [ -7.853599, 9.405268 ], [ -7.853769, 9.405802 ], [ -7.853872, 9.406061000000136 ], [ -7.854154999999878, 9.406342000000109 ], [ -7.855005, 9.406762 ], [ -7.855134, 9.406902 ], [ -7.855651, 9.40752 ], [ -7.855645, 9.407912000000181 ], [ -7.855604, 9.408316000000184 ], [ -7.855424, 9.408919 ], [ -7.855163999999888, 9.409784000000172 ], [ -7.85264, 9.414735000000178 ], [ -7.849945999999875, 9.418651000000182 ], [ -7.848937, 9.421265000000119 ], [ -7.849096, 9.421561 ], [ -7.849361999999871, 9.421675000000107 ], [ -7.850594, 9.422059 ], [ -7.85848899999985, 9.421365 ], [ -7.864795, 9.420742000000189 ], [ -7.87015, 9.422516 ], [ -7.876273, 9.421559000000116 ], [ -7.883223999999871, 9.420319000000177 ], [ -7.88551, 9.419448 ], [ -7.886034, 9.419299000000137 ], [ -7.88709, 9.419183000000146 ], [ -7.889926, 9.419444 ], [ -7.892186, 9.419872000000112 ], [ -7.892720999999881, 9.420247 ], [ -7.89735, 9.420943 ], [ -7.901328, 9.420526 ], [ -7.908408, 9.420255 ], [ -7.910649, 9.42021 ], [ -7.91265, 9.420510000000149 ], [ -7.914326, 9.421079000000191 ], [ -7.915163, 9.421732000000191 ], [ -7.916337999999882, 9.421968 ], [ -7.917004, 9.421681 ], [ -7.917884, 9.4212050000001 ], [ -7.920515, 9.419181000000151 ], [ -7.920571, 9.417994 ], [ -7.921066, 9.416845000000137 ], [ -7.92244, 9.41513 ], [ -7.923168, 9.414274 ], [ -7.923987, 9.413504000000103 ], [ -7.925019, 9.413193000000149 ], [ -7.925952, 9.413196 ], [ -7.927597, 9.41349600000018 ], [ -7.934031, 9.414427000000103 ], [ -7.936965, 9.414198000000169 ], [ -7.938677, 9.413915 ], [ -7.954845, 9.410089 ], [ -7.957715, 9.408501 ], [ -7.961361529999976, 9.405633019000163 ], [ -7.965008, 9.402765000000102 ], [ -7.967628, 9.401088 ], [ -7.968136, 9.400767000000144 ], [ -7.974859999999865, 9.398513 ], [ -7.981742, 9.398876 ], [ -7.987531, 9.39939500000014 ], [ -7.992186999999888, 9.399587 ], [ -7.993119, 9.399458 ], [ -7.993669, 9.399007 ], [ -7.994934999999884, 9.398465000000101 ], [ -7.995807999999897, 9.398248 ], [ -7.996672999999817, 9.398210000000176 ], [ -7.997812999999894, 9.399232000000154 ], [ -7.998791, 9.400137 ], [ -8.00029, 9.401565000000119 ], [ -8.001879, 9.402295 ], [ -8.003430999999864, 9.402754 ], [ -8.005031, 9.403091 ], [ -8.005778, 9.403104 ], [ -8.009678999999892, 9.39963 ], [ -8.012652, 9.396642 ], [ -8.013253, 9.395963 ], [ -8.016467999999861, 9.395199 ], [ -8.017771, 9.395369 ], [ -8.018076844999939, 9.39552409200013 ], [ -8.018899, 9.395941000000164 ], [ -8.020239, 9.396796 ], [ -8.022138, 9.397908 ], [ -8.028725, 9.396354 ], [ -8.031913, 9.395354000000111 ], [ -8.033144, 9.395008 ], [ -8.034007, 9.395057 ], [ -8.035084999999867, 9.395482 ], [ -8.035926, 9.396462 ], [ -8.037648, 9.402112 ], [ -8.037815, 9.402711 ], [ -8.040676, 9.40697 ], [ -8.044966, 9.410836000000131 ], [ -8.045104, 9.411385000000109 ], [ -8.045917, 9.412549000000126 ], [ -8.048918999999898, 9.415916 ], [ -8.049461999999892, 9.416434 ], [ -8.050504, 9.41633800000011 ], [ -8.051503, 9.415454000000182 ], [ -8.052756, 9.415567 ], [ -8.053807, 9.416022 ], [ -8.054763, 9.416908 ], [ -8.055349, 9.417801 ], [ -8.055314, 9.418906000000163 ], [ -8.056507, 9.420041 ], [ -8.063354999999831, 9.425319000000172 ], [ -8.065517, 9.425057000000152 ], [ -8.06589, 9.424558 ], [ -8.066523, 9.424281 ], [ -8.067193999999859, 9.424478 ], [ -8.067695999999899, 9.424762000000101 ], [ -8.069377, 9.425971000000118 ], [ -8.069902, 9.426399000000174 ], [ -8.071499, 9.42813800000016 ], [ -8.072861999999873, 9.430221 ], [ -8.072650999999894, 9.431412 ], [ -8.07276899999988, 9.431831 ], [ -8.073531999999886, 9.433463 ], [ -8.073929, 9.433855000000165 ], [ -8.077733, 9.437372 ], [ -8.080877, 9.439204 ], [ -8.081638999999825, 9.439295000000129 ], [ -8.08222499999988, 9.438942 ], [ -8.083104999999875, 9.439166000000114 ], [ -8.084713, 9.43985 ], [ -8.085694, 9.440939 ], [ -8.087008, 9.442748 ], [ -8.089172, 9.446524000000181 ], [ -8.089590999999814, 9.447845 ], [ -8.089957, 9.44942500000019 ], [ -8.090127, 9.450718 ], [ -8.090302, 9.451455000000124 ], [ -8.091852, 9.454387 ], [ -8.093652, 9.455414000000133 ], [ -8.09507, 9.455991 ], [ -8.096382999999832, 9.457829000000118 ], [ -8.100170999999818, 9.463063 ], [ -8.10282, 9.465500000000134 ], [ -8.102299, 9.469502000000148 ], [ -8.105085, 9.476294 ], [ -8.109164, 9.480854 ], [ -8.110115, 9.481326 ], [ -8.111776, 9.481458000000146 ], [ -8.113112, 9.48114900000013 ], [ -8.113760999999897, 9.481981 ], [ -8.115695752999954, 9.485165204000054 ], [ -8.116874999999879, 9.487106 ], [ -8.117057, 9.491168 ], [ -8.117864, 9.493222 ], [ -8.118590999999867, 9.494663 ], [ -8.120098, 9.495705000000157 ], [ -8.121291999999869, 9.496272000000147 ], [ -8.122687, 9.497103000000152 ], [ -8.124078999999824, 9.502139000000113 ], [ -8.124487, 9.503677 ], [ -8.127178999999899, 9.506853 ], [ -8.127881999999886, 9.50682200000017 ], [ -8.128294999999866, 9.507048 ], [ -8.128638, 9.507449000000179 ], [ -8.128735, 9.507796 ], [ -8.128719, 9.507987 ], [ -8.127895, 9.511949000000186 ], [ -8.127195, 9.514498 ], [ -8.125707, 9.516951000000176 ], [ -8.123241, 9.522149000000184 ], [ -8.123306, 9.522576000000186 ], [ -8.124261, 9.52397400000018 ], [ -8.129047, 9.526162 ], [ -8.133170999999891, 9.527355000000171 ], [ -8.136846, 9.528383000000133 ], [ -8.137013, 9.528064 ], [ -8.137305, 9.527896000000169 ], [ -8.137785999999892, 9.527843 ], [ -8.138404, 9.527936 ], [ -8.138729, 9.528176 ], [ -8.140113999999869, 9.529907 ], [ -8.140351, 9.530765 ], [ -8.140481, 9.531532 ], [ -8.13952, 9.537901 ], [ -8.139225, 9.538417 ], [ -8.138678, 9.538799 ], [ -8.137663, 9.539319 ], [ -8.137175999999897, 9.539536000000112 ], [ -8.136849, 9.543040000000133 ], [ -8.137633, 9.545111 ], [ -8.138426, 9.545754000000159 ], [ -8.140492999999879, 9.547198 ], [ -8.142290999999886, 9.54812 ], [ -8.143095, 9.548711 ], [ -8.143426, 9.549113 ], [ -8.143709999999885, 9.549483000000123 ], [ -8.143684, 9.549880000000144 ], [ -8.141953999999885, 9.557861 ], [ -8.14309, 9.560061000000189 ], [ -8.143105, 9.561955 ], [ -8.143076999999892, 9.562339000000179 ], [ -8.142857, 9.562568000000113 ], [ -8.140397, 9.562725000000114 ], [ -8.139902, 9.562427000000184 ], [ -8.139605, 9.562174 ], [ -8.139280999999869, 9.562129 ], [ -8.137408999999877, 9.562352 ], [ -8.137102, 9.562451 ], [ -8.134988, 9.56486800000016 ], [ -8.13470999999987, 9.565188 ], [ -8.13463, 9.565400000000125 ], [ -8.13457499999987, 9.566895 ], [ -8.134607, 9.567257000000154 ], [ -8.134851, 9.56905200000017 ], [ -8.135091, 9.569932000000108 ], [ -8.135165999999856, 9.570189 ], [ -8.135373999999899, 9.570349 ], [ -8.136723, 9.578002 ], [ -8.138475, 9.583471 ], [ -8.138537641999847, 9.583647119000091 ], [ -8.138857, 9.584545 ], [ -8.13929499999989, 9.584969000000115 ], [ -8.144293999999888, 9.587824000000126 ], [ -8.14451, 9.587723 ], [ -8.144705999999871, 9.587917000000175 ], [ -8.144847, 9.58836 ], [ -8.145086, 9.589261 ], [ -8.145079018999979, 9.589287762000083 ], [ -8.140099, 9.608378 ], [ -8.139298, 9.60909 ], [ -8.139135, 9.609129 ], [ -8.136383, 9.609528000000182 ], [ -8.136014, 9.609507 ], [ -8.135736, 9.609645000000114 ], [ -8.134392, 9.610926 ], [ -8.133076, 9.612676 ], [ -8.133071, 9.613028 ], [ -8.133117, 9.613258 ], [ -8.133162, 9.613478000000157 ], [ -8.133234, 9.613752 ], [ -8.134779, 9.617284 ], [ -8.134959999999865, 9.617473000000132 ], [ -8.135172999999895, 9.617552000000103 ], [ -8.135672999999883, 9.617673000000138 ], [ -8.136381, 9.61753 ], [ -8.1367, 9.617515 ], [ -8.136948, 9.617521000000181 ], [ -8.137160999999878, 9.617599 ], [ -8.137798, 9.617844000000105 ], [ -8.138654, 9.618252 ], [ -8.139215, 9.618546 ], [ -8.144747999999879, 9.621690000000171 ], [ -8.145172, 9.622070000000178 ], [ -8.145303, 9.62249300000019 ], [ -8.145256, 9.623279 ], [ -8.145124999999894, 9.624047000000132 ], [ -8.145032999999842, 9.624497 ], [ -8.144749999999874, 9.625215000000139 ], [ -8.144277999999872, 9.625924 ], [ -8.143473, 9.626793000000134 ], [ -8.14264, 9.627377000000138 ], [ -8.14145, 9.627756 ], [ -8.140734, 9.627737 ], [ -8.139781, 9.627376 ], [ -8.139246, 9.626991 ], [ -8.138782999999876, 9.626476 ], [ -8.138333999999873, 9.625818 ], [ -8.138308, 9.624909 ], [ -8.138177, 9.624692 ], [ -8.137113999999826, 9.623553000000129 ], [ -8.136601, 9.623214000000132 ], [ -8.135142, 9.622266 ], [ -8.13462399999986, 9.622423 ], [ -8.132254999999873, 9.62323600000019 ], [ -8.131972, 9.623499 ], [ -8.131857, 9.623829 ], [ -8.132024, 9.62402 ], [ -8.132457999999872, 9.624191000000167 ], [ -8.13274, 9.6244 ], [ -8.133603, 9.625144000000148 ], [ -8.134254999999882, 9.625881 ], [ -8.134655, 9.626492 ], [ -8.134584, 9.627066000000184 ], [ -8.134396, 9.62771 ], [ -8.134122999999875, 9.628282 ], [ -8.133723, 9.628718000000106 ], [ -8.131247, 9.631171 ], [ -8.130886, 9.631484000000171 ], [ -8.128151, 9.632669000000135 ], [ -8.125922999999887, 9.633078 ], [ -8.12362499999989, 9.635013000000129 ], [ -8.121187, 9.639264000000139 ], [ -8.121128999999883, 9.639631000000122 ], [ -8.12112999999988, 9.639984 ], [ -8.121299, 9.640528 ], [ -8.121678, 9.64091500000012 ], [ -8.124061, 9.642388000000153 ], [ -8.121937, 9.644668000000138 ], [ -8.119162, 9.646995000000118 ], [ -8.116682, 9.648867000000109 ], [ -8.116325, 9.649524 ], [ -8.115749999999878, 9.65091 ], [ -8.115962999999851, 9.653904000000125 ], [ -8.11852, 9.660089000000141 ], [ -8.119195, 9.660701000000131 ], [ -8.122617, 9.662536000000102 ], [ -8.123256, 9.662701 ], [ -8.123589999999865, 9.66247 ], [ -8.123802999999896, 9.662445 ], [ -8.124529, 9.662631000000147 ], [ -8.12491, 9.662741000000153 ], [ -8.125340999999878, 9.66295 ], [ -8.12604599999986, 9.663553 ], [ -8.126766, 9.664332000000172 ], [ -8.126891, 9.66478700000016 ], [ -8.126863, 9.665185 ], [ -8.126505999999893, 9.665472 ], [ -8.125863, 9.665875000000142 ], [ -8.123885, 9.665861 ], [ -8.122324, 9.665859 ], [ -8.121818, 9.665908 ], [ -8.11931, 9.666706000000147 ], [ -8.119097999999894, 9.667157000000145 ], [ -8.118201, 9.669339 ], [ -8.118183, 9.669641000000126 ], [ -8.118226, 9.670172 ], [ -8.118335999999886, 9.670966 ], [ -8.118593, 9.671199000000115 ], [ -8.118842, 9.671213 ], [ -8.12002, 9.671450000000107 ], [ -8.121684, 9.672708 ], [ -8.121979, 9.673143 ], [ -8.12587399999984, 9.679225 ], [ -8.124697, 9.68229 ], [ -8.12443, 9.68274300000013 ], [ -8.124292, 9.683063000000118 ], [ -8.123041999999884, 9.686176000000103 ], [ -8.12286, 9.68668700000012 ], [ -8.122743, 9.688604000000112 ], [ -8.123016, 9.688919 ], [ -8.123698, 9.689223 ], [ -8.124224, 9.689314 ], [ -8.124532, 9.689263 ], [ -8.124774, 9.688993000000153 ], [ -8.125199, 9.688562 ], [ -8.12587, 9.688138 ], [ -8.126719, 9.687736 ], [ -8.127133999999899, 9.687714 ], [ -8.127649, 9.687832000000185 ], [ -8.127805, 9.688201000000163 ], [ -8.127811, 9.688639 ], [ -8.127576, 9.69122 ], [ -8.124494, 9.698279000000184 ], [ -8.11974999999984, 9.700456 ], [ -8.117398, 9.701097000000118 ], [ -8.11533699999984, 9.701065000000142 ], [ -8.112051999999892, 9.705268000000103 ], [ -8.111458, 9.711949 ], [ -8.111484, 9.714204000000109 ], [ -8.111586999999872, 9.714421000000129 ], [ -8.114946, 9.718103000000156 ], [ -8.116824, 9.719958000000133 ], [ -8.117026, 9.720034 ], [ -8.117573, 9.72322 ], [ -8.117447, 9.72377100000017 ], [ -8.114249, 9.731348 ], [ -8.113467999999898, 9.73246 ], [ -8.113334, 9.732749000000126 ], [ -8.113458, 9.733046 ], [ -8.115605, 9.7347 ], [ -8.116117, 9.734771 ], [ -8.117253999999889, 9.735009 ], [ -8.118143, 9.735285 ], [ -8.118495999999823, 9.735444 ], [ -8.118808, 9.735673000000133 ], [ -8.119046999999853, 9.735909000000106 ], [ -8.121398, 9.738593000000151 ], [ -8.121735, 9.738982 ], [ -8.122871, 9.740680000000168 ], [ -8.122979, 9.740979 ], [ -8.120917999999847, 9.743778000000134 ], [ -8.120514999999898, 9.743984000000125 ], [ -8.120227, 9.74412800000016 ], [ -8.119864, 9.744234 ], [ -8.119184, 9.744213000000116 ], [ -8.11863099999988, 9.744273 ], [ -8.117846, 9.744511 ], [ -8.115970999999888, 9.745569 ], [ -8.113623, 9.748592 ], [ -8.11246599999987, 9.750128000000132 ], [ -8.111079, 9.752580000000137 ], [ -8.111073, 9.75295 ], [ -8.111327, 9.753255 ], [ -8.11385, 9.754097 ], [ -8.11486, 9.754407000000128 ], [ -8.116527, 9.754639000000168 ], [ -8.11700599999989, 9.754544000000124 ], [ -8.117569, 9.754529000000105 ], [ -8.118502, 9.755142 ], [ -8.118618, 9.75525 ], [ -8.121365, 9.758153000000107 ], [ -8.121507999999892, 9.758368000000132 ], [ -8.121715999999878, 9.758699000000149 ], [ -8.121883, 9.75911 ], [ -8.121903, 9.759557 ], [ -8.121842, 9.759762 ], [ -8.121502999999848, 9.760174000000177 ], [ -8.121056999999894, 9.760416000000134 ], [ -8.120609, 9.760608 ], [ -8.12016599999987, 9.760696 ], [ -8.111092999999869, 9.762434 ], [ -8.10933, 9.762489 ], [ -8.108896, 9.762498 ], [ -8.108629999999835, 9.762372000000141 ], [ -8.107746, 9.761898 ], [ -8.105415, 9.761253 ], [ -8.104601999999886, 9.76128800000015 ], [ -8.102144999999894, 9.762381000000175 ], [ -8.101787, 9.762542000000167 ], [ -8.101746, 9.762922000000174 ], [ -8.102379999999869, 9.763375000000167 ], [ -8.103174, 9.763822 ], [ -8.104386, 9.764748 ], [ -8.105098999999882, 9.76564000000019 ], [ -8.105574, 9.766861000000119 ], [ -8.105706, 9.767972 ], [ -8.10576, 9.769309 ], [ -8.10570899999982, 9.770028000000138 ], [ -8.105813999999896, 9.770834 ], [ -8.1063, 9.771882 ], [ -8.106641, 9.772554 ], [ -8.107564, 9.774325 ], [ -8.107869, 9.774768000000108 ], [ -8.108315, 9.774939 ], [ -8.108754, 9.774913 ], [ -8.108998999999812, 9.774862 ], [ -8.109290999999814, 9.774752 ], [ -8.109906, 9.775018 ], [ -8.110181999999895, 9.77522 ], [ -8.110362, 9.77538 ], [ -8.111993, 9.77729 ], [ -8.111992, 9.77770100000015 ], [ -8.111558999999886, 9.780146000000116 ], [ -8.111157, 9.782365 ], [ -8.111139, 9.78257200000013 ], [ -8.11117199999984, 9.782808000000102 ], [ -8.111209, 9.783015 ], [ -8.111271, 9.783245 ], [ -8.111335999999881, 9.783484000000101 ], [ -8.1115, 9.783693000000142 ], [ -8.111682, 9.783824000000152 ], [ -8.112431999999899, 9.784151 ], [ -8.112597999999878, 9.784212 ], [ -8.112817, 9.784286000000179 ], [ -8.112989, 9.784366 ], [ -8.113286, 9.785612000000128 ], [ -8.113309, 9.785916 ], [ -8.113373, 9.789273000000151 ], [ -8.113328, 9.789659000000142 ], [ -8.112568, 9.790753 ], [ -8.112018, 9.791274000000158 ], [ -8.110621, 9.792229000000134 ], [ -8.110074, 9.792547000000127 ], [ -8.1097, 9.792667000000108 ], [ -8.109130999999877, 9.792771 ], [ -8.104051999999854, 9.792486 ], [ -8.10356, 9.792262 ], [ -8.103147, 9.792003 ], [ -8.102887999999894, 9.791764 ], [ -8.102418, 9.791303 ], [ -8.10142599999989, 9.791172 ], [ -8.097953, 9.79132 ], [ -8.097736, 9.791333 ], [ -8.097503, 9.791423 ], [ -8.097228, 9.791646 ], [ -8.09709, 9.792025000000137 ], [ -8.096946, 9.793102 ], [ -8.097819, 9.795328 ], [ -8.098284, 9.796352 ], [ -8.098607, 9.796885 ], [ -8.098889999999869, 9.796989000000167 ], [ -8.09973, 9.796937000000128 ], [ -8.100318, 9.796792 ], [ -8.100602, 9.796693000000175 ], [ -8.100959999999816, 9.796635 ], [ -8.102797, 9.797325 ], [ -8.10332, 9.797599 ], [ -8.108579, 9.801849000000118 ], [ -8.10895, 9.802265 ], [ -8.109218999999882, 9.802584 ], [ -8.111260999999899, 9.805526 ], [ -8.11139, 9.806633 ], [ -8.111283, 9.808028000000149 ], [ -8.110921999999846, 9.808522000000153 ], [ -8.109863, 9.809892000000161 ], [ -8.109589, 9.809924000000137 ], [ -8.109027, 9.809918 ], [ -8.107403, 9.809839 ], [ -8.10689, 9.809756000000107 ], [ -8.104887, 9.808547 ], [ -8.104129999999827, 9.807798000000105 ], [ -8.103927999999883, 9.807212000000106 ], [ -8.103462, 9.806957000000125 ], [ -8.103203, 9.80684 ], [ -8.098801, 9.805129 ], [ -8.098322, 9.805107 ], [ -8.097821, 9.805431 ], [ -8.097509999999886, 9.805663 ], [ -8.097039, 9.806072 ], [ -8.095916, 9.807243 ], [ -8.095449, 9.808623000000125 ], [ -8.095795, 9.812700000000177 ], [ -8.094662, 9.817432000000167 ], [ -8.094600999999898, 9.817587 ], [ -8.094291, 9.821963 ], [ -8.09439, 9.82285300000018 ], [ -8.094668, 9.82365 ], [ -8.094869, 9.824061000000142 ], [ -8.095217999999875, 9.824334000000135 ], [ -8.09612, 9.824417 ], [ -8.096759, 9.824317000000178 ], [ -8.097306999999887, 9.824607000000185 ], [ -8.097943, 9.825624000000118 ], [ -8.097809999999868, 9.826028000000179 ], [ -8.094818, 9.82851600000015 ], [ -8.094543, 9.828664000000117 ], [ -8.093871, 9.828909000000124 ], [ -8.093633, 9.828984000000105 ], [ -8.093243, 9.828965000000153 ], [ -8.093042, 9.829279 ], [ -8.092627, 9.830353 ], [ -8.092244, 9.833087000000148 ], [ -8.09258, 9.834616 ], [ -8.093016, 9.836049000000116 ], [ -8.093253, 9.836351 ], [ -8.094193, 9.83671 ], [ -8.09457, 9.836678 ], [ -8.095278, 9.836555 ], [ -8.095485, 9.835847 ], [ -8.095495, 9.835311000000161 ], [ -8.095572, 9.834936 ], [ -8.095886999999891, 9.834068000000116 ], [ -8.096327, 9.833585000000141 ], [ -8.096512999999845, 9.833386000000189 ], [ -8.096739, 9.833203 ], [ -8.096996, 9.833031000000119 ], [ -8.097224999999867, 9.833012000000167 ], [ -8.097549, 9.833016000000157 ], [ -8.097866, 9.833179000000143 ], [ -8.098829, 9.83403 ], [ -8.101267999999891, 9.83811500000013 ], [ -8.101416, 9.838706 ], [ -8.101327, 9.839335 ], [ -8.100942, 9.840146000000175 ], [ -8.100109, 9.840919000000156 ], [ -8.099536, 9.841221 ], [ -8.098789, 9.841466000000139 ], [ -8.098156, 9.841748 ], [ -8.096945, 9.842479 ], [ -8.096454, 9.842937000000177 ], [ -8.096263999999849, 9.843955 ], [ -8.096613, 9.845000000000141 ], [ -8.097051, 9.846406000000115 ], [ -8.097544, 9.848442 ], [ -8.097611, 9.849063 ], [ -8.097639999999899, 9.849798000000135 ], [ -8.097725, 9.853246000000127 ], [ -8.097424999999873, 9.85411 ], [ -8.095906, 9.856829000000118 ], [ -8.0955, 9.857489 ], [ -8.09517499999987, 9.857873000000154 ], [ -8.094959, 9.858709 ], [ -8.094824712999866, 9.859555353000189 ], [ -8.094763999999884, 9.859938000000113 ], [ -8.094756, 9.860211000000163 ], [ -8.095063, 9.863403000000119 ], [ -8.095230999999899, 9.863847 ], [ -8.095501, 9.864415000000179 ], [ -8.095686999999884, 9.864773000000127 ], [ -8.097915, 9.869048 ], [ -8.098114, 9.869233 ], [ -8.103127, 9.873546 ], [ -8.104185, 9.873687000000132 ], [ -8.104553999999894, 9.87348500000013 ], [ -8.104813, 9.872784 ], [ -8.105197, 9.872213 ], [ -8.10583, 9.871686000000125 ], [ -8.106738, 9.871190000000126 ], [ -8.108025, 9.870834000000173 ], [ -8.115986, 9.870136000000116 ], [ -8.117823, 9.869989 ], [ -8.121777, 9.869708 ], [ -8.123224, 9.869759 ], [ -8.12399, 9.869521 ], [ -8.125555, 9.868946000000108 ], [ -8.126514, 9.868339000000162 ], [ -8.129237, 9.865829000000133 ], [ -8.130419, 9.864152000000104 ], [ -8.130793999999867, 9.863693000000126 ], [ -8.13145999999989, 9.863587 ], [ -8.134673, 9.865759 ], [ -8.135171999999898, 9.866124000000184 ], [ -8.13806, 9.868243000000177 ], [ -8.138969, 9.868941 ], [ -8.139437, 9.869975000000125 ], [ -8.140382, 9.873606 ], [ -8.141039999999862, 9.876683 ], [ -8.140944999999817, 9.878054000000134 ], [ -8.140883, 9.878694000000166 ], [ -8.139944, 9.88507200000015 ], [ -8.139843, 9.885282000000132 ], [ -8.139455999999882, 9.885800000000131 ], [ -8.138626999999872, 9.886418000000106 ], [ -8.138166999999896, 9.886721 ], [ -8.137499999999875, 9.886937000000103 ], [ -8.136643, 9.886891 ], [ -8.136063, 9.886411 ], [ -8.135621999999898, 9.885824000000184 ], [ -8.133704, 9.883098 ], [ -8.133246999999869, 9.882139000000109 ], [ -8.132485, 9.880795 ], [ -8.131363, 9.878842000000191 ], [ -8.130791999999872, 9.878436000000136 ], [ -8.130274, 9.87844600000011 ], [ -8.127565, 9.880253 ], [ -8.126742, 9.881197000000157 ], [ -8.126095, 9.882096000000104 ], [ -8.12479999999988, 9.883912 ], [ -8.124036999999873, 9.885176 ], [ -8.12349, 9.886959000000104 ], [ -8.123205999999868, 9.887936000000138 ], [ -8.122959, 9.888807 ], [ -8.122728, 9.889781 ], [ -8.122663999999872, 9.891128 ], [ -8.122731, 9.89277 ], [ -8.122689, 9.895272000000148 ], [ -8.122469, 9.896415 ], [ -8.12178699999987, 9.898917 ], [ -8.121448, 9.899642 ], [ -8.120912, 9.900049 ], [ -8.1207, 9.900488 ], [ -8.120649, 9.900961000000109 ], [ -8.120809, 9.901701 ], [ -8.121362, 9.904022 ], [ -8.121711999999889, 9.904721 ], [ -8.12229, 9.90565700000019 ], [ -8.122945, 9.906275000000164 ], [ -8.124228, 9.907051 ], [ -8.125685, 9.907597000000123 ], [ -8.127126, 9.908087 ], [ -8.128147, 9.908185000000117 ], [ -8.128475, 9.908203000000185 ], [ -8.129936, 9.908430000000124 ], [ -8.130611, 9.908674 ], [ -8.132957, 9.910078 ], [ -8.133286999999882, 9.910440000000165 ], [ -8.133359, 9.911116000000106 ], [ -8.133033, 9.912008 ], [ -8.132808, 9.912592 ], [ -8.132464, 9.912985 ], [ -8.130849, 9.913368000000105 ], [ -8.129564, 9.91381900000016 ], [ -8.128738, 9.91419900000011 ], [ -8.128337999999871, 9.914627 ], [ -8.128245999999876, 9.915045000000134 ], [ -8.128379999999879, 9.915419 ], [ -8.128727, 9.915679 ], [ -8.132196, 9.917545 ], [ -8.133118, 9.917479 ], [ -8.135423999999887, 9.916977000000145 ], [ -8.137461, 9.916502 ], [ -8.138673, 9.91618300000016 ], [ -8.144505, 9.914501 ], [ -8.146067, 9.913454000000115 ], [ -8.14844399999987, 9.911077 ], [ -8.148866999999882, 9.910546 ], [ -8.149373, 9.909711 ], [ -8.151816999999824, 9.909872 ], [ -8.158728, 9.921309 ], [ -8.159333, 9.922318 ], [ -8.161209, 9.9291 ], [ -8.161384, 9.929866 ], [ -8.161263, 9.930493 ], [ -8.160963, 9.930994000000112 ], [ -8.16035, 9.931747 ], [ -8.159587, 9.932340000000124 ], [ -8.159179, 9.932648 ], [ -8.157832, 9.933613 ], [ -8.153993999999898, 9.935612000000106 ], [ -8.153704999999889, 9.935745000000111 ], [ -8.151087, 9.935934 ], [ -8.14877, 9.93598 ], [ -8.147995999999864, 9.936452 ], [ -8.147278, 9.937770000000171 ], [ -8.14693, 9.938888 ], [ -8.146956999999873, 9.9398 ], [ -8.147127999999896, 9.940319 ], [ -8.152389, 9.944564 ], [ -8.153498, 9.94510200000019 ], [ -8.154635, 9.945573 ], [ -8.155102, 9.94565 ], [ -8.15706699999987, 9.945496000000105 ], [ -8.15831699999984, 9.94535 ], [ -8.160857, 9.945681 ], [ -8.162337, 9.946156 ], [ -8.163216, 9.946545000000185 ], [ -8.163769999999829, 9.947019000000182 ], [ -8.163913, 9.947505 ], [ -8.163695, 9.949284000000148 ], [ -8.16335, 9.950423 ], [ -8.16273, 9.951528 ], [ -8.162058, 9.952193 ], [ -8.161519, 9.952644 ], [ -8.160910999999885, 9.952922 ], [ -8.15972, 9.952880000000164 ], [ -8.158829, 9.952392 ], [ -8.156401999999844, 9.951013 ], [ -8.154623999999899, 9.949910000000102 ], [ -8.15399699999989, 9.949531 ], [ -8.151976, 9.948989 ], [ -8.150889, 9.94882900000016 ], [ -8.148977, 9.948681 ], [ -8.147781999999893, 9.948703 ], [ -8.144661999999869, 9.949116000000117 ], [ -8.140482, 9.950839 ], [ -8.138459999999895, 9.951838 ], [ -8.136293, 9.953139 ], [ -8.130044999999882, 9.958259 ], [ -8.12924, 9.959105 ], [ -8.128165999999851, 9.959275000000105 ], [ -8.126789, 9.959398 ], [ -8.125999, 9.959414 ], [ -8.12516399999987, 9.959345 ], [ -8.123287, 9.959079 ], [ -8.122176, 9.958709000000169 ], [ -8.119948, 9.957542 ], [ -8.118920999999887, 9.95695400000011 ], [ -8.118259, 9.956437000000108 ], [ -8.117266, 9.956252 ], [ -8.116465999999889, 9.956468 ], [ -8.116124, 9.956754 ], [ -8.11211, 9.961894 ], [ -8.111871, 9.963140000000124 ], [ -8.111613, 9.96453600000018 ], [ -8.11148, 9.971344 ], [ -8.113663, 9.978355000000136 ], [ -8.113895, 9.97894 ], [ -8.114188, 9.979330000000175 ], [ -8.114415, 9.979532000000177 ], [ -8.11462, 9.979639000000134 ], [ -8.115126, 9.979763000000105 ], [ -8.121878, 9.979921 ], [ -8.122638, 9.979598000000124 ], [ -8.126164999999844, 9.97704 ], [ -8.126982, 9.976364 ], [ -8.127724, 9.975247 ], [ -8.128767, 9.973605 ], [ -8.130612999999812, 9.970927000000188 ], [ -8.131095, 9.970455000000186 ], [ -8.131765, 9.970342 ], [ -8.134758, 9.970562 ], [ -8.135477, 9.970697000000143 ], [ -8.136445, 9.971176000000185 ], [ -8.144038, 9.975057000000106 ], [ -8.144457999999872, 9.975445 ], [ -8.144696, 9.975857 ], [ -8.144875, 9.976182000000108 ], [ -8.145594, 9.97762100000017 ], [ -8.147053, 9.983271000000116 ], [ -8.146972, 9.984595 ], [ -8.146618999999873, 9.985839000000112 ], [ -8.145633, 9.987074000000177 ], [ -8.145022, 9.987703000000181 ], [ -8.142057, 9.989312 ], [ -8.140591, 9.990064000000132 ], [ -8.137609, 9.99157 ], [ -8.134173, 9.992512 ], [ -8.133781999999826, 9.992518000000132 ], [ -8.133189, 9.992667 ], [ -8.132696, 9.992886 ], [ -8.13208, 9.993574 ], [ -8.130806, 9.995685000000151 ], [ -8.130816, 9.996765000000153 ], [ -8.130858, 9.998688000000129 ], [ -8.130886222999948, 9.998894589000088 ], [ -8.130933, 9.999237 ], [ -8.131005, 9.999650000000145 ], [ -8.131002, 9.999934000000167 ], [ -8.130859252999926, 10.001438682000128 ], [ -8.130843, 10.001610000000142 ], [ -8.130492999999831, 10.002685 ], [ -8.128639, 10.00776 ], [ -8.127045999999893, 10.010105 ], [ -8.12652, 10.011212 ], [ -8.126805, 10.012226 ], [ -8.127447, 10.013487000000168 ], [ -8.128533, 10.014466000000141 ], [ -8.128530098999931, 10.014475711000159 ], [ -8.12834, 10.015112000000101 ], [ -8.127705999999876, 10.016718000000139 ], [ -8.127131, 10.01746 ], [ -8.125084999999899, 10.018983000000162 ], [ -8.12321999999989, 10.019079 ], [ -8.1229, 10.01947500000017 ], [ -8.122536, 10.026005000000112 ], [ -8.121801999999889, 10.027383 ], [ -8.121232, 10.028287 ], [ -8.120994, 10.029625000000124 ], [ -8.121065, 10.030768 ], [ -8.121883, 10.031972000000167 ], [ -8.122539, 10.032784 ], [ -8.123729, 10.034093000000155 ], [ -8.124085, 10.03483 ], [ -8.124109, 10.035925000000191 ], [ -8.12311, 10.041183 ], [ -8.121296999999856, 10.048462000000143 ], [ -8.12011, 10.051315000000102 ], [ -8.11769, 10.056258000000184 ], [ -8.11691699999983, 10.0573 ], [ -8.116052, 10.058185 ], [ -8.115599, 10.058481 ], [ -8.113893, 10.057914 ], [ -8.111960999999837, 10.057613 ], [ -8.109784, 10.059684000000118 ], [ -8.108381999999892, 10.060892 ], [ -8.101907, 10.065411 ], [ -8.099813, 10.065910000000144 ], [ -8.096355, 10.06493 ], [ -8.095165, 10.064073 ], [ -8.09438, 10.062955 ], [ -8.092439999999897, 10.061721 ], [ -8.090603999999871, 10.062341 ], [ -8.087583, 10.063126000000182 ], [ -8.085347, 10.063158000000158 ], [ -8.08257, 10.0631360000001 ], [ -8.081357, 10.062952000000166 ], [ -8.079852999999844, 10.062453000000119 ], [ -8.078081, 10.065763 ], [ -8.078287, 10.067729 ], [ -8.078334, 10.068672 ], [ -8.078025, 10.070403000000113 ], [ -8.074566999999888, 10.072794 ], [ -8.074054, 10.072754 ], [ -8.071418, 10.071925 ], [ -8.070622, 10.071221 ], [ -8.069985999999858, 10.07068 ], [ -8.069363999999894, 10.070174000000179 ], [ -8.065938, 10.069632 ], [ -8.059950999999899, 10.071015000000102 ], [ -8.059513, 10.071541 ], [ -8.058417, 10.072903000000167 ], [ -8.058569, 10.074190000000101 ], [ -8.058401999999887, 10.075756000000183 ], [ -8.057713, 10.07697 ], [ -8.056450999999868, 10.078041 ], [ -8.052661999999884, 10.079568000000108 ], [ -8.05140299999988, 10.080061 ], [ -8.049427, 10.079617 ], [ -8.045149, 10.080610000000149 ], [ -8.04177, 10.082324 ], [ -8.038986, 10.0830610000001 ], [ -8.038045999999895, 10.082964 ], [ -8.035613, 10.082934 ], [ -8.034503, 10.083149000000105 ], [ -8.034251999999867, 10.08328100000017 ], [ -8.034426, 10.085667 ], [ -8.03448, 10.086113000000182 ], [ -8.034327, 10.086848 ], [ -8.033894, 10.088129 ], [ -8.032588, 10.090539 ], [ -8.032228, 10.090971000000138 ], [ -8.0298, 10.092099 ], [ -8.029466, 10.09214900000012 ], [ -8.028002999999899, 10.092268000000161 ], [ -8.027437, 10.092311000000166 ], [ -8.02683299999984, 10.091595 ], [ -8.026557, 10.091115000000173 ], [ -8.025931, 10.090980000000172 ], [ -8.023117, 10.090786 ], [ -8.022182, 10.091005000000109 ], [ -8.020924999999863, 10.091467 ], [ -8.015503, 10.095631 ], [ -8.008805999999879, 10.097318 ], [ -8.00879, 10.098106 ], [ -8.009050999999886, 10.098891000000151 ], [ -8.010075, 10.100057000000163 ], [ -8.010864, 10.100722000000133 ], [ -8.011757999999872, 10.10135 ], [ -8.013361, 10.107150000000161 ], [ -8.013551999999891, 10.108904000000166 ], [ -8.013745, 10.114518000000146 ], [ -8.013666, 10.119831 ], [ -8.012272, 10.125311000000181 ], [ -8.010051, 10.127574 ], [ -8.008816, 10.127991 ], [ -8.009146, 10.130500000000154 ], [ -8.010546, 10.131901 ], [ -8.012284, 10.132186 ], [ -8.01337999999987, 10.133107 ], [ -8.014238, 10.134687 ], [ -8.013232, 10.136819 ], [ -8.011532, 10.138626000000158 ], [ -8.007112, 10.142128000000184 ], [ -8.004761999999857, 10.143077 ], [ -8.002216, 10.142938 ], [ -8.001714999999876, 10.142764 ], [ -8.000664, 10.142563000000109 ], [ -8.000113, 10.142521 ], [ -7.999168, 10.142704 ], [ -7.998524, 10.142832000000169 ], [ -7.99779999999987, 10.143033000000116 ], [ -7.997299999999825, 10.143474 ], [ -7.995073, 10.14602600000012 ], [ -7.994882, 10.148854 ], [ -7.994422999999813, 10.150077000000124 ], [ -7.99278, 10.153517 ], [ -7.992359, 10.154167000000143 ], [ -7.991327, 10.155007000000182 ], [ -7.99114, 10.159131000000173 ], [ -7.99052399999988, 10.168727000000104 ], [ -7.989510999999823, 10.173500000000161 ], [ -7.988074, 10.17375 ], [ -7.985755, 10.173619 ], [ -7.983402999999896, 10.172602 ], [ -7.982421, 10.172131 ], [ -7.981202382999982, 10.171413489000088 ], [ -7.98099, 10.171510000000126 ], [ -7.98075, 10.171630000000107 ], [ -7.98047, 10.17191 ], [ -7.98031, 10.172070000000133 ], [ -7.97659, 10.178470000000118 ], [ -7.97683, 10.18103 ], [ -7.977229999999849, 10.185190000000148 ], [ -7.977109999999868, 10.18707 ], [ -7.97707, 10.18731 ], [ -7.97687, 10.18755 ], [ -7.97491, 10.18963 ], [ -7.97459, 10.18987 ], [ -7.97327, 10.190830000000176 ], [ -7.973029999999881, 10.19099 ], [ -7.97279, 10.19111 ], [ -7.97227, 10.191270000000145 ], [ -7.97191, 10.191310000000101 ], [ -7.97143, 10.19143 ], [ -7.97071, 10.19167 ], [ -7.96939, 10.192410000000166 ], [ -7.962481, 10.19655 ], [ -7.960425, 10.202260000000138 ], [ -7.95934, 10.205514000000107 ], [ -7.958883, 10.206886000000111 ], [ -7.957456, 10.212711000000127 ], [ -7.956885, 10.215052 ], [ -7.95717, 10.217622 ], [ -7.957332999999892, 10.218213000000105 ], [ -7.957798, 10.219906 ], [ -7.958141, 10.22259 ], [ -7.957740999999885, 10.225503 ], [ -7.957112999999879, 10.227844 ], [ -7.956428, 10.2299 ], [ -7.954886, 10.232584 ], [ -7.951407999999844, 10.235349 ], [ -7.948907999999847, 10.237174 ], [ -7.948433, 10.237495000000138 ], [ -7.947062, 10.23949400000015 ], [ -7.946377, 10.241950000000145 ], [ -7.945748999999864, 10.244577000000106 ], [ -7.945405999999878, 10.247203000000127 ], [ -7.945692, 10.252743 ], [ -7.946206, 10.254856 ], [ -7.949632, 10.25931 ], [ -7.951287999999863, 10.261309 ], [ -7.952036, 10.262034000000142 ], [ -7.953173, 10.263136 ], [ -7.954542999999887, 10.26485 ], [ -7.955571, 10.267933 ], [ -7.955857, 10.270446000000163 ], [ -7.957464, 10.274796 ], [ -7.960624, 10.277561 ], [ -7.963257, 10.280457000000183 ], [ -7.964311, 10.28210300000012 ], [ -7.969178, 10.291932000000145 ], [ -7.970557999999812, 10.297167 ], [ -7.971271999999885, 10.299879 ], [ -7.97143299999982, 10.302247 ], [ -7.971463, 10.302687 ], [ -7.972367, 10.307684000000165 ], [ -7.972937999999886, 10.310159000000112 ], [ -7.975237999999877, 10.314820000000111 ], [ -7.976027999999872, 10.315874000000122 ], [ -7.976817999999867, 10.316927 ], [ -7.978302, 10.321166000000119 ], [ -7.978661, 10.322193 ], [ -7.978898999999899, 10.324447 ], [ -7.978925, 10.324695 ], [ -7.97898, 10.326014000000157 ], [ -7.979056, 10.327854000000173 ], [ -7.979846, 10.332199000000116 ], [ -7.980569999999886, 10.33424 ], [ -7.981294, 10.336280000000102 ], [ -7.983006, 10.339967000000172 ], [ -7.985244, 10.34339 ], [ -7.988536, 10.346286 ], [ -7.991959, 10.348656 ], [ -7.9957, 10.350349000000108 ], [ -7.998255, 10.351371000000142 ], [ -7.998441999999898, 10.351371000000142 ], [ -7.99845, 10.351371000000142 ], [ -7.998571, 10.351371000000142 ], [ -8.000348999999858, 10.351371000000142 ], [ -8.003205, 10.350800000000163 ], [ -8.005727, 10.349801 ], [ -8.007254999999873, 10.347836 ], [ -8.007467999999847, 10.347562 ], [ -8.008348999999896, 10.347209 ], [ -8.009466, 10.347209 ], [ -8.015403, 10.347268 ], [ -8.025926, 10.346621 ], [ -8.026039, 10.346571 ], [ -8.026984, 10.346151 ], [ -8.02777, 10.345233000000121 ], [ -8.028727, 10.343214 ], [ -8.028954999999883, 10.342732000000126 ], [ -8.030272, 10.340888000000177 ], [ -8.039619999999843, 10.334964000000127 ], [ -8.043438, 10.332726 ], [ -8.046729, 10.331804000000147 ], [ -8.049626, 10.331277 ], [ -8.052522, 10.331409000000122 ], [ -8.055419, 10.331936 ], [ -8.058446999999887, 10.332989000000111 ], [ -8.060308, 10.333944 ], [ -8.064051, 10.335865 ], [ -8.06739999999985, 10.338124000000107 ], [ -8.071218, 10.341152 ], [ -8.07401, 10.344476 ], [ -8.079036, 10.351266000000123 ], [ -8.082296558999872, 10.356454035000127 ], [ -8.085557225999935, 10.361642035000045 ], [ -8.09061, 10.36961 ], [ -8.0921, 10.371730000000127 ], [ -8.0922, 10.371870000000172 ], [ -8.09228, 10.37197 ], [ -8.09296, 10.3725 ], [ -8.095639999999889, 10.375880000000109 ], [ -8.09923, 10.38092 ], [ -8.10349, 10.38691 ], [ -8.10494, 10.391220000000146 ], [ -8.10566, 10.39623 ], [ -8.10587, 10.40171 ], [ -8.10499, 10.410510000000158 ], [ -8.10411, 10.41252 ], [ -8.102669999999819, 10.4202 ], [ -8.1011, 10.42897 ], [ -8.10311, 10.433130000000176 ], [ -8.103179999999895, 10.433200000000113 ], [ -8.10324, 10.43326 ], [ -8.10473, 10.434460000000115 ], [ -8.105459999999823, 10.440040000000124 ], [ -8.10544, 10.4401 ], [ -8.10538, 10.44023 ], [ -8.104849999999885, 10.44107 ], [ -8.10459, 10.44142 ], [ -8.10449, 10.44152 ], [ -8.10429, 10.44165 ], [ -8.1042, 10.44169 ], [ -8.10411, 10.441700000000139 ], [ -8.10402, 10.441700000000139 ], [ -8.10395, 10.44169 ], [ -8.10382, 10.441640000000177 ], [ -8.103759999999852, 10.44161 ], [ -8.1037, 10.44157 ], [ -8.103549999999871, 10.44143 ], [ -8.10348, 10.441320000000132 ], [ -8.10338, 10.44113 ], [ -8.10332, 10.44099 ], [ -8.103269999999895, 10.440830000000119 ], [ -8.103219999999851, 10.44063 ], [ -8.103139999999883, 10.44046 ], [ -8.10303, 10.440380000000175 ], [ -8.10111, 10.43912 ], [ -8.10106, 10.43909 ], [ -8.100959999999816, 10.439040000000148 ], [ -8.100889999999879, 10.43902 ], [ -8.10076, 10.43903 ], [ -8.10069, 10.439040000000148 ], [ -8.100099999999884, 10.43919000000011 ], [ -8.09984, 10.43927 ], [ -8.09977, 10.43934 ], [ -8.0997, 10.43943 ], [ -8.09968, 10.439480000000117 ], [ -8.099, 10.441670000000158 ], [ -8.09899, 10.441730000000121 ], [ -8.09898, 10.442080000000146 ], [ -8.09898, 10.44215 ], [ -8.09898, 10.4439 ], [ -8.099, 10.446350000000109 ], [ -8.09924, 10.447830000000181 ], [ -8.100849999999866, 10.44872 ], [ -8.100959999999816, 10.448740000000157 ], [ -8.10115, 10.44873 ], [ -8.10284, 10.44854000000015 ], [ -8.10684, 10.4485 ], [ -8.10698, 10.4485 ], [ -8.10715, 10.4485 ], [ -8.107719999999858, 10.44855 ], [ -8.107889999999884, 10.448570000000132 ], [ -8.108269999999891, 10.448620000000176 ], [ -8.10846, 10.44865 ], [ -8.10866, 10.448710000000176 ], [ -8.10882, 10.44876 ], [ -8.10894, 10.44884 ], [ -8.1092, 10.449190000000101 ], [ -8.10993, 10.450450000000103 ], [ -8.11018, 10.45089 ], [ -8.110629999999844, 10.451930000000118 ], [ -8.114459999999838, 10.449790000000178 ], [ -8.12024, 10.44377 ], [ -8.1252, 10.441550000000177 ], [ -8.12544, 10.441500000000133 ], [ -8.126959999999883, 10.44126000000017 ], [ -8.12711, 10.441240000000107 ], [ -8.127459999999871, 10.44145 ], [ -8.12758, 10.441640000000177 ], [ -8.12768, 10.44181 ], [ -8.127719999999897, 10.44188000000014 ], [ -8.12778, 10.44204 ], [ -8.12777, 10.442200000000128 ], [ -8.128199999999822, 10.44338 ], [ -8.131959999999879, 10.44198 ], [ -8.134249999999895, 10.440360000000112 ], [ -8.138109999999813, 10.437380000000132 ], [ -8.1383, 10.43722 ], [ -8.138489999999877, 10.436930000000189 ], [ -8.13882, 10.4363 ], [ -8.13897, 10.43594000000013 ], [ -8.13906, 10.43572 ], [ -8.13911, 10.43557 ], [ -8.13908, 10.435360000000117 ], [ -8.13904, 10.43517 ], [ -8.13894, 10.43502 ], [ -8.13861, 10.43474 ], [ -8.13827, 10.43452 ], [ -8.145199999999875, 10.430860000000109 ], [ -8.14909, 10.427930000000174 ], [ -8.151539999999898, 10.42786 ], [ -8.15655, 10.42789 ], [ -8.15941, 10.42807 ], [ -8.162319999999852, 10.42818 ], [ -8.16252999999989, 10.42818 ], [ -8.1627, 10.42818 ], [ -8.162859999999853, 10.428170000000136 ], [ -8.162979999999834, 10.42815 ], [ -8.16318, 10.428080000000136 ], [ -8.16352, 10.427960000000155 ], [ -8.16371, 10.42789 ], [ -8.16393, 10.42779000000013 ], [ -8.16466, 10.42737 ], [ -8.16472, 10.427320000000122 ], [ -8.16473, 10.42725 ], [ -8.16473, 10.42716 ], [ -8.16466, 10.42704 ], [ -8.16459, 10.42695 ], [ -8.16454, 10.42689 ], [ -8.16441, 10.42686 ], [ -8.16425, 10.42684 ], [ -8.16606, 10.42409 ], [ -8.171309999999835, 10.42169 ], [ -8.17182, 10.421360000000107 ], [ -8.17189999999988, 10.421260000000188 ], [ -8.172109999999861, 10.42074 ], [ -8.17216, 10.42055 ], [ -8.17226, 10.42002 ], [ -8.17226, 10.4199 ], [ -8.17209999999983, 10.419200000000103 ], [ -8.17208, 10.41912 ], [ -8.17195, 10.41875 ], [ -8.17588, 10.4171300000001 ], [ -8.17893, 10.418030000000101 ], [ -8.18284, 10.418340000000171 ], [ -8.18282, 10.416850000000181 ], [ -8.1831, 10.41348 ], [ -8.18313, 10.41336 ], [ -8.18325, 10.41327 ], [ -8.18335999999988, 10.41324 ], [ -8.183469999999829, 10.41322 ], [ -8.18389, 10.41316 ], [ -8.184019999999862, 10.41315 ], [ -8.18965, 10.413050000000169 ], [ -8.19422, 10.41521 ], [ -8.20087999999987, 10.415600000000154 ], [ -8.20311, 10.41571 ], [ -8.20315, 10.41574 ], [ -8.204269999999894, 10.416390000000149 ], [ -8.20436, 10.41644 ], [ -8.20581, 10.417120000000125 ], [ -8.208039999999812, 10.417300000000125 ], [ -8.208099999999888, 10.417300000000125 ], [ -8.208169999999882, 10.417300000000125 ], [ -8.208259999999882, 10.417300000000125 ], [ -8.20833, 10.417300000000125 ], [ -8.20841, 10.417300000000125 ], [ -8.2135, 10.41781 ], [ -8.21536, 10.420160000000124 ], [ -8.218619999999817, 10.42191 ], [ -8.220709999999883, 10.421330000000125 ], [ -8.2209, 10.421240000000125 ], [ -8.22108, 10.421150000000182 ], [ -8.221169999999859, 10.4211 ], [ -8.22126, 10.421040000000119 ], [ -8.22386, 10.41940000000011 ], [ -8.22898, 10.41745 ], [ -8.22909, 10.41744000000017 ], [ -8.22923, 10.41745 ], [ -8.22934, 10.41748 ], [ -8.22943, 10.417530000000113 ], [ -8.22947, 10.41757 ], [ -8.229499999999859, 10.41765 ], [ -8.231584999999882, 10.423469000000182 ], [ -8.231870999999842, 10.425943 ], [ -8.232014, 10.428846 ], [ -8.232109, 10.431749000000138 ], [ -8.232079999999883, 10.432486 ], [ -8.231917999999894, 10.436603000000105 ], [ -8.232014, 10.439839000000177 ], [ -8.232488999999816, 10.442409 ], [ -8.233679, 10.447739000000126 ], [ -8.234249999999861, 10.450119 ], [ -8.234297, 10.45030300000019 ], [ -8.234915999999885, 10.452688 ], [ -8.235725, 10.455353 ], [ -8.235625, 10.462751 ], [ -8.235345, 10.465823000000171 ], [ -8.235154, 10.468726 ], [ -8.235915999999861, 10.470820000000117 ], [ -8.237296, 10.473104 ], [ -8.238247999999885, 10.475436000000116 ], [ -8.239198999999871, 10.478101000000152 ], [ -8.239579999999876, 10.480576000000156 ], [ -8.239596, 10.480732 ], [ -8.239865999999836, 10.483336 ], [ -8.241341, 10.486572 ], [ -8.243507, 10.489014 ], [ -8.244339, 10.489951 ], [ -8.245434, 10.493472000000111 ], [ -8.245686, 10.496217 ], [ -8.24591, 10.49866 ], [ -8.245814, 10.503419000000122 ], [ -8.245791999999881, 10.503501 ], [ -8.245196, 10.505703 ], [ -8.245624, 10.508844000000124 ], [ -8.246242999999879, 10.511223000000143 ], [ -8.247146999999813, 10.513507000000118 ], [ -8.248479, 10.515792000000147 ], [ -8.249812, 10.518028 ], [ -8.252857999999833, 10.522359000000108 ], [ -8.253012, 10.522546000000148 ], [ -8.255356, 10.525381 ], [ -8.257854, 10.528403 ], [ -8.261804, 10.53597 ], [ -8.264827, 10.545905 ], [ -8.264949999999885, 10.546352 ], [ -8.26843, 10.549910000000125 ], [ -8.26996, 10.550950000000171 ], [ -8.27052, 10.551330000000178 ], [ -8.270979999999895, 10.551600000000121 ], [ -8.27156, 10.55211 ], [ -8.271979999999871, 10.552620000000161 ], [ -8.27214, 10.55337 ], [ -8.272189999999853, 10.553740000000118 ], [ -8.272649999999885, 10.55821 ], [ -8.272899999999879, 10.56076 ], [ -8.27272, 10.561770000000138 ], [ -8.27253, 10.56225 ], [ -8.27245, 10.562360000000126 ], [ -8.2718, 10.56313 ], [ -8.271699999999896, 10.563200000000165 ], [ -8.27101, 10.563670000000172 ], [ -8.27091, 10.56368 ], [ -8.270779999999888, 10.56366 ], [ -8.27063, 10.563670000000172 ], [ -8.27054, 10.563730000000135 ], [ -8.27045, 10.563820000000135 ], [ -8.27039, 10.56395 ], [ -8.270109999999875, 10.564660000000174 ], [ -8.2687, 10.569550000000106 ], [ -8.26934, 10.57389 ], [ -8.27289, 10.579450000000179 ], [ -8.27586, 10.58356 ], [ -8.28059, 10.589160000000106 ], [ -8.28067, 10.589250000000106 ], [ -8.281069999999886, 10.589690000000132 ], [ -8.28179, 10.59041000000019 ], [ -8.2865, 10.59441 ], [ -8.28986, 10.591520000000173 ], [ -8.29282, 10.58784 ], [ -8.29357, 10.586410000000171 ], [ -8.294129999999825, 10.58547 ], [ -8.2942, 10.585360000000151 ], [ -8.29432, 10.58528 ], [ -8.29497, 10.585300000000132 ], [ -8.29652, 10.585530000000176 ], [ -8.29758, 10.585910000000183 ], [ -8.3019, 10.58765 ], [ -8.307879999999841, 10.58748 ], [ -8.314999999999884, 10.58741 ], [ -8.31857, 10.58762 ], [ -8.3191, 10.58766 ], [ -8.324169999999867, 10.58858 ], [ -8.32505963299991, 10.59145567600018 ], [ -8.326674, 10.596674000000121 ], [ -8.326986, 10.6006 ], [ -8.327898, 10.610167000000104 ], [ -8.328646981999839, 10.617214503000127 ], [ -8.329409999999882, 10.624395000000106 ], [ -8.329082999999855, 10.629838000000177 ], [ -8.328637, 10.632069 ], [ -8.325781, 10.63661900000011 ], [ -8.323253, 10.641467 ], [ -8.321617, 10.644888 ], [ -8.32087399999989, 10.648308 ], [ -8.320606, 10.653484 ], [ -8.321766, 10.662615000000187 ], [ -8.322569, 10.665649 ], [ -8.323194, 10.668712 ], [ -8.323164, 10.671687000000134 ], [ -8.321469, 10.673531000000139 ], [ -8.31058252299988, 10.674750099000164 ], [ -8.301273, 10.675761 ], [ -8.299816, 10.67588000000012 ], [ -8.300175999999851, 10.681440000000123 ], [ -8.3005, 10.686439000000178 ], [ -8.300142999999878, 10.689086 ], [ -8.298804, 10.691198 ], [ -8.29621799999984, 10.692705000000103 ], [ -8.295027, 10.69339900000017 ], [ -8.292528, 10.694827 ], [ -8.290744, 10.696433000000184 ], [ -8.289584, 10.698634 ], [ -8.288959, 10.701013 ], [ -8.289435, 10.703661000000125 ], [ -8.291635999999869, 10.70541500000013 ], [ -8.293867, 10.706427 ], [ -8.295894, 10.707209 ], [ -8.296336, 10.707379000000117 ], [ -8.298834, 10.708509000000163 ], [ -8.300766999999894, 10.709996000000103 ], [ -8.300946, 10.712673000000109 ], [ -8.300619, 10.71526 ], [ -8.300648, 10.718265 ], [ -8.301599999999894, 10.720466 ], [ -8.303058, 10.722815 ], [ -8.301987, 10.72525400000012 ], [ -8.299130999999875, 10.729656 ], [ -8.296038, 10.734266 ], [ -8.294713999999829, 10.73672 ], [ -8.293390999999872, 10.739174 ], [ -8.291516999999885, 10.743725 ], [ -8.290773999999885, 10.746461 ], [ -8.29003, 10.749376 ], [ -8.289761999999882, 10.751904000000138 ], [ -8.29003, 10.757139 ], [ -8.291219999999839, 10.759608 ], [ -8.298268999999891, 10.767014000000131 ], [ -8.300351, 10.768858000000137 ], [ -8.30279, 10.770494000000156 ], [ -8.305318, 10.770821000000183 ], [ -8.313527, 10.770851 ], [ -8.315965999999889, 10.770821000000183 ], [ -8.32712, 10.77088 ], [ -8.329886, 10.771089000000131 ], [ -8.331580999999858, 10.772576 ], [ -8.331879, 10.775223 ], [ -8.331997999999885, 10.783016 ], [ -8.332028, 10.786228 ], [ -8.330956999999898, 10.788816000000168 ], [ -8.329232, 10.791046000000108 ], [ -8.325692, 10.795121000000108 ], [ -8.314458999999886, 10.805043 ], [ -8.311683, 10.807316000000185 ], [ -8.309957999999824, 10.809041 ], [ -8.307964999999854, 10.811331 ], [ -8.306624999999826, 10.813158 ], [ -8.306329, 10.813562 ], [ -8.304812, 10.816001 ], [ -8.30395, 10.81847 ], [ -8.302049999999895, 10.828821000000119 ], [ -8.301931, 10.831914 ], [ -8.302407, 10.834472000000176 ], [ -8.303209, 10.835589 ], [ -8.304073, 10.836792 ], [ -8.305721999999889, 10.838327000000106 ], [ -8.305798, 10.838398 ], [ -8.307582, 10.840837 ], [ -8.30907, 10.843276000000117 ], [ -8.309009999999887, 10.845417000000168 ], [ -8.308902721999971, 10.846013548000144 ], [ -8.308475, 10.848392000000104 ], [ -8.307389999999884, 10.853701 ], [ -8.307343999999887, 10.853924 ], [ -8.306693, 10.854471 ], [ -8.302379051999878, 10.858094031 ], [ -8.298064999999895, 10.861717 ], [ -8.294594999999845, 10.86439 ], [ -8.285095999999839, 10.871710000000121 ], [ -8.281988999999896, 10.874152 ], [ -8.278882, 10.876594000000125 ], [ -8.269808, 10.883727 ], [ -8.265209, 10.887452 ], [ -8.259159999999895, 10.89235200000013 ], [ -8.257792, 10.894375 ], [ -8.257472, 10.895828000000108 ], [ -8.257138, 10.89734900000019 ], [ -8.257566999999881, 10.900208000000134 ], [ -8.25896, 10.905669000000103 ], [ -8.261241465999888, 10.910179009000103 ], [ -8.263523, 10.91468900000018 ], [ -8.265757469999926, 10.918733509000049 ], [ -8.267992, 10.922778000000108 ], [ -8.271346999999821, 10.928851 ], [ -8.277685999999846, 10.944042 ], [ -8.278714, 10.946555000000103 ], [ -8.278770999999892, 10.948896 ], [ -8.278428, 10.951866 ], [ -8.278256, 10.956537 ], [ -8.27802899999989, 10.962887 ], [ -8.278083330999948, 10.969698670000128 ], [ -8.278137663999928, 10.976510336000104 ], [ -8.278191999999876, 10.983322 ], [ -8.2782, 10.984302000000127 ], [ -8.278448995999895, 10.989355501000034 ], [ -8.278698, 10.994409 ], [ -8.27812, 10.994 ], [ -8.27734, 10.994350000000168 ], [ -8.27666, 10.995730000000151 ], [ -8.2766, 10.99586 ], [ -8.27653, 10.996690000000171 ], [ -8.27779, 11.00168 ], [ -8.27792, 11.00203 ], [ -8.2818, 11.01181 ], [ -8.2827, 11.01351 ], [ -8.282769999999857, 11.01363 ], [ -8.28286, 11.01377 ], [ -8.28315, 11.014210000000105 ], [ -8.28571, 11.01773 ], [ -8.288059999999859, 11.019930000000159 ], [ -8.28853, 11.020310000000109 ], [ -8.29158, 11.02138 ], [ -8.29315, 11.02193 ], [ -8.29408, 11.022040000000118 ], [ -8.29544, 11.0219 ], [ -8.303536, 11.022076 ], [ -8.309059, 11.023801000000162 ], [ -8.314246, 11.027275 ], [ -8.320289999999886, 11.03298500000011 ], [ -8.324572999999816, 11.037744 ], [ -8.326429, 11.040076000000113 ], [ -8.330396, 11.045851 ], [ -8.335003398999959, 11.052327036000179 ], [ -8.33961099999982, 11.058803 ], [ -8.342086, 11.061277000000132 ], [ -8.344751, 11.063466 ], [ -8.347486999999887, 11.065179 ], [ -8.355887, 11.069065 ], [ -8.363953, 11.071564 ], [ -8.369556999999872, 11.072063000000128 ], [ -8.373483, 11.071242 ], [ -8.376016999999877, 11.069922 ], [ -8.378623, 11.068351000000121 ], [ -8.38166, 11.066348000000119 ], [ -8.38197799999989, 11.066138000000137 ], [ -8.382699, 11.065544 ], [ -8.384011999999871, 11.064461000000108 ], [ -8.386653, 11.062783 ], [ -8.389472999999896, 11.062212 ], [ -8.39001, 11.062187000000108 ], [ -8.392333, 11.062081 ], [ -8.392578, 11.062070000000176 ], [ -8.395755, 11.062105 ], [ -8.40275, 11.062212 ], [ -8.405696, 11.062258 ], [ -8.415528, 11.062569 ], [ -8.419132999999874, 11.062783 ], [ -8.422166999999888, 11.063212 ], [ -8.425022, 11.06364 ], [ -8.428806, 11.064604 ], [ -8.431768, 11.065817 ], [ -8.432657999999833, 11.066296 ], [ -8.434552, 11.067316000000119 ], [ -8.437265, 11.06910100000016 ], [ -8.442056, 11.070903 ], [ -8.44393, 11.07086 ], [ -8.445859999999868, 11.07034 ], [ -8.4465, 11.07005 ], [ -8.44686, 11.06967 ], [ -8.44746, 11.06929 ], [ -8.44817, 11.068980000000124 ], [ -8.44902999999988, 11.06867 ], [ -8.44938, 11.06855 ], [ -8.46008, 11.068570000000136 ], [ -8.460739999999873, 11.068600000000117 ], [ -8.463149999999871, 11.069030000000168 ], [ -8.46789, 11.06929 ], [ -8.47101, 11.06943 ], [ -8.471359999999891, 11.069410000000175 ], [ -8.4722, 11.069120000000169 ], [ -8.47305, 11.06881 ], [ -8.47329, 11.068740000000162 ], [ -8.47358, 11.06876 ], [ -8.478979999999865, 11.07036 ], [ -8.47929, 11.07057 ], [ -8.47963, 11.07091 ], [ -8.47984, 11.071310000000153 ], [ -8.48022, 11.071430000000134 ], [ -8.48163, 11.07162 ], [ -8.48263, 11.070930000000146 ], [ -8.48334, 11.07022 ], [ -8.48353, 11.06993 ], [ -8.483719999999835, 11.06943 ], [ -8.48544, 11.06274000000019 ], [ -8.48558, 11.0621 ], [ -8.48558, 11.061260000000118 ], [ -8.485389999999882, 11.06048 ], [ -8.48513, 11.05967 ], [ -8.48475, 11.05876 ], [ -8.48448, 11.058570000000145 ], [ -8.484059999999886, 11.05841 ], [ -8.484099999999899, 11.05524000000014 ], [ -8.48733, 11.04431000000011 ], [ -8.487429999999847, 11.044 ], [ -8.488889999999856, 11.04171 ], [ -8.49349, 11.03455 ], [ -8.49403, 11.03455 ], [ -8.49465, 11.0345 ], [ -8.4951, 11.03421 ], [ -8.5, 11.02976 ], [ -8.50033, 11.02936 ], [ -8.500589999999875, 11.02895 ], [ -8.50197, 11.02626 ], [ -8.50216, 11.02564 ], [ -8.50191999999987, 11.02498 ], [ -8.50152, 11.023930000000178 ], [ -8.50118, 11.0234 ], [ -8.500469999999893, 11.021950000000118 ], [ -8.50033, 11.021210000000167 ], [ -8.50033, 11.02052 ], [ -8.50037, 11.01962 ], [ -8.50146999999987, 11.01074 ], [ -8.501639999999895, 11.01009 ], [ -8.5019, 11.00978 ], [ -8.50649, 11.00495 ], [ -8.50888, 11.00269 ], [ -8.512339999999881, 11.000000000000114 ], [ -8.5184, 10.99744 ], [ -8.518959999999879, 10.99724 ], [ -8.51936, 10.99708 ], [ -8.52016, 10.99668 ], [ -8.520799999999895, 10.99633 ], [ -8.52115, 10.99613 ], [ -8.521909999999878, 10.99533 ], [ -8.52223, 10.99461 ], [ -8.52231, 10.99429 ], [ -8.52255, 10.993770000000154 ], [ -8.523869999999874, 10.992260000000101 ], [ -8.52522, 10.99074 ], [ -8.52782, 10.9878700000001 ], [ -8.52814, 10.98759 ], [ -8.52858, 10.98735 ], [ -8.53165, 10.98603 ], [ -8.54106, 10.981400000000178 ], [ -8.54477, 10.977930000000129 ], [ -8.55155, 10.97203 ], [ -8.55231, 10.971990000000176 ], [ -8.560497043999874, 10.969182547000116 ], [ -8.569841, 10.965973 ], [ -8.572411, 10.96487900000011 ], [ -8.573701, 10.962963 ], [ -8.575885, 10.961214 ], [ -8.579121, 10.958787 ], [ -8.582261999999844, 10.958264 ], [ -8.58488, 10.95874 ], [ -8.586476999999888, 10.959839 ], [ -8.587783, 10.960738000000163 ], [ -8.589536, 10.964161 ], [ -8.591802999999857, 10.968258000000105 ], [ -8.59224, 10.9676 ], [ -8.592439999999897, 10.967280000000187 ], [ -8.59249, 10.967200000000162 ], [ -8.59257, 10.96698 ], [ -8.59261, 10.966850000000136 ], [ -8.59341, 10.96406 ], [ -8.59411, 10.961530000000153 ], [ -8.59423, 10.960830000000158 ], [ -8.59436, 10.96047 ], [ -8.594499999999812, 10.96009 ], [ -8.59554, 10.95842 ], [ -8.59633, 10.95734 ], [ -8.59682, 10.956880000000183 ], [ -8.59733, 10.95667 ], [ -8.601052999999865, 10.955467000000112 ], [ -8.602532, 10.955247 ], [ -8.60273913199984, 10.955739895000079 ], [ -8.60421, 10.95924 ], [ -8.60916, 10.964570000000151 ], [ -8.614199999999812, 10.96809 ], [ -8.616869999999835, 10.96857000000017 ], [ -8.629619999999875, 10.96257 ], [ -8.635000046999949, 10.95995504800004 ], [ -8.64038, 10.95734 ], [ -8.649609999999882, 10.95324 ], [ -8.65522, 10.952580000000182 ], [ -8.661319999999876, 10.951910000000169 ], [ -8.66417, 10.952290000000175 ], [ -8.6675, 10.954200000000128 ], [ -8.67055, 10.95838 ], [ -8.67312, 10.96485 ], [ -8.67417, 10.97209 ], [ -8.67369, 10.97799 ], [ -8.67188, 10.983600000000138 ], [ -8.67179, 10.99008 ], [ -8.67417, 10.995410000000106 ], [ -8.675969999999836, 10.998450000000105 ], [ -8.67616, 11.001020000000153 ], [ -8.67217, 11.007880000000171 ], [ -8.66389, 11.018150000000105 ], [ -8.65856, 11.02377 ], [ -8.652939999999887, 11.027670000000171 ], [ -8.648420042999931, 11.030480034000163 ], [ -8.6439, 11.033290000000136 ], [ -8.638279999999838, 11.0369 ], [ -8.6341, 11.039860000000147 ], [ -8.63076, 11.04576 ], [ -8.628959999999893, 11.0509 ], [ -8.62905, 11.05461 ], [ -8.62934, 11.0606 ], [ -8.62848, 11.06622 ], [ -8.62581, 11.07231000000013 ], [ -8.625117320999834, 11.073309345000098 ], [ -8.62258, 11.07697 ], [ -8.618105063999963, 11.081210034000037 ], [ -8.613629999999887, 11.08545 ], [ -8.60906006099998, 11.089350035000052 ], [ -8.60449, 11.09325 ], [ -8.59983, 11.09763 ], [ -8.59916, 11.1021 ], [ -8.59983, 11.10382 ], [ -8.603259999999864, 11.10686 ], [ -8.6044, 11.11029 ], [ -8.60602, 11.11828 ], [ -8.60602, 11.125420000000133 ], [ -8.60297, 11.132080000000144 ], [ -8.599017999999887, 11.135751000000141 ], [ -8.597639999999899, 11.13703 ], [ -8.59403, 11.13789 ], [ -8.58613, 11.137600000000134 ], [ -8.58127, 11.13694 ], [ -8.57318, 11.13437 ], [ -8.56776, 11.13475 ], [ -8.563, 11.135700000000156 ], [ -8.559479999999837, 11.13703 ], [ -8.55871, 11.141320000000121 ], [ -8.55529, 11.14969 ], [ -8.552910033999979, 11.153830010000092 ], [ -8.55053, 11.15797 ], [ -8.54929, 11.16406000000012 ], [ -8.550764975999925, 11.168725004000066 ], [ -8.55348, 11.17891 ], [ -8.55472, 11.180720000000122 ], [ -8.556239999999889, 11.18158 ], [ -8.557, 11.188430000000153 ], [ -8.55643, 11.1949 ], [ -8.555145024999888, 11.200565004000055 ], [ -8.553859999999872, 11.206230000000176 ], [ -8.553543350999973, 11.206900476000044 ], [ -8.55139, 11.211460000000159 ], [ -8.54805, 11.21432 ], [ -8.543479999999818, 11.21641000000011 ], [ -8.538819999999873, 11.217460000000131 ], [ -8.531869999999856, 11.2166 ], [ -8.528189, 11.216126 ], [ -8.52302, 11.215460000000178 ], [ -8.515219999999886, 11.21613 ], [ -8.51255, 11.21793 ], [ -8.509445, 11.221422000000189 ], [ -8.50798, 11.223070000000121 ], [ -8.5056, 11.22469 ], [ -8.500907, 11.224777000000131 ], [ -8.500179999999887, 11.224790000000155 ], [ -8.49437, 11.22431 ], [ -8.48724, 11.222690000000114 ], [ -8.483139999999878, 11.222600000000114 ], [ -8.47838, 11.2246 ], [ -8.472769999999855, 11.228590000000167 ], [ -8.470479999999895, 11.23193 ], [ -8.47029, 11.23611000000011 ], [ -8.47286, 11.24059 ], [ -8.47629, 11.24535 ], [ -8.477859966999915, 11.25148500500012 ], [ -8.47943, 11.25762 ], [ -8.482759999999871, 11.264570000000163 ], [ -8.48362, 11.26743 ], [ -8.483519999999885, 11.27181 ], [ -8.482095023999932, 11.276660004000064 ], [ -8.48067, 11.28151 ], [ -8.47572, 11.28799 ], [ -8.471625031999963, 11.290270028000123 ], [ -8.467529999999897, 11.292550000000119 ], [ -8.46196502399988, 11.29379005200002 ], [ -8.4564, 11.295030000000111 ], [ -8.451019987999871, 11.294410049000078 ], [ -8.44564, 11.29379 ], [ -8.43926, 11.29132 ], [ -8.43346, 11.287600000000168 ], [ -8.429079999999885, 11.28332 ], [ -8.42089, 11.28056000000015 ], [ -8.407379999999876, 11.27742 ], [ -8.39586, 11.275710000000117 ], [ -8.38178, 11.277140000000145 ], [ -8.37197, 11.27942000000013 ], [ -8.365029999999877, 11.28465000000017 ], [ -8.36103, 11.292550000000119 ], [ -8.355699999999899, 11.30607 ], [ -8.35246, 11.31778 ], [ -8.352079999999887, 11.32444 ], [ -8.3536, 11.3272 ], [ -8.356269999999824, 11.328820000000121 ], [ -8.369399999999871, 11.328150000000107 ], [ -8.374730005999879, 11.327820048000149 ], [ -8.38006, 11.32749 ], [ -8.38949, 11.328910000000121 ], [ -8.39729, 11.33082 ], [ -8.40386, 11.335 ], [ -8.408429999999896, 11.34386 ], [ -8.405860062999977, 11.350900013000114 ], [ -8.40329, 11.35794 ], [ -8.397580072999858, 11.361605056000087 ], [ -8.39187, 11.365270000000123 ], [ -8.385363422999887, 11.367236811000055 ], [ -8.378856755999948, 11.369203477000042 ], [ -8.372349999999869, 11.37117000000012 ], [ -8.363510006999945, 11.371404133000055 ], [ -8.35467, 11.371638000000132 ], [ -8.351358999999832, 11.376335 ], [ -8.354167, 11.378001 ], [ -8.35688, 11.379286 ], [ -8.362066999999854, 11.382522 ], [ -8.364827, 11.384758000000147 ], [ -8.366415, 11.386706 ], [ -8.36734899999982, 11.38785200000018 ], [ -8.369181, 11.388376 ], [ -8.371014, 11.388899 ], [ -8.375680999999872, 11.388614000000189 ], [ -8.376934999999889, 11.388482 ], [ -8.383542, 11.38850900000017 ], [ -8.385855999999876, 11.388614000000189 ], [ -8.389642999999865, 11.389140000000168 ], [ -8.390422999999828, 11.389313 ], [ -8.393809, 11.390422 ], [ -8.396997, 11.391897 ], [ -8.399852999999894, 11.39351500000015 ], [ -8.402327, 11.39518 ], [ -8.403471, 11.396534 ], [ -8.403637999999887, 11.396732 ], [ -8.404659, 11.397941 ], [ -8.407085999999879, 11.399701 ], [ -8.409418, 11.401224 ], [ -8.416652, 11.402747000000147 ], [ -8.424076, 11.403175 ], [ -8.426979, 11.402961000000118 ], [ -8.429882, 11.402747000000147 ], [ -8.434830999999861, 11.400748000000135 ], [ -8.437734, 11.402176000000168 ], [ -8.439779999999871, 11.40427 ], [ -8.441825999999878, 11.406745 ], [ -8.441889, 11.406852000000185 ], [ -8.445348, 11.412788000000148 ], [ -8.447585, 11.414549 ], [ -8.450868, 11.41550100000012 ], [ -8.453391, 11.414597 ], [ -8.460006, 11.411979 ], [ -8.46666840499995, 11.416072076000091 ], [ -8.473331, 11.420165000000168 ], [ -8.474986999999885, 11.417386 ], [ -8.476927999999873, 11.414835 ], [ -8.479802999999833, 11.413026000000116 ], [ -8.482771999999898, 11.412798 ], [ -8.495435, 11.415137000000186 ], [ -8.498658, 11.416335000000174 ], [ -8.498756999999841, 11.416372 ], [ -8.5, 11.41720000000015 ], [ -8.50157, 11.41862 ], [ -8.50173, 11.418790000000115 ], [ -8.50361, 11.42464 ], [ -8.50511, 11.43026 ], [ -8.50457, 11.432340000000181 ], [ -8.50445, 11.43291 ], [ -8.50457, 11.43338 ], [ -8.50485, 11.434410000000184 ], [ -8.50611, 11.437810000000127 ], [ -8.50749, 11.43981 ], [ -8.50807, 11.440650000000119 ], [ -8.50902, 11.442 ], [ -8.50947, 11.44229 ], [ -8.51023, 11.442840000000103 ], [ -8.51078, 11.44353000000018 ], [ -8.512089999999887, 11.44519 ], [ -8.513629999999864, 11.447340000000111 ], [ -8.51492, 11.449270000000126 ], [ -8.51485, 11.449620000000152 ], [ -8.513999999999839, 11.45086 ], [ -8.5134, 11.4516 ], [ -8.51257, 11.45217 ], [ -8.51223, 11.452600000000132 ], [ -8.51185, 11.45358 ], [ -8.51185, 11.45417 ], [ -8.51185, 11.45493 ], [ -8.51202, 11.4562 ], [ -8.51211, 11.45667 ], [ -8.513259999999889, 11.45867 ], [ -8.51471, 11.46077 ], [ -8.515089999999873, 11.46127 ], [ -8.51559, 11.46151 ], [ -8.51626, 11.461840000000109 ], [ -8.51678, 11.46241 ], [ -8.51697, 11.46282 ], [ -8.51702, 11.463530000000162 ], [ -8.51712, 11.466720000000123 ], [ -8.517039999999838, 11.46796 ], [ -8.51697, 11.46867 ], [ -8.51673, 11.469290000000115 ], [ -8.516419999999869, 11.470050000000128 ], [ -8.51635, 11.4707 ], [ -8.51673, 11.47353 ], [ -8.51726, 11.47491 ], [ -8.5219, 11.48427 ], [ -8.52447, 11.48675 ], [ -8.5254, 11.48749 ], [ -8.52807, 11.488720000000171 ], [ -8.52952, 11.49053 ], [ -8.529696, 11.49354 ], [ -8.531289999999899, 11.49399000000011 ], [ -8.53153, 11.49404 ], [ -8.531949999999881, 11.49394 ], [ -8.53225, 11.49371 ], [ -8.53264, 11.49333 ], [ -8.53282, 11.49312 ], [ -8.53292, 11.492970000000128 ], [ -8.53307999999987, 11.492710000000102 ], [ -8.5332, 11.49242 ], [ -8.53322, 11.49236 ], [ -8.533249999999896, 11.49194000000017 ], [ -8.53327, 11.491560000000163 ], [ -8.53327, 11.490950000000112 ], [ -8.533249999999896, 11.490570000000105 ], [ -8.53322, 11.49021 ], [ -8.53315, 11.48977 ], [ -8.53311, 11.489340000000141 ], [ -8.53306, 11.48851 ], [ -8.53307999999987, 11.48799 ], [ -8.53311, 11.48745 ], [ -8.53318, 11.48657 ], [ -8.53332, 11.48606000000018 ], [ -8.53340999999989, 11.48578 ], [ -8.53356, 11.4854 ], [ -8.53636, 11.47982 ], [ -8.536499999999876, 11.479640000000131 ], [ -8.53665, 11.47952000000015 ], [ -8.54102, 11.477560000000153 ], [ -8.54134, 11.477440000000172 ], [ -8.541609999999878, 11.477440000000172 ], [ -8.54213, 11.47754 ], [ -8.54238, 11.47763 ], [ -8.54277999999988, 11.47786 ], [ -8.543069999999886, 11.478060000000141 ], [ -8.54351, 11.47841000000011 ], [ -8.54402999999985, 11.47895 ], [ -8.54422, 11.479280000000188 ], [ -8.54443, 11.479690000000176 ], [ -8.54455, 11.47997 ], [ -8.54469, 11.480370000000107 ], [ -8.54477, 11.48058 ], [ -8.54486, 11.48074 ], [ -8.545029999999883, 11.48088 ], [ -8.54517, 11.48096 ], [ -8.54531, 11.480980000000159 ], [ -8.545529999999872, 11.481 ], [ -8.54642, 11.48088 ], [ -8.54675, 11.48082 ], [ -8.54713, 11.480720000000133 ], [ -8.547569999999894, 11.48058 ], [ -8.54784, 11.480480000000171 ], [ -8.54805, 11.48039000000017 ], [ -8.5485, 11.480130000000145 ], [ -8.54881, 11.47992 ], [ -8.54906, 11.479690000000176 ], [ -8.55093, 11.477180000000146 ], [ -8.55107, 11.476920000000121 ], [ -8.55513, 11.47636000000017 ], [ -8.55617, 11.47683000000012 ], [ -8.55721, 11.47725 ], [ -8.55794, 11.47754 ], [ -8.55883, 11.47786 ], [ -8.559119999999893, 11.477910000000122 ], [ -8.55922, 11.477890000000116 ], [ -8.559399999999869, 11.477730000000179 ], [ -8.55954, 11.477530000000172 ], [ -8.55968, 11.477230000000191 ], [ -8.561189999999897, 11.47223 ], [ -8.56013, 11.47026000000011 ], [ -8.56024, 11.47003 ], [ -8.56221, 11.466 ], [ -8.56388, 11.463820000000169 ], [ -8.56569, 11.46313 ], [ -8.56607, 11.46305 ], [ -8.56826, 11.463270000000136 ], [ -8.57041, 11.46436 ], [ -8.57107, 11.464700000000164 ], [ -8.57093, 11.464940000000126 ], [ -8.571029999999894, 11.46536 ], [ -8.57136, 11.465600000000165 ], [ -8.574769999999887, 11.467390000000137 ], [ -8.57928, 11.46822 ], [ -8.584339999999827, 11.46913 ], [ -8.584993618999817, 11.469483902000036 ], [ -8.5882, 11.47122000000013 ], [ -8.591459999999813, 11.47289000000012 ], [ -8.59761, 11.47429000000011 ], [ -8.60312, 11.47419 ], [ -8.60399, 11.474180000000104 ], [ -8.608299999999872, 11.47437 ], [ -8.614509999999882, 11.475720000000138 ], [ -8.61508, 11.475890000000163 ], [ -8.61639, 11.47638 ], [ -8.61733, 11.479190000000187 ], [ -8.617209999999886, 11.479960000000119 ], [ -8.616959999999892, 11.48146 ], [ -8.617619999999874, 11.484720000000152 ], [ -8.61862, 11.4874 ], [ -8.61898, 11.488350000000139 ], [ -8.62277, 11.49342 ], [ -8.62544, 11.49634 ], [ -8.627391, 11.497709000000157 ], [ -8.627819999999815, 11.49801 ], [ -8.63043, 11.49933 ], [ -8.63181, 11.5 ], [ -8.63463, 11.50136 ], [ -8.63505, 11.501435 ], [ -8.63547, 11.50151 ], [ -8.636149999999816, 11.502030000000104 ], [ -8.637539999999888, 11.5035 ], [ -8.63775, 11.50396000000012 ], [ -8.63911, 11.50743000000017 ], [ -8.63923, 11.50815 ], [ -8.6392, 11.50873 ], [ -8.639499999999884, 11.509500000000173 ], [ -8.64161, 11.51227 ], [ -8.64244, 11.51289 ], [ -8.64417, 11.51411 ], [ -8.64541, 11.51472 ], [ -8.64681, 11.5152700000001 ], [ -8.648059999999816, 11.51586 ], [ -8.64933, 11.516870000000154 ], [ -8.65292, 11.520960000000173 ], [ -8.653899999999851, 11.524090000000172 ], [ -8.65337, 11.52435 ], [ -8.65171, 11.52551 ], [ -8.65131, 11.525990000000149 ], [ -8.650909999999897, 11.52691 ], [ -8.65075, 11.52755 ], [ -8.65075, 11.528025000000127 ], [ -8.65079, 11.52923 ], [ -8.650909999999897, 11.53011000000015 ], [ -8.65125, 11.53081 ], [ -8.65184, 11.531310000000133 ], [ -8.65305, 11.531990000000121 ], [ -8.65351, 11.53203 ], [ -8.65405, 11.53214 ], [ -8.65447, 11.53253 ], [ -8.65552, 11.53372 ], [ -8.65688, 11.535550000000114 ], [ -8.657559999999876, 11.53667 ], [ -8.657859999999857, 11.537330000000168 ], [ -8.65795, 11.537980000000118 ], [ -8.658018, 11.538694 ], [ -8.656255, 11.540138000000127 ], [ -8.653257, 11.542042 ], [ -8.648069999999848, 11.545135 ], [ -8.640218, 11.549942 ], [ -8.642597, 11.551702 ], [ -8.644251, 11.552832 ], [ -8.65083, 11.557461000000103 ], [ -8.65169399999985, 11.558698000000163 ], [ -8.652591, 11.559983 ], [ -8.654352, 11.561744 ], [ -8.655156, 11.561974000000134 ], [ -8.65735, 11.5626 ], [ -8.659587, 11.564504 ], [ -8.659682, 11.567502000000104 ], [ -8.65910799999989, 11.568631 ], [ -8.65894, 11.568900000000156 ], [ -8.65797, 11.569540000000131 ], [ -8.65725, 11.570060000000183 ], [ -8.65642, 11.57067 ], [ -8.65601, 11.57128 ], [ -8.6557, 11.57208 ], [ -8.65545, 11.57363 ], [ -8.65556, 11.574680000000171 ], [ -8.65925, 11.58207 ], [ -8.659869999999898, 11.58292 ], [ -8.66033, 11.58354 ], [ -8.660599999999874, 11.58388 ], [ -8.66137, 11.584600000000137 ], [ -8.66198, 11.58507 ], [ -8.66267, 11.58554 ], [ -8.66941, 11.589060000000188 ], [ -8.67644, 11.59265 ], [ -8.67873, 11.59428 ], [ -8.679479999999899, 11.59497000000016 ], [ -8.67987, 11.595470000000148 ], [ -8.680299999999875, 11.59653 ], [ -8.68041, 11.597100000000182 ], [ -8.680469999999843, 11.59907 ], [ -8.68042, 11.59995 ], [ -8.680229999999881, 11.600500000000125 ], [ -8.6802, 11.601080000000138 ], [ -8.68042, 11.60166 ], [ -8.68184, 11.604640000000188 ], [ -8.68296, 11.606920000000173 ], [ -8.68316, 11.607220000000154 ], [ -8.68377, 11.60744 ], [ -8.684349999999881, 11.60755 ], [ -8.685679999999877, 11.60808 ], [ -8.68582, 11.60815 ], [ -8.68932, 11.61524 ], [ -8.69003, 11.617270000000133 ], [ -8.69013, 11.617620000000159 ], [ -8.69181, 11.62359 ], [ -8.69163, 11.62547 ], [ -8.69159, 11.625870000000134 ], [ -8.69143, 11.62615 ], [ -8.69066, 11.62789 ], [ -8.68979, 11.630400000000122 ], [ -8.68961, 11.631530000000168 ], [ -8.689599999999871, 11.631710000000169 ], [ -8.689589999999839, 11.63194 ], [ -8.68978, 11.6343 ], [ -8.69004, 11.635250000000156 ], [ -8.690379999999834, 11.63582 ], [ -8.690759999999898, 11.63613 ], [ -8.69357, 11.637560000000121 ], [ -8.69435, 11.63789 ], [ -8.694969999999898, 11.63813 ], [ -8.69535, 11.63834 ], [ -8.69554, 11.63856 ], [ -8.695759999999893, 11.63927 ], [ -8.69514, 11.64199 ], [ -8.692570044999854, 11.646845012000085 ], [ -8.69, 11.651700000000176 ], [ -8.7061, 11.64485 ], [ -8.708509999999876, 11.64137 ], [ -8.722199999999873, 11.628870000000177 ], [ -8.728991999999892, 11.625582 ], [ -8.733499999999879, 11.6234 ], [ -8.739150112999937, 11.617810056000053 ], [ -8.7448, 11.61222 ], [ -8.74954, 11.61355 ], [ -8.75035, 11.614200000000153 ], [ -8.750569999999868, 11.61442 ], [ -8.750769999999875, 11.614790000000141 ], [ -8.75084, 11.615250000000174 ], [ -8.751, 11.6172 ], [ -8.750829999999894, 11.61981 ], [ -8.74783, 11.620410000000106 ], [ -8.74759, 11.620460000000151 ], [ -8.747569999999882, 11.6206 ], [ -8.747569999999882, 11.62074 ], [ -8.74899968699998, 11.623747272000173 ], [ -8.750176293999971, 11.626222205000033 ], [ -8.75076, 11.627450000000124 ], [ -8.75098, 11.627450000000124 ], [ -8.75208, 11.627450000000124 ], [ -8.753899999999874, 11.626920000000155 ], [ -8.754229999999836, 11.62673 ], [ -8.75437, 11.626490000000103 ], [ -8.75437, 11.62615 ], [ -8.75445, 11.625900000000115 ], [ -8.755, 11.62556 ], [ -8.75519, 11.62556 ], [ -8.75608, 11.625920000000178 ], [ -8.757989999999893, 11.626980000000117 ], [ -8.75817, 11.6271 ], [ -8.758309999999881, 11.62749 ], [ -8.75846, 11.62799 ], [ -8.75874, 11.629170000000158 ], [ -8.75882, 11.62968 ], [ -8.758899999999869, 11.630190000000141 ], [ -8.75899, 11.63173 ], [ -8.75905, 11.63293 ], [ -8.759149999999863, 11.63334 ], [ -8.759269999999844, 11.63342 ], [ -8.7596, 11.633560000000102 ], [ -8.76035, 11.633870000000172 ], [ -8.76071, 11.63395 ], [ -8.76108, 11.634030000000109 ], [ -8.76179, 11.633910000000128 ], [ -8.76406999999989, 11.633460000000184 ], [ -8.76459, 11.63322 ], [ -8.76494, 11.63295 ], [ -8.76512, 11.632650000000126 ], [ -8.76539, 11.632240000000138 ], [ -8.76564999999988, 11.631860000000131 ], [ -8.76675, 11.63064 ], [ -8.76734, 11.629990000000134 ], [ -8.76862, 11.62871 ], [ -8.76984, 11.62771000000015 ], [ -8.772149999999897, 11.626570000000129 ], [ -8.77309, 11.626120000000185 ], [ -8.77404, 11.62591 ], [ -8.774429999999882, 11.626100000000122 ], [ -8.77469, 11.62675 ], [ -8.77553, 11.62828 ], [ -8.776519999999891, 11.629440000000102 ], [ -8.776849999999854, 11.62968 ], [ -8.77729, 11.629840000000172 ], [ -8.777969999999868, 11.629900000000134 ], [ -8.78636, 11.630570000000148 ], [ -8.78878, 11.630510000000186 ], [ -8.7913, 11.63192 ], [ -8.79325, 11.63438 ], [ -8.79562, 11.63854 ], [ -8.79581, 11.639450000000181 ], [ -8.79605, 11.6396 ], [ -8.8, 11.641210000000171 ], [ -8.80479, 11.64236000000011 ], [ -8.80823, 11.642760000000123 ], [ -8.80902, 11.642970000000105 ], [ -8.81371, 11.644370000000151 ], [ -8.81391, 11.64447 ], [ -8.81397, 11.644660000000158 ], [ -8.81395, 11.644860000000165 ], [ -8.81426, 11.64722 ], [ -8.815499999999872, 11.649920000000122 ], [ -8.8199, 11.652730000000133 ], [ -8.82094, 11.65043 ], [ -8.82352, 11.6497 ], [ -8.83102, 11.64982 ], [ -8.83119, 11.64996 ], [ -8.83123, 11.651240000000143 ], [ -8.83127, 11.65167 ], [ -8.83139, 11.65212 ], [ -8.83151, 11.652560000000108 ], [ -8.83169, 11.65283 ], [ -8.83421, 11.65435 ], [ -8.83478, 11.654450000000168 ], [ -8.842049013999826, 11.653911092000158 ], [ -8.849317999999869, 11.653372000000104 ], [ -8.847428827999977, 11.661804035000159 ], [ -8.845873252999979, 11.668746675000079 ], [ -8.845539541999869, 11.670236052000121 ], [ -8.843650142999877, 11.678668052000035 ], [ -8.841760627999918, 11.687100035000071 ], [ -8.839871, 11.695532 ], [ -8.838046855999949, 11.703364508000107 ], [ -8.836222608999947, 11.711197000000141 ], [ -8.834398258999954, 11.719029477000106 ], [ -8.832573806999903, 11.726861936999967 ], [ -8.830749251999862, 11.734694381 ], [ -8.828924592999954, 11.742526810000129 ], [ -8.827099831999874, 11.750359223000089 ], [ -8.825274967999974, 11.758191619000172 ], [ -8.82345, 11.766024 ], [ -8.822025, 11.771879000000126 ], [ -8.820342, 11.7784 ], [ -8.819232, 11.782698 ], [ -8.819736, 11.783489 ], [ -8.819833, 11.783641 ], [ -8.821859, 11.785821000000112 ], [ -8.825618999999847, 11.790087000000142 ], [ -8.827732, 11.792485000000113 ], [ -8.82973, 11.795569 ], [ -8.830815, 11.798938 ], [ -8.830644, 11.802308 ], [ -8.829445, 11.805163000000164 ], [ -8.829352, 11.805253000000164 ], [ -8.827756, 11.806807000000106 ], [ -8.827274999999815, 11.807276 ], [ -8.825332999999887, 11.80996 ], [ -8.824491, 11.812990000000127 ], [ -8.824476, 11.813044000000161 ], [ -8.823333999999875, 11.81607 ], [ -8.82145, 11.819268 ], [ -8.818252, 11.82332300000013 ], [ -8.813625999999886, 11.828748 ], [ -8.809879, 11.833341000000189 ], [ -8.80732, 11.836484000000155 ], [ -8.806413, 11.837598000000128 ], [ -8.803145, 11.841612 ], [ -8.798789, 11.8483710000001 ], [ -8.793995, 11.855810000000133 ], [ -8.79068199999989, 11.861279 ], [ -8.789157, 11.864224000000149 ], [ -8.788762, 11.865224000000126 ], [ -8.788368, 11.866223000000161 ], [ -8.788472999999897, 11.867590000000121 ], [ -8.790839999999889, 11.872323 ], [ -8.791292, 11.873405 ], [ -8.792575, 11.876477 ], [ -8.793206, 11.879422000000147 ], [ -8.793417, 11.881841000000122 ], [ -8.793362, 11.88308700000016 ], [ -8.793154, 11.887784000000124 ], [ -8.792890999999884, 11.892359000000113 ], [ -8.792101999999886, 11.896356 ], [ -8.790534, 11.901105 ], [ -8.790298999999891, 11.901815 ], [ -8.790268, 11.901909 ], [ -8.790209, 11.902088 ], [ -8.78805199999988, 11.909202000000164 ], [ -8.785415, 11.918349 ], [ -8.785083, 11.920379 ], [ -8.784382999999877, 11.925268 ], [ -8.783008999999879, 11.93486600000017 ], [ -8.7824, 11.94336 ], [ -8.782379999999819, 11.94451 ], [ -8.782469999999876, 11.945690000000127 ], [ -8.78262999999987, 11.94584 ], [ -8.78362, 11.946650000000147 ], [ -8.78421, 11.94712 ], [ -8.78475, 11.94804 ], [ -8.78644, 11.951440000000161 ], [ -8.78645, 11.95217 ], [ -8.78599, 11.95693 ], [ -8.78413, 11.963810000000137 ], [ -8.78405, 11.964070000000163 ], [ -8.78217, 11.96678 ], [ -8.77979, 11.968840000000114 ], [ -8.77791, 11.969940000000179 ], [ -8.77729, 11.96997000000016 ], [ -8.776609999999891, 11.970270000000141 ], [ -8.774349999999856, 11.97133 ], [ -8.77395, 11.97173000000015 ], [ -8.77343, 11.97616 ], [ -8.77343, 11.97668 ], [ -8.77343, 11.97697 ], [ -8.77355, 11.977370000000121 ], [ -8.77409, 11.977840000000128 ], [ -8.775309999999877, 11.978130000000135 ], [ -8.77621, 11.97827000000018 ], [ -8.776929999999879, 11.978590000000167 ], [ -8.777389999999855, 11.97914 ], [ -8.77759, 11.97978 ], [ -8.77916, 11.983510000000138 ], [ -8.78122999999988, 11.987570000000119 ], [ -8.78461, 11.988470000000177 ], [ -8.78623, 11.98829 ], [ -8.788269999999898, 11.98875 ], [ -8.78871, 11.988860000000102 ], [ -8.79088, 11.98985000000016 ], [ -8.79157, 11.990630000000181 ], [ -8.79431, 11.995170000000144 ], [ -8.79483, 11.996720000000153 ], [ -8.79473, 11.996960000000115 ], [ -8.7938, 11.99743 ], [ -8.79308, 11.99757000000011 ], [ -8.79215, 11.99772 ], [ -8.79177, 11.99789 ], [ -8.79173, 11.99822 ], [ -8.79332, 12.00188 ], [ -8.793719999999894, 12.002590000000168 ], [ -8.79399, 12.00285 ], [ -8.79491, 12.00316 ], [ -8.795509999999865, 12.00314 ], [ -8.797889999999882, 12.002500000000168 ], [ -8.79839, 12.00223 ], [ -8.801919999999882, 12.00516000000016 ], [ -8.80265, 12.00814 ], [ -8.80153, 12.009120000000109 ], [ -8.801129999999887, 12.0095 ], [ -8.80023, 12.01064 ], [ -8.800129999999854, 12.011 ], [ -8.80011, 12.01331 ], [ -8.80011, 12.013620000000117 ], [ -8.8002, 12.01381 ], [ -8.800679999999886, 12.014400000000137 ], [ -8.801419999999894, 12.01517 ], [ -8.801919999999882, 12.015660000000139 ], [ -8.80223, 12.01588 ], [ -8.809919999999863, 12.020310000000109 ], [ -8.81587, 12.02357 ], [ -8.82032, 12.02888 ], [ -8.82363, 12.03114 ], [ -8.82404, 12.03145 ], [ -8.82642, 12.03695 ], [ -8.82661, 12.04072 ], [ -8.8263, 12.043 ], [ -8.82647, 12.04722 ], [ -8.82661, 12.04741 ], [ -8.82694, 12.047550000000115 ], [ -8.82736999999986, 12.047600000000159 ], [ -8.8278, 12.047600000000159 ], [ -8.828159999999855, 12.047190000000171 ], [ -8.82825, 12.04686 ], [ -8.82818, 12.046000000000106 ], [ -8.82813, 12.045500000000118 ], [ -8.82806, 12.045100000000105 ], [ -8.82813, 12.044910000000186 ], [ -8.82847, 12.044480000000135 ], [ -8.82939, 12.04333 ], [ -8.83185, 12.04181 ], [ -8.83399, 12.040880000000129 ], [ -8.83747, 12.03914 ], [ -8.83766, 12.038830000000189 ], [ -8.83789, 12.03808 ], [ -8.83794, 12.03795 ], [ -8.838659999999891, 12.03741 ], [ -8.84013, 12.03683 ], [ -8.84066, 12.03683 ], [ -8.84321, 12.040000000000191 ], [ -8.84342, 12.04062000000016 ], [ -8.8434, 12.040910000000167 ], [ -8.84321, 12.04155 ], [ -8.84306, 12.041760000000124 ], [ -8.84283, 12.04203 ], [ -8.84225, 12.04222 ], [ -8.84156, 12.04238 ], [ -8.84018, 12.043450000000178 ], [ -8.83973, 12.043860000000166 ], [ -8.83959, 12.044070000000147 ], [ -8.83963, 12.04438 ], [ -8.84304, 12.04622 ], [ -8.84909, 12.047690000000159 ], [ -8.84926, 12.04762 ], [ -8.85156, 12.04412 ], [ -8.85221, 12.042980000000171 ], [ -8.85266, 12.04191 ], [ -8.852399999999875, 12.04119 ], [ -8.85202, 12.040500000000179 ], [ -8.851899999999887, 12.039950000000147 ], [ -8.85197, 12.039690000000121 ], [ -8.85221, 12.039450000000159 ], [ -8.85749, 12.035600000000102 ], [ -8.85799, 12.03538 ], [ -8.85945, 12.03552 ], [ -8.86021, 12.035710000000108 ], [ -8.86083, 12.035790000000191 ], [ -8.86283, 12.035450000000139 ], [ -8.86306999999988, 12.035190000000114 ], [ -8.86338, 12.034480000000144 ], [ -8.86347, 12.033550000000105 ], [ -8.86328, 12.03243 ], [ -8.862949999999898, 12.03152 ], [ -8.86299, 12.029810000000111 ], [ -8.866399999999885, 12.02671 ], [ -8.867139999999836, 12.02617 ], [ -8.86745, 12.026000000000181 ], [ -8.86755, 12.02601 ], [ -8.86795, 12.026070000000118 ], [ -8.86804, 12.026210000000162 ], [ -8.86809, 12.02652 ], [ -8.86816, 12.027290000000164 ], [ -8.86816, 12.02759 ], [ -8.86816, 12.02821 ], [ -8.86816, 12.028550000000109 ], [ -8.868019999999888, 12.029570000000149 ], [ -8.86787, 12.029810000000111 ], [ -8.867729999999881, 12.03002 ], [ -8.86745, 12.029950000000156 ], [ -8.867259999999817, 12.02976 ], [ -8.86711, 12.029430000000104 ], [ -8.866849999999886, 12.02921 ], [ -8.86621, 12.0291 ], [ -8.86595, 12.02926 ], [ -8.865899999999897, 12.0295 ], [ -8.86583, 12.03126 ], [ -8.86597, 12.03207 ], [ -8.866109999999878, 12.03245 ], [ -8.86638, 12.03262 ], [ -8.86892, 12.03298 ], [ -8.86972999999989, 12.033 ], [ -8.87035, 12.03288 ], [ -8.875139999999874, 12.03669 ], [ -8.87909, 12.039 ], [ -8.88561, 12.042260000000113 ], [ -8.88938, 12.04355 ], [ -8.88974, 12.043430000000114 ], [ -8.89257, 12.042980000000171 ], [ -8.89336, 12.042980000000171 ], [ -8.894019999999898, 12.04303 ], [ -8.89574, 12.04379 ], [ -8.89658999999989, 12.044570000000135 ], [ -8.89724, 12.045410000000174 ], [ -8.90095, 12.04634 ], [ -8.902709999999843, 12.04499 ], [ -8.90279, 12.04493 ], [ -8.90419, 12.04412 ], [ -8.904534448999868, 12.043937812000024 ], [ -8.9054, 12.043480000000159 ], [ -8.905669999999873, 12.0435 ], [ -8.906789999999887, 12.043860000000166 ], [ -8.90702, 12.043950000000166 ], [ -8.90752, 12.0445 ], [ -8.907879999999864, 12.04526 ], [ -8.90814, 12.04581 ], [ -8.909789999999873, 12.04955 ], [ -8.90969, 12.05043 ], [ -8.909379999999885, 12.051310000000171 ], [ -8.908999999999878, 12.05165 ], [ -8.90816999999987, 12.05274 ], [ -8.90757, 12.05407 ], [ -8.906379999999899, 12.05738 ], [ -8.906409999999823, 12.057720000000131 ], [ -8.906969999999887, 12.060930000000155 ], [ -8.90898, 12.06753 ], [ -8.911119999999869, 12.07836 ], [ -8.9096, 12.079790000000116 ], [ -8.909289999999885, 12.08032 ], [ -8.90914, 12.0807 ], [ -8.90802, 12.08491 ], [ -8.90793, 12.08655 ], [ -8.90798, 12.086890000000153 ], [ -8.90974, 12.090170000000114 ], [ -8.91181, 12.09356 ], [ -8.911829999999838, 12.093790000000126 ], [ -8.91172, 12.094080000000133 ], [ -8.91152, 12.094340000000159 ], [ -8.91098, 12.094870000000128 ], [ -8.90838, 12.097030000000132 ], [ -8.908429999999896, 12.10053 ], [ -8.90433, 12.09944 ], [ -8.90357, 12.098960000000147 ], [ -8.9031, 12.098700000000122 ], [ -8.9026, 12.0986 ], [ -8.90145, 12.09868 ], [ -8.90062, 12.09906 ], [ -8.89883, 12.10041 ], [ -8.897049999999865, 12.10239 ], [ -8.89686, 12.102700000000141 ], [ -8.894379999999842, 12.10844 ], [ -8.89436, 12.108750000000157 ], [ -8.89471, 12.11003 ], [ -8.89536, 12.11072 ], [ -8.896049999999889, 12.111560000000111 ], [ -8.8964, 12.1123 ], [ -8.894259999999861, 12.11677 ], [ -8.89357, 12.117460000000165 ], [ -8.892379999999889, 12.118080000000134 ], [ -8.891589999999894, 12.11832 ], [ -8.89120999999983, 12.11844 ], [ -8.89120999999983, 12.11868 ], [ -8.89352, 12.125150000000133 ], [ -8.893709999999828, 12.12542 ], [ -8.894139999999879, 12.1258 ], [ -8.89471, 12.130110000000172 ], [ -8.89305, 12.13863 ], [ -8.88945, 12.141730000000109 ], [ -8.88933, 12.142250000000104 ], [ -8.88812, 12.1458 ], [ -8.88755, 12.14716 ], [ -8.88716, 12.147510000000125 ], [ -8.886709999999823, 12.14766 ], [ -8.88624, 12.14768000000015 ], [ -8.885689999999897, 12.14761 ], [ -8.88521, 12.14749 ], [ -8.88428, 12.1474 ], [ -8.8839, 12.1474 ], [ -8.88369, 12.14749 ], [ -8.88359, 12.14785 ], [ -8.883469999999875, 12.149560000000122 ], [ -8.88359, 12.15099 ], [ -8.886, 12.15875 ], [ -8.886139999999898, 12.159090000000106 ], [ -8.88645, 12.15933 ], [ -8.88695, 12.159400000000176 ], [ -8.88893, 12.159020000000169 ], [ -8.88969, 12.158730000000162 ], [ -8.89024, 12.158440000000155 ], [ -8.89167, 12.15799 ], [ -8.891929999999888, 12.15804 ], [ -8.89204999999987, 12.158210000000111 ], [ -8.896549999999877, 12.16549 ], [ -8.89664, 12.165920000000142 ], [ -8.89519, 12.16971 ], [ -8.89495, 12.16992 ], [ -8.89471, 12.16995 ], [ -8.894209999999873, 12.169870000000117 ], [ -8.893759999999872, 12.169870000000117 ], [ -8.89295, 12.17007000000018 ], [ -8.892549999999858, 12.170280000000105 ], [ -8.89186, 12.171300000000144 ], [ -8.891639999999882, 12.1724 ], [ -8.89202, 12.175180000000182 ], [ -8.89216, 12.175420000000145 ], [ -8.89295, 12.17614 ], [ -8.89314, 12.17621000000014 ], [ -8.893549999999891, 12.1759 ], [ -8.893709999999828, 12.175450000000126 ], [ -8.89419, 12.175 ], [ -8.894499999999823, 12.174800000000175 ], [ -8.895169999999837, 12.17471 ], [ -8.89562, 12.17485 ], [ -8.90031, 12.176380000000165 ], [ -8.9009, 12.176730000000191 ], [ -8.90248, 12.17835 ], [ -8.90295, 12.17895 ], [ -8.90437999999989, 12.181760000000168 ], [ -8.90443, 12.184040000000152 ], [ -8.904289999999833, 12.18431 ], [ -8.9034, 12.186470000000156 ], [ -8.9031, 12.187380000000132 ], [ -8.902169999999899, 12.19181 ], [ -8.902259999999899, 12.19204 ], [ -8.9025, 12.19233 ], [ -8.90298, 12.192500000000109 ], [ -8.90336, 12.19259 ], [ -8.90381, 12.19257 ], [ -8.90443, 12.19245 ], [ -8.904759999999897, 12.19235 ], [ -8.90514, 12.191850000000102 ], [ -8.90509, 12.19178 ], [ -8.90512, 12.19157 ], [ -8.90516, 12.19135000000017 ], [ -8.90528, 12.19118 ], [ -8.90552, 12.1909 ], [ -8.90583, 12.190540000000112 ], [ -8.9061, 12.190450000000112 ], [ -8.90762, 12.19023 ], [ -8.90852, 12.190330000000131 ], [ -8.91002, 12.190500000000156 ], [ -8.910619999999881, 12.190620000000138 ], [ -8.91314, 12.19131 ], [ -8.9136, 12.19145 ], [ -8.91424, 12.19183 ], [ -8.91481, 12.19219 ], [ -8.915049999999894, 12.19247 ], [ -8.917119999999841, 12.19683 ], [ -8.915909999999883, 12.1989 ], [ -8.91538, 12.19874 ], [ -8.9151, 12.19893 ], [ -8.914739999999824, 12.199280000000101 ], [ -8.91443, 12.199620000000152 ], [ -8.914329999999893, 12.20005 ], [ -8.91443, 12.200500000000147 ], [ -8.91455, 12.20078 ], [ -8.91493, 12.20133 ], [ -8.91743, 12.203620000000171 ], [ -8.91884, 12.203330000000165 ], [ -8.918999999999869, 12.203 ], [ -8.920119999999883, 12.20128 ], [ -8.920339999999896, 12.20116 ], [ -8.924459999999897, 12.199740000000133 ], [ -8.93022, 12.199090000000183 ], [ -8.930499999999881, 12.19862 ], [ -8.930619999999863, 12.19824 ], [ -8.93084, 12.19485 ], [ -8.93084, 12.19433000000015 ], [ -8.93077, 12.194070000000124 ], [ -8.930409999999881, 12.19388 ], [ -8.92979, 12.193690000000117 ], [ -8.92893, 12.193400000000111 ], [ -8.92846, 12.193190000000129 ], [ -8.92803, 12.19293000000016 ], [ -8.92788, 12.192520000000115 ], [ -8.92793, 12.19219 ], [ -8.92831, 12.191730000000121 ], [ -8.93119, 12.190850000000182 ], [ -8.931739999999877, 12.19069 ], [ -8.939409999999896, 12.19064 ], [ -8.9441, 12.191590000000133 ], [ -8.944029999999884, 12.192140000000165 ], [ -8.94393, 12.19297 ], [ -8.94398, 12.193400000000111 ], [ -8.944029999999884, 12.193710000000181 ], [ -8.944239999999866, 12.193950000000143 ], [ -8.9446, 12.194040000000143 ], [ -8.945199999999886, 12.194160000000124 ], [ -8.94584, 12.194210000000169 ], [ -8.94708, 12.19423 ], [ -8.947699999999884, 12.194210000000169 ], [ -8.94808, 12.193950000000143 ], [ -8.948859999999854, 12.19307 ], [ -8.94908, 12.19269 ], [ -8.94917, 12.19135000000017 ], [ -8.94896, 12.190330000000131 ], [ -8.94908, 12.189880000000187 ], [ -8.94967, 12.18931 ], [ -8.95096, 12.18845 ], [ -8.95129, 12.18845 ], [ -8.951649999999859, 12.18862 ], [ -8.95203, 12.188900000000103 ], [ -8.952359999999885, 12.189160000000129 ], [ -8.95622, 12.19145 ], [ -8.96167, 12.192020000000184 ], [ -8.9622, 12.19197 ], [ -8.962359999999876, 12.19181 ], [ -8.96362, 12.189830000000143 ], [ -8.96379, 12.18952 ], [ -8.96391, 12.18909 ], [ -8.96403, 12.18852 ], [ -8.964359999999886, 12.187760000000139 ], [ -8.96546, 12.186640000000182 ], [ -8.96591, 12.18628 ], [ -8.96634, 12.18631 ], [ -8.96653, 12.18652 ], [ -8.967309999999884, 12.187640000000158 ], [ -8.97075, 12.19266 ], [ -8.97091, 12.193 ], [ -8.97087, 12.19381 ], [ -8.97079, 12.19433000000015 ], [ -8.97065, 12.195210000000145 ], [ -8.970509999999877, 12.19566 ], [ -8.96939, 12.19793 ], [ -8.96867, 12.19843 ], [ -8.96806, 12.198570000000132 ], [ -8.967099999999846, 12.198780000000113 ], [ -8.966389999999876, 12.199280000000101 ], [ -8.96603, 12.19969 ], [ -8.9657, 12.200170000000185 ], [ -8.965509999999824, 12.20069 ], [ -8.965509999999824, 12.201120000000117 ], [ -8.96586, 12.20133 ], [ -8.96987, 12.20271 ], [ -8.97425, 12.204070000000115 ], [ -8.972559999999874, 12.20747 ], [ -8.97182, 12.20847 ], [ -8.971559999999897, 12.208950000000129 ], [ -8.970509999999877, 12.212400000000116 ], [ -8.97053, 12.212740000000167 ], [ -8.970559999999864, 12.21291 ], [ -8.97058, 12.213 ], [ -8.97125, 12.21343 ], [ -8.97186, 12.213620000000162 ], [ -8.972509999999829, 12.213620000000162 ], [ -8.97334, 12.213570000000118 ], [ -8.97503, 12.213280000000111 ], [ -8.97786, 12.21685 ], [ -8.977669999999819, 12.21764 ], [ -8.97775, 12.21981 ], [ -8.97786, 12.220520000000135 ], [ -8.97806, 12.221450000000175 ], [ -8.97825, 12.222190000000126 ], [ -8.978719999999896, 12.22376 ], [ -8.979009999999846, 12.224120000000141 ], [ -8.97967999999986, 12.224120000000141 ], [ -8.98537, 12.224120000000141 ], [ -8.985839999999882, 12.22402 ], [ -8.98603, 12.223970000000122 ], [ -8.98615, 12.22376 ], [ -8.98611, 12.223480000000109 ], [ -8.98588999999987, 12.223070000000121 ], [ -8.98551, 12.22288 ], [ -8.985099999999875, 12.22255 ], [ -8.985049999999887, 12.22244 ], [ -8.9852, 12.220640000000117 ], [ -8.985299999999881, 12.2201 ], [ -8.98551, 12.219670000000178 ], [ -8.986179999999877, 12.219240000000127 ], [ -8.9867, 12.21895000000012 ], [ -8.98749, 12.218710000000158 ], [ -8.99144, 12.21864 ], [ -8.99177, 12.21864 ], [ -8.99218, 12.218710000000158 ], [ -8.99227, 12.21905 ], [ -8.99237, 12.21948 ], [ -8.992339999999899, 12.22021 ], [ -8.99223, 12.220550000000117 ], [ -8.991889999999898, 12.22136 ], [ -8.99165, 12.22176 ], [ -8.99139, 12.22224000000017 ], [ -8.99134, 12.222710000000177 ], [ -8.99123, 12.22826 ], [ -8.99146, 12.22912 ], [ -8.99200999999988, 12.230140000000119 ], [ -8.99225, 12.230450000000189 ], [ -8.992629999999849, 12.23062 ], [ -8.99292, 12.23141 ], [ -8.99299, 12.23179 ], [ -8.99299, 12.23205 ], [ -8.99232, 12.23383 ], [ -8.990749999999821, 12.23679 ], [ -8.99000999999987, 12.23745 ], [ -8.98958, 12.237740000000144 ], [ -8.9893, 12.238150000000132 ], [ -8.98882, 12.238880000000108 ], [ -8.988412, 12.239639 ], [ -8.988264999999899, 12.240022000000124 ], [ -8.98711, 12.243290000000115 ], [ -8.98649, 12.245480000000157 ], [ -8.98628, 12.2464 ], [ -8.98421999999988, 12.25813 ], [ -8.98382, 12.258580000000109 ], [ -8.98244, 12.2592 ], [ -8.98144, 12.25962 ], [ -8.978098999999872, 12.261822000000109 ], [ -8.964109999999891, 12.282759000000169 ], [ -8.958004, 12.292212000000177 ], [ -8.956578, 12.295777000000101 ], [ -8.956140999999832, 12.296929 ], [ -8.955457, 12.298731 ], [ -8.95454, 12.300972 ], [ -8.951383, 12.305658000000165 ], [ -8.948429, 12.309121000000175 ], [ -8.945983999999896, 12.311566000000141 ], [ -8.943945999999869, 12.313196 ], [ -8.94272999999987, 12.314083 ], [ -8.940178, 12.315946000000167 ], [ -8.938548, 12.317576 ], [ -8.937227, 12.319318000000123 ], [ -8.9349, 12.322387 ], [ -8.93376, 12.323891000000117 ], [ -8.933479, 12.32452400000011 ], [ -8.934163999999896, 12.325564000000156 ], [ -8.936911956999893, 12.329734514000108 ], [ -8.943725404999896, 12.340075032000186 ], [ -8.94873699999988, 12.347822 ], [ -8.949360999999897, 12.348862000000167 ], [ -8.953049, 12.354478000000142 ], [ -8.954445, 12.35644 ], [ -8.954636, 12.356619 ], [ -8.955337, 12.356614 ], [ -8.957999, 12.356595000000141 ], [ -8.961378, 12.356691 ], [ -8.964446999999893, 12.357404 ], [ -8.971748, 12.363831 ], [ -8.974174999999832, 12.366020000000162 ], [ -8.976602, 12.368304000000137 ], [ -8.978815, 12.370446 ], [ -8.98374, 12.374943 ], [ -8.988594999999862, 12.379369000000111 ], [ -8.993805999999893, 12.383295 ], [ -8.994531, 12.386626000000149 ], [ -8.995064, 12.389250000000175 ], [ -8.995174, 12.389791000000173 ], [ -8.996315, 12.389683000000105 ], [ -8.997803, 12.389541000000122 ], [ -9.00098, 12.388613 ], [ -9.001798999999892, 12.391579000000149 ], [ -9.002066, 12.39254700000015 ], [ -9.003409, 12.392136 ], [ -9.005564, 12.391476000000182 ], [ -9.005599, 12.395224 ], [ -9.004743, 12.397758000000181 ], [ -9.003565, 12.400863 ], [ -9.003383632999942, 12.402174395000088 ], [ -9.003101, 12.404218000000185 ], [ -9.012309, 12.418067000000121 ], [ -9.012653, 12.418555 ], [ -9.014272, 12.420851 ], [ -9.01705, 12.42148 ], [ -9.01769, 12.42152 ], [ -9.01826, 12.4215 ], [ -9.02388, 12.42241 ], [ -9.028999999999883, 12.42352000000011 ], [ -9.03952, 12.42621 ], [ -9.03988, 12.42631 ], [ -9.04514, 12.428070000000162 ], [ -9.04564, 12.42826 ], [ -9.04629, 12.42867 ], [ -9.04938, 12.430880000000116 ], [ -9.05355, 12.43379 ], [ -9.05379, 12.433830000000171 ], [ -9.05495, 12.433480000000145 ], [ -9.05826, 12.43379 ], [ -9.06262, 12.43481 ], [ -9.0655, 12.436570000000188 ], [ -9.06569, 12.43681000000015 ], [ -9.06614999999988, 12.43726 ], [ -9.06643, 12.43738 ], [ -9.07046, 12.437720000000127 ], [ -9.07584, 12.438570000000141 ], [ -9.08408, 12.440930000000151 ], [ -9.088049999999896, 12.442690000000141 ], [ -9.089789999999823, 12.44353000000018 ], [ -9.09386, 12.44729 ], [ -9.09548, 12.45036 ], [ -9.09936, 12.452360000000169 ], [ -9.099629999999877, 12.45246 ], [ -9.10656, 12.455220000000168 ], [ -9.110249999999894, 12.46117 ], [ -9.11063, 12.461890000000153 ], [ -9.110839999999882, 12.46219 ], [ -9.111699999999871, 12.462650000000167 ], [ -9.11539, 12.464430000000164 ], [ -9.11561, 12.46453 ], [ -9.11577, 12.464580000000126 ], [ -9.12101, 12.465930000000128 ], [ -9.1213, 12.465980000000172 ], [ -9.12156, 12.46591 ], [ -9.12189, 12.46579 ], [ -9.122079999999869, 12.465580000000102 ], [ -9.122249999999894, 12.465390000000184 ], [ -9.12242, 12.465100000000177 ], [ -9.12252999999987, 12.46491 ], [ -9.122749999999883, 12.46486 ], [ -9.12306, 12.46481000000017 ], [ -9.12339, 12.46486 ], [ -9.12634, 12.465670000000102 ], [ -9.12668, 12.465770000000191 ], [ -9.12692, 12.46591 ], [ -9.12724999999989, 12.46629 ], [ -9.12739, 12.466480000000161 ], [ -9.12746, 12.46662 ], [ -9.12934, 12.470840000000123 ], [ -9.133939999999825, 12.47836 ], [ -9.13819999999987, 12.479050000000143 ], [ -9.140109999999879, 12.47915 ], [ -9.142989999999884, 12.47948 ], [ -9.143439999999885, 12.479600000000175 ], [ -9.143729999999834, 12.479720000000157 ], [ -9.14504, 12.480270000000189 ], [ -9.14642, 12.48091 ], [ -9.14697, 12.481270000000109 ], [ -9.148349999999823, 12.48227 ], [ -9.149109999999894, 12.483080000000143 ], [ -9.14935, 12.48336 ], [ -9.14947, 12.483630000000176 ], [ -9.14963, 12.48386 ], [ -9.14994, 12.48427 ], [ -9.150349999999833, 12.48467 ], [ -9.15125, 12.48534 ], [ -9.15694, 12.489370000000122 ], [ -9.1572, 12.489480000000128 ], [ -9.15754, 12.48960000000011 ], [ -9.159059999999897, 12.48956 ], [ -9.15942, 12.489460000000122 ], [ -9.15966, 12.48932 ], [ -9.159849999999892, 12.48915 ], [ -9.15999, 12.48903 ], [ -9.16043999999988, 12.488750000000152 ], [ -9.16068, 12.488630000000171 ], [ -9.16097, 12.48856 ], [ -9.16218, 12.488410000000101 ], [ -9.16299, 12.48839 ], [ -9.16399, 12.488410000000101 ], [ -9.170969999999841, 12.488960000000134 ], [ -9.17854, 12.49034 ], [ -9.18533, 12.491650000000107 ], [ -9.19019, 12.49222 ], [ -9.19061, 12.491910000000132 ], [ -9.1919, 12.491700000000151 ], [ -9.192589999999882, 12.49163 ], [ -9.19302, 12.491650000000107 ], [ -9.19714, 12.49213 ], [ -9.19733, 12.49222 ], [ -9.19745, 12.49239 ], [ -9.19762, 12.49277 ], [ -9.197659999999814, 12.492840000000172 ], [ -9.1979, 12.49318 ], [ -9.19823, 12.493630000000167 ], [ -9.19847, 12.493840000000148 ], [ -9.19873, 12.49406 ], [ -9.199499999999887, 12.494600000000105 ], [ -9.20097, 12.4956 ], [ -9.20119, 12.495680000000107 ], [ -9.201389, 12.495699000000116 ], [ -9.2014, 12.4957 ], [ -9.20176, 12.49572 ], [ -9.20195, 12.495650000000126 ], [ -9.20212, 12.49546 ], [ -9.203379999999868, 12.49403 ], [ -9.20674, 12.49327 ], [ -9.21124, 12.49403 ], [ -9.21459, 12.494680000000187 ], [ -9.21502, 12.49477000000013 ], [ -9.215619999999888, 12.49494 ], [ -9.21626, 12.495180000000175 ], [ -9.21643, 12.49525 ], [ -9.21687999999989, 12.4956 ], [ -9.21714, 12.496200000000158 ], [ -9.21719, 12.4966 ], [ -9.21721, 12.496870000000172 ], [ -9.21719, 12.49713 ], [ -9.21909, 12.49896 ], [ -9.219359999999824, 12.49891 ], [ -9.22355, 12.49882 ], [ -9.22381, 12.49882 ], [ -9.22431, 12.49891 ], [ -9.22511999999989, 12.49913000000015 ], [ -9.22552, 12.499390000000119 ], [ -9.22588, 12.49972 ], [ -9.227619999999888, 12.50111 ], [ -9.23076, 12.50066 ], [ -9.232979999999827, 12.499790000000189 ], [ -9.24362, 12.5018 ], [ -9.244, 12.5019 ], [ -9.24495, 12.502230000000111 ], [ -9.24517, 12.50235 ], [ -9.24769, 12.504160000000127 ], [ -9.24993, 12.50583 ], [ -9.25017, 12.50604 ], [ -9.250319999999874, 12.50609 ], [ -9.25041, 12.506110000000149 ], [ -9.250809999999888, 12.50616 ], [ -9.251149999999882, 12.50619 ], [ -9.25143, 12.50619 ], [ -9.25162, 12.50616 ], [ -9.25515, 12.504950000000122 ], [ -9.2555, 12.504800000000103 ], [ -9.25646, 12.504330000000152 ], [ -9.25691, 12.50409000000019 ], [ -9.25712, 12.50397 ], [ -9.25867, 12.50273 ], [ -9.26489, 12.50171 ], [ -9.26824, 12.5013 ], [ -9.27292999999986, 12.497820000000104 ], [ -9.27705, 12.49256 ], [ -9.28322, 12.48653000000013 ], [ -9.2936, 12.488320000000101 ], [ -9.293839999999875, 12.48853 ], [ -9.29401, 12.488840000000152 ], [ -9.29682, 12.494630000000143 ], [ -9.29694, 12.49496 ], [ -9.29703, 12.495270000000119 ], [ -9.297129999999868, 12.495680000000107 ], [ -9.2971, 12.496060000000114 ], [ -9.29732, 12.49727 ], [ -9.29751, 12.497720000000186 ], [ -9.29815, 12.498490000000118 ], [ -9.2986, 12.49879 ], [ -9.299199999999814, 12.49915 ], [ -9.29937, 12.499250000000131 ], [ -9.311109999999815, 12.505070000000103 ], [ -9.31172, 12.50535 ], [ -9.31242, 12.50557 ], [ -9.313419999999894, 12.505880000000161 ], [ -9.31365, 12.50595 ], [ -9.31382, 12.506000000000142 ], [ -9.3144, 12.506110000000149 ], [ -9.31879, 12.50031 ], [ -9.319749999999885, 12.498630000000162 ], [ -9.32001, 12.49776 ], [ -9.32018, 12.49677 ], [ -9.32041, 12.49526 ], [ -9.32044999999988, 12.49426 ], [ -9.32047, 12.49332 ], [ -9.32039, 12.492620000000102 ], [ -9.320109999999829, 12.49193 ], [ -9.31997, 12.49123 ], [ -9.31986, 12.49028 ], [ -9.31997, 12.48938 ], [ -9.32026, 12.488340000000164 ], [ -9.32072, 12.48706 ], [ -9.32138, 12.48578 ], [ -9.32256, 12.48455 ], [ -9.32433, 12.48306 ], [ -9.32647, 12.48179000000016 ], [ -9.32801, 12.48099 ], [ -9.33035, 12.480360000000132 ], [ -9.33454, 12.47927 ], [ -9.33545, 12.47924 ], [ -9.33617, 12.479370000000131 ], [ -9.336819999999875, 12.47964 ], [ -9.33722, 12.47994 ], [ -9.3376, 12.480340000000126 ], [ -9.33793999999989, 12.48087 ], [ -9.33829, 12.481920000000116 ], [ -9.338359999999852, 12.48316 ], [ -9.338359999999852, 12.48409 ], [ -9.338319999999896, 12.48594 ], [ -9.338149999999871, 12.48693 ], [ -9.33789, 12.488430000000164 ], [ -9.33758, 12.48961 ], [ -9.33688, 12.49268 ], [ -9.336729999999875, 12.49355 ], [ -9.33663, 12.49439000000018 ], [ -9.33674, 12.495040000000131 ], [ -9.33697, 12.4956600000001 ], [ -9.3376, 12.49627 ], [ -9.33842, 12.496960000000172 ], [ -9.339519999999879, 12.49751 ], [ -9.34057, 12.49783 ], [ -9.35536, 12.501700000000142 ], [ -9.3561, 12.5016 ], [ -9.35772, 12.500940000000128 ], [ -9.35923, 12.500120000000152 ], [ -9.366629999999816, 12.494750000000124 ], [ -9.36722, 12.49399000000011 ], [ -9.36745, 12.49353 ], [ -9.36756, 12.49281000000019 ], [ -9.367639999999881, 12.492140000000177 ], [ -9.36762, 12.49113 ], [ -9.36758, 12.490130000000136 ], [ -9.367429999999899, 12.489400000000103 ], [ -9.36724, 12.488870000000134 ], [ -9.36695, 12.488320000000101 ], [ -9.36652, 12.48769 ], [ -9.3661, 12.486850000000175 ], [ -9.36583, 12.48573 ], [ -9.365599999999858, 12.48383 ], [ -9.365809999999897, 12.48251 ], [ -9.366309999999885, 12.480630000000133 ], [ -9.36665, 12.47971 ], [ -9.36707, 12.47912 ], [ -9.36775, 12.478550000000155 ], [ -9.36844, 12.47825 ], [ -9.369299999999839, 12.47792 ], [ -9.37023, 12.47768 ], [ -9.371429999999862, 12.47756 ], [ -9.375809999999888, 12.47758 ], [ -9.38109999999989, 12.4776 ], [ -9.38466, 12.477500000000134 ], [ -9.385299999999859, 12.47743 ], [ -9.38591, 12.477300000000128 ], [ -9.38649, 12.476970000000165 ], [ -9.3878, 12.47573 ], [ -9.38978, 12.473930000000166 ], [ -9.39456, 12.470460000000116 ], [ -9.396369999999877, 12.469580000000121 ], [ -9.39897, 12.46903 ], [ -9.40018, 12.468930000000171 ], [ -9.40139, 12.468620000000101 ], [ -9.40237, 12.468170000000157 ], [ -9.403299999999888, 12.46763 ], [ -9.406459999999868, 12.46489 ], [ -9.406819999999811, 12.46425 ], [ -9.40706, 12.46351 ], [ -9.407079999999894, 12.462650000000167 ], [ -9.40703, 12.462100000000135 ], [ -9.406789999999887, 12.461370000000102 ], [ -9.4063, 12.4603 ], [ -9.40525, 12.458730000000173 ], [ -9.40368, 12.4567 ], [ -9.402039999999886, 12.454470000000128 ], [ -9.401459999999872, 12.45363 ], [ -9.400919999999871, 12.452800000000138 ], [ -9.40054, 12.452040000000125 ], [ -9.40035, 12.45097 ], [ -9.40048999999982, 12.450520000000154 ], [ -9.400369999999839, 12.44987 ], [ -9.40011, 12.449470000000133 ], [ -9.399699999999825, 12.449090000000126 ], [ -9.39928, 12.448850000000164 ], [ -9.398679999999899, 12.448710000000119 ], [ -9.398129999999867, 12.44876 ], [ -9.397699999999816, 12.448920000000101 ], [ -9.39685, 12.44942 ], [ -9.39647, 12.44985000000014 ], [ -9.395919999999876, 12.450870000000123 ], [ -9.39568, 12.45147 ], [ -9.39535, 12.45237 ], [ -9.39502, 12.453210000000126 ], [ -9.394749999999874, 12.453800000000115 ], [ -9.39437, 12.45416 ], [ -9.39347, 12.45451 ], [ -9.392949999999814, 12.45466 ], [ -9.392089999999882, 12.45475 ], [ -9.390709999999842, 12.45463 ], [ -9.38219, 12.453090000000145 ], [ -9.3815, 12.452940000000183 ], [ -9.38093, 12.452540000000113 ], [ -9.380429999999876, 12.45209 ], [ -9.38019, 12.45154 ], [ -9.37991, 12.45083 ], [ -9.37915, 12.44864 ], [ -9.37893, 12.44778 ], [ -9.37893, 12.44645 ], [ -9.37903, 12.445260000000133 ], [ -9.37915, 12.4439 ], [ -9.37945, 12.437140000000113 ], [ -9.37941, 12.430700000000172 ], [ -9.379049999999893, 12.429860000000133 ], [ -9.37827, 12.42894 ], [ -9.370469999999898, 12.42155 ], [ -9.36999, 12.421170000000188 ], [ -9.36959, 12.420990000000188 ], [ -9.36921, 12.42087 ], [ -9.36887, 12.42087 ], [ -9.36781, 12.420910000000163 ], [ -9.367429999999899, 12.42101 ], [ -9.36715, 12.421110000000169 ], [ -9.366689999999892, 12.42131 ], [ -9.36637, 12.421470000000113 ], [ -9.36507, 12.42213 ], [ -9.36475, 12.42231 ], [ -9.36437, 12.42253 ], [ -9.36407, 12.422690000000159 ], [ -9.36209, 12.423310000000129 ], [ -9.36175, 12.42339 ], [ -9.361429999999871, 12.423450000000173 ], [ -9.36108999999982, 12.42351 ], [ -9.36069, 12.42351 ], [ -9.35997, 12.42347 ], [ -9.358729999999866, 12.42335 ], [ -9.358389999999872, 12.423310000000129 ], [ -9.35699, 12.422950000000185 ], [ -9.35663, 12.42283 ], [ -9.35595, 12.422570000000178 ], [ -9.35571, 12.42245 ], [ -9.35553, 12.422350000000108 ], [ -9.35533, 12.42221 ], [ -9.35503, 12.42183 ], [ -9.35471, 12.42121 ], [ -9.35459, 12.420910000000163 ], [ -9.35451, 12.42055 ], [ -9.35445, 12.420190000000105 ], [ -9.35443, 12.419830000000161 ], [ -9.35441, 12.419110000000103 ], [ -9.35449, 12.418430000000114 ], [ -9.35459, 12.418070000000171 ], [ -9.35467, 12.41773000000012 ], [ -9.35483, 12.41695 ], [ -9.35505, 12.41569 ], [ -9.35513, 12.415210000000172 ], [ -9.35518999999988, 12.414830000000165 ], [ -9.35531, 12.41403 ], [ -9.35555, 12.41181 ], [ -9.35555, 12.41141000000016 ], [ -9.35547, 12.41093 ], [ -9.35537, 12.41067 ], [ -9.35511, 12.41017 ], [ -9.35493, 12.409950000000151 ], [ -9.35360999999989, 12.40941 ], [ -9.35317, 12.409250000000156 ], [ -9.35275, 12.409130000000175 ], [ -9.35205, 12.40901 ], [ -9.348029999999881, 12.408230000000117 ], [ -9.34391, 12.40739 ], [ -9.34367, 12.40733 ], [ -9.343529999999873, 12.40719 ], [ -9.34337, 12.406970000000115 ], [ -9.34009, 12.39973 ], [ -9.33989, 12.39427 ], [ -9.34109, 12.39143 ], [ -9.34117, 12.391190000000108 ], [ -9.34137, 12.39045 ], [ -9.34143, 12.390110000000107 ], [ -9.34143, 12.3897300000001 ], [ -9.341389999999819, 12.38849 ], [ -9.34133, 12.38811 ], [ -9.340729999999837, 12.385890000000188 ], [ -9.34047, 12.385050000000149 ], [ -9.34035, 12.38471 ], [ -9.33919, 12.381890000000169 ], [ -9.33909, 12.38165 ], [ -9.33885, 12.38153 ], [ -9.33851, 12.381370000000118 ], [ -9.33827, 12.38127 ], [ -9.33797, 12.381250000000136 ], [ -9.33773, 12.38127 ], [ -9.33735, 12.381390000000181 ], [ -9.337239999999895, 12.38143 ], [ -9.33713, 12.38147 ], [ -9.33691, 12.381570000000124 ], [ -9.33635, 12.381590000000188 ], [ -9.33597, 12.381590000000188 ], [ -9.33573, 12.38155 ], [ -9.33397, 12.380790000000104 ], [ -9.33047, 12.37915 ], [ -9.33025, 12.379030000000114 ], [ -9.329989999999896, 12.37885000000017 ], [ -9.32987, 12.378730000000189 ], [ -9.32969, 12.378550000000189 ], [ -9.32855, 12.377070000000117 ], [ -9.32823, 12.376550000000123 ], [ -9.32813, 12.37633 ], [ -9.32807, 12.37609 ], [ -9.32807, 12.375750000000153 ], [ -9.32811, 12.37547 ], [ -9.32814999999988, 12.37525 ], [ -9.32817, 12.37503 ], [ -9.32817, 12.37481 ], [ -9.32813, 12.37449 ], [ -9.32805, 12.37431 ], [ -9.32773, 12.37367 ], [ -9.327529999999854, 12.373450000000105 ], [ -9.327289999999891, 12.37319 ], [ -9.32661, 12.37255 ], [ -9.32645, 12.37241 ], [ -9.32613, 12.37223 ], [ -9.325869999999895, 12.372130000000141 ], [ -9.32435, 12.371810000000153 ], [ -9.31597, 12.37075 ], [ -9.31575, 12.37083 ], [ -9.31547, 12.37087 ], [ -9.31499, 12.37087 ], [ -9.314589999999896, 12.37087 ], [ -9.314209999999889, 12.37087 ], [ -9.313857999999811, 12.37087 ], [ -9.31369, 12.37087 ], [ -9.31315, 12.37087 ], [ -9.31229, 12.37073 ], [ -9.31189, 12.370610000000113 ], [ -9.303449999999827, 12.36803 ], [ -9.30295, 12.36785 ], [ -9.30273, 12.36771 ], [ -9.30225, 12.367310000000145 ], [ -9.29993, 12.36507 ], [ -9.29795, 12.36259 ], [ -9.297669999999869, 12.362170000000106 ], [ -9.29745, 12.361550000000136 ], [ -9.29743, 12.36125 ], [ -9.29751, 12.360790000000122 ], [ -9.297549999999887, 12.360590000000116 ], [ -9.29783, 12.35987 ], [ -9.29835, 12.35881 ], [ -9.298589999999876, 12.358450000000119 ], [ -9.29891, 12.358050000000105 ], [ -9.29916999999989, 12.35783 ], [ -9.29947, 12.35765 ], [ -9.30001, 12.35735 ], [ -9.301289999999881, 12.356790000000103 ], [ -9.30293, 12.35637 ], [ -9.30337, 12.35627 ], [ -9.30547, 12.35581000000019 ], [ -9.30631, 12.35565 ], [ -9.30659, 12.355610000000183 ], [ -9.30689, 12.35557 ], [ -9.30767, 12.35551 ], [ -9.308289999999886, 12.355470000000139 ], [ -9.30889, 12.35543 ], [ -9.30919, 12.355350000000158 ], [ -9.30965, 12.355150000000151 ], [ -9.30985, 12.355010000000107 ], [ -9.31002999999987, 12.35481 ], [ -9.310289999999895, 12.35437 ], [ -9.31051, 12.35385 ], [ -9.311489999999878, 12.34979 ], [ -9.31151, 12.349510000000123 ], [ -9.31157, 12.34797 ], [ -9.31157, 12.34765 ], [ -9.31157, 12.347310000000164 ], [ -9.31157, 12.34689 ], [ -9.31157, 12.34657 ], [ -9.311549999999897, 12.34619 ], [ -9.31151, 12.34561 ], [ -9.31145, 12.345330000000104 ], [ -9.311369999999897, 12.34511 ], [ -9.31116999999989, 12.34491 ], [ -9.310789999999884, 12.344630000000109 ], [ -9.31039, 12.34449 ], [ -9.30963, 12.344270000000165 ], [ -9.30927, 12.34423 ], [ -9.30847, 12.34423 ], [ -9.30697, 12.344250000000102 ], [ -9.30661, 12.344270000000165 ], [ -9.305949999999825, 12.344310000000121 ], [ -9.30543, 12.34441 ], [ -9.30499, 12.34455 ], [ -9.30465, 12.344630000000109 ], [ -9.30431, 12.344690000000128 ], [ -9.30409, 12.344710000000134 ], [ -9.30387, 12.344690000000128 ], [ -9.303669999999897, 12.34459 ], [ -9.303568, 12.344386 ], [ -9.30353, 12.344310000000121 ], [ -9.30351, 12.343950000000177 ], [ -9.30353, 12.343770000000177 ], [ -9.303629999999885, 12.343050000000119 ], [ -9.30415, 12.34075 ], [ -9.30423, 12.34047 ], [ -9.306329999999889, 12.333230000000128 ], [ -9.30659, 12.33259 ], [ -9.31061, 12.324050000000113 ], [ -9.31091, 12.32371 ], [ -9.31116999999989, 12.32351 ], [ -9.31189, 12.32307 ], [ -9.312249999999892, 12.32293 ], [ -9.31261, 12.32283 ], [ -9.31301, 12.322730000000149 ], [ -9.31373, 12.32255 ], [ -9.31445, 12.322410000000161 ], [ -9.31517, 12.32229000000018 ], [ -9.31551, 12.32225 ], [ -9.31609, 12.32235 ], [ -9.31635, 12.322410000000161 ], [ -9.31652999999983, 12.322470000000123 ], [ -9.31675, 12.32257 ], [ -9.31697, 12.32271 ], [ -9.31721, 12.32287 ], [ -9.31753, 12.323030000000131 ], [ -9.317789999999889, 12.32313 ], [ -9.318169999999895, 12.32325 ], [ -9.31967, 12.32371 ], [ -9.31997, 12.323750000000189 ], [ -9.32027, 12.323750000000189 ], [ -9.32059, 12.32371 ], [ -9.320789999999874, 12.32363 ], [ -9.32101, 12.323490000000163 ], [ -9.321149999999818, 12.323350000000119 ], [ -9.32127, 12.32321 ], [ -9.32139, 12.32301 ], [ -9.32151, 12.322770000000105 ], [ -9.32161, 12.322530000000143 ], [ -9.32351, 12.315990000000113 ], [ -9.32369, 12.314730000000111 ], [ -9.323829999999873, 12.310990000000118 ], [ -9.323829999999873, 12.31055 ], [ -9.323829999999873, 12.31039 ], [ -9.323829999999873, 12.31009 ], [ -9.32375, 12.309670000000153 ], [ -9.323489999999879, 12.308910000000139 ], [ -9.323029999999846, 12.307830000000138 ], [ -9.32269, 12.307190000000105 ], [ -9.32247, 12.306870000000117 ], [ -9.322249999999883, 12.306690000000117 ], [ -9.32177, 12.30617 ], [ -9.321149999999818, 12.30509 ], [ -9.32101, 12.30473000000012 ], [ -9.32065, 12.30325 ], [ -9.32057, 12.302910000000168 ], [ -9.32055, 12.302570000000117 ], [ -9.32055, 12.30229 ], [ -9.32065, 12.301630000000159 ], [ -9.32075, 12.30147 ], [ -9.321489999999869, 12.30097 ], [ -9.321749999999895, 12.30085 ], [ -9.32199, 12.300730000000101 ], [ -9.32285, 12.300250000000176 ], [ -9.32319, 12.299930000000188 ], [ -9.323369999999898, 12.29971 ], [ -9.323489999999879, 12.29949 ], [ -9.32361, 12.29923 ], [ -9.32373, 12.29889 ], [ -9.323829999999873, 12.29855 ], [ -9.32401, 12.29645 ], [ -9.32415, 12.29431 ], [ -9.32415, 12.293970000000172 ], [ -9.32415, 12.29363 ], [ -9.32415, 12.29323 ], [ -9.32415, 12.292870000000107 ], [ -9.32415, 12.29253 ], [ -9.32415, 12.29223 ], [ -9.32415, 12.291810000000112 ], [ -9.32411, 12.29069 ], [ -9.32405, 12.29025 ], [ -9.32393, 12.28955000000019 ], [ -9.323709999999892, 12.288630000000126 ], [ -9.322789999999884, 12.286050000000159 ], [ -9.32243, 12.28539 ], [ -9.32205, 12.284910000000139 ], [ -9.32105, 12.28387 ], [ -9.32085, 12.28369 ], [ -9.32027, 12.283210000000167 ], [ -9.31981, 12.28293 ], [ -9.31923, 12.28259 ], [ -9.31895, 12.28239 ], [ -9.31875, 12.282190000000185 ], [ -9.31827, 12.28137 ], [ -9.31825, 12.28125 ], [ -9.31827, 12.28107 ], [ -9.31837, 12.28095 ], [ -9.31851, 12.280790000000138 ], [ -9.31971, 12.27949 ], [ -9.32873, 12.26981 ], [ -9.331029999999885, 12.267670000000123 ], [ -9.33133, 12.267470000000117 ], [ -9.331569999999886, 12.267350000000135 ], [ -9.33190999999988, 12.26725 ], [ -9.33223, 12.267170000000135 ], [ -9.33455, 12.26699 ], [ -9.33489, 12.266970000000128 ], [ -9.335309999999822, 12.26701 ], [ -9.335489999999879, 12.267050000000154 ], [ -9.33571, 12.267230000000154 ], [ -9.33585, 12.26741 ], [ -9.336729999999875, 12.268550000000118 ], [ -9.33705, 12.26903 ], [ -9.33739, 12.269590000000164 ], [ -9.337689999999839, 12.270470000000159 ], [ -9.33791, 12.27113 ], [ -9.338109999999858, 12.27161000000018 ], [ -9.33919, 12.272930000000144 ], [ -9.33935, 12.27297 ], [ -9.339649999999892, 12.27297 ], [ -9.33972, 12.27295 ], [ -9.33979, 12.272930000000144 ], [ -9.340529999999887, 12.2726100000001 ], [ -9.34075, 12.27245 ], [ -9.34093, 12.27223 ], [ -9.34221, 12.270270000000153 ], [ -9.34235, 12.26963000000012 ], [ -9.34239, 12.26933 ], [ -9.34238, 12.26615 ], [ -9.342269999999871, 12.263190000000179 ], [ -9.34235, 12.262850000000128 ], [ -9.34243, 12.26257 ], [ -9.342529999999897, 12.26237 ], [ -9.34275, 12.26217000000014 ], [ -9.34439, 12.260830000000112 ], [ -9.34507, 12.260350000000187 ], [ -9.34581, 12.25983 ], [ -9.34641, 12.259390000000167 ], [ -9.34683, 12.25899 ], [ -9.34701, 12.25879 ], [ -9.34805, 12.25761000000017 ], [ -9.348149999999862, 12.25737 ], [ -9.34813, 12.257110000000182 ], [ -9.34801, 12.256730000000175 ], [ -9.34775, 12.25605 ], [ -9.34749, 12.25557 ], [ -9.34701, 12.254890000000159 ], [ -9.34667, 12.25441 ], [ -9.34615, 12.253850000000114 ], [ -9.34415, 12.25179 ], [ -9.34387, 12.25157 ], [ -9.34367, 12.25145 ], [ -9.34293, 12.251010000000122 ], [ -9.34275, 12.25093 ], [ -9.342109999999877, 12.25073 ], [ -9.341989999999896, 12.25071 ], [ -9.34172999999987, 12.25067 ], [ -9.341449999999895, 12.250630000000115 ], [ -9.34118999999987, 12.25059 ], [ -9.34097, 12.250510000000133 ], [ -9.340729999999837, 12.250390000000152 ], [ -9.34055, 12.250270000000171 ], [ -9.34043, 12.25009 ], [ -9.34033, 12.249890000000164 ], [ -9.34027, 12.24971 ], [ -9.34025, 12.24945 ], [ -9.34027, 12.24921 ], [ -9.34033, 12.24903 ], [ -9.34043, 12.248870000000181 ], [ -9.34083, 12.24825 ], [ -9.34105, 12.248090000000104 ], [ -9.341381801999944, 12.247937924000155 ], [ -9.34153, 12.24787 ], [ -9.34172999999987, 12.24783 ], [ -9.34599, 12.24793 ], [ -9.34637, 12.24795 ], [ -9.347779999999887, 12.24803 ], [ -9.34811, 12.24805 ], [ -9.348519999999894, 12.24812 ], [ -9.34897, 12.24822 ], [ -9.34954, 12.248430000000155 ], [ -9.35671, 12.251100000000122 ], [ -9.358969999999829, 12.252500000000111 ], [ -9.359019999999873, 12.25286 ], [ -9.35911, 12.25312 ], [ -9.3593, 12.25341 ], [ -9.35971, 12.253760000000113 ], [ -9.3599, 12.25391 ], [ -9.360849999999857, 12.25424 ], [ -9.36123, 12.254310000000146 ], [ -9.36154, 12.254340000000127 ], [ -9.36195, 12.254340000000127 ], [ -9.36218, 12.254340000000127 ], [ -9.363349999999855, 12.25424 ], [ -9.364559999999869, 12.25403 ], [ -9.36487, 12.25386 ], [ -9.36892, 12.25205 ], [ -9.37307, 12.25055 ], [ -9.375679999999875, 12.252790000000118 ], [ -9.37578, 12.25298 ], [ -9.37661, 12.25429 ], [ -9.37671, 12.25441 ], [ -9.37983, 12.25724 ], [ -9.380089999999882, 12.257410000000107 ], [ -9.38042, 12.25746 ], [ -9.38083, 12.25746 ], [ -9.38114, 12.257410000000107 ], [ -9.38145, 12.25722 ], [ -9.38504, 12.25736 ], [ -9.38831, 12.25903 ], [ -9.39081, 12.26157 ], [ -9.39312, 12.26155 ], [ -9.39495, 12.259 ], [ -9.401879999999892, 12.25698 ], [ -9.40338, 12.25665000000015 ], [ -9.40386, 12.25655 ], [ -9.40428, 12.25648 ], [ -9.40471, 12.25645 ], [ -9.40509, 12.25648 ], [ -9.4054, 12.25681 ], [ -9.40545, 12.25707 ], [ -9.40507, 12.258430000000146 ], [ -9.404879999999878, 12.258720000000153 ], [ -9.40471, 12.25888 ], [ -9.40607, 12.26265 ], [ -9.41833, 12.26508 ], [ -9.41871, 12.26512 ], [ -9.42162, 12.26519 ], [ -9.42217, 12.265100000000132 ], [ -9.429069999999854, 12.262410000000102 ], [ -9.434909999999888, 12.259360000000186 ], [ -9.435069999999882, 12.258460000000127 ], [ -9.43514, 12.25812 ], [ -9.43522, 12.25774 ], [ -9.43531, 12.257380000000126 ], [ -9.43543, 12.25707 ], [ -9.43555, 12.25681 ], [ -9.43579, 12.25634 ], [ -9.435949999999877, 12.25605 ], [ -9.43618999999984, 12.25588 ], [ -9.436529999999891, 12.255740000000173 ], [ -9.43679, 12.25572000000011 ], [ -9.44231, 12.25557 ], [ -9.44267, 12.255650000000173 ], [ -9.44284, 12.255860000000155 ], [ -9.443149999999889, 12.25705 ], [ -9.44326999999987, 12.2576 ], [ -9.44334, 12.258260000000121 ], [ -9.443359999999871, 12.258570000000191 ], [ -9.4435, 12.259220000000141 ], [ -9.443599999999833, 12.259340000000122 ], [ -9.4475, 12.259720000000129 ], [ -9.449269999999899, 12.259690000000148 ], [ -9.45377, 12.259550000000104 ], [ -9.45405, 12.259360000000186 ], [ -9.45415, 12.25917 ], [ -9.454189999999869, 12.258810000000153 ], [ -9.454099999999869, 12.258430000000146 ], [ -9.45391, 12.257790000000114 ], [ -9.45391, 12.25743000000017 ], [ -9.45405, 12.25724 ], [ -9.45430999999985, 12.25705 ], [ -9.45462, 12.256880000000137 ], [ -9.45491, 12.25679 ], [ -9.45514999999989, 12.256880000000137 ], [ -9.45729, 12.258050000000139 ], [ -9.45877, 12.25910000000016 ], [ -9.45946, 12.25967 ], [ -9.46048, 12.260530000000188 ], [ -9.4607, 12.26055 ], [ -9.460889999999893, 12.26055 ], [ -9.46453, 12.26046 ], [ -9.46486, 12.260360000000162 ], [ -9.47082, 12.258340000000146 ], [ -9.47515, 12.257810000000177 ], [ -9.47524, 12.25753 ], [ -9.4757, 12.25636 ], [ -9.47594, 12.25629 ], [ -9.476129999999841, 12.25626 ], [ -9.47655, 12.25626 ], [ -9.47727, 12.25626 ], [ -9.477719999999863, 12.25626 ], [ -9.47815, 12.25626 ], [ -9.480009999999879, 12.256500000000131 ], [ -9.48165, 12.25686 ], [ -9.48203, 12.25698 ], [ -9.482459999999833, 12.25707 ], [ -9.48287, 12.25715 ], [ -9.48327, 12.25715 ], [ -9.4842, 12.2571200000001 ], [ -9.48448, 12.25705 ], [ -9.48565, 12.255860000000155 ], [ -9.48627, 12.255 ], [ -9.48641, 12.25476 ], [ -9.489869999999826, 12.24991 ], [ -9.4947, 12.245690000000138 ], [ -9.494749999999897, 12.245450000000176 ], [ -9.493579999999838, 12.2365 ], [ -9.493409999999869, 12.23633000000018 ], [ -9.493129999999894, 12.23602000000011 ], [ -9.49272, 12.2351 ], [ -9.49265, 12.234760000000108 ], [ -9.49265, 12.234400000000164 ], [ -9.49282, 12.2341 ], [ -9.49303, 12.233880000000113 ], [ -9.49618, 12.23074 ], [ -9.49846, 12.22855 ], [ -9.5019, 12.225550000000112 ], [ -9.50561, 12.22483 ], [ -9.50597, 12.22481 ], [ -9.506419999999878, 12.22471 ], [ -9.50907, 12.22367 ], [ -9.51097, 12.22233000000017 ], [ -9.51409, 12.22297 ], [ -9.51438, 12.2229 ], [ -9.518119999999897, 12.220640000000117 ], [ -9.52395, 12.21521 ], [ -9.5265, 12.213620000000162 ], [ -9.52755, 12.212660000000142 ], [ -9.527664999999899, 12.212538000000166 ], [ -9.52786, 12.212330000000179 ], [ -9.52821, 12.211900000000128 ], [ -9.52845, 12.2115 ], [ -9.52867, 12.210930000000189 ], [ -9.52868999999987, 12.210550000000183 ], [ -9.52862, 12.21019 ], [ -9.52855, 12.209830000000125 ], [ -9.52835999999985, 12.209470000000181 ], [ -9.52821, 12.20923 ], [ -9.528, 12.208570000000122 ], [ -9.52795, 12.20814 ], [ -9.528, 12.20788 ], [ -9.529859999999871, 12.2044 ], [ -9.53280999999987, 12.1989 ], [ -9.532979999999839, 12.19861 ], [ -9.53369, 12.19757 ], [ -9.53833, 12.195540000000108 ], [ -9.543809999999837, 12.19578 ], [ -9.54441, 12.195830000000115 ], [ -9.5461, 12.19599 ], [ -9.54633, 12.19602 ], [ -9.546519999999873, 12.1963 ], [ -9.54664, 12.19659 ], [ -9.546719999999823, 12.19697 ], [ -9.54698, 12.1973 ], [ -9.54733, 12.197540000000174 ], [ -9.54774, 12.197660000000155 ], [ -9.54812, 12.19769 ], [ -9.5486, 12.197660000000155 ], [ -9.54905, 12.197610000000111 ], [ -9.55126, 12.1968 ], [ -9.5515, 12.19669 ], [ -9.55468999999988, 12.19502 ], [ -9.55795, 12.19357 ], [ -9.56, 12.19423 ], [ -9.5606, 12.19464 ], [ -9.56203, 12.19561 ], [ -9.562599999999861, 12.195970000000159 ], [ -9.56291, 12.19611 ], [ -9.56324, 12.196210000000121 ], [ -9.571929999999895, 12.1978 ], [ -9.57241, 12.19788 ], [ -9.57289, 12.197900000000118 ], [ -9.57343, 12.197900000000118 ], [ -9.57553, 12.19788 ], [ -9.57591, 12.197780000000137 ], [ -9.576219999999864, 12.197660000000155 ], [ -9.57789, 12.19669 ], [ -9.578099999999893, 12.19654 ], [ -9.57827, 12.196350000000109 ], [ -9.578339999999855, 12.19616 ], [ -9.578339999999855, 12.19592 ], [ -9.57824, 12.19535000000019 ], [ -9.57815, 12.194950000000119 ], [ -9.57812, 12.19464 ], [ -9.5782, 12.194300000000169 ], [ -9.578669999999875, 12.193400000000111 ], [ -9.5796, 12.192520000000115 ], [ -9.57989, 12.19245 ], [ -9.58291, 12.192020000000184 ], [ -9.58327, 12.19228 ], [ -9.58348, 12.19242 ], [ -9.58377, 12.19257 ], [ -9.584119999999814, 12.19273 ], [ -9.58458, 12.19283 ], [ -9.58832, 12.19195 ], [ -9.588929999999891, 12.191760000000158 ], [ -9.599289999999883, 12.18826 ], [ -9.60040999999984, 12.187210000000107 ], [ -9.60241, 12.18511 ], [ -9.602789999999857, 12.184680000000185 ], [ -9.60322, 12.18409 ], [ -9.60344, 12.183780000000127 ], [ -9.60355, 12.18349000000012 ], [ -9.603699999999833, 12.18321 ], [ -9.60396, 12.182900000000188 ], [ -9.60548, 12.18199 ], [ -9.605749999999887, 12.181920000000105 ], [ -9.61089, 12.18216 ], [ -9.61353, 12.18237 ], [ -9.61389, 12.1823 ], [ -9.61691, 12.180760000000191 ], [ -9.61701, 12.180590000000166 ], [ -9.617079999999874, 12.180300000000159 ], [ -9.61701, 12.179280000000119 ], [ -9.624529999999879, 12.178520000000162 ], [ -9.625199999999893, 12.17856 ], [ -9.62582, 12.17856 ], [ -9.6263, 12.17854 ], [ -9.62675, 12.17842 ], [ -9.6293, 12.177590000000123 ], [ -9.63496, 12.175540000000126 ], [ -9.63537, 12.1753700000001 ], [ -9.6358, 12.17509 ], [ -9.63618, 12.174800000000175 ], [ -9.637559999999837, 12.17344 ], [ -9.637769999999875, 12.173090000000116 ], [ -9.638849999999877, 12.17002 ], [ -9.63899, 12.169520000000148 ], [ -9.63904, 12.16918 ], [ -9.63892, 12.16887 ], [ -9.63868, 12.168610000000172 ], [ -9.63854, 12.168350000000146 ], [ -9.63849, 12.168060000000139 ], [ -9.63861, 12.167730000000176 ], [ -9.63892, 12.16737 ], [ -9.63926999999984, 12.16716 ], [ -9.63975, 12.167060000000163 ], [ -9.640179999999816, 12.167090000000144 ], [ -9.6443, 12.16778 ], [ -9.644609999999886, 12.167850000000158 ], [ -9.649059999999849, 12.165370000000109 ], [ -9.649559999999894, 12.163730000000157 ], [ -9.651389999999878, 12.160370000000114 ], [ -9.651609999999891, 12.16004 ], [ -9.655129999999815, 12.15699 ], [ -9.65599, 12.15673 ], [ -9.65649, 12.15659 ], [ -9.65694, 12.156560000000184 ], [ -9.657509999999832, 12.156560000000184 ], [ -9.657939999999883, 12.156510000000139 ], [ -9.65822999999989, 12.15618 ], [ -9.658299999999826, 12.15582 ], [ -9.658349999999871, 12.15542 ], [ -9.66011, 12.149560000000122 ], [ -9.66263, 12.14708 ], [ -9.662915, 12.147016000000121 ], [ -9.66294, 12.147010000000137 ], [ -9.6669, 12.14554 ], [ -9.66889, 12.144400000000189 ], [ -9.668929999999875, 12.14436 ], [ -9.669089999999869, 12.144180000000119 ], [ -9.6694, 12.143800000000113 ], [ -9.66956, 12.14358 ], [ -9.66999, 12.14282 ], [ -9.67406, 12.13537 ], [ -9.677259999999876, 12.128650000000164 ], [ -9.681379999999876, 12.120990000000177 ], [ -9.68166, 12.1206 ], [ -9.682969999999898, 12.11853 ], [ -9.68299, 12.11827 ], [ -9.68296, 12.11818 ], [ -9.68283, 12.11789 ], [ -9.68264, 12.11751 ], [ -9.68204, 12.116530000000125 ], [ -9.68178, 12.116200000000163 ], [ -9.6814, 12.11596 ], [ -9.680969999999888, 12.115820000000156 ], [ -9.680589999999881, 12.115680000000111 ], [ -9.680209999999875, 12.11551 ], [ -9.679799999999886, 12.115270000000123 ], [ -9.67928, 12.11251 ], [ -9.678849999999898, 12.10991 ], [ -9.678849999999898, 12.10946 ], [ -9.678849999999898, 12.10894 ], [ -9.67902, 12.10856 ], [ -9.679329999999823, 12.108290000000125 ], [ -9.67957, 12.107960000000162 ], [ -9.67978, 12.107580000000155 ], [ -9.680679999999882, 12.105360000000132 ], [ -9.68078, 12.10506 ], [ -9.68095, 12.10341000000011 ], [ -9.68095, 12.103050000000167 ], [ -9.68076, 12.102840000000185 ], [ -9.68047, 12.102750000000185 ], [ -9.67999, 12.10265 ], [ -9.67961, 12.10265 ], [ -9.67941999999988, 12.102530000000115 ], [ -9.67918, 12.10227 ], [ -9.679039999999873, 12.102030000000127 ], [ -9.67878, 12.10125 ], [ -9.67823, 12.0971 ], [ -9.677869999999814, 12.093670000000145 ], [ -9.67773, 12.09336 ], [ -9.67749, 12.093170000000157 ], [ -9.6769, 12.09272 ], [ -9.67592, 12.0922 ], [ -9.67566, 12.092120000000136 ], [ -9.67549, 12.09198 ], [ -9.67523, 12.091480000000104 ], [ -9.67506, 12.0911 ], [ -9.67499, 12.090770000000191 ], [ -9.67497, 12.08867000000015 ], [ -9.67502, 12.086360000000127 ], [ -9.675179999999898, 12.084500000000105 ], [ -9.67754, 12.078550000000178 ], [ -9.680679999999882, 12.07219 ], [ -9.68083, 12.07207000000011 ], [ -9.68233, 12.071100000000172 ], [ -9.682709999999872, 12.070880000000102 ], [ -9.69052, 12.06767 ], [ -9.69102, 12.06755 ], [ -9.69278, 12.06688 ], [ -9.693499999999858, 12.065690000000188 ], [ -9.69673, 12.060310000000186 ], [ -9.69695, 12.05974 ], [ -9.69695, 12.05945 ], [ -9.69645, 12.059100000000115 ], [ -9.69607, 12.05888 ], [ -9.69566, 12.05876 ], [ -9.6948, 12.058430000000101 ], [ -9.69464, 12.05829 ], [ -9.694589999999891, 12.05812 ], [ -9.69492, 12.054500000000132 ], [ -9.69514, 12.052170000000103 ], [ -9.69507, 12.05186 ], [ -9.69492, 12.0516 ], [ -9.69473, 12.05145 ], [ -9.694499999999891, 12.051290000000108 ], [ -9.69419, 12.05124 ], [ -9.693829999999878, 12.05124 ], [ -9.69352, 12.05133 ], [ -9.693259999999896, 12.05136 ], [ -9.69314, 12.051310000000171 ], [ -9.690709999999854, 12.042670000000101 ], [ -9.69014, 12.04055 ], [ -9.68895, 12.036120000000153 ], [ -9.690089999999884, 12.03426 ], [ -9.69335, 12.031860000000108 ], [ -9.69376, 12.03164 ], [ -9.70052, 12.03043 ], [ -9.701779999999872, 12.030450000000144 ], [ -9.70493, 12.03005 ], [ -9.71021, 12.029310000000123 ], [ -9.71302, 12.028280000000166 ], [ -9.71674, 12.02993 ], [ -9.71702, 12.030210000000181 ], [ -9.717279999999846, 12.030330000000163 ], [ -9.71831, 12.03064 ], [ -9.71867, 12.03071000000017 ], [ -9.720189999999832, 12.03097 ], [ -9.72117, 12.031120000000158 ], [ -9.728639999999814, 12.031210000000101 ], [ -9.732979999999884, 12.030360000000144 ], [ -9.73343, 12.0303100000001 ], [ -9.73367, 12.03029 ], [ -9.734189999999899, 12.03026 ], [ -9.74253, 12.030690000000106 ], [ -9.74491, 12.03195 ], [ -9.74830999999989, 12.033520000000124 ], [ -9.74953, 12.034020000000112 ], [ -9.7501, 12.034190000000137 ], [ -9.75196, 12.034570000000144 ], [ -9.75267, 12.03464 ], [ -9.753269999999873, 12.03455 ], [ -9.75541, 12.033900000000131 ], [ -9.75584, 12.033640000000105 ], [ -9.75617, 12.03333 ], [ -9.758851999999877, 12.031939 ], [ -9.760898, 12.032361000000151 ], [ -9.76181, 12.034 ], [ -9.76167, 12.034330000000182 ], [ -9.76169, 12.034860000000151 ], [ -9.76188999999988, 12.03595 ], [ -9.76208, 12.036500000000103 ], [ -9.76224, 12.03695 ], [ -9.76269, 12.03795 ], [ -9.76317, 12.03871 ], [ -9.76341, 12.039070000000152 ], [ -9.76369, 12.039360000000158 ], [ -9.764049999999884, 12.03952 ], [ -9.76457, 12.03957000000014 ], [ -9.76512, 12.039620000000184 ], [ -9.769929999999874, 12.03988 ], [ -9.77308, 12.03967 ], [ -9.77329, 12.03964 ], [ -9.77362, 12.03955 ], [ -9.77408, 12.039360000000158 ], [ -9.77582, 12.03886000000017 ], [ -9.777629999999874, 12.0385 ], [ -9.77789, 12.038480000000163 ], [ -9.77813, 12.038480000000163 ], [ -9.78072, 12.039360000000158 ], [ -9.78104999999988, 12.0395 ], [ -9.782459999999844, 12.04033 ], [ -9.78274, 12.040500000000179 ], [ -9.783009999999877, 12.04067 ], [ -9.78806, 12.04443 ], [ -9.788339999999891, 12.044710000000123 ], [ -9.78858, 12.04507 ], [ -9.78877, 12.04593 ], [ -9.78889, 12.04686 ], [ -9.788909999999873, 12.04721 ], [ -9.788909999999873, 12.04745 ], [ -9.78877, 12.04774 ], [ -9.78855, 12.047980000000166 ], [ -9.788409999999828, 12.048310000000129 ], [ -9.78839, 12.04876 ], [ -9.788459999999873, 12.050640000000158 ], [ -9.78927, 12.053330000000187 ], [ -9.789579999999887, 12.05367 ], [ -9.78994, 12.05388 ], [ -9.79029, 12.05407 ], [ -9.79058, 12.05419 ], [ -9.79105, 12.05431 ], [ -9.791459999999859, 12.054410000000189 ], [ -9.79182, 12.054480000000126 ], [ -9.79295999999988, 12.05469 ], [ -9.79707999999988, 12.055410000000109 ], [ -9.79953, 12.05569 ], [ -9.80377, 12.05931 ], [ -9.80394, 12.05957 ], [ -9.8041, 12.059760000000153 ], [ -9.804369999999892, 12.05995 ], [ -9.809749999999894, 12.06331 ], [ -9.81125, 12.064030000000173 ], [ -9.81658, 12.06653 ], [ -9.81692, 12.066670000000101 ], [ -9.81737, 12.066670000000101 ], [ -9.82046, 12.06636 ], [ -9.820699999999874, 12.06624 ], [ -9.82084, 12.06591 ], [ -9.82089, 12.0655000000001 ], [ -9.82092, 12.06522 ], [ -9.82104, 12.065000000000111 ], [ -9.82225, 12.0635 ], [ -9.82242, 12.06329 ], [ -9.82487, 12.061100000000181 ], [ -9.82518, 12.06084 ], [ -9.82789, 12.058720000000108 ], [ -9.82949, 12.05760000000015 ], [ -9.83787, 12.058450000000107 ], [ -9.840349999999887, 12.059 ], [ -9.84049, 12.059100000000115 ], [ -9.84063, 12.05938 ], [ -9.840729999999894, 12.05967 ], [ -9.84092, 12.06014000000016 ], [ -9.841899999999896, 12.06098 ], [ -9.84213, 12.061140000000137 ], [ -9.847819999999899, 12.062360000000183 ], [ -9.84828, 12.06241 ], [ -9.85297, 12.062310000000139 ], [ -9.85611, 12.061190000000181 ], [ -9.8639, 12.05998 ], [ -9.86704, 12.059880000000135 ], [ -9.86773, 12.059910000000116 ], [ -9.87066, 12.05936 ], [ -9.87178, 12.057930000000113 ], [ -9.875589999999875, 12.05957 ], [ -9.885089999999877, 12.06393 ], [ -9.885829999999885, 12.06431 ], [ -9.88616, 12.064530000000104 ], [ -9.88681, 12.065000000000111 ], [ -9.89057, 12.06788 ], [ -9.89081, 12.068100000000129 ], [ -9.89119, 12.06853000000018 ], [ -9.89131, 12.06872 ], [ -9.891329999999869, 12.06886 ], [ -9.891329999999869, 12.06948 ], [ -9.891209999999887, 12.0701 ], [ -9.891119999999887, 12.070380000000114 ], [ -9.89104, 12.070810000000165 ], [ -9.89085, 12.071860000000186 ], [ -9.89085, 12.07229 ], [ -9.89102, 12.07276 ], [ -9.89114, 12.07305 ], [ -9.89135, 12.07331 ], [ -9.8929, 12.07446 ], [ -9.89419, 12.07541 ], [ -9.89443, 12.075460000000135 ], [ -9.89459, 12.075340000000153 ], [ -9.89462, 12.07515 ], [ -9.89462, 12.07486 ], [ -9.89469, 12.07469 ], [ -9.89481, 12.07448 ], [ -9.895119999999849, 12.074170000000152 ], [ -9.895329999999888, 12.07398 ], [ -9.89627999999982, 12.07322 ], [ -9.89657, 12.073150000000169 ], [ -9.89685, 12.073120000000131 ], [ -9.897069999999815, 12.073120000000131 ], [ -9.897329999999897, 12.07331 ], [ -9.90057, 12.07693 ], [ -9.90114, 12.078500000000133 ], [ -9.90169, 12.080080000000123 ], [ -9.902539999999874, 12.08234 ], [ -9.902619999999899, 12.08255 ], [ -9.90276, 12.08279 ], [ -9.903, 12.08296 ], [ -9.90331, 12.083150000000103 ], [ -9.90419, 12.083670000000154 ], [ -9.90493, 12.0841 ], [ -9.90519, 12.084170000000142 ], [ -9.90543, 12.084170000000142 ], [ -9.90559, 12.084050000000161 ], [ -9.90576, 12.08389 ], [ -9.905999999999892, 12.08384000000018 ], [ -9.90671, 12.08374 ], [ -9.90697, 12.08386 ], [ -9.907279999999844, 12.084080000000142 ], [ -9.90821, 12.08486 ], [ -9.90888, 12.085550000000126 ], [ -9.909, 12.08577 ], [ -9.909069999999872, 12.086220000000139 ], [ -9.90867, 12.087790000000155 ], [ -9.908569999999884, 12.08808 ], [ -9.90847, 12.08824 ], [ -9.90833, 12.088340000000187 ], [ -9.908069999999839, 12.08836 ], [ -9.907829999999876, 12.088170000000162 ], [ -9.90759, 12.088030000000117 ], [ -9.90731, 12.087910000000136 ], [ -9.90712, 12.08784 ], [ -9.906859999999824, 12.087790000000155 ], [ -9.90669, 12.08781 ], [ -9.90655, 12.08798 ], [ -9.90647, 12.088120000000117 ], [ -9.90631, 12.088530000000105 ], [ -9.90569, 12.091420000000141 ], [ -9.90567, 12.09153 ], [ -9.90567, 12.09184 ], [ -9.9059, 12.092530000000124 ], [ -9.90697, 12.09427 ], [ -9.90747, 12.09482 ], [ -9.90769, 12.09503 ], [ -9.907949999999857, 12.095220000000154 ], [ -9.911859999999876, 12.1002 ], [ -9.911779999999851, 12.10172 ], [ -9.911859999999876, 12.102080000000171 ], [ -9.91205, 12.10236 ], [ -9.91326, 12.10339 ], [ -9.9139, 12.10389 ], [ -9.914359999999874, 12.10405 ], [ -9.91526, 12.10417 ], [ -9.91605, 12.10417 ], [ -9.9165, 12.10417 ], [ -9.91767, 12.10386 ], [ -9.91979, 12.103200000000129 ], [ -9.920119999999883, 12.103030000000103 ], [ -9.921, 12.10251 ], [ -9.92126, 12.102320000000134 ], [ -9.921519999999873, 12.102170000000172 ], [ -9.92193, 12.10213 ], [ -9.9225, 12.102150000000108 ], [ -9.922909999999888, 12.102170000000172 ], [ -9.92479, 12.1026 ], [ -9.931529999999896, 12.10277 ], [ -9.93524, 12.101790000000165 ], [ -9.93555, 12.101530000000139 ], [ -9.93867, 12.09951000000018 ], [ -9.93888, 12.09948 ], [ -9.93912, 12.09960000000018 ], [ -9.94084, 12.10065 ], [ -9.941, 12.10082 ], [ -9.941189999999892, 12.10108 ], [ -9.94129, 12.101360000000113 ], [ -9.94143, 12.101940000000127 ], [ -9.94162, 12.10248 ], [ -9.94184, 12.10298 ], [ -9.942, 12.103250000000173 ], [ -9.94238, 12.10382 ], [ -9.94257, 12.104010000000187 ], [ -9.943, 12.10436 ], [ -9.94329, 12.104510000000175 ], [ -9.94488, 12.10503 ], [ -9.95293, 12.107060000000104 ], [ -9.95865, 12.10563 ], [ -9.95958, 12.10491 ], [ -9.959839999999872, 12.1047200000001 ], [ -9.96029, 12.104630000000157 ], [ -9.966389999999876, 12.10386 ], [ -9.9702, 12.10529 ], [ -9.97041, 12.10567 ], [ -9.9706, 12.105980000000102 ], [ -9.97098, 12.1066 ], [ -9.97127, 12.106940000000122 ], [ -9.97158, 12.107290000000148 ], [ -9.971839999999872, 12.107580000000155 ], [ -9.972219999999879, 12.107670000000155 ], [ -9.9731, 12.1076 ], [ -9.97377, 12.107460000000174 ], [ -9.97498, 12.107150000000104 ], [ -9.97598, 12.106820000000141 ], [ -9.9782, 12.10965 ], [ -9.9812, 12.114010000000178 ], [ -9.981289999999888, 12.114300000000185 ], [ -9.98136, 12.11458 ], [ -9.98136, 12.114980000000116 ], [ -9.981249999999875, 12.11613 ], [ -9.981098, 12.116777000000127 ], [ -9.980909999999824, 12.11741000000012 ], [ -9.980789999999843, 12.117750000000171 ], [ -9.98072, 12.117990000000134 ], [ -9.98074, 12.118220000000122 ], [ -9.980749999999887, 12.11829 ], [ -9.98082, 12.11865 ], [ -9.98103, 12.11889 ], [ -9.981249999999875, 12.11896 ], [ -9.98156, 12.11896 ], [ -9.98532, 12.11846 ], [ -9.98565, 12.11832 ], [ -9.98582, 12.11806 ], [ -9.9861, 12.11732000000012 ], [ -9.98624999999987, 12.11684 ], [ -9.98646, 12.11625 ], [ -9.986959999999897, 12.11584 ], [ -9.98727, 12.115790000000175 ], [ -9.98763, 12.11589 ], [ -9.98772, 12.11601 ], [ -9.98896, 12.11889 ], [ -9.989199999999869, 12.11984 ], [ -9.98922, 12.120530000000144 ], [ -9.989249999999856, 12.12084 ], [ -9.989669999999876, 12.121870000000172 ], [ -9.99122, 12.125150000000133 ], [ -9.99132, 12.125320000000158 ], [ -9.995699999999886, 12.12946 ], [ -9.99613, 12.129800000000103 ], [ -9.996579999999881, 12.130150000000128 ], [ -9.99682, 12.130320000000154 ], [ -9.99806, 12.130960000000186 ], [ -9.99873, 12.13122 ], [ -10.00702, 12.133800000000122 ], [ -10.01102, 12.13434 ], [ -10.013569999999845, 12.132340000000113 ], [ -10.016689999999869, 12.130180000000109 ], [ -10.01702, 12.12996 ], [ -10.017399999999839, 12.12992 ], [ -10.01926, 12.12992 ], [ -10.019829999999899, 12.12992 ], [ -10.020619999999894, 12.12996 ], [ -10.021279999999877, 12.130110000000172 ], [ -10.028189999999881, 12.133150000000171 ], [ -10.03014, 12.134560000000135 ], [ -10.034809999999879, 12.13846 ], [ -10.04174, 12.14761 ], [ -10.04198, 12.14797 ], [ -10.04221, 12.14825 ], [ -10.04255, 12.14854 ], [ -10.04279, 12.14863 ], [ -10.04329, 12.14861000000019 ], [ -10.043549999999868, 12.14837 ], [ -10.04379, 12.148060000000157 ], [ -10.04395, 12.14773 ], [ -10.044019999999875, 12.147510000000125 ], [ -10.044519999999864, 12.14568 ], [ -10.04502, 12.143770000000131 ], [ -10.04533, 12.142940000000181 ], [ -10.045549999999821, 12.14273 ], [ -10.045979999999872, 12.14261 ], [ -10.046038, 12.142602000000124 ], [ -10.04636, 12.14256 ], [ -10.046889999999848, 12.14255 ], [ -10.04841, 12.14254000000011 ], [ -10.049099999999896, 12.14254000000011 ], [ -10.04967, 12.14254000000011 ], [ -10.05017, 12.14254000000011 ], [ -10.05083, 12.1427 ], [ -10.05153, 12.14308 ], [ -10.05257, 12.143730000000176 ], [ -10.053429999999878, 12.144440000000145 ], [ -10.05815, 12.149180000000115 ], [ -10.058379999999829, 12.14942 ], [ -10.05915, 12.150350000000117 ], [ -10.05938, 12.150660000000187 ], [ -10.059549999999888, 12.15089 ], [ -10.05974, 12.15123 ], [ -10.05991, 12.15158 ], [ -10.060049999999876, 12.15197 ], [ -10.0601, 12.15235 ], [ -10.06007, 12.152680000000146 ], [ -10.05998, 12.15313 ], [ -10.05991, 12.15366 ], [ -10.05991, 12.15399 ], [ -10.06003, 12.1543 ], [ -10.060339999999883, 12.154560000000117 ], [ -10.06076, 12.15454 ], [ -10.06174, 12.154350000000136 ], [ -10.06224, 12.15416 ], [ -10.062549999999874, 12.153970000000129 ], [ -10.06336, 12.152940000000171 ], [ -10.0635, 12.15261 ], [ -10.06362, 12.15225 ], [ -10.06381, 12.15113 ], [ -10.06398, 12.150080000000116 ], [ -10.06412, 12.149060000000134 ], [ -10.06412, 12.14863 ], [ -10.06412, 12.1482 ], [ -10.064099999999883, 12.14661 ], [ -10.06384, 12.144230000000164 ], [ -10.0631, 12.142250000000104 ], [ -10.06291, 12.14185 ], [ -10.062719999999899, 12.141460000000109 ], [ -10.06257, 12.14106 ], [ -10.06229, 12.14013 ], [ -10.06217, 12.139680000000112 ], [ -10.0621, 12.139270000000124 ], [ -10.06212, 12.13885 ], [ -10.06236, 12.13849 ], [ -10.062719999999899, 12.13806 ], [ -10.0631, 12.13777000000016 ], [ -10.063429999999869, 12.13758 ], [ -10.06381, 12.137420000000191 ], [ -10.06429, 12.13739 ], [ -10.06467, 12.137540000000172 ], [ -10.06486, 12.13782 ], [ -10.06536, 12.139230000000168 ], [ -10.065499999999872, 12.139650000000131 ], [ -10.06581, 12.14063 ], [ -10.06591, 12.14101 ], [ -10.06593, 12.141350000000102 ], [ -10.06595, 12.1417 ], [ -10.066, 12.14237 ], [ -10.06615, 12.14325 ], [ -10.06665, 12.145560000000103 ], [ -10.06674, 12.14585000000011 ], [ -10.06719, 12.14692 ], [ -10.067459999999869, 12.14732 ], [ -10.06798, 12.147940000000176 ], [ -10.06879, 12.14875 ], [ -10.06953, 12.14939 ], [ -10.069879999999898, 12.14951 ], [ -10.07041, 12.14951 ], [ -10.07179, 12.14937 ], [ -10.07227, 12.149270000000115 ], [ -10.07303, 12.14904 ], [ -10.07369, 12.148770000000127 ], [ -10.07422, 12.14849 ], [ -10.07453, 12.148180000000139 ], [ -10.07462, 12.14787 ], [ -10.07465, 12.147540000000106 ], [ -10.07458, 12.14697 ], [ -10.074459999999874, 12.14658 ], [ -10.07448, 12.1462 ], [ -10.074549999999874, 12.145870000000173 ], [ -10.07486, 12.14525 ], [ -10.074969999999894, 12.14515 ], [ -10.0751, 12.14504 ], [ -10.07524, 12.144940000000133 ], [ -10.07589, 12.14496 ], [ -10.076499999999839, 12.14513 ], [ -10.07703, 12.14542 ], [ -10.078079999999829, 12.14606 ], [ -10.07843, 12.1463 ], [ -10.078669999999875, 12.14661 ], [ -10.07884, 12.14699 ], [ -10.078959999999881, 12.147510000000125 ], [ -10.079049999999881, 12.14797 ], [ -10.07931, 12.14899 ], [ -10.07958, 12.149680000000103 ], [ -10.07998, 12.15063 ], [ -10.08015, 12.15101 ], [ -10.08074, 12.151510000000144 ], [ -10.08115, 12.15161 ], [ -10.082789999999875, 12.15182 ], [ -10.08343, 12.15182 ], [ -10.08393, 12.15178 ], [ -10.08455, 12.15173 ], [ -10.08548, 12.15137 ], [ -10.08640999999983, 12.15106 ], [ -10.0871, 12.150850000000105 ], [ -10.088839999999891, 12.15056 ], [ -10.089499999999873, 12.150490000000161 ], [ -10.09063, 12.15039 ], [ -10.09151, 12.15039 ], [ -10.092239999999833, 12.15042 ], [ -10.092789999999866, 12.15047 ], [ -10.09317, 12.15068 ], [ -10.093339999999898, 12.15097 ], [ -10.09336, 12.151250000000118 ], [ -10.093339999999898, 12.15156 ], [ -10.09284, 12.15235 ], [ -10.09263, 12.152680000000146 ], [ -10.09246, 12.152890000000127 ], [ -10.09222, 12.15325 ], [ -10.09205, 12.153680000000122 ], [ -10.09177, 12.15475 ], [ -10.091789999999889, 12.15518 ], [ -10.091819999999814, 12.15547 ], [ -10.092129999999884, 12.15799 ], [ -10.09184, 12.162940000000162 ], [ -10.091029999999819, 12.16904 ], [ -10.09094, 12.16935 ], [ -10.09013, 12.1709 ], [ -10.08972, 12.171680000000151 ], [ -10.08946, 12.17216 ], [ -10.088909999999885, 12.17292 ], [ -10.08851, 12.173400000000186 ], [ -10.088169999999877, 12.17356 ], [ -10.08778999999987, 12.17373 ], [ -10.08746, 12.17373 ], [ -10.08715, 12.17368 ], [ -10.086839999999881, 12.173520000000167 ], [ -10.08651, 12.17316 ], [ -10.085959999999886, 12.17266 ], [ -10.08553, 12.17254 ], [ -10.08515, 12.172610000000191 ], [ -10.08255, 12.17325 ], [ -10.08224, 12.17342 ], [ -10.0821, 12.17361000000011 ], [ -10.08196, 12.17394 ], [ -10.08182, 12.1743 ], [ -10.08174, 12.17483 ], [ -10.081789999999842, 12.17506 ], [ -10.081909999999823, 12.17533 ], [ -10.084467108999831, 12.179878422000115 ], [ -10.08539, 12.18152 ], [ -10.08585202799992, 12.18192961799997 ], [ -10.08874, 12.18449 ], [ -10.09136, 12.18340000000012 ], [ -10.09145999999987, 12.18306 ], [ -10.09167, 12.182730000000106 ], [ -10.09193, 12.18237 ], [ -10.09436, 12.17909 ], [ -10.094789999999875, 12.178760000000125 ], [ -10.095169999999882, 12.178520000000162 ], [ -10.095529999999826, 12.17835 ], [ -10.098199999999849, 12.177730000000167 ], [ -10.10346, 12.17661 ], [ -10.112369999999885, 12.176090000000158 ], [ -10.112819999999886, 12.17614 ], [ -10.11318, 12.17623 ], [ -10.122099999999818, 12.17904 ], [ -10.12534, 12.180920000000128 ], [ -10.127989999999897, 12.182230000000175 ], [ -10.130179999999825, 12.18302000000017 ], [ -10.13063, 12.18309 ], [ -10.131769999999847, 12.18318 ], [ -10.13215, 12.183110000000113 ], [ -10.132319999999879, 12.18278 ], [ -10.13237, 12.182470000000137 ], [ -10.13235, 12.18218 ], [ -10.1323, 12.18195 ], [ -10.132109999999898, 12.181710000000123 ], [ -10.1317, 12.180950000000109 ], [ -10.1317, 12.18061 ], [ -10.131849999999872, 12.17983 ], [ -10.13203, 12.179420000000164 ], [ -10.13566, 12.17587 ], [ -10.135939999999891, 12.175660000000107 ], [ -10.13646, 12.175470000000189 ], [ -10.13696, 12.1754 ], [ -10.13763, 12.175450000000126 ], [ -10.14068, 12.17611 ], [ -10.14799, 12.176470000000165 ], [ -10.14866, 12.176470000000165 ], [ -10.14923, 12.17652 ], [ -10.149769999999876, 12.17666 ], [ -10.15023, 12.176970000000154 ], [ -10.156589999999881, 12.1814 ], [ -10.156749999999818, 12.181590000000142 ], [ -10.156749999999818, 12.181800000000123 ], [ -10.15694, 12.182760000000144 ], [ -10.157179999999869, 12.18356 ], [ -10.157349999999894, 12.18383 ], [ -10.15761, 12.18414 ], [ -10.15782, 12.18435 ], [ -10.15847, 12.1849 ], [ -10.15875, 12.185090000000173 ], [ -10.1668, 12.18964 ], [ -10.16725, 12.189880000000187 ], [ -10.167639999999892, 12.18999 ], [ -10.16799, 12.190070000000105 ], [ -10.170233, 12.189880000000187 ], [ -10.17121, 12.18978 ], [ -10.171709999999848, 12.189710000000161 ], [ -10.17218, 12.18949 ], [ -10.17247, 12.18928000000011 ], [ -10.17283, 12.18895 ], [ -10.17316, 12.18868 ], [ -10.173919999999896, 12.188110000000108 ], [ -10.17445, 12.18778 ], [ -10.175089999999898, 12.1874 ], [ -10.17585, 12.186970000000144 ], [ -10.17626, 12.186760000000163 ], [ -10.17664, 12.18666 ], [ -10.17685, 12.18668 ], [ -10.17707, 12.186710000000119 ], [ -10.17845, 12.1873 ], [ -10.1789, 12.187520000000177 ], [ -10.18685, 12.1918 ], [ -10.18726, 12.192110000000127 ], [ -10.18757, 12.192400000000134 ], [ -10.18776, 12.19264 ], [ -10.189779999999871, 12.19528 ], [ -10.19126, 12.197520000000111 ], [ -10.19145, 12.197900000000118 ], [ -10.191465, 12.197962000000132 ], [ -10.19164, 12.198690000000113 ], [ -10.19164, 12.19907000000012 ], [ -10.191539999999861, 12.199590000000171 ], [ -10.19138, 12.200040000000115 ], [ -10.191039999999873, 12.200760000000173 ], [ -10.19047, 12.20145 ], [ -10.19019, 12.20178 ], [ -10.18997, 12.202020000000118 ], [ -10.18976, 12.202400000000125 ], [ -10.189589999999896, 12.202780000000132 ], [ -10.189589999999896, 12.20319000000012 ], [ -10.189589999999896, 12.20335 ], [ -10.189589999999896, 12.203710000000171 ], [ -10.18965999999989, 12.20397 ], [ -10.189999999999884, 12.204330000000141 ], [ -10.19026, 12.204500000000166 ], [ -10.19195, 12.205120000000136 ], [ -10.1924, 12.20528 ], [ -10.19269, 12.20531 ], [ -10.19326, 12.20528 ], [ -10.196329999999875, 12.20469 ], [ -10.19685, 12.204570000000103 ], [ -10.19785, 12.20423 ], [ -10.19881, 12.20385 ], [ -10.19926, 12.20359000000019 ], [ -10.20069, 12.20314 ], [ -10.20119, 12.203070000000139 ], [ -10.203, 12.202920000000177 ], [ -10.206739999999854, 12.20276 ], [ -10.20685, 12.20276 ], [ -10.20738, 12.20276 ], [ -10.20809, 12.202780000000132 ], [ -10.208252, 12.202795000000151 ], [ -10.211375, 12.203583000000151 ], [ -10.217359999999871, 12.206120000000112 ], [ -10.217899999999872, 12.2063500000001 ], [ -10.21881, 12.20676 ], [ -10.21964, 12.207160000000158 ], [ -10.22002, 12.20735 ], [ -10.22052, 12.20762 ], [ -10.22093, 12.20793 ], [ -10.22121, 12.20823 ], [ -10.221569999999872, 12.208570000000122 ], [ -10.222, 12.20881 ], [ -10.22247, 12.208950000000129 ], [ -10.223069999999893, 12.20904000000013 ], [ -10.223569999999881, 12.20904000000013 ], [ -10.22412, 12.20897 ], [ -10.22455, 12.20881 ], [ -10.22493, 12.208660000000123 ], [ -10.22576, 12.208160000000134 ], [ -10.227185999999847, 12.207204 ], [ -10.22781, 12.20669 ], [ -10.22812, 12.206230000000119 ], [ -10.22862, 12.20559 ], [ -10.22883, 12.205330000000117 ], [ -10.22909, 12.205090000000155 ], [ -10.229359999999872, 12.20492 ], [ -10.23171, 12.203690000000108 ], [ -10.23288, 12.20309 ], [ -10.23775, 12.20097 ], [ -10.238269999999886, 12.200790000000154 ], [ -10.23871, 12.20069 ], [ -10.240929999999878, 12.20023 ], [ -10.241, 12.20022 ], [ -10.24125, 12.20019 ], [ -10.24166, 12.200210000000141 ], [ -10.24245, 12.200350000000185 ], [ -10.24345, 12.200760000000173 ], [ -10.24395, 12.20102 ], [ -10.24474, 12.20189 ], [ -10.24594, 12.203390000000184 ], [ -10.247049999999831, 12.20481 ], [ -10.24745, 12.205530000000124 ], [ -10.24775, 12.20616 ], [ -10.24779, 12.20688 ], [ -10.24758, 12.2075 ], [ -10.24722, 12.20838 ], [ -10.24695, 12.208800000000167 ], [ -10.245679999999879, 12.209470000000181 ], [ -10.245099999999866, 12.20973 ], [ -10.24398, 12.21043 ], [ -10.243804999999895, 12.210667 ], [ -10.24367, 12.210850000000107 ], [ -10.2437, 12.211200000000133 ], [ -10.24378, 12.211840000000166 ], [ -10.24425, 12.212620000000186 ], [ -10.24491, 12.21361 ], [ -10.247679999999889, 12.21706 ], [ -10.24850999999984, 12.217620000000181 ], [ -10.24931, 12.217950000000144 ], [ -10.249679999999898, 12.21802 ], [ -10.25725, 12.21638 ], [ -10.2592, 12.215670000000159 ], [ -10.259749999999826, 12.21531 ], [ -10.2601, 12.214970000000108 ], [ -10.26041, 12.214380000000176 ], [ -10.26084, 12.21343 ], [ -10.26102, 12.212690000000123 ], [ -10.26123, 12.211640000000102 ], [ -10.261329999999816, 12.210550000000183 ], [ -10.2616, 12.209560000000124 ], [ -10.26217, 12.208590000000186 ], [ -10.26289, 12.20779 ], [ -10.263419999999883, 12.207450000000165 ], [ -10.26384, 12.207340000000158 ], [ -10.26432, 12.207340000000158 ], [ -10.26476, 12.20779 ], [ -10.26594, 12.209580000000187 ], [ -10.26628, 12.21042 ], [ -10.26637, 12.21168 ], [ -10.2667, 12.21238 ], [ -10.26736, 12.21305 ], [ -10.268089999999859, 12.21356 ], [ -10.26853, 12.213860000000125 ], [ -10.26916, 12.214070000000106 ], [ -10.269879999999887, 12.214200000000176 ], [ -10.27198, 12.214200000000176 ], [ -10.27287, 12.213880000000188 ], [ -10.274469999999894, 12.21325 ], [ -10.275379999999871, 12.212830000000167 ], [ -10.27608, 12.21245000000016 ], [ -10.27678, 12.212190000000135 ], [ -10.2774, 12.212070000000153 ], [ -10.27823, 12.212160000000154 ], [ -10.278999999999883, 12.212310000000116 ], [ -10.28019, 12.212620000000186 ], [ -10.28164, 12.21311 ], [ -10.282709999999895, 12.21351 ], [ -10.28373, 12.21373 ], [ -10.284539999999879, 12.21385 ], [ -10.28516, 12.21378 ], [ -10.28586, 12.21356 ], [ -10.28619, 12.21331 ], [ -10.28648, 12.212950000000149 ], [ -10.28705, 12.211990000000128 ], [ -10.28745, 12.21127 ], [ -10.2878, 12.210550000000183 ], [ -10.28790999999984, 12.20984 ], [ -10.28795, 12.209410000000162 ], [ -10.28789, 12.20902 ], [ -10.28777, 12.20867 ], [ -10.28735, 12.208280000000116 ], [ -10.28662, 12.20741 ], [ -10.28623, 12.20694 ], [ -10.28605, 12.206490000000144 ], [ -10.28581, 12.205870000000175 ], [ -10.28441, 12.20124 ], [ -10.284199999999828, 12.20012000000014 ], [ -10.28409, 12.19923 ], [ -10.284069999999815, 12.198460000000125 ], [ -10.284249999999872, 12.197900000000118 ], [ -10.284669999999892, 12.19735 ], [ -10.28523, 12.197000000000116 ], [ -10.294899999999814, 12.19293000000016 ], [ -10.296579999999892, 12.1923 ], [ -10.29713, 12.192130000000191 ], [ -10.29756, 12.19207 ], [ -10.29811, 12.19221 ], [ -10.2984, 12.192460000000153 ], [ -10.299199999999871, 12.193420000000174 ], [ -10.30002, 12.194750000000113 ], [ -10.30042, 12.196030000000121 ], [ -10.30046, 12.19661 ], [ -10.30034, 12.197220000000186 ], [ -10.30001, 12.19782 ], [ -10.299459999999897, 12.19841 ], [ -10.29888, 12.199010000000158 ], [ -10.29862, 12.199650000000133 ], [ -10.29862, 12.20198 ], [ -10.29875, 12.20341 ], [ -10.29884, 12.20382 ], [ -10.300739999999848, 12.208070000000134 ], [ -10.30109, 12.20884 ], [ -10.30139, 12.2094 ], [ -10.30213, 12.21051 ], [ -10.3035, 12.21214 ], [ -10.30559, 12.21449 ], [ -10.30625, 12.21547 ], [ -10.30668, 12.216280000000154 ], [ -10.306809999999814, 12.216930000000104 ], [ -10.30688, 12.21817 ], [ -10.30686999999989, 12.21878 ], [ -10.306989999999871, 12.22084000000018 ], [ -10.30778, 12.222450000000151 ], [ -10.3091, 12.223410000000172 ], [ -10.30988, 12.22391000000016 ], [ -10.319279999999878, 12.22734 ], [ -10.319649999999854, 12.22734 ], [ -10.31987, 12.227040000000159 ], [ -10.320142, 12.226509 ], [ -10.32029, 12.226220000000126 ], [ -10.32064, 12.22540000000015 ], [ -10.321109999999862, 12.22382000000016 ], [ -10.321149999999875, 12.22316 ], [ -10.32092, 12.221920000000182 ], [ -10.32071, 12.220780000000161 ], [ -10.32062, 12.21983 ], [ -10.32054, 12.21885 ], [ -10.32066, 12.218040000000144 ], [ -10.320899999999881, 12.217660000000137 ], [ -10.32142, 12.21726 ], [ -10.32216, 12.217310000000111 ], [ -10.323239999999885, 12.217540000000156 ], [ -10.32366, 12.21779 ], [ -10.32433, 12.21851 ], [ -10.32513, 12.21952 ], [ -10.32604, 12.220490000000154 ], [ -10.32713, 12.22141 ], [ -10.32979, 12.223440000000153 ], [ -10.330719999999872, 12.22392 ], [ -10.33154, 12.224170000000186 ], [ -10.33295, 12.22438000000011 ], [ -10.33444, 12.224580000000174 ], [ -10.336679999999888, 12.224910000000136 ], [ -10.33762, 12.2251 ], [ -10.33845, 12.2255 ], [ -10.33885, 12.22592 ], [ -10.338982, 12.226105 ], [ -10.33955, 12.226900000000114 ], [ -10.341301999999871, 12.225018 ], [ -10.34183999999982, 12.224440000000129 ], [ -10.34241, 12.221980000000144 ], [ -10.34241, 12.221905000000163 ], [ -10.34241, 12.219231 ], [ -10.34241, 12.218160000000125 ], [ -10.341269999999895, 12.214790000000164 ], [ -10.33784, 12.20999 ], [ -10.333439999999882, 12.204740000000129 ], [ -10.33262, 12.203686000000118 ], [ -10.33064, 12.20114000000018 ], [ -10.33007, 12.1992 ], [ -10.33059, 12.1968 ], [ -10.33179, 12.19423 ], [ -10.33304, 12.19297 ], [ -10.33504, 12.192230000000109 ], [ -10.3379, 12.19235 ], [ -10.34212, 12.19326 ], [ -10.346519999999884, 12.19452 ], [ -10.349719999999877, 12.195940000000121 ], [ -10.352799999999888, 12.197660000000155 ], [ -10.35457, 12.198570000000132 ], [ -10.356629999999882, 12.198630000000151 ], [ -10.358339999999885, 12.19817 ], [ -10.36057, 12.1968 ], [ -10.363589999999874, 12.194570000000112 ], [ -10.36479, 12.19332 ], [ -10.36485, 12.19172 ], [ -10.36445, 12.189950000000124 ], [ -10.36337, 12.18783 ], [ -10.36131, 12.18464 ], [ -10.35948, 12.181380000000161 ], [ -10.358629999999891, 12.17824 ], [ -10.35903, 12.17641 ], [ -10.360629999999844, 12.174930000000131 ], [ -10.36405, 12.17327 ], [ -10.36736, 12.17207 ], [ -10.3713, 12.171100000000138 ], [ -10.37536, 12.16945 ], [ -10.37679, 12.16836 ], [ -10.37884, 12.16848 ], [ -10.380949999999871, 12.17059 ], [ -10.38278, 12.17327 ], [ -10.38461, 12.17579 ], [ -10.38781, 12.17813 ], [ -10.39226, 12.180920000000128 ], [ -10.394379999999899, 12.182120000000111 ], [ -10.396659999999883, 12.182350000000156 ], [ -10.399569999999869, 12.18172 ], [ -10.403909999999883, 12.18052 ], [ -10.407739999999876, 12.17927 ], [ -10.410819999999887, 12.177670000000148 ], [ -10.412939999999878, 12.176470000000165 ], [ -10.414359999999874, 12.17482 ], [ -10.41505, 12.172530000000108 ], [ -10.41522, 12.165680000000179 ], [ -10.41488, 12.1614 ], [ -10.41362, 12.1582 ], [ -10.411739999999895, 12.15603 ], [ -10.40997, 12.15357 ], [ -10.40905, 12.151340000000118 ], [ -10.40854, 12.14917 ], [ -10.408712, 12.148592000000122 ], [ -10.40934, 12.14649 ], [ -10.410369999999887, 12.144320000000164 ], [ -10.411279999999863, 12.14335 ], [ -10.41254, 12.142430000000104 ], [ -10.41488, 12.141640000000109 ], [ -10.4171, 12.141520000000128 ], [ -10.41876, 12.141750000000116 ], [ -10.42144, 12.141860000000179 ], [ -10.42499, 12.141750000000116 ], [ -10.43047, 12.140260000000126 ], [ -10.432639999999878, 12.13895 ], [ -10.43509, 12.136780000000158 ], [ -10.439599999999871, 12.132430000000113 ], [ -10.44249, 12.129190000000108 ], [ -10.44317, 12.1277 ], [ -10.443243, 12.127438 ], [ -10.44365, 12.125970000000109 ], [ -10.44466, 12.124190000000112 ], [ -10.445969999999875, 12.12291 ], [ -10.4471, 12.121930000000134 ], [ -10.4482, 12.12133 ], [ -10.44966, 12.120770000000107 ], [ -10.450849999999889, 12.12035 ], [ -10.451506999999879, 12.120282 ], [ -10.4523, 12.120200000000182 ], [ -10.45406, 12.12014 ], [ -10.456079999999815, 12.120470000000125 ], [ -10.458549999999889, 12.1208 ], [ -10.45983, 12.120770000000107 ], [ -10.46328, 12.120290000000182 ], [ -10.46613, 12.11982 ], [ -10.46798, 12.11943 ], [ -10.469699999999818, 12.119190000000117 ], [ -10.47069, 12.11937 ], [ -10.47146, 12.11979 ], [ -10.47277, 12.12083 ], [ -10.47402, 12.12166000000019 ], [ -10.475589999999897, 12.12267 ], [ -10.47723, 12.1233 ], [ -10.479369999999847, 12.123420000000181 ], [ -10.48086, 12.123450000000162 ], [ -10.48583, 12.123710000000187 ], [ -10.49113, 12.124070000000131 ], [ -10.493409999999869, 12.124270000000138 ], [ -10.495069999999885, 12.124450000000138 ], [ -10.49559, 12.1245100000001 ], [ -10.49651, 12.12463 ], [ -10.49713, 12.124770000000126 ], [ -10.49793, 12.12487 ], [ -10.499029999999891, 12.12499 ], [ -10.5, 12.125070000000107 ], [ -10.50654, 12.125580000000184 ], [ -10.50994999999989, 12.1258 ], [ -10.51253, 12.12593 ], [ -10.51295, 12.125870000000191 ], [ -10.51322, 12.125730000000146 ], [ -10.51357, 12.12554 ], [ -10.517359999999883, 12.120450000000119 ], [ -10.51772, 12.11975 ], [ -10.51793, 12.118570000000148 ], [ -10.518029999999897, 12.11756 ], [ -10.518029999999897, 12.1163600000001 ], [ -10.517859999999871, 12.11335 ], [ -10.51738, 12.111790000000155 ], [ -10.51721, 12.109370000000126 ], [ -10.51712, 12.10699 ], [ -10.51715, 12.10631 ], [ -10.51734, 12.10374 ], [ -10.51748, 12.10193 ], [ -10.5175, 12.101240000000132 ], [ -10.51725, 12.101070000000107 ], [ -10.51672, 12.100750000000119 ], [ -10.51613, 12.100480000000118 ], [ -10.51371, 12.100080000000105 ], [ -10.51321, 12.100010000000168 ], [ -10.51266, 12.100010000000168 ], [ -10.51121, 12.099890000000187 ], [ -10.51066, 12.09982 ], [ -10.51023, 12.0997 ], [ -10.509899999999845, 12.09955 ], [ -10.50764, 12.09772 ], [ -10.50733, 12.09744000000012 ], [ -10.50719, 12.097150000000113 ], [ -10.50709, 12.09682 ], [ -10.507069999999885, 12.09605 ], [ -10.50714, 12.09558 ], [ -10.50804, 12.09029 ], [ -10.50855, 12.08824 ], [ -10.50859, 12.08808 ], [ -10.509229999999832, 12.086510000000146 ], [ -10.50985, 12.08503 ], [ -10.51133, 12.0822 ], [ -10.513019999999869, 12.081360000000188 ], [ -10.51326, 12.08129 ], [ -10.51357, 12.081360000000188 ], [ -10.51383, 12.081600000000151 ], [ -10.51412, 12.081890000000158 ], [ -10.51478, 12.08246 ], [ -10.51666, 12.08389 ], [ -10.518779999999879, 12.085390000000189 ], [ -10.51922999999988, 12.08560000000017 ], [ -10.51935, 12.085580000000107 ], [ -10.51959, 12.08553 ], [ -10.51978, 12.085170000000119 ], [ -10.521019999999851, 12.080840000000137 ], [ -10.521189999999876, 12.080050000000142 ], [ -10.521519999999896, 12.07346 ], [ -10.52155, 12.072650000000181 ], [ -10.5205, 12.06726 ], [ -10.520349999999837, 12.06665 ], [ -10.52012, 12.065880000000107 ], [ -10.51943, 12.06381 ], [ -10.51863, 12.061080000000118 ], [ -10.51849, 12.06014000000016 ], [ -10.51854, 12.05292 ], [ -10.51859, 12.0513 ], [ -10.51868, 12.04926 ], [ -10.519069999999886, 12.04783 ], [ -10.51959, 12.046880000000101 ], [ -10.520533427999908, 12.045651061000115 ], [ -10.523389999999836, 12.04193 ], [ -10.52392, 12.04136 ], [ -10.524609999999882, 12.04087 ], [ -10.52545, 12.04026 ], [ -10.526479999999879, 12.03891 ], [ -10.52703, 12.037690000000168 ], [ -10.5304, 12.03333 ], [ -10.53084, 12.03312 ], [ -10.53103, 12.03309 ], [ -10.53119, 12.033310000000142 ], [ -10.53119, 12.03379 ], [ -10.531269999999893, 12.03426 ], [ -10.53158, 12.03554 ], [ -10.531839999999818, 12.036290000000179 ], [ -10.532059999999888, 12.036500000000103 ], [ -10.53238999999985, 12.03663 ], [ -10.5328, 12.03663 ], [ -10.533259999999871, 12.03654 ], [ -10.534969999999873, 12.03613 ], [ -10.54469, 12.03297 ], [ -10.55457, 12.029660000000149 ], [ -10.55707, 12.028930000000116 ], [ -10.55824, 12.02859 ], [ -10.55862999999988, 12.028490000000147 ], [ -10.5591, 12.02845 ], [ -10.559169999999881, 12.02845 ], [ -10.55962, 12.02845 ], [ -10.559929999999895, 12.0285 ], [ -10.561259999999891, 12.02876 ], [ -10.56303, 12.02912 ], [ -10.56411, 12.029480000000149 ], [ -10.5671, 12.02953 ], [ -10.56874, 12.029310000000123 ], [ -10.57085, 12.02888 ], [ -10.57256, 12.02824 ], [ -10.57974, 12.02496 ], [ -10.58156, 12.02367 ], [ -10.58231, 12.02242 ], [ -10.5806, 12.016270000000134 ], [ -10.579249999999888, 12.0141 ], [ -10.57719, 12.01091 ], [ -10.575329999999894, 12.0081 ], [ -10.57298, 12.005920000000174 ], [ -10.57084, 12.0051 ], [ -10.5687, 12.00381 ], [ -10.567089999999894, 12.002210000000161 ], [ -10.5658, 11.999960000000158 ], [ -10.56528, 11.9979 ], [ -10.565409999999815, 11.99361 ], [ -10.56615, 11.99152 ], [ -10.56661, 11.99051 ], [ -10.56752, 11.9896 ], [ -10.56906, 11.98878 ], [ -10.57064, 11.988070000000107 ], [ -10.57352, 11.986990000000105 ], [ -10.57476, 11.986720000000162 ], [ -10.58123, 11.985790000000122 ], [ -10.58275, 11.985790000000122 ], [ -10.58399, 11.98583 ], [ -10.58498, 11.985500000000116 ], [ -10.586079999999868, 11.984760000000165 ], [ -10.58732, 11.98349 ], [ -10.5881, 11.982100000000173 ], [ -10.58839, 11.980990000000133 ], [ -10.5888, 11.980210000000113 ], [ -10.58981, 11.97903 ], [ -10.590709999999888, 11.978560000000186 ], [ -10.5944, 11.97734000000014 ], [ -10.59493, 11.97741 ], [ -10.595619999999883, 11.97764 ], [ -10.596779999999853, 11.97833 ], [ -10.5975, 11.97907 ], [ -10.598189999999875, 11.979390000000137 ], [ -10.598819999999876, 11.97943 ], [ -10.60051, 11.979150000000175 ], [ -10.60135, 11.97894 ], [ -10.60438, 11.97777 ], [ -10.60818, 11.97583 ], [ -10.609109999999873, 11.975210000000118 ], [ -10.60971, 11.973550000000103 ], [ -10.61018, 11.972050000000138 ], [ -10.61039, 11.970940000000155 ], [ -10.610349999999869, 11.96896 ], [ -10.610639999999819, 11.968280000000107 ], [ -10.61304, 11.963950000000182 ], [ -10.613609999999881, 11.96323 ], [ -10.61623, 11.958570000000179 ], [ -10.61923, 11.95195 ], [ -10.62051, 11.949100000000158 ], [ -10.621229999999855, 11.94567 ], [ -10.62175, 11.942910000000154 ], [ -10.62204, 11.940860000000157 ], [ -10.62399, 11.93687 ], [ -10.62484, 11.936150000000168 ], [ -10.62655999999987, 11.93582 ], [ -10.63132, 11.933580000000177 ], [ -10.63232, 11.932770000000119 ], [ -10.63308, 11.931540000000155 ], [ -10.63336, 11.92982000000012 ], [ -10.63336, 11.92821 ], [ -10.633219999999881, 11.9263 ], [ -10.632599999999854, 11.924490000000162 ], [ -10.63179, 11.921920000000171 ], [ -10.63079, 11.918360000000121 ], [ -10.630753, 11.918074000000104 ], [ -10.6306, 11.91688 ], [ -10.63046, 11.91407 ], [ -10.63075, 11.9116 ], [ -10.63117, 11.91012000000012 ], [ -10.63217, 11.908740000000137 ], [ -10.63384, 11.906840000000159 ], [ -10.63584, 11.90536 ], [ -10.63877, 11.90466 ], [ -10.6397, 11.904470000000174 ], [ -10.64242, 11.90434 ], [ -10.645599999999888, 11.90413 ], [ -10.651379999999847, 11.901250000000175 ], [ -10.6566, 11.89866000000012 ], [ -10.65797, 11.898830000000146 ], [ -10.66111, 11.89943 ], [ -10.66131, 11.89951 ], [ -10.66261, 11.900290000000155 ], [ -10.66693, 11.902250000000151 ], [ -10.66777, 11.90259 ], [ -10.66797, 11.90265 ], [ -10.66893, 11.902870000000121 ], [ -10.669129999999882, 11.90291 ], [ -10.66935, 11.90277 ], [ -10.66965, 11.90255 ], [ -10.669709999999895, 11.90241 ], [ -10.66965, 11.90227 ], [ -10.67035, 11.90139 ], [ -10.67281, 11.89969 ], [ -10.67349, 11.89941 ], [ -10.67641, 11.898630000000139 ], [ -10.676669999999888, 11.898630000000139 ], [ -10.679329999999879, 11.89879 ], [ -10.68463, 11.900410000000136 ], [ -10.68603, 11.902310000000114 ], [ -10.68609, 11.90257 ], [ -10.68609, 11.90305 ], [ -10.68608399999988, 11.903115000000128 ], [ -10.68607, 11.903270000000191 ], [ -10.68607, 11.90355 ], [ -10.68609, 11.904090000000167 ], [ -10.68613, 11.90439 ], [ -10.68625, 11.90473 ], [ -10.686369999999897, 11.904970000000162 ], [ -10.68825, 11.906230000000107 ], [ -10.69163, 11.90635 ], [ -10.692789999999889, 11.905050000000188 ], [ -10.692789999999889, 11.90481 ], [ -10.69283, 11.904590000000155 ], [ -10.69297, 11.90443 ], [ -10.69573, 11.90393 ], [ -10.695989999999881, 11.90391 ], [ -10.696189999999831, 11.90393 ], [ -10.696369999999888, 11.90399 ], [ -10.69759, 11.904450000000111 ], [ -10.70167, 11.90631000000019 ], [ -10.703549, 11.907187 ], [ -10.70505, 11.90845000000013 ], [ -10.70601, 11.91057 ], [ -10.71075, 11.914030000000139 ], [ -10.711069999999893, 11.91399 ], [ -10.71175, 11.91401 ], [ -10.71387, 11.91433000000012 ], [ -10.71417, 11.914410000000146 ], [ -10.71755, 11.91623 ], [ -10.718069999999898, 11.916510000000187 ], [ -10.718349999999873, 11.916690000000131 ], [ -10.72183, 11.920110000000136 ], [ -10.72365, 11.922910000000172 ], [ -10.723729999999875, 11.92361 ], [ -10.72379, 11.92381 ], [ -10.72397, 11.923970000000111 ], [ -10.728769999999884, 11.926510000000121 ], [ -10.729849999999885, 11.927010000000109 ], [ -10.73009, 11.92709 ], [ -10.73511, 11.92919 ], [ -10.74033, 11.93205 ], [ -10.74423, 11.93553 ], [ -10.750129999999842, 11.93745 ], [ -10.750309999999899, 11.93745 ], [ -10.751669999999876, 11.93751 ], [ -10.75395, 11.93763 ], [ -10.75425, 11.937650000000133 ], [ -10.75453, 11.93771 ], [ -10.754869999999812, 11.937790000000177 ], [ -10.75545, 11.93795 ], [ -10.755629999999883, 11.93803000000014 ], [ -10.75577, 11.938150000000121 ], [ -10.75589, 11.938290000000165 ], [ -10.75793, 11.940690000000131 ], [ -10.758949524999935, 11.941273544000069 ], [ -10.76097, 11.94243 ], [ -10.76153, 11.94271 ], [ -10.76177, 11.942790000000173 ], [ -10.76235, 11.94289 ], [ -10.765289999999879, 11.94275 ], [ -10.76555, 11.942730000000154 ], [ -10.76859, 11.947970000000112 ], [ -10.76707, 11.952850000000126 ], [ -10.76591, 11.95479 ], [ -10.765709999999899, 11.95467 ], [ -10.76541, 11.95461 ], [ -10.765209999999854, 11.95467 ], [ -10.76503, 11.954810000000123 ], [ -10.764909999999873, 11.955130000000111 ], [ -10.76349, 11.96099 ], [ -10.76347, 11.96125 ], [ -10.763968, 11.966781 ], [ -10.764991, 11.971627000000126 ], [ -10.765665999999896, 11.972389000000135 ], [ -10.76709099999988, 11.975019000000145 ], [ -10.768328999999881, 11.977873 ], [ -10.769694, 11.9818 ], [ -10.770231, 11.983825 ], [ -10.771587999999895, 11.985610000000122 ], [ -10.772193, 11.985941 ], [ -10.773134, 11.986455 ], [ -10.773225, 11.986505000000136 ], [ -10.775723, 11.99174 ], [ -10.77834, 11.996677000000147 ], [ -10.780030999999838, 11.999129000000153 ], [ -10.78003, 11.9993300000001 ], [ -10.77991, 12.006210000000181 ], [ -10.779859999999815, 12.006570000000124 ], [ -10.77972, 12.006950000000131 ], [ -10.779129999999896, 12.008380000000159 ], [ -10.778819999999826, 12.00895 ], [ -10.77865, 12.009230000000116 ], [ -10.778409999999894, 12.009540000000186 ], [ -10.77781, 12.010400000000118 ], [ -10.777669999999887, 12.01061 ], [ -10.77755, 12.010830000000169 ], [ -10.77748, 12.01104000000015 ], [ -10.77743, 12.01131 ], [ -10.77748, 12.01147 ], [ -10.777959999999894, 12.01292 ], [ -10.77805, 12.013120000000129 ], [ -10.778579999999863, 12.01388 ], [ -10.77877, 12.014140000000111 ], [ -10.78005, 12.015160000000151 ], [ -10.78067, 12.01559 ], [ -10.78165, 12.016190000000108 ], [ -10.78193, 12.016280000000108 ], [ -10.78548, 12.02126 ], [ -10.78539, 12.0228800000001 ], [ -10.78539, 12.023160000000189 ], [ -10.78555, 12.023400000000152 ], [ -10.787579999999878, 12.02616 ], [ -10.79401, 12.03483000000017 ], [ -10.796359999999879, 12.037 ], [ -10.79777, 12.03817 ], [ -10.79851, 12.03859 ], [ -10.79903, 12.038900000000126 ], [ -10.79925, 12.03914 ], [ -10.799439999999834, 12.039400000000114 ], [ -10.79963, 12.039690000000121 ], [ -10.79975, 12.040090000000134 ], [ -10.80051, 12.044020000000103 ], [ -10.80056, 12.044330000000173 ], [ -10.80056, 12.044600000000116 ], [ -10.80046, 12.04488 ], [ -10.79894, 12.04676000000012 ], [ -10.79875, 12.046930000000145 ], [ -10.7972, 12.04745 ], [ -10.79689, 12.047430000000134 ], [ -10.79272, 12.04824 ], [ -10.79258, 12.04841 ], [ -10.791859999999872, 12.05036 ], [ -10.79179, 12.050640000000158 ], [ -10.79113, 12.058100000000138 ], [ -10.79119999999989, 12.058330000000126 ], [ -10.791769999999815, 12.06019 ], [ -10.78855, 12.06503 ], [ -10.78815, 12.065170000000137 ], [ -10.78484, 12.06665 ], [ -10.78463, 12.06679 ], [ -10.78405, 12.067650000000185 ], [ -10.78398, 12.06781 ], [ -10.78389, 12.06812 ], [ -10.78389, 12.06848 ], [ -10.78547, 12.07387 ], [ -10.78617, 12.08099 ], [ -10.786249999999882, 12.08133 ], [ -10.78827, 12.084750000000156 ], [ -10.78835, 12.084870000000137 ], [ -10.78869, 12.09819 ], [ -10.78997, 12.103290000000129 ], [ -10.79137, 12.106970000000103 ], [ -10.79039, 12.109490000000108 ], [ -10.79027, 12.109890000000121 ], [ -10.79021, 12.11043 ], [ -10.79021, 12.11084 ], [ -10.79021, 12.110950000000116 ], [ -10.79025, 12.11139 ], [ -10.79033, 12.11209 ], [ -10.79063, 12.11341 ], [ -10.791069999999877, 12.11441 ], [ -10.79155, 12.11523 ], [ -10.79191, 12.11563 ], [ -10.79223, 12.115950000000112 ], [ -10.79251, 12.11619 ], [ -10.79279, 12.116370000000188 ], [ -10.79301, 12.116470000000106 ], [ -10.79555, 12.11731 ], [ -10.79581, 12.11739 ], [ -10.796069999999872, 12.11741000000012 ], [ -10.80191, 12.11763000000019 ], [ -10.80497, 12.11765 ], [ -10.805389999999818, 12.11759 ], [ -10.80575, 12.11759 ], [ -10.80647, 12.11759 ], [ -10.806849999999827, 12.11759 ], [ -10.807409999999891, 12.11767 ], [ -10.80895, 12.11791 ], [ -10.80929, 12.11801 ], [ -10.80958, 12.118130000000178 ], [ -10.80983, 12.11825000000016 ], [ -10.81017, 12.118430000000103 ], [ -10.81041, 12.118630000000167 ], [ -10.81063, 12.11889 ], [ -10.810809999999833, 12.11917 ], [ -10.81095, 12.119410000000187 ], [ -10.81109, 12.11985 ], [ -10.81127, 12.120070000000112 ], [ -10.81145, 12.12019 ], [ -10.81179, 12.120290000000182 ], [ -10.81453, 12.12105 ], [ -10.81897, 12.12139 ], [ -10.81945, 12.121370000000184 ], [ -10.82517, 12.121030000000133 ], [ -10.825769999999864, 12.12197 ], [ -10.82615, 12.122550000000103 ], [ -10.82685, 12.122990000000129 ], [ -10.82725, 12.12321 ], [ -10.83379, 12.12613 ], [ -10.835189999999898, 12.126410000000135 ], [ -10.83559, 12.12649000000016 ], [ -10.83597, 12.126730000000123 ], [ -10.83617, 12.12715 ], [ -10.83629, 12.12747 ], [ -10.83645, 12.128130000000112 ], [ -10.836469999999849, 12.128510000000119 ], [ -10.836549999999875, 12.128830000000164 ], [ -10.83665, 12.129070000000127 ], [ -10.83681, 12.12925 ], [ -10.836969999999894, 12.129330000000152 ], [ -10.84303, 12.13167 ], [ -10.844589999999869, 12.13177 ], [ -10.84483, 12.131730000000118 ], [ -10.84507, 12.131750000000181 ], [ -10.845389999999895, 12.131870000000163 ], [ -10.85103, 12.135730000000137 ], [ -10.85115, 12.13593 ], [ -10.851249999999879, 12.136170000000106 ], [ -10.85133, 12.13641 ], [ -10.85135, 12.136690000000158 ], [ -10.85123, 12.137190000000146 ], [ -10.851049999999873, 12.13749 ], [ -10.85097, 12.13771 ], [ -10.85097, 12.13787 ], [ -10.85111, 12.138070000000141 ], [ -10.851309999999899, 12.13823 ], [ -10.855369999999823, 12.140610000000152 ], [ -10.859709999999893, 12.14273 ], [ -10.86063, 12.144290000000183 ], [ -10.86105, 12.144970000000114 ], [ -10.863949999999818, 12.148270000000139 ], [ -10.87053, 12.1556700000001 ], [ -10.871829999999875, 12.15597 ], [ -10.87207, 12.15591 ], [ -10.87231, 12.15591 ], [ -10.87255, 12.156010000000151 ], [ -10.87277, 12.15615 ], [ -10.87289, 12.156270000000177 ], [ -10.882069999999828, 12.16779 ], [ -10.88219, 12.16801 ], [ -10.88233, 12.16853 ], [ -10.88247, 12.170970000000182 ], [ -10.88247, 12.172470000000146 ], [ -10.88247, 12.172730000000172 ], [ -10.88243, 12.172970000000134 ], [ -10.88233, 12.17323000000016 ], [ -10.88213, 12.17345 ], [ -10.88165, 12.17681 ], [ -10.88385, 12.18125 ], [ -10.88625, 12.18277 ], [ -10.88931, 12.187210000000107 ], [ -10.892489999999896, 12.19199 ], [ -10.89267, 12.19235 ], [ -10.89271, 12.19265 ], [ -10.89282999999989, 12.19549 ], [ -10.89281, 12.19595 ], [ -10.89233, 12.19899 ], [ -10.89543, 12.20267 ], [ -10.895329999999888, 12.206110000000137 ], [ -10.89535, 12.206430000000182 ], [ -10.895449999999869, 12.206870000000151 ], [ -10.89559, 12.20719 ], [ -10.895809999999813, 12.20735 ], [ -10.896109999999851, 12.207430000000102 ], [ -10.89637, 12.20735 ], [ -10.896529999999871, 12.20723 ], [ -10.89675, 12.20697 ], [ -10.89813, 12.20467 ], [ -10.89829, 12.20437 ], [ -10.898369999999886, 12.20411 ], [ -10.90095, 12.20487 ], [ -10.909309999999834, 12.21011 ], [ -10.91133, 12.21327 ], [ -10.91205, 12.218000000000188 ], [ -10.91583, 12.21995 ], [ -10.916809999999884, 12.21971 ], [ -10.91733, 12.21964 ], [ -10.91774, 12.21964 ], [ -10.91933, 12.22066000000018 ], [ -10.92972, 12.227480000000128 ], [ -10.930049999999881, 12.2279 ], [ -10.93029, 12.228360000000123 ], [ -10.93057, 12.22883 ], [ -10.93076, 12.22914 ], [ -10.93098, 12.22945 ], [ -10.93153, 12.230170000000101 ], [ -10.93186, 12.230400000000145 ], [ -10.93234, 12.23059 ], [ -10.932929999999885, 12.23076 ], [ -10.93345, 12.230860000000177 ], [ -10.93507, 12.23114 ], [ -10.9355, 12.23121 ], [ -10.935839999999871, 12.231240000000184 ], [ -10.936599999999885, 12.230980000000159 ], [ -10.936759999999879, 12.230860000000177 ], [ -10.93707, 12.2305 ], [ -10.93715, 12.23024 ], [ -10.937219999999854, 12.22993 ], [ -10.937929999999881, 12.22793 ], [ -10.93853, 12.226430000000107 ], [ -10.93869, 12.22609 ], [ -10.93893, 12.22571 ], [ -10.939169999999876, 12.225430000000131 ], [ -10.93941, 12.22524 ], [ -10.944, 12.223330000000146 ], [ -10.94581, 12.22328 ], [ -10.94607, 12.22328 ], [ -10.94624, 12.22328 ], [ -10.946459999999831, 12.22343 ], [ -10.94665, 12.22364 ], [ -10.94686, 12.22395 ], [ -10.946879999999851, 12.22455 ], [ -10.94681, 12.225520000000131 ], [ -10.94677, 12.225900000000138 ], [ -10.94666999999987, 12.22645000000017 ], [ -10.94666999999987, 12.22693 ], [ -10.94666999999987, 12.227210000000184 ], [ -10.94679, 12.22752 ], [ -10.946959999999876, 12.227590000000191 ], [ -10.94722, 12.22764 ], [ -10.94924, 12.2279 ], [ -10.950669999999889, 12.22738 ], [ -10.953959999999881, 12.22547 ], [ -10.954339999999888, 12.22519 ], [ -10.95462, 12.22493 ], [ -10.95481, 12.22471 ], [ -10.9551, 12.22457 ], [ -10.96262, 12.22433 ], [ -10.96293, 12.22433 ], [ -10.96332, 12.2244 ], [ -10.96427, 12.22481 ], [ -10.968289999999854, 12.22659 ], [ -10.97327, 12.22893 ], [ -10.97363, 12.22905 ], [ -10.97396, 12.22909 ], [ -10.97427, 12.22902 ], [ -10.974579999999889, 12.2289 ], [ -10.98196, 12.22483 ], [ -10.98213, 12.22471 ], [ -10.98389, 12.223450000000128 ], [ -10.984029999999848, 12.223330000000146 ], [ -10.98417, 12.223120000000165 ], [ -10.984199999999873, 12.22288 ], [ -10.98413, 12.22259 ], [ -10.98406, 12.22233000000017 ], [ -10.98389, 12.222 ], [ -10.983699999999885, 12.22171 ], [ -10.98356, 12.221570000000156 ], [ -10.98339, 12.221430000000112 ], [ -10.983369999999866, 12.221190000000149 ], [ -10.983369999999866, 12.22088 ], [ -10.983369999999866, 12.220706 ], [ -10.983369999999866, 12.220550000000117 ], [ -10.98339, 12.218450000000132 ], [ -10.983479999999815, 12.218190000000106 ], [ -10.98413, 12.21738 ], [ -10.98429, 12.21726 ], [ -10.98508, 12.216690000000142 ], [ -10.98727, 12.21583 ], [ -10.987819999999886, 12.21562 ], [ -10.98922, 12.21509 ], [ -10.98975, 12.21502 ], [ -10.99803, 12.21428 ], [ -10.99848999999989, 12.21426 ], [ -11.00753, 12.214090000000169 ], [ -11.00776999999988, 12.214150000000132 ], [ -11.01087, 12.21559 ], [ -11.01137, 12.215850000000103 ], [ -11.01171, 12.21615 ], [ -11.01203, 12.216450000000179 ], [ -11.01215, 12.21665 ], [ -11.01221, 12.216750000000161 ], [ -11.01259, 12.21715 ], [ -11.012809999999888, 12.21737000000013 ], [ -11.01299, 12.217450000000156 ], [ -11.01333, 12.21759 ], [ -11.01364999999987, 12.21767 ], [ -11.01387, 12.21767 ], [ -11.02492999999987, 12.21719000000013 ], [ -11.02521, 12.21715 ], [ -11.02539, 12.217070000000149 ], [ -11.02559, 12.216950000000168 ], [ -11.02725, 12.21509 ], [ -11.030129999999872, 12.21229 ], [ -11.03049, 12.21217 ], [ -11.03079, 12.21217 ], [ -11.03111, 12.21217 ], [ -11.03163, 12.212250000000154 ], [ -11.03185, 12.212310000000116 ], [ -11.032009999999843, 12.21241 ], [ -11.032089999999869, 12.212570000000142 ], [ -11.032129999999825, 12.212690000000123 ], [ -11.032349999999894, 12.213390000000118 ], [ -11.03237, 12.213570000000118 ], [ -11.03239, 12.21375 ], [ -11.032469999999876, 12.21507 ], [ -11.032509999999888, 12.216250000000173 ], [ -11.032549999999844, 12.216830000000186 ], [ -11.03261, 12.21737000000013 ], [ -11.03265, 12.21761 ], [ -11.03293, 12.21887 ], [ -11.03307, 12.21937 ], [ -11.03315, 12.21963 ], [ -11.03325, 12.21995 ], [ -11.03351, 12.22059 ], [ -11.03385, 12.221110000000124 ], [ -11.03429, 12.22173 ], [ -11.03673, 12.224610000000155 ], [ -11.04357, 12.22227 ], [ -11.044349999999895, 12.221810000000119 ], [ -11.04441, 12.22165 ], [ -11.044509999999889, 12.22091 ], [ -11.045009999999877, 12.21533 ], [ -11.045009999999877, 12.21509 ], [ -11.04491, 12.211630000000184 ], [ -11.04493, 12.209470000000181 ], [ -11.04497, 12.20791 ], [ -11.04499, 12.20767 ], [ -11.04509, 12.20727 ], [ -11.045169999999871, 12.20705 ], [ -11.04531, 12.20689 ], [ -11.05115, 12.20391 ], [ -11.05141, 12.20391 ], [ -11.05161, 12.203870000000109 ], [ -11.05189, 12.203750000000127 ], [ -11.052709999999877, 12.203330000000165 ], [ -11.05285, 12.20317 ], [ -11.05295, 12.20293 ], [ -11.05297, 12.20267 ], [ -11.05283, 12.202430000000106 ], [ -11.05139, 12.200670000000173 ], [ -11.04944, 12.19832 ], [ -11.0494, 12.198280000000125 ], [ -11.04916999999989, 12.19805 ], [ -11.04899, 12.19785 ], [ -11.047509999999875, 12.19595 ], [ -11.04731, 12.19525 ], [ -11.04735, 12.19503 ], [ -11.04759, 12.19455 ], [ -11.04777, 12.194390000000169 ], [ -11.04799, 12.194250000000125 ], [ -11.04837, 12.194190000000106 ], [ -11.04861, 12.194130000000143 ], [ -11.04959, 12.19373 ], [ -11.050049999999885, 12.19341 ], [ -11.050909999999817, 12.192790000000116 ], [ -11.05127, 12.19247 ], [ -11.05343, 12.19055 ], [ -11.05365, 12.19035 ], [ -11.058789999999874, 12.18555 ], [ -11.05893, 12.185330000000135 ], [ -11.059009999999887, 12.18505 ], [ -11.05903, 12.184830000000147 ], [ -11.05895, 12.184190000000115 ], [ -11.05847, 12.18277 ], [ -11.05837, 12.182590000000118 ], [ -11.058249999999873, 12.18245 ], [ -11.05807, 12.18227 ], [ -11.05735, 12.181650000000104 ], [ -11.05583, 12.17983 ], [ -11.05459, 12.177290000000141 ], [ -11.05141, 12.166650000000175 ], [ -11.05145, 12.16643 ], [ -11.05185, 12.165570000000173 ], [ -11.05199, 12.16541 ], [ -11.05253, 12.16491 ], [ -11.05292999999989, 12.16461 ], [ -11.05323, 12.16451 ], [ -11.05361, 12.164490000000114 ], [ -11.05369, 12.164490000000114 ], [ -11.05411, 12.16463 ], [ -11.05443, 12.16483 ], [ -11.05497, 12.16523 ], [ -11.055209999999875, 12.16541 ], [ -11.05549, 12.165750000000116 ], [ -11.05599, 12.16641 ], [ -11.056989999999814, 12.16849000000019 ], [ -11.05723, 12.16903 ], [ -11.05727, 12.16947 ], [ -11.057249999999897, 12.17041 ], [ -11.05723, 12.171510000000126 ], [ -11.057249999999897, 12.17167 ], [ -11.057429999999897, 12.17181 ], [ -11.05766999999986, 12.17199 ], [ -11.05787, 12.17193 ], [ -11.05805, 12.171850000000177 ], [ -11.05847, 12.171590000000151 ], [ -11.05869, 12.17143 ], [ -11.061829999999873, 12.16807 ], [ -11.06189, 12.16789 ], [ -11.06195, 12.16757 ], [ -11.06197, 12.167390000000125 ], [ -11.06193, 12.166130000000123 ], [ -11.06165, 12.16471 ], [ -11.06135, 12.16353 ], [ -11.06115, 12.16299 ], [ -11.06111, 12.16275 ], [ -11.06116999999989, 12.16257 ], [ -11.061289999999872, 12.16229 ], [ -11.061419999999885, 12.16207 ], [ -11.064209999999889, 12.15895 ], [ -11.06505, 12.158150000000148 ], [ -11.06873, 12.147010000000137 ], [ -11.06819, 12.145810000000154 ], [ -11.06571, 12.143030000000181 ], [ -11.06527, 12.14261 ], [ -11.06479, 12.142310000000123 ], [ -11.06463, 12.142250000000104 ], [ -11.064369999999883, 12.142150000000186 ], [ -11.06407, 12.14203 ], [ -11.063789999999869, 12.14189 ], [ -11.06369, 12.141750000000116 ], [ -11.06359, 12.141550000000109 ], [ -11.06349, 12.14127 ], [ -11.06347, 12.140990000000158 ], [ -11.063509999999894, 12.140730000000133 ], [ -11.06389, 12.14005 ], [ -11.06415, 12.13967 ], [ -11.06432999999987, 12.13945 ], [ -11.06447, 12.13931 ], [ -11.06469, 12.139090000000124 ], [ -11.07035, 12.13411 ], [ -11.07053, 12.13399 ], [ -11.07081, 12.13387 ], [ -11.07211, 12.133650000000159 ], [ -11.072199999999839, 12.13366 ], [ -11.07262999999989, 12.133710000000178 ], [ -11.07343, 12.13381 ], [ -11.07402999999988, 12.133910000000185 ], [ -11.07449, 12.134010000000103 ], [ -11.07581, 12.13431 ], [ -11.08645, 12.13225000000017 ], [ -11.088189999999827, 12.13229 ], [ -11.08865, 12.13229 ], [ -11.088714, 12.13229 ], [ -11.08919, 12.13229 ], [ -11.09291, 12.131950000000188 ], [ -11.093349999999816, 12.13189 ], [ -11.09747, 12.13021 ], [ -11.10237, 12.126750000000186 ], [ -11.10281, 12.12429 ], [ -11.102529999999888, 12.12385 ], [ -11.10239, 12.123630000000105 ], [ -11.10201, 12.12301 ], [ -11.10185, 12.122690000000148 ], [ -11.10175, 12.12235 ], [ -11.10167, 12.121370000000184 ], [ -11.10171, 12.12109 ], [ -11.10179, 12.12087 ], [ -11.10193, 12.120670000000189 ], [ -11.103729999999871, 12.11823 ], [ -11.10409, 12.118110000000115 ], [ -11.10433, 12.11815 ], [ -11.104609999999866, 12.11823 ], [ -11.10483, 12.11825000000016 ], [ -11.10505, 12.11823 ], [ -11.105389999999829, 12.11815 ], [ -11.105769999999893, 12.11805 ], [ -11.105949999999893, 12.117990000000134 ], [ -11.10653, 12.11779 ], [ -11.10675, 12.11769 ], [ -11.106969999999819, 12.117530000000102 ], [ -11.10737, 12.11721 ], [ -11.10759, 12.116990000000158 ], [ -11.10771, 12.116790000000151 ], [ -11.10803, 12.11605 ], [ -11.10809, 12.11581 ], [ -11.10817, 12.11549 ], [ -11.10821, 12.115270000000123 ], [ -11.10817, 12.11501 ], [ -11.108069999999884, 12.11467 ], [ -11.10797, 12.114370000000122 ], [ -11.10781, 12.11393 ], [ -11.10583, 12.10965 ], [ -11.10569, 12.10941 ], [ -11.10537, 12.10897 ], [ -11.10479, 12.108310000000131 ], [ -11.10441, 12.10803 ], [ -11.10425, 12.107930000000181 ], [ -11.10413, 12.107790000000136 ], [ -11.10403, 12.107410000000129 ], [ -11.103989999999897, 12.10721 ], [ -11.10397, 12.1071 ], [ -11.10395, 12.10699 ], [ -11.103929999999821, 12.106670000000179 ], [ -11.10391, 12.10619 ], [ -11.10389, 12.10569 ], [ -11.10383, 12.10405 ], [ -11.10383, 12.10363000000018 ], [ -11.10385, 12.103430000000174 ], [ -11.10397, 12.102790000000141 ], [ -11.10401, 12.10259 ], [ -11.104109999999878, 12.10237 ], [ -11.10455, 12.10169 ], [ -11.10513, 12.10117 ], [ -11.10971, 12.09851 ], [ -11.11033, 12.09815 ], [ -11.11075, 12.097910000000127 ], [ -11.11095, 12.097830000000101 ], [ -11.11187, 12.09769 ], [ -11.112076, 12.097676000000149 ], [ -11.11217, 12.097670000000164 ], [ -11.11237, 12.097730000000126 ], [ -11.11297, 12.098050000000171 ], [ -11.113809999999887, 12.09869 ], [ -11.11399, 12.09885 ], [ -11.11563, 12.10011 ], [ -11.11721, 12.10117 ], [ -11.11749, 12.101270000000113 ], [ -11.11769, 12.101330000000132 ], [ -11.118649999999889, 12.10157 ], [ -11.11891, 12.10163 ], [ -11.12383, 12.10269 ], [ -11.12413, 12.102750000000185 ], [ -11.13129, 12.103050000000167 ], [ -11.13165, 12.103050000000167 ], [ -11.13265, 12.10289 ], [ -11.135549999999853, 12.10237 ], [ -11.13769, 12.10187 ], [ -11.138049999999851, 12.10175 ], [ -11.138289999999813, 12.101590000000158 ], [ -11.13873, 12.101210000000151 ], [ -11.13891, 12.10105 ], [ -11.139389999999878, 12.10055 ], [ -11.14057, 12.09919 ], [ -11.140969999999868, 12.09807 ], [ -11.14275, 12.09299 ], [ -11.14283, 12.092730000000188 ], [ -11.14287, 12.09251 ], [ -11.14277, 12.085250000000144 ], [ -11.14177, 12.07997 ], [ -11.140969999999868, 12.072050000000104 ], [ -11.14099, 12.07171 ], [ -11.14093, 12.07091 ], [ -11.140889999999899, 12.07051 ], [ -11.140849999999887, 12.07025 ], [ -11.140629999999874, 12.06969 ], [ -11.14046999999988, 12.06939 ], [ -11.13893, 12.06771 ], [ -11.13869, 12.06747 ], [ -11.13837, 12.067270000000178 ], [ -11.13807, 12.06711 ], [ -11.13761, 12.066870000000108 ], [ -11.13729, 12.066690000000165 ], [ -11.13685, 12.066430000000139 ], [ -11.136469999999861, 12.066190000000176 ], [ -11.13613, 12.065930000000151 ], [ -11.13596, 12.065700000000106 ], [ -11.13591, 12.06563 ], [ -11.13581, 12.06539 ], [ -11.13575, 12.06499 ], [ -11.13575, 12.064710000000105 ], [ -11.13577, 12.064390000000117 ], [ -11.136169999999879, 12.06349 ], [ -11.136509999999873, 12.062930000000108 ], [ -11.13737, 12.06153 ], [ -11.13791, 12.06071 ], [ -11.13809, 12.06051 ], [ -11.13843, 12.060110000000179 ], [ -11.13863, 12.05983 ], [ -11.13935, 12.058530000000189 ], [ -11.14161, 12.054270000000145 ], [ -11.14323, 12.05087 ], [ -11.14383, 12.049270000000149 ], [ -11.143929999999898, 12.048890000000142 ], [ -11.14407, 12.04855 ], [ -11.14423, 12.04829 ], [ -11.14439, 12.04809 ], [ -11.144629999999893, 12.04781000000014 ], [ -11.15019, 12.043050000000108 ], [ -11.15039, 12.04289 ], [ -11.15057, 12.042750000000183 ], [ -11.15073, 12.042670000000101 ], [ -11.15107, 12.04263 ], [ -11.151381, 12.042667 ], [ -11.151909999999816, 12.04273000000012 ], [ -11.15225, 12.042810000000145 ], [ -11.15259, 12.04289 ], [ -11.154089999999883, 12.04329 ], [ -11.15445, 12.04344 ], [ -11.15507, 12.043750000000102 ], [ -11.15551, 12.04399 ], [ -11.15577, 12.04411 ], [ -11.156089999999892, 12.04421 ], [ -11.156169999999861, 12.04421 ], [ -11.15657, 12.044190000000128 ], [ -11.15697, 12.04399 ], [ -11.157449999999869, 12.04373 ], [ -11.15762999999987, 12.04355 ], [ -11.157829999999876, 12.04335 ], [ -11.15797, 12.043130000000133 ], [ -11.158409999999833, 12.04225 ], [ -11.15858999999989, 12.04177 ], [ -11.15885, 12.04083 ], [ -11.15889, 12.040390000000116 ], [ -11.15903, 12.039690000000121 ], [ -11.15915, 12.039150000000177 ], [ -11.159509999999898, 12.03791 ], [ -11.15971, 12.03725 ], [ -11.160709999999881, 12.03473 ], [ -11.161029999999812, 12.03409 ], [ -11.16111, 12.03397 ], [ -11.16147, 12.03367 ], [ -11.16197, 12.03333 ], [ -11.16261, 12.03303 ], [ -11.164925363999885, 12.031963235000035 ], [ -11.165853702999868, 12.031535519000158 ], [ -11.16643, 12.03127000000012 ], [ -11.16703, 12.03113 ], [ -11.16723, 12.03111 ], [ -11.16745, 12.03111 ], [ -11.16779, 12.03123 ], [ -11.16793, 12.031410000000164 ], [ -11.16805, 12.03167000000019 ], [ -11.16815, 12.03183 ], [ -11.168249999999887, 12.03195 ], [ -11.168409999999881, 12.032110000000159 ], [ -11.16851, 12.03219 ], [ -11.16877, 12.03227 ], [ -11.168949999999882, 12.03225 ], [ -11.16931, 12.03209 ], [ -11.16959, 12.03193 ], [ -11.17013, 12.03157 ], [ -11.17081, 12.030890000000113 ], [ -11.17099, 12.03071000000017 ], [ -11.17117, 12.03049 ], [ -11.17127, 12.030270000000144 ], [ -11.172029999999836, 12.02809 ], [ -11.17207, 12.02789 ], [ -11.17207, 12.02769 ], [ -11.17205, 12.02757 ], [ -11.17195, 12.02745 ], [ -11.17181, 12.027350000000126 ], [ -11.17157, 12.027230000000145 ], [ -11.17153299999984, 12.027139 ], [ -11.171489999999835, 12.027030000000138 ], [ -11.171449999999879, 12.026770000000113 ], [ -11.171449999999879, 12.026450000000125 ], [ -11.17151, 12.02619 ], [ -11.17157, 12.02597 ], [ -11.17313, 12.02293 ], [ -11.17331, 12.02269 ], [ -11.17771, 12.01877 ], [ -11.17881, 12.01807 ], [ -11.17913, 12.01789 ], [ -11.17977, 12.01755 ], [ -11.18019, 12.017330000000129 ], [ -11.18841, 12.01415 ], [ -11.189006, 12.015052 ], [ -11.18931, 12.015510000000177 ], [ -11.18939, 12.015630000000158 ], [ -11.18965, 12.01593 ], [ -11.18979, 12.01609000000019 ], [ -11.19009, 12.01643 ], [ -11.19071, 12.016950000000122 ], [ -11.19125, 12.01735 ], [ -11.192189999999869, 12.017910000000143 ], [ -11.19235, 12.017970000000105 ], [ -11.19269, 12.01809 ], [ -11.19323, 12.018230000000131 ], [ -11.19345, 12.018150000000105 ], [ -11.19371, 12.018050000000187 ], [ -11.19389, 12.01793 ], [ -11.194029999999884, 12.01775 ], [ -11.194189999999878, 12.01751 ], [ -11.19427, 12.01739 ], [ -11.197269999999833, 12.01591 ], [ -11.19737, 12.016010000000108 ], [ -11.20305, 12.020570000000134 ], [ -11.20313, 12.02061 ], [ -11.203309999999874, 12.02067 ], [ -11.20343, 12.02067 ], [ -11.20361, 12.02061 ], [ -11.20383, 12.020510000000115 ], [ -11.20399, 12.02043 ], [ -11.204189999999869, 12.01997 ], [ -11.204229999999882, 12.01979 ], [ -11.20425, 12.01953 ], [ -11.20437, 12.019310000000132 ], [ -11.20449, 12.01909 ], [ -11.204689999999857, 12.018870000000163 ], [ -11.20503, 12.018550000000175 ], [ -11.21251, 12.01451 ], [ -11.21325, 12.01309 ], [ -11.213509999999872, 12.01263 ], [ -11.21609, 12.00897 ], [ -11.21633, 12.00863 ], [ -11.21647, 12.008470000000102 ], [ -11.21669, 12.00825 ], [ -11.217509999999834, 12.007670000000189 ], [ -11.21773, 12.007570000000101 ], [ -11.21845, 12.007270000000119 ], [ -11.219469999999887, 12.00691 ], [ -11.21961, 12.006870000000106 ], [ -11.21987, 12.00683000000015 ], [ -11.219969999999876, 12.00683000000015 ], [ -11.22027, 12.00685 ], [ -11.220429999999851, 12.00693 ], [ -11.220669999999814, 12.00711 ], [ -11.22081, 12.007290000000182 ], [ -11.22099, 12.00743 ], [ -11.22107, 12.00749 ], [ -11.22171, 12.007910000000152 ], [ -11.22233, 12.008170000000177 ], [ -11.22249, 12.00819 ], [ -11.22265, 12.00819 ], [ -11.223009999999874, 12.008150000000114 ], [ -11.22399, 12.00801 ], [ -11.22453, 12.00793 ], [ -11.225229999999897, 12.00773 ], [ -11.22537, 12.00769 ], [ -11.22547, 12.007650000000126 ], [ -11.22557, 12.007590000000164 ], [ -11.22601, 12.00719 ], [ -11.22615, 12.00705 ], [ -11.22625, 12.00691 ], [ -11.22637, 12.006690000000106 ], [ -11.22653, 12.006330000000162 ], [ -11.22661, 12.00605 ], [ -11.22667, 12.00581000000011 ], [ -11.226719999999887, 12.005430000000104 ], [ -11.22673, 12.00535 ], [ -11.22673, 12.00519 ], [ -11.22665, 12.00489 ], [ -11.226589999999874, 12.00477 ], [ -11.22637, 12.00457 ], [ -11.22619, 12.00445 ], [ -11.22581, 12.004170000000158 ], [ -11.22575, 12.00397 ], [ -11.225729999999885, 12.003790000000151 ], [ -11.22581, 12.003410000000144 ], [ -11.226309999999899, 12.00177 ], [ -11.22641, 12.00147 ], [ -11.22662999999983, 12.00095 ], [ -11.22793, 11.99793 ], [ -11.22845, 11.99729 ], [ -11.230769999999893, 11.994710000000111 ], [ -11.230840999999884, 11.994639 ], [ -11.23121, 11.99443 ], [ -11.231629999999882, 11.994350000000168 ], [ -11.23211, 11.99439 ], [ -11.232509999999877, 11.994530000000111 ], [ -11.233809999999892, 11.99519 ], [ -11.24445, 12.002570000000105 ], [ -11.245749999999873, 12.003550000000189 ], [ -11.24615, 12.00387 ], [ -11.24661, 12.00429000000014 ], [ -11.24715, 12.00489 ], [ -11.24729, 12.00509 ], [ -11.247789999999839, 12.005490000000123 ], [ -11.24805, 12.005630000000167 ], [ -11.24818, 12.00568 ], [ -11.248469999999884, 12.00579 ], [ -11.25385, 12.007070000000112 ], [ -11.25903, 12.00773 ], [ -11.26601, 12.00751 ], [ -11.26787, 12.00713 ], [ -11.268489999999872, 12.00701 ], [ -11.28725, 12.01363 ], [ -11.28827, 12.01431 ], [ -11.28887, 12.014810000000125 ], [ -11.28909, 12.015110000000107 ], [ -11.289149999999893, 12.01527 ], [ -11.28921, 12.015490000000113 ], [ -11.28923, 12.01567 ], [ -11.28921, 12.015830000000165 ], [ -11.28910999999988, 12.01597 ], [ -11.288949999999886, 12.016070000000127 ], [ -11.28881, 12.01623 ], [ -11.288769999999829, 12.016450000000134 ], [ -11.288769999999829, 12.016650000000141 ], [ -11.28883, 12.016910000000166 ], [ -11.28919, 12.01781 ], [ -11.29005, 12.01989 ], [ -11.29223, 12.02255 ], [ -11.29673, 12.02167 ], [ -11.299849999999878, 12.021190000000104 ], [ -11.30001, 12.02117 ], [ -11.300694770999883, 12.021094957000116 ], [ -11.300957589999882, 12.021066155000085 ], [ -11.30147, 12.021010000000103 ], [ -11.30205, 12.02097 ], [ -11.302389999999832, 12.021010000000103 ], [ -11.30585, 12.02143 ], [ -11.30646999999982, 12.02167 ], [ -11.30803, 12.02309 ], [ -11.309262999999874, 12.024387000000104 ], [ -11.31247, 12.028950000000179 ], [ -11.31267, 12.02929 ], [ -11.31583, 12.034770000000151 ], [ -11.32141, 12.03923 ], [ -11.328669999999875, 12.044330000000173 ], [ -11.32883, 12.04449 ], [ -11.32899, 12.04467 ], [ -11.330089999999871, 12.046350000000132 ], [ -11.33305, 12.04797 ], [ -11.33473, 12.047870000000103 ], [ -11.342169999999896, 12.049310000000105 ], [ -11.34279, 12.04945 ], [ -11.34339, 12.049730000000181 ], [ -11.34845, 12.052430000000129 ], [ -11.34864, 12.05256 ], [ -11.348749999999882, 12.05264000000011 ], [ -11.34881, 12.052690000000155 ], [ -11.349829999999884, 12.05411 ], [ -11.35757, 12.065050000000156 ], [ -11.35805, 12.06773 ], [ -11.35735, 12.07267 ], [ -11.356869999999844, 12.07467000000014 ], [ -11.35631, 12.07717 ], [ -11.35565, 12.08037000000013 ], [ -11.35549, 12.08299 ], [ -11.35555, 12.08327 ], [ -11.35659, 12.086130000000139 ], [ -11.35711, 12.087350000000185 ], [ -11.35723, 12.08757 ], [ -11.35735, 12.08775 ], [ -11.357669999999871, 12.088210000000117 ], [ -11.357909999999833, 12.08851 ], [ -11.35819, 12.088730000000112 ], [ -11.35839, 12.08885 ], [ -11.358449999999834, 12.08889 ], [ -11.35887, 12.089250000000163 ], [ -11.36007, 12.09073 ], [ -11.36157, 12.09325 ], [ -11.36169, 12.09351 ], [ -11.36169, 12.093670000000145 ], [ -11.36213, 12.09661 ], [ -11.362949999999842, 12.09961 ], [ -11.36731, 12.10827 ], [ -11.36785, 12.108750000000157 ], [ -11.36827, 12.10889 ], [ -11.374409999999898, 12.11003 ], [ -11.38231, 12.11125 ], [ -11.38465, 12.111270000000104 ], [ -11.387109999999893, 12.113130000000183 ], [ -11.38775, 12.11339 ], [ -11.394389999999817, 12.11523 ], [ -11.395109999999875, 12.115290000000186 ], [ -11.40001, 12.11475 ], [ -11.40487, 12.11407000000014 ], [ -11.40509, 12.114390000000128 ], [ -11.40707, 12.11719 ], [ -11.407309999999882, 12.11745 ], [ -11.41445, 12.12017 ], [ -11.42145, 12.12367 ], [ -11.424189999999896, 12.124190000000112 ], [ -11.42511, 12.12303 ], [ -11.42547, 12.122950000000174 ], [ -11.425809999999899, 12.12293000000011 ], [ -11.426179999999874, 12.123 ], [ -11.42633, 12.12303 ], [ -11.42713, 12.123310000000117 ], [ -11.42741, 12.12341 ], [ -11.42779, 12.12359 ], [ -11.42817, 12.12377 ], [ -11.429589999999848, 12.124450000000138 ], [ -11.42987, 12.12463 ], [ -11.43011, 12.124830000000145 ], [ -11.430269999999894, 12.125030000000152 ], [ -11.430429999999888, 12.12523 ], [ -11.434889999999882, 12.127830000000188 ], [ -11.44435, 12.131550000000118 ], [ -11.44541, 12.13191 ], [ -11.44919, 12.13289 ], [ -11.45111, 12.133190000000127 ], [ -11.45205, 12.13321000000019 ], [ -11.45365, 12.13337 ], [ -11.45393, 12.13341 ], [ -11.45407, 12.133510000000115 ], [ -11.45433, 12.13373 ], [ -11.46385, 12.14271 ], [ -11.46775, 12.15095 ], [ -11.469789999999875, 12.15787 ], [ -11.46985, 12.15817 ], [ -11.469909999999857, 12.158410000000117 ], [ -11.47007, 12.158790000000124 ], [ -11.47039, 12.159290000000112 ], [ -11.47151, 12.160550000000114 ], [ -11.47169, 12.160750000000121 ], [ -11.473189999999818, 12.162330000000111 ], [ -11.48459, 12.167470000000151 ], [ -11.48513, 12.16731 ], [ -11.48571, 12.16719 ], [ -11.48593, 12.16717 ], [ -11.48683, 12.1671300000001 ], [ -11.48707, 12.16731 ], [ -11.48717, 12.16749 ], [ -11.48763, 12.16845 ], [ -11.48779, 12.16889 ], [ -11.48783, 12.16903 ], [ -11.48783, 12.16927 ], [ -11.48729, 12.17207 ], [ -11.48689, 12.17301 ], [ -11.48677, 12.173170000000141 ], [ -11.485889999999813, 12.176630000000102 ], [ -11.48779, 12.17715 ], [ -11.49245, 12.17897 ], [ -11.49259, 12.17903 ], [ -11.49285, 12.17915 ], [ -11.49313, 12.17929 ], [ -11.493269999999882, 12.179390000000183 ], [ -11.493489999999895, 12.17965 ], [ -11.49541, 12.18357 ], [ -11.49563, 12.18607 ], [ -11.49541, 12.186150000000112 ], [ -11.495109999999897, 12.18631 ], [ -11.49481, 12.186530000000118 ], [ -11.49281, 12.188370000000134 ], [ -11.49263, 12.18859 ], [ -11.489489999999876, 12.19613 ], [ -11.48929, 12.197410000000104 ], [ -11.489909999999895, 12.20563 ], [ -11.49047, 12.20589 ], [ -11.491489999999885, 12.206730000000107 ], [ -11.49187, 12.20709 ], [ -11.49329, 12.20847 ], [ -11.49341, 12.20863 ], [ -11.49369, 12.20901 ], [ -11.493722368999954, 12.209077643000114 ], [ -11.49525, 12.21227 ], [ -11.49531, 12.21253 ], [ -11.49549, 12.21343 ], [ -11.49549, 12.21361 ], [ -11.495269999999891, 12.21417 ], [ -11.49513, 12.21449 ], [ -11.49503, 12.21464 ], [ -11.49499, 12.21469 ], [ -11.49487, 12.214790000000164 ], [ -11.49401, 12.21533 ], [ -11.49341, 12.21569 ], [ -11.49271, 12.215910000000122 ], [ -11.49233, 12.21595 ], [ -11.49167, 12.216050000000109 ], [ -11.49133, 12.216110000000128 ], [ -11.491177268999934, 12.216177880000032 ], [ -11.49097, 12.21627 ], [ -11.490449999999896, 12.21655 ], [ -11.48599, 12.222570000000132 ], [ -11.48571, 12.22299 ], [ -11.48537, 12.22369 ], [ -11.48525, 12.22447000000011 ], [ -11.48521, 12.22501 ], [ -11.48521, 12.225870000000157 ], [ -11.48531, 12.226230000000101 ], [ -11.48317, 12.231830000000173 ], [ -11.48121, 12.23535 ], [ -11.47905, 12.23893 ], [ -11.47889, 12.239170000000115 ], [ -11.478450999999893, 12.23953100000017 ], [ -11.47825, 12.239690000000166 ], [ -11.477329999999881, 12.24017 ], [ -11.47647, 12.24053 ], [ -11.47605, 12.240630000000124 ], [ -11.47529, 12.24071 ], [ -11.474949999999865, 12.24071 ], [ -11.47381, 12.24051 ], [ -11.47345, 12.24035 ], [ -11.47309, 12.24015 ], [ -11.47251, 12.240070000000173 ], [ -11.47223, 12.24005000000011 ], [ -11.471949999999879, 12.24009 ], [ -11.47173, 12.24021 ], [ -11.47005, 12.2416300000001 ], [ -11.46793, 12.24409 ], [ -11.46773, 12.244350000000111 ], [ -11.46275, 12.24421 ], [ -11.46171, 12.243790000000104 ], [ -11.461329999999862, 12.24371 ], [ -11.460329999999885, 12.243730000000141 ], [ -11.45989, 12.24377 ], [ -11.45893, 12.24389 ], [ -11.458709999999883, 12.24395 ], [ -11.45845, 12.244050000000129 ], [ -11.45832, 12.24412 ], [ -11.458169999999882, 12.24421 ], [ -11.45789, 12.24439 ], [ -11.45773, 12.244550000000118 ], [ -11.45761, 12.244750000000124 ], [ -11.45747, 12.24499 ], [ -11.457449999999881, 12.24523 ], [ -11.457449999999881, 12.24547 ], [ -11.457449999999881, 12.2457500000001 ], [ -11.457449999999881, 12.245930000000101 ], [ -11.45751, 12.24647 ], [ -11.45755, 12.24677000000014 ], [ -11.457669999999894, 12.24729 ], [ -11.457789999999875, 12.247850000000142 ], [ -11.457869999999843, 12.248550000000137 ], [ -11.45789, 12.24897 ], [ -11.457949999999869, 12.250250000000108 ], [ -11.457949999999869, 12.25105 ], [ -11.457869999999843, 12.25181 ], [ -11.457789999999875, 12.25213 ], [ -11.45765, 12.252410000000111 ], [ -11.45727, 12.253110000000163 ], [ -11.457069999999817, 12.25339 ], [ -11.45667, 12.25359 ], [ -11.45631, 12.253610000000151 ], [ -11.45585, 12.25359 ], [ -11.45485, 12.25333 ], [ -11.45455, 12.253230000000144 ], [ -11.45345, 12.25271 ], [ -11.45127, 12.251890000000117 ], [ -11.45007, 12.251530000000173 ], [ -11.44969, 12.251530000000173 ], [ -11.44943, 12.251710000000116 ], [ -11.447749999999871, 12.25315 ], [ -11.44619, 12.25535 ], [ -11.446129999999869, 12.255510000000129 ], [ -11.44611, 12.25581 ], [ -11.44582999999983, 12.264050000000111 ], [ -11.44582999999983, 12.264250000000118 ], [ -11.44587, 12.26605 ], [ -11.446009999999887, 12.26715 ], [ -11.447249999999883, 12.27115 ], [ -11.44859, 12.27225 ], [ -11.449049999999886, 12.27247 ], [ -11.44953, 12.27265 ], [ -11.449969999999894, 12.27291 ], [ -11.45043, 12.273310000000151 ], [ -11.45097, 12.27379 ], [ -11.45102, 12.273840000000121 ], [ -11.45107, 12.27391 ], [ -11.45111, 12.27411 ], [ -11.45111, 12.27429 ], [ -11.451049999999896, 12.27455 ], [ -11.45085, 12.27499 ], [ -11.449589999999887, 12.27695 ], [ -11.44923, 12.27739 ], [ -11.44895, 12.277690000000177 ], [ -11.44385, 12.28113 ], [ -11.44335, 12.28137 ], [ -11.44311, 12.28147 ], [ -11.44231, 12.281750000000159 ], [ -11.44197, 12.28177 ], [ -11.44169, 12.28171 ], [ -11.44147, 12.28159 ], [ -11.44127, 12.28125 ], [ -11.44119, 12.28101 ], [ -11.441169999999886, 12.28081 ], [ -11.441129999999873, 12.280670000000157 ], [ -11.44099, 12.28049 ], [ -11.440849999999898, 12.280330000000106 ], [ -11.44053, 12.28019 ], [ -11.43685, 12.28061 ], [ -11.43585, 12.280730000000176 ], [ -11.435469999999896, 12.28081 ], [ -11.43520999999987, 12.28087 ], [ -11.43459, 12.28109000000012 ], [ -11.43149, 12.28233 ], [ -11.43133, 12.28245 ], [ -11.431049999999857, 12.28271 ], [ -11.43089, 12.282870000000116 ], [ -11.430389999999875, 12.28345000000013 ], [ -11.43015, 12.283830000000137 ], [ -11.430089999999893, 12.28407 ], [ -11.42945, 12.29203 ], [ -11.42867, 12.295730000000106 ], [ -11.42731, 12.302070000000128 ], [ -11.42715, 12.30265 ], [ -11.42709, 12.302910000000168 ], [ -11.42693, 12.303790000000163 ], [ -11.42693, 12.304050000000188 ], [ -11.42693, 12.30439 ], [ -11.427009999999882, 12.30477 ], [ -11.42725, 12.305610000000115 ], [ -11.42741, 12.30589 ], [ -11.42750999999987, 12.30605 ], [ -11.42779, 12.306190000000129 ], [ -11.42829, 12.306190000000129 ], [ -11.42883, 12.30617 ], [ -11.42929, 12.30615 ], [ -11.429669999999874, 12.306110000000103 ], [ -11.43001, 12.306070000000148 ], [ -11.43037, 12.30605 ], [ -11.43061, 12.30605 ], [ -11.43089, 12.30605 ], [ -11.43123, 12.306110000000103 ], [ -11.43169, 12.30621 ], [ -11.432009999999877, 12.30629 ], [ -11.43231, 12.30639 ], [ -11.432629999999847, 12.306570000000136 ], [ -11.43285, 12.306750000000136 ], [ -11.432929999999885, 12.306830000000161 ], [ -11.43305, 12.30697 ], [ -11.43317, 12.307190000000105 ], [ -11.43327, 12.30743 ], [ -11.43339, 12.30802 ], [ -11.433419999999842, 12.30843 ], [ -11.433309999999892, 12.30878 ], [ -11.43294, 12.309370000000172 ], [ -11.4325, 12.30994 ], [ -11.432259999999872, 12.31059 ], [ -11.431799999999896, 12.311980000000119 ], [ -11.431299999999851, 12.313530000000128 ], [ -11.43071, 12.31571 ], [ -11.4306, 12.31615 ], [ -11.43054, 12.31661 ], [ -11.42987, 12.324870000000146 ], [ -11.432089999999846, 12.331730000000164 ], [ -11.432629999999847, 12.336910000000159 ], [ -11.436889999999892, 12.34513 ], [ -11.44229, 12.350210000000118 ], [ -11.44283, 12.35045 ], [ -11.443209999999851, 12.35055 ], [ -11.444049999999891, 12.350610000000188 ], [ -11.44465, 12.350650000000144 ], [ -11.44489, 12.350650000000144 ], [ -11.44523, 12.350730000000169 ], [ -11.44565, 12.35085000000015 ], [ -11.44777, 12.352110000000152 ], [ -11.44857, 12.352750000000128 ], [ -11.44903, 12.35315 ], [ -11.449169999999867, 12.35335 ], [ -11.44915, 12.353570000000161 ], [ -11.44899, 12.354390000000137 ], [ -11.446209999999894, 12.36045 ], [ -11.44553, 12.36115 ], [ -11.44518, 12.36148 ], [ -11.444969999999898, 12.36163 ], [ -11.444549999999879, 12.361930000000143 ], [ -11.443829999999878, 12.36235 ], [ -11.44339, 12.36259 ], [ -11.443129999999883, 12.36271 ], [ -11.44217, 12.363130000000126 ], [ -11.441749999999843, 12.36331 ], [ -11.44141, 12.363450000000114 ], [ -11.44115, 12.363510000000133 ], [ -11.44037, 12.363590000000158 ], [ -11.43999, 12.36355 ], [ -11.43953, 12.363450000000114 ], [ -11.43785, 12.362810000000138 ], [ -11.43761, 12.36259 ], [ -11.43681, 12.361810000000162 ], [ -11.436349999999891, 12.361310000000174 ], [ -11.436129999999878, 12.36107 ], [ -11.43591, 12.360990000000186 ], [ -11.43557, 12.36107 ], [ -11.435429999999883, 12.361230000000148 ], [ -11.43429, 12.36539 ], [ -11.43429, 12.36565 ], [ -11.43429, 12.365790000000118 ], [ -11.43431, 12.36887 ], [ -11.434329999999818, 12.36943 ], [ -11.43445, 12.36987 ], [ -11.434509999999875, 12.37003 ], [ -11.43469, 12.370470000000125 ], [ -11.43483, 12.37051 ], [ -11.43527, 12.37057 ], [ -11.435469999999896, 12.370590000000107 ], [ -11.435749999999871, 12.37065 ], [ -11.43595, 12.37083 ], [ -11.43607, 12.37109 ], [ -11.436129999999878, 12.371290000000101 ], [ -11.43665, 12.37349 ], [ -11.43665, 12.37369 ], [ -11.43665, 12.375930000000153 ], [ -11.43643, 12.38147 ], [ -11.43641, 12.38181 ], [ -11.43621, 12.38255 ], [ -11.43609, 12.38287 ], [ -11.43265, 12.389050000000168 ], [ -11.431469999999877, 12.39079 ], [ -11.431349999999895, 12.390950000000146 ], [ -11.43121, 12.391130000000146 ], [ -11.43053, 12.391830000000141 ], [ -11.43031, 12.39201 ], [ -11.43015, 12.39213 ], [ -11.429929999999899, 12.392290000000173 ], [ -11.429549999999892, 12.39243 ], [ -11.428969999999879, 12.392530000000136 ], [ -11.42871, 12.392530000000136 ], [ -11.42837, 12.39243 ], [ -11.42803, 12.39227000000011 ], [ -11.42783, 12.39205 ], [ -11.42773, 12.391830000000141 ], [ -11.42770999999982, 12.39173 ], [ -11.42769, 12.39155 ], [ -11.42775, 12.391390000000172 ], [ -11.42775, 12.391250000000127 ], [ -11.42775, 12.39111 ], [ -11.42775, 12.39103 ], [ -11.42770999999982, 12.39057 ], [ -11.42765, 12.390290000000107 ], [ -11.42757, 12.38997 ], [ -11.42731, 12.38959 ], [ -11.42713, 12.38945 ], [ -11.42635, 12.38907 ], [ -11.42605, 12.388930000000187 ], [ -11.42549, 12.388710000000117 ], [ -11.42459, 12.38865 ], [ -11.42423, 12.38863 ], [ -11.42137, 12.38883 ], [ -11.421149999999898, 12.388850000000105 ], [ -11.42049, 12.388930000000187 ], [ -11.42021, 12.389030000000105 ], [ -11.41965, 12.38927 ], [ -11.41927, 12.38953 ], [ -11.41775, 12.39087000000012 ], [ -11.41737, 12.391210000000171 ], [ -11.417189999999891, 12.391390000000172 ], [ -11.414849999999888, 12.39383 ], [ -11.41473, 12.39397 ], [ -11.41449, 12.394290000000126 ], [ -11.414309999999887, 12.39457 ], [ -11.41387, 12.395330000000172 ], [ -11.41375, 12.39555 ], [ -11.41329, 12.39647 ], [ -11.41243, 12.39813 ], [ -11.41198, 12.398750000000177 ], [ -11.411649999999895, 12.398930000000178 ], [ -11.41129, 12.39907 ], [ -11.41109, 12.399130000000184 ], [ -11.41083, 12.39919 ], [ -11.41041, 12.39909 ], [ -11.40999, 12.39897 ], [ -11.40967, 12.39881 ], [ -11.40929, 12.39851 ], [ -11.40501, 12.39457 ], [ -11.40483, 12.394230000000107 ], [ -11.40479, 12.39395 ], [ -11.40491, 12.39369 ], [ -11.40521, 12.39329000000015 ], [ -11.40533, 12.393150000000105 ], [ -11.405729999999892, 12.39277 ], [ -11.406809999999894, 12.391750000000116 ], [ -11.407149999999888, 12.39147 ], [ -11.40745, 12.391270000000191 ], [ -11.40799, 12.39035 ], [ -11.40815, 12.390050000000144 ], [ -11.40822999999989, 12.38988 ], [ -11.40829, 12.389750000000163 ], [ -11.40973, 12.386510000000158 ], [ -11.409809999999879, 12.386330000000157 ], [ -11.41065, 12.38411 ], [ -11.410729999999887, 12.38369 ], [ -11.410729999999887, 12.38351 ], [ -11.41047, 12.38307 ], [ -11.41029, 12.38289 ], [ -11.40991, 12.382710000000145 ], [ -11.40953, 12.38258 ], [ -11.40581, 12.38135 ], [ -11.40549, 12.38143 ], [ -11.405349999999885, 12.38147 ], [ -11.40499, 12.38167 ], [ -11.401229999999885, 12.38489 ], [ -11.40105, 12.38509 ], [ -11.39599, 12.38657000000012 ], [ -11.39421, 12.38629 ], [ -11.393909999999892, 12.386250000000132 ], [ -11.393309999999872, 12.386190000000113 ], [ -11.393029999999897, 12.386190000000113 ], [ -11.39291, 12.386190000000113 ], [ -11.39001, 12.386210000000176 ], [ -11.38963, 12.386250000000132 ], [ -11.38927, 12.386370000000113 ], [ -11.38899, 12.38653 ], [ -11.38879, 12.386710000000164 ], [ -11.388689999999883, 12.386890000000164 ], [ -11.38863, 12.387070000000108 ], [ -11.38857, 12.38731 ], [ -11.38857, 12.387470000000178 ], [ -11.38857, 12.387650000000122 ], [ -11.38863, 12.38781 ], [ -11.38875, 12.38807 ], [ -11.38897, 12.388670000000161 ], [ -11.389029999999877, 12.388930000000187 ], [ -11.38906999999989, 12.38915 ], [ -11.38901, 12.389670000000137 ], [ -11.38893, 12.38985 ], [ -11.38867, 12.39015 ], [ -11.38805, 12.390750000000139 ], [ -11.38737, 12.39097 ], [ -11.38713, 12.39103 ], [ -11.382769999999823, 12.39165 ], [ -11.37869, 12.391630000000134 ], [ -11.37723, 12.39155 ], [ -11.376369999999895, 12.391450000000134 ], [ -11.37607, 12.39129 ], [ -11.37573, 12.39111 ], [ -11.37481, 12.39065 ], [ -11.37425, 12.39043 ], [ -11.37351, 12.39023 ], [ -11.37283, 12.390290000000107 ], [ -11.37233, 12.39043 ], [ -11.36963, 12.39147 ], [ -11.36931, 12.391630000000134 ], [ -11.36901, 12.39187 ], [ -11.368789999999876, 12.392070000000103 ], [ -11.36857, 12.39227000000011 ], [ -11.368409999999869, 12.39243 ], [ -11.365569999999821, 12.39561 ], [ -11.36547, 12.39579 ], [ -11.36513, 12.39641 ], [ -11.364909999999895, 12.39685 ], [ -11.36489, 12.397030000000143 ], [ -11.364909999999895, 12.39725 ], [ -11.36513, 12.39755 ], [ -11.36565, 12.39809 ], [ -11.36589, 12.39827 ], [ -11.36621, 12.39847 ], [ -11.36659, 12.39871 ], [ -11.366829999999879, 12.398910000000114 ], [ -11.36705, 12.399130000000184 ], [ -11.36743, 12.39953 ], [ -11.36811, 12.40027 ], [ -11.368249999999875, 12.400490000000104 ], [ -11.36835, 12.40073 ], [ -11.36847, 12.40103 ], [ -11.36885, 12.40301 ], [ -11.370029999999872, 12.40807 ], [ -11.37055, 12.40831 ], [ -11.37348999999989, 12.409710000000189 ], [ -11.373829999999884, 12.409890000000132 ], [ -11.37483, 12.41047 ], [ -11.375229999999817, 12.410790000000191 ], [ -11.37557, 12.411070000000109 ], [ -11.37581, 12.411270000000115 ], [ -11.37655, 12.41221 ], [ -11.37675, 12.41247 ], [ -11.37681, 12.412850000000105 ], [ -11.376727518999928, 12.413262403000033 ], [ -11.375918263999836, 12.41471787800009 ], [ -11.375577766999982, 12.415311404000022 ], [ -11.37946, 12.41356 ], [ -11.40071, 12.415280000000109 ], [ -11.40867, 12.417580000000157 ], [ -11.41475725499987, 12.421087706000094 ], [ -11.420844673999966, 12.424595275000172 ], [ -11.42693225499994, 12.428102707000107 ], [ -11.43302, 12.431610000000148 ], [ -11.439692310999931, 12.434080247000168 ], [ -11.446364747999951, 12.436550330000159 ], [ -11.453037310999946, 12.439020247000144 ], [ -11.45971, 12.441490000000158 ], [ -11.52244497099997, 12.442672399000173 ], [ -11.53135, 12.442840000000103 ], [ -11.53759004099993, 12.441990144000101 ], [ -11.543830040999921, 12.441140144000144 ], [ -11.55007, 12.440290000000118 ], [ -11.557912660999932, 12.438502841000172 ], [ -11.565755213999921, 12.436715455000069 ], [ -11.573597660999894, 12.434927841000103 ], [ -11.581439999999873, 12.43314 ], [ -11.587756747999947, 12.431450148000067 ], [ -11.594073414999968, 12.429760148000014 ], [ -11.600389999999834, 12.428070000000162 ], [ -11.600389999999834, 12.42692 ], [ -11.63901, 12.423660000000154 ], [ -11.643579983999871, 12.424575039000104 ], [ -11.64815, 12.42549 ], [ -11.655990030999874, 12.424445113000161 ], [ -11.66383, 12.423400000000129 ], [ -11.67201, 12.419950000000142 ], [ -11.677310139999975, 12.416493438000145 ], [ -11.682610139999952, 12.413036771 ], [ -11.68791, 12.40958 ], [ -11.693056831999911, 12.405356766000068 ], [ -11.698203498999874, 12.401133432000051 ], [ -11.703349999999887, 12.396910000000162 ], [ -11.712469999999882, 12.39345 ], [ -11.722639999999899, 12.392290000000173 ], [ -11.76161, 12.387860000000103 ], [ -11.769649882999943, 12.389766905000045 ], [ -11.777689882999823, 12.391673572000172 ], [ -11.785729999999887, 12.393580000000156 ], [ -11.792752514999904, 12.393395272000134 ], [ -11.79977501999997, 12.393210363000037 ], [ -11.806797514999971, 12.393025272000102 ], [ -11.81382, 12.39284 ], [ -11.8494, 12.397380000000169 ], [ -11.86065, 12.401740000000132 ], [ -11.866102227999875, 12.406100166000101 ], [ -11.871554636999974, 12.410460222000097 ], [ -11.873195731999886, 12.411772457000041 ], [ -11.877007227999968, 12.41482016700013 ], [ -11.88246, 12.41918 ], [ -11.887139999999874, 12.419860000000142 ], [ -11.890544951999971, 12.423535022000124 ], [ -11.89395, 12.42721 ], [ -11.89863496699985, 12.429040041000064 ], [ -11.90332, 12.43087 ], [ -11.908000003999973, 12.43063004000004 ], [ -11.91268, 12.430390000000102 ], [ -11.919073415999947, 12.428690151000069 ], [ -11.925466749999828, 12.426990151000098 ], [ -11.93186, 12.425290000000189 ], [ -11.93419, 12.42207 ], [ -11.95874, 12.407060000000115 ], [ -11.97768, 12.40082 ], [ -11.99874, 12.396860000000117 ], [ -12.016759999999863, 12.396590000000174 ], [ -12.02496, 12.39956 ], [ -12.03622, 12.40689 ], [ -12.03716, 12.410800000000108 ], [ -12.043384852999964, 12.416995073000123 ], [ -12.04961, 12.423190000000147 ], [ -12.057406749999814, 12.421790224000176 ], [ -12.065203416999907, 12.42039022400013 ], [ -12.073, 12.418990000000122 ], [ -12.0757, 12.4175 ], [ -12.08209, 12.42134 ], [ -12.08865, 12.422020000000146 ], [ -12.096839999999816, 12.42131 ], [ -12.102293457999906, 12.418310110000164 ], [ -12.107746791999944, 12.415310110000064 ], [ -12.1132, 12.41231 ], [ -12.118803579999962, 12.406546785000046 ], [ -12.124406912999973, 12.400783451000109 ], [ -12.13001, 12.395020000000102 ], [ -12.134915059999969, 12.391790045000107 ], [ -12.139819999999816, 12.38856 ], [ -12.144662783999934, 12.383432632000051 ], [ -12.149505377999958, 12.378305176000026 ], [ -12.154347782999878, 12.373177632000136 ], [ -12.15919, 12.36805 ], [ -12.165979999999877, 12.36849 ], [ -12.17251, 12.36273 ], [ -12.175639216999912, 12.361612040000125 ], [ -12.178359999999884, 12.36064000000016 ], [ -12.185679999999877, 12.360930000000167 ], [ -12.189139999999838, 12.35864 ], [ -12.196316675999981, 12.358463522000022 ], [ -12.203493342999934, 12.35828685600012 ], [ -12.21066999999988, 12.35811 ], [ -12.218700061999868, 12.357093570000188 ], [ -12.226730061999831, 12.356076904000076 ], [ -12.23476, 12.355060000000151 ], [ -12.242939206999893, 12.351649310000028 ], [ -12.25111820199993, 12.348238374000061 ], [ -12.259296984999935, 12.344827192000082 ], [ -12.267475555999965, 12.341415762999986 ], [ -12.275653915999953, 12.338004088000048 ], [ -12.283832063999967, 12.334592167000096 ], [ -12.292009999999834, 12.331180000000131 ], [ -12.297849999999869, 12.32702 ], [ -12.30565, 12.324070000000177 ], [ -12.30953, 12.322610000000168 ], [ -12.316613531999906, 12.318903518000127 ], [ -12.323696864999874, 12.31519685100011 ], [ -12.33078, 12.311490000000106 ], [ -12.34363, 12.30731 ], [ -12.35322, 12.307280000000105 ], [ -12.360029999999881, 12.311390000000131 ], [ -12.368019999999831, 12.321480000000122 ], [ -12.368739999999889, 12.32539 ], [ -12.372619940999925, 12.329400028000123 ], [ -12.3765, 12.33341 ], [ -12.377449999999897, 12.33686 ], [ -12.381609796999896, 12.34328673300007 ], [ -12.385769796999853, 12.349713400000098 ], [ -12.389929999999879, 12.356140000000153 ], [ -12.39963599399988, 12.364819597 ], [ -12.404019999999889, 12.368740000000116 ], [ -12.409184943999946, 12.371595049 ], [ -12.414349999999899, 12.37445 ], [ -12.42106986399989, 12.377106833000084 ], [ -12.427789863999919, 12.379763500000081 ], [ -12.43451, 12.382420000000138 ], [ -12.442019868999921, 12.38699510500004 ], [ -12.44953, 12.391570000000115 ], [ -12.457733176999966, 12.394066915000053 ], [ -12.465936510999938, 12.396563582000113 ], [ -12.47414, 12.39906 ], [ -12.481749977999982, 12.399835107000172 ], [ -12.48936, 12.40061 ], [ -12.496599999999887, 12.39759000000015 ], [ -12.501400001999855, 12.397455042000161 ], [ -12.505676937999965, 12.397334711000042 ], [ -12.5062, 12.39732 ], [ -12.511905085999956, 12.393385060000185 ], [ -12.51761, 12.38945 ], [ -12.524147836999873, 12.384940238000127 ], [ -12.530685448999975, 12.380430317000105 ], [ -12.537222836999888, 12.375920238000049 ], [ -12.54376, 12.37141 ], [ -12.555449999999894, 12.3679 ], [ -12.563067976999946, 12.368450697000071 ], [ -12.56458, 12.368560000000173 ], [ -12.565702925999915, 12.369756767000126 ], [ -12.577049999999815, 12.38185 ], [ -12.580709905999925, 12.388615026000025 ], [ -12.58437, 12.39538 ], [ -12.589769999999874, 12.39927 ], [ -12.597859908999965, 12.402225121000015 ], [ -12.60595, 12.40518 ], [ -12.61627, 12.41896 ], [ -12.619004961999906, 12.42261501400003 ], [ -12.621739999999818, 12.426270000000102 ], [ -12.627839941999866, 12.428775069000153 ], [ -12.63394, 12.431280000000186 ], [ -12.640849976999959, 12.432165088000033 ], [ -12.64776, 12.43305 ], [ -12.656109992999916, 12.433166923999977 ], [ -12.66445999299998, 12.433283591000134 ], [ -12.67281, 12.43340000000012 ], [ -12.681188034999934, 12.433128518 ], [ -12.689566051999975, 12.432856778000087 ], [ -12.697944051999968, 12.432584778000148 ], [ -12.706322034999857, 12.432312518000174 ], [ -12.7147, 12.43204 ], [ -12.71868, 12.43042 ], [ -12.73763, 12.429410000000189 ], [ -12.73957, 12.43002 ], [ -12.748524970999938, 12.432867772000122 ], [ -12.755449999999882, 12.43507 ], [ -12.75877, 12.44218 ], [ -12.759984962999852, 12.450225005000163 ], [ -12.7612, 12.458270000000141 ], [ -12.76543493499986, 12.462275034000015 ], [ -12.76967, 12.46628 ], [ -12.77183, 12.4709 ], [ -12.7766, 12.471890000000144 ], [ -12.781559999999899, 12.47626 ], [ -12.78682, 12.475630000000137 ], [ -12.793485035999936, 12.474215082000114 ], [ -12.80015, 12.47280000000012 ], [ -12.810469999999896, 12.4759600000001 ], [ -12.83418, 12.486880000000156 ], [ -12.83759, 12.491120000000137 ], [ -12.841729999999814, 12.49627 ], [ -12.841769998999837, 12.503405001999965 ], [ -12.84181, 12.51054 ], [ -12.84559, 12.51558000000017 ], [ -12.853329851999888, 12.518066890000057 ], [ -12.861069851999957, 12.520553556000095 ], [ -12.868809999999883, 12.52304 ], [ -12.87399, 12.526920000000189 ], [ -12.876589959999933, 12.530935013000089 ], [ -12.87918999999988, 12.53495 ], [ -12.883419953999919, 12.537800034000099 ], [ -12.88765, 12.54065 ], [ -12.89327, 12.5397 ], [ -12.90007, 12.54197 ], [ -12.90523, 12.541940000000181 ], [ -12.913880081999821, 12.539475139000103 ], [ -12.922529999999824, 12.537010000000123 ], [ -12.926720051999951, 12.533765033000122 ], [ -12.930909999999869, 12.530520000000138 ], [ -12.932619999999872, 12.52747 ], [ -12.93647, 12.5206 ], [ -12.937475095999957, 12.512315013000091 ], [ -12.938480127999981, 12.504030018000037 ], [ -12.939485095999885, 12.495745013000089 ], [ -12.940489999999897, 12.487460000000169 ], [ -12.93955, 12.487460000000169 ], [ -12.948149999999885, 12.477060000000165 ], [ -12.967019999999877, 12.46269 ], [ -12.96865, 12.46167 ], [ -12.97405, 12.46358 ], [ -12.988899291999815, 12.468901651000067 ], [ -13.0024, 12.47374 ], [ -13.00399, 12.474340000000154 ], [ -13.010219963999873, 12.475830072000178 ], [ -13.01645, 12.477320000000134 ], [ -13.022494991999963, 12.477650068000116 ], [ -13.02854, 12.47798 ], [ -13.034145032999959, 12.47645505800017 ], [ -13.03975, 12.474930000000143 ], [ -13.050989999999899, 12.47395 ], [ -13.05877, 12.47707 ], [ -13.0606, 12.47781 ], [ -13.06578, 12.482380000000148 ], [ -13.07121, 12.49132 ], [ -13.073149999999885, 12.50212 ], [ -13.072720010999831, 12.508680002000176 ], [ -13.07229, 12.515240000000119 ], [ -13.074439939999934, 12.522475010999983 ], [ -13.07659, 12.52971 ], [ -13.074969999999837, 12.53386 ], [ -13.070310072999916, 12.537910041000089 ], [ -13.065649999999891, 12.54196 ], [ -13.063813421999896, 12.548180015000185 ], [ -13.061976754999819, 12.554400015000056 ], [ -13.060139999999876, 12.56062 ], [ -13.056320108999955, 12.568000029000189 ], [ -13.0525, 12.575380000000166 ], [ -13.050899999999899, 12.58206 ], [ -13.05188, 12.59056 ], [ -13.053323259999956, 12.597070011000085 ], [ -13.054766593999943, 12.603580011000133 ], [ -13.05621, 12.61009 ], [ -13.056469994999929, 12.614690001000099 ], [ -13.056729999999845, 12.61929 ], [ -13.061079951999943, 12.622145036000063 ], [ -13.065429999999878, 12.625 ], [ -13.069449890999977, 12.631995032000077 ], [ -13.073469999999872, 12.63899 ], [ -13.07769, 12.63988 ], [ -13.08003, 12.63918 ], [ -13.083985070999915, 12.634560030000046 ], [ -13.08794, 12.62994 ], [ -13.09728, 12.62575 ], [ -13.100799999999879, 12.62687 ], [ -13.10277, 12.62834 ], [ -13.106844951999904, 12.631375031000061 ], [ -13.11092, 12.63441 ], [ -13.119119999999896, 12.63505 ], [ -13.126634893999892, 12.638690106000183 ], [ -13.127019190999874, 12.638876238000137 ], [ -13.13415, 12.64233 ], [ -13.13906, 12.641610000000185 ], [ -13.145109999999875, 12.63491 ], [ -13.15264, 12.639690000000144 ], [ -13.15349, 12.639650000000188 ], [ -13.162665017999871, 12.639155158000108 ], [ -13.17184, 12.638660000000186 ], [ -13.17956, 12.63655 ], [ -13.182105042999922, 12.632165013000019 ], [ -13.18465, 12.62778 ], [ -13.1877, 12.62776 ], [ -13.192409915999917, 12.632330042000092 ], [ -13.197119999999813, 12.6369 ], [ -13.203109941999969, 12.6394000680001 ], [ -13.2091, 12.6419 ], [ -13.21077, 12.64649 ], [ -13.21335, 12.648770000000184 ], [ -13.22155, 12.648260000000107 ], [ -13.227260094999963, 12.643970062000051 ], [ -13.23297, 12.63968 ], [ -13.237189999999828, 12.63989000000015 ], [ -13.242124953999848, 12.642275046000123 ], [ -13.24706, 12.644660000000101 ], [ -13.255034929999965, 12.646910120000143 ], [ -13.26301, 12.649160000000109 ], [ -13.268985000999862, 12.64912506700017 ], [ -13.27496, 12.64909 ], [ -13.281409957999927, 12.650775077999981 ], [ -13.28786, 12.652460000000133 ], [ -13.29067, 12.65175 ], [ -13.294885068999918, 12.647136087000092 ], [ -13.29532, 12.64666 ], [ -13.297419999999875, 12.64642 ], [ -13.30466, 12.64246 ], [ -13.32409, 12.64172 ], [ -13.33325, 12.64461 ], [ -13.33602, 12.65212 ], [ -13.33854, 12.654800000000137 ], [ -13.342309999999827, 12.65389000000016 ], [ -13.34631, 12.64971 ], [ -13.35017, 12.65344 ], [ -13.3509, 12.65957 ], [ -13.359331932999908, 12.660080534000087 ], [ -13.367763898999954, 12.660590801000069 ], [ -13.376195898999924, 12.661100801000032 ], [ -13.384627932999933, 12.661610533999976 ], [ -13.401491319999877, 12.662672230000112 ], [ -13.426785496999912, 12.664327317000186 ], [ -13.45308, 12.666050000000155 ], [ -13.46174, 12.665060000000153 ], [ -13.467379999999821, 12.66686 ] ] ], [ [ [ -13.320146559999841, 9.14776039100002 ], [ -13.320624350999935, 9.150055884000153 ], [ -13.324099541999885, 9.151412009000182 ], [ -13.318594932999872, 9.157881736000036 ], [ -13.319768904999933, 9.160632133000149 ], [ -13.323226926999894, 9.159001350000096 ], [ -13.326887130999978, 9.153002738999987 ], [ -13.325686453999822, 9.146346093000091 ], [ -13.320146559999841, 9.14776039100002 ] ] ], [ [ [ -13.420199394999884, 9.270743371000037 ], [ -13.421375274999946, 9.273493766000115 ], [ -13.43042087699996, 9.276880264 ], [ -13.434119223999915, 9.276394843999981 ], [ -13.435683248999908, 9.268569946000014 ], [ -13.434743882999896, 9.266508103000035 ], [ -13.42988586499996, 9.266540527000075 ], [ -13.428024290999929, 9.264945031000025 ], [ -13.421786308999913, 9.266136169 ], [ -13.420199394999884, 9.270743371000037 ] ] ], [ [ [ -13.786860465999951, 9.465923309000061 ], [ -13.790131568999982, 9.469574929000032 ], [ -13.798910140999965, 9.467434883000067 ], [ -13.80350971199988, 9.463719367000124 ], [ -13.80484581099995, 9.457502366000085 ], [ -13.801831244999903, 9.456837655000072 ], [ -13.798831938999967, 9.458011628000122 ], [ -13.796043395999902, 9.456884384000091 ], [ -13.792621611999948, 9.462888716000066 ], [ -13.78752612999989, 9.462470055000153 ], [ -13.786860465999951, 9.465923309000061 ] ] ], [ [ [ -13.753334998999946, 9.442746163000152 ], [ -13.75059318599989, 9.447134972000072 ], [ -13.745605468999941, 9.460046768000097 ], [ -13.747275351999917, 9.466010094000069 ], [ -13.74616336899993, 9.47153568300007 ], [ -13.747606276999932, 9.478190422000125 ], [ -13.755760191999968, 9.484332084000073 ], [ -13.760077475999935, 9.502687454000181 ], [ -13.764267921999931, 9.505412102000037 ], [ -13.769588469999974, 9.504910468000105 ], [ -13.772558211999979, 9.50005817400006 ], [ -13.771832464999818, 9.496156692 ], [ -13.764820097999859, 9.488166809000177 ], [ -13.761036871999977, 9.4785432810001 ], [ -13.757294654999896, 9.473975182000061 ], [ -13.755625724999902, 9.46801281 ], [ -13.755805969999926, 9.464803696000047 ], [ -13.756635664999976, 9.450075148000167 ], [ -13.759828566999943, 9.444304466000176 ], [ -13.756562232999954, 9.441112517000136 ], [ -13.753334998999946, 9.442746163000152 ] ] ], [ [ [ -13.83279323499994, 9.450149536000083 ], [ -13.831214903999978, 9.454987526000025 ], [ -13.833600043999979, 9.46324253 ], [ -13.831345557999953, 9.470388413000023 ], [ -13.82470989199993, 9.479637146000073 ], [ -13.815496444999837, 9.485229492000087 ], [ -13.805436133999933, 9.500252723000074 ], [ -13.799234389999981, 9.506279946000063 ], [ -13.794610976999877, 9.50700664600015 ], [ -13.793242453999881, 9.509315490000063 ], [ -13.795348166999872, 9.512057305000155 ], [ -13.805779456999915, 9.513352395000027 ], [ -13.807876586999953, 9.515173912000023 ], [ -13.811554908999938, 9.511925698000027 ], [ -13.815022467999938, 9.511209488000077 ], [ -13.819138526999893, 9.505198478000125 ], [ -13.824814795999885, 9.492049217000101 ], [ -13.831042290999847, 9.489239693000115 ], [ -13.834473609999975, 9.484383583000181 ], [ -13.838619232999974, 9.481821059000026 ], [ -13.84381580299987, 9.466836930000056 ], [ -13.840992926999888, 9.461573602000158 ], [ -13.840953826999964, 9.456976890000135 ], [ -13.839314460999958, 9.454691886999967 ], [ -13.836762426999883, 9.454023361999987 ], [ -13.834637642999951, 9.449213981000071 ], [ -13.83279323499994, 9.450149536000083 ] ] ], [ [ [ -13.771470068999918, 9.844448089000025 ], [ -13.76994228399991, 9.848415375 ], [ -13.783061980999889, 9.844584465000139 ], [ -13.788594245999889, 9.840861321000091 ], [ -13.790424346999941, 9.837858201000131 ], [ -13.787855148999938, 9.835578918000124 ], [ -13.771470068999918, 9.844448089000025 ] ] ], [ [ [ -13.765042304999952, 9.824036598000077 ], [ -13.761831282999935, 9.828200340000137 ], [ -13.753714560999981, 9.83600330400003 ], [ -13.751941679999902, 9.837705612000036 ], [ -13.73302459699994, 9.848891259000141 ], [ -13.731007576999957, 9.850919723000118 ], [ -13.733670234999977, 9.851894378 ], [ -13.747845649999931, 9.846935272000053 ], [ -13.76146125899993, 9.839469910000162 ], [ -13.772343635999903, 9.838003158000106 ], [ -13.778575896999882, 9.834733963000076 ], [ -13.78450107599997, 9.822501183000099 ], [ -13.784903526999869, 9.815140724000116 ], [ -13.778790473999891, 9.804614066000113 ], [ -13.770673751999936, 9.804219245000013 ], [ -13.765042304999952, 9.824036598000077 ] ] ], [ [ [ -13.724986076999926, 9.858151436000071 ], [ -13.719228745999885, 9.862794876000066 ], [ -13.72294807399993, 9.86414527800008 ], [ -13.732634544999939, 9.858091354000123 ], [ -13.732025146999945, 9.855197906000171 ], [ -13.724986076999926, 9.858151436000071 ] ] ], [ [ [ -13.695358275999979, 9.892869949999977 ], [ -13.688465117999897, 9.90074062399998 ], [ -13.686642647999918, 9.907049179000182 ], [ -13.688855171999933, 9.92051124600016 ], [ -13.696384429999966, 9.905278206000105 ], [ -13.695162773999925, 9.902168274000189 ], [ -13.698401450999938, 9.896525383000039 ], [ -13.697439193999912, 9.892164230000049 ], [ -13.695358275999979, 9.892869949999977 ] ] ], [ [ [ -14.038882254999976, 10.108675957 ], [ -14.041002272999947, 10.112106322000045 ], [ -14.048246381999888, 10.11756038600015 ], [ -14.055471419999947, 10.120944977000136 ], [ -14.059700010999961, 10.126425743000141 ], [ -14.062944411999922, 10.125937462000138 ], [ -14.07279682099994, 10.112509728000077 ], [ -14.072303771999941, 10.109524727000064 ], [ -14.063852309999902, 10.099023819000024 ], [ -14.058279989999903, 10.098613739000029 ], [ -14.038882254999976, 10.108675957 ] ] ], [ [ [ -14.575121880999916, 10.768721581000136 ], [ -14.576331138999876, 10.772848128000021 ], [ -14.580858230999922, 10.761758803000077 ], [ -14.578053474999933, 10.760408402000166 ], [ -14.575121880999916, 10.768721581000136 ] ] ], [ [ [ -14.873248099999898, 10.856413840000187 ], [ -14.872101783999881, 10.85780716 ], [ -14.875234603999957, 10.866511345000163 ], [ -14.870709417999876, 10.876915932000145 ], [ -14.872857092999936, 10.881260872000098 ], [ -14.871954917999915, 10.883572578000042 ], [ -14.873390197999925, 10.886775971000134 ], [ -14.870862007999904, 10.889335632000098 ], [ -14.880745886999875, 10.89818954600014 ], [ -14.885635375999868, 10.898361206000118 ], [ -14.888626098999964, 10.895565034000015 ], [ -14.892550467999968, 10.894022942000163 ], [ -14.896530151999968, 10.883238791000053 ], [ -14.887304305999919, 10.877948761000027 ], [ -14.884885787999906, 10.873603821000074 ], [ -14.880537032999825, 10.862537384000063 ], [ -14.876270294999927, 10.856146813 ], [ -14.873248099999898, 10.856413840000187 ] ] ], [ [ [ -14.897646903999942, 10.816326141000047 ], [ -14.890934943999923, 10.819167136000033 ], [ -14.887634276999961, 10.834388732000036 ], [ -14.881670952999855, 10.841361045000042 ], [ -14.881245612999919, 10.844586373000084 ], [ -14.886671065999849, 10.850502014000085 ], [ -14.887735366999891, 10.861300468000024 ], [ -14.885284424999952, 10.870071411000026 ], [ -14.887613295999927, 10.874587059000078 ], [ -14.894768714999884, 10.87653732300015 ], [ -14.899232864999874, 10.881534575999979 ], [ -14.902012824999929, 10.886661530000026 ], [ -14.901339530999905, 10.888740540000072 ], [ -14.896896362999883, 10.894246102000125 ], [ -14.886901854999849, 10.906626702000096 ], [ -14.889368056999956, 10.917868614000156 ], [ -14.896377563999977, 10.920084952000025 ], [ -14.901906013999962, 10.915417672000046 ], [ -14.906465529999934, 10.908001899000112 ], [ -14.909119605999877, 10.89669799800015 ], [ -14.914361953999958, 10.887893677000079 ], [ -14.925369262999936, 10.874878884000168 ], [ -14.93458080299996, 10.867176056000176 ], [ -14.937087058999964, 10.863005638000061 ], [ -14.931616782999981, 10.84330844800013 ], [ -14.930018424999957, 10.837557792000041 ], [ -14.932980536999821, 10.83246135700017 ], [ -14.923862456999871, 10.828891754000097 ], [ -14.917646408999929, 10.815625192000027 ], [ -14.911796570999968, 10.812934876000043 ], [ -14.903405187999965, 10.811655998000106 ], [ -14.897646903999942, 10.816326141000047 ] ] ], [ [ [ -14.853347778999932, 10.903346062000082 ], [ -14.854658127999812, 10.915291786000125 ], [ -14.861644744999865, 10.934532165000178 ], [ -14.864953994999951, 10.938633919000097 ], [ -14.872451781999928, 10.942685128 ], [ -14.877345084999945, 10.943086624000046 ], [ -14.885918616999959, 10.939993858000093 ], [ -14.887729643999933, 10.935831071 ], [ -14.885489462999942, 10.924126625000042 ], [ -14.876532554999869, 10.915031432999967 ], [ -14.878757475999919, 10.906723975999967 ], [ -14.876861571999825, 10.903985977 ], [ -14.87004756999994, 10.898777008000025 ], [ -14.862602233999951, 10.898865699 ], [ -14.859831808999957, 10.900738717000081 ], [ -14.858805655999959, 10.900270462000151 ], [ -14.854917526999941, 10.898496627000043 ], [ -14.853347778999932, 10.903346062000082 ] ] ], [ [ [ -14.802824973999975, 10.940055847000167 ], [ -14.802869796999914, 10.943736076000107 ], [ -14.812616347999892, 10.941321373000051 ], [ -14.81536960699998, 10.938068388000147 ], [ -14.814411163999978, 10.935779571000182 ], [ -14.81044387799983, 10.934906005000016 ], [ -14.802824973999975, 10.940055847000167 ] ] ], [ [ [ -14.897632598999962, 10.946063995999964 ], [ -14.897942542999942, 10.952271461000123 ], [ -14.900596618999884, 10.959830284000191 ], [ -14.906624793999981, 10.95791721400019 ], [ -14.91261291599983, 10.95278453800006 ], [ -14.912345886999958, 10.950027467000098 ], [ -14.909055709999848, 10.947536468000123 ], [ -14.899709701999882, 10.944658280000056 ], [ -14.897632598999962, 10.946063995999964 ] ] ], [ [ [ -14.923069000999874, 10.895609856000021 ], [ -14.904608725999935, 10.926888466000037 ], [ -14.905353545999958, 10.930788994000181 ], [ -14.911500930999921, 10.938305855000124 ], [ -14.916899680999961, 10.94192123300013 ], [ -14.924709319999977, 10.95217800100005 ], [ -14.933639526999968, 10.958971024000164 ], [ -14.954327583999941, 10.975051880000024 ], [ -14.96130943299994, 10.974966049000102 ], [ -14.969411765999951, 10.967147695000165 ], [ -14.985275938999905, 10.961581318000128 ], [ -14.994182140999897, 10.954901666000069 ], [ -15.0, 10.95317363900017 ], [ -15.001431464999939, 10.951766968000072 ], [ -15.006149851999965, 10.948222013000134 ], [ -15.009211358999949, 10.939315811000029 ], [ -15.013664458999926, 10.932357840000122 ], [ -15.017560923999895, 10.928739695 ], [ -15.023962257999926, 10.925956506000034 ], [ -15.030477523999878, 10.923273086000052 ], [ -15.035629271999881, 10.922088622999979 ], [ -15.046728872999893, 10.911540230000014 ], [ -15.059435644999951, 10.90306904900018 ], [ -15.062323546999949, 10.900181147000126 ], [ -15.063863761999926, 10.895560503000127 ], [ -15.06675166499997, 10.891709966000121 ], [ -15.075222845999917, 10.884971526000129 ], [ -15.07637800699996, 10.878618141000175 ], [ -15.084904671999936, 10.869412422000096 ], [ -15.086256027999923, 10.863911628999972 ], [ -15.08451557199993, 10.855422973000032 ], [ -15.078563690999943, 10.845146180000143 ], [ -15.072896002999869, 10.838777542000059 ], [ -15.05062103299997, 10.812485693999975 ], [ -15.032019614999911, 10.790523529000154 ], [ -15.021666525999933, 10.781453133000127 ], [ -15.015139577999946, 10.777903557000116 ], [ -15.014638900999955, 10.777630806000161 ], [ -15.0, 10.775509834 ], [ -14.996446608999918, 10.774980546000108 ], [ -14.982245444999876, 10.772971153000185 ], [ -14.969934463999948, 10.774272919000055 ], [ -14.962929724999981, 10.772288323000168 ], [ -14.952934264999953, 10.772871017000057 ], [ -14.951847076999968, 10.778864861000045 ], [ -14.941772460999914, 10.791639327999974 ], [ -14.941368102999945, 10.796474456 ], [ -14.948698043999912, 10.805816650999986 ], [ -14.953829764999966, 10.806903839000086 ], [ -14.956889151999974, 10.809627532000093 ], [ -14.961291312999947, 10.808193206999988 ], [ -14.962939261999963, 10.809782982000172 ], [ -14.960441588999913, 10.814643860000047 ], [ -14.974436759999946, 10.817462921000129 ], [ -14.97887802199989, 10.824483870999984 ], [ -14.972022055999901, 10.835474967000096 ], [ -14.964181899999858, 10.834380150000186 ], [ -14.961899757999959, 10.837859155 ], [ -14.963589666999951, 10.842668533000051 ], [ -14.967788694999854, 10.843538284000147 ], [ -14.965729712999917, 10.846323013000074 ], [ -14.967693328999871, 10.854350091000072 ], [ -14.971368789999929, 10.859572411000158 ], [ -14.971823692999919, 10.860219002000065 ], [ -14.970881461999966, 10.86719226800011 ], [ -14.971567153999956, 10.875153542000135 ], [ -14.977767944999982, 10.883828163000146 ], [ -14.976437567999938, 10.886863709000124 ], [ -14.973722457999941, 10.88722515000012 ], [ -14.970434187999899, 10.886981012000149 ], [ -14.966659546999949, 10.882886885000062 ], [ -14.962082862999978, 10.866879463000032 ], [ -14.958638190999977, 10.863204003000078 ], [ -14.953166960999908, 10.861570358000165 ], [ -14.94943904899992, 10.863963126999977 ], [ -14.94531726799994, 10.869805336000127 ], [ -14.94328403399993, 10.874661444000083 ], [ -14.933378218999962, 10.882602692000091 ], [ -14.923069000999874, 10.895609856000021 ] ] ], [ [ [ -14.707219123999948, 11.004416466000123 ], [ -14.705611228999885, 11.006273269000189 ], [ -14.709156989999883, 11.010834693000163 ], [ -14.709663390999879, 11.014279366000153 ], [ -14.714305876999958, 11.013076783000031 ], [ -14.71773529099994, 11.007746695000094 ], [ -14.716769217999911, 11.004767418000029 ], [ -14.714660643999878, 11.003641129000187 ], [ -14.707219123999948, 11.004416466000123 ] ] ], [ [ [ -14.895717888999911, 10.999691253000037 ], [ -14.902693718999956, 11.017712147000054 ], [ -14.910541527999953, 11.029629190000094 ], [ -14.918970654999953, 11.040964914000085 ], [ -14.928125319999822, 11.049023401999989 ], [ -14.932408911999971, 11.041544777000013 ], [ -14.936692286999971, 11.034066089000135 ], [ -14.940975444999879, 11.026587336000091 ], [ -14.945258386999967, 11.019108519000099 ], [ -14.949541112999952, 11.011629638000102 ], [ -14.953823621999902, 11.004150693000099 ], [ -14.953851632999886, 11.003925331000062 ], [ -14.953927040999929, 11.003359446000047 ], [ -14.954009582999902, 11.002794557000129 ], [ -14.954099244999952, 11.002230754000095 ], [ -14.954196013999876, 11.001668127000187 ], [ -14.954299872999968, 11.001106766000021 ], [ -14.954410805999885, 11.000546760000077 ], [ -14.954528795999977, 10.99998819800004 ], [ -14.954653822999944, 10.999431169000047 ], [ -14.954785867999931, 10.998875762000182 ], [ -14.954924909999875, 10.998322065000082 ], [ -14.955070926999895, 10.99777016600018 ], [ -14.955223894999961, 10.997220154000161 ], [ -14.955383789999928, 10.996672115000024 ], [ -14.955550585999958, 10.996126137000147 ], [ -14.955724257999861, 10.995582307000063 ], [ -14.955904776999944, 10.995040711 ], [ -14.956092114999933, 10.994501436000064 ], [ -14.956286241999976, 10.993964568000081 ], [ -14.956487125999899, 10.993430191000186 ], [ -14.956694736999964, 10.99289839100004 ], [ -14.956909039999914, 10.992369253000163 ], [ -14.957130002999975, 10.991842861000123 ], [ -14.957357588999912, 10.991319299000111 ], [ -14.957591761999936, 10.990798649000055 ], [ -14.957832485999859, 10.990280996000138 ], [ -14.958079720999876, 10.98976642100007 ], [ -14.958333428999936, 10.989255005000018 ], [ -14.958593568999959, 10.988746832000174 ], [ -14.958860098999878, 10.988241981000044 ], [ -14.9591329779999, 10.987740533000135 ], [ -14.959412161999978, 10.987242568000056 ], [ -14.959697604999974, 10.986748164 ], [ -14.959989263999944, 10.986257400999989 ], [ -14.96028709199993, 10.985770357000035 ], [ -14.96059103999994, 10.985287110000115 ], [ -14.960901060999902, 10.984807735000118 ], [ -14.961217105999935, 10.984332310000127 ], [ -14.961539122999966, 10.983860911000136 ], [ -14.961867062999886, 10.983393611 ], [ -14.962200871999812, 10.982930486000157 ], [ -14.96254049699985, 10.98247161 ], [ -14.962885884999935, 10.982017054999972 ], [ -14.96323697999992, 10.981566894000139 ], [ -14.963593726999932, 10.981121198000039 ], [ -14.963956067999902, 10.980680038000116 ], [ -14.964323946999968, 10.98024348500013 ], [ -14.964697303999969, 10.979811609000137 ], [ -14.96507607999996, 10.97938447700011 ], [ -14.965460213999904, 10.978962157000183 ], [ -14.965849646999914, 10.978544718000023 ], [ -14.966244314999869, 10.978132226000184 ], [ -14.96651100999992, 10.977860435000139 ], [ -14.962768553999979, 10.97977924300011 ], [ -14.957011221999949, 10.979819299000042 ], [ -14.946635246999961, 10.974225998000065 ], [ -14.92948246099985, 10.961551665000059 ], [ -14.922433852999973, 10.956347465000079 ], [ -14.917758940999818, 10.954792977000068 ], [ -14.900659101999906, 10.965102763000061 ], [ -14.898043165999923, 10.968300018000036 ], [ -14.895717888999911, 10.999691253000037 ] ] ] ] } }
]
}
